ano,uf,instituto,periodo_campo,candidato_resultado,ranking_voto_bruto,ranking_pesquisa,share_voto_nominal_calculado,share_pesquisa,erro_estimativa_pp,erro_distancia_corte_pp
2010,AC,Ibope,28-30/08,Jorge Viana PT,1.0,1.0,0.3176638550810178,0.4405594405594406,12.289558547842278,16.611538825125603
2010,AC,Ibope,28-30/08,Sergio de Oliveira Cunha (Petecão) PMN,2.0,2.0,0.308954068507099,0.26573426573426573,-4.321980277283327,0.0
2010,AC,Ibope,28-30/08,Edvaldo Magalhães PCdoB,3.0,3.0,0.1912939216907214,0.21678321678321677,2.548929509249537,6.870909786532864
2010,AC,Ibope,28-30/08,João Corrêia PMDB,4.0,4.0,0.1820881547211617,0.07692307692307693,-10.516507779808476,-6.194527502525149
2010,AL,Ibope,11-13/09,Renan Calheiros (PMDB),2.0,1.0,0.3533848806855458,0.375,2.1615119314454203,9.027777777777779
2010,AL,Ibope,11-13/09,Heloisa Helena (PSOL),3.0,2.0,0.1755288633090138,0.2847222222222222,10.919335891320841,17.785601737653202
2010,AL,Ibope,11-13/09,Benedito de Lira (PP),1.0,3.0,0.3800885217969479,0.24305555555555555,-13.703296624139236,-6.837030777806877
2010,AL,Ibope,11-13/09,Eduardo Bonfim (PCdoB),7.0,4.0,0.0058298634767101,0.027777777777777776,2.1947914301067675,9.06105727643913
2010,AL,Ibope,11-13/09,Zé Costa (PPS),4.0,5.0,0.0474597371244747,0.027777777777777776,-1.9681959346696927,4.898069911662667
2010,AL,Ibope,11-13/09,Alvaro Vasconscelos (PTB),5.0,6.0,0.0264401183372763,0.013888888888888888,-1.255122944838741,5.6111429014936185
2010,AL,Ibope,11-13/09,Afonso Lacerda (PRTB),8.0,7.0,0.0047278591485482,0.006944444444444444,0.22165852958962443,7.087924375921986
2010,AL,Ibope,11-13/09,Diógenes Paes (PCB),10.0,8.0,0.0,0.006944444444444444,0.6944444444444444,7.560710290776804
2010,AL,Ibope,11-13/09,Flavio Emilio (PTB),9.0,9.0,0.0005598282857023,0.006944444444444444,0.6384616158742143,7.504727462206574
2010,AL,Ibope,11-13/09,Paulo Nunes (PRTB),6.0,10.0,0.0059803278357803,0.006944444444444444,0.09641166086641444,6.962677507198769
2010,AL,Sensus,03-05/09,Renan Calheiros (PMDB),2.0,1.0,0.3533848806855458,0.3364485981308411,-1.6936282554704696,3.3788641265276755
2010,AL,Sensus,03-05/09,Heloisa Helena (PSOL),3.0,2.0,0.1755288633090138,0.30265995686556435,12.713109355655055,17.785601737653202
2010,AL,Sensus,03-05/09,Benedito de Lira (PP),1.0,3.0,0.3800885217969479,0.22861250898634078,-15.147601281060712,-10.075108899062569
2010,AL,Sensus,03-05/09,Eduardo Bonfim (PCdoB),7.0,4.0,0.0058298634767101,0.04457225017972682,3.874238670301672,8.946731052299821
2010,AL,Sensus,03-05/09,Zé Costa (PPS),4.0,5.0,0.0474597371244747,0.030194104960460103,-1.72656321640146,3.345929165596683
2010,AL,Sensus,03-05/09,Afonso Lacerda (PRTB),8.0,6.0,0.0047278591485482,0.0201294033069734,1.54015441584252,6.612646797840668
2010,AL,Sensus,03-05/09,Paulo Nunes (PRTB),6.0,7.0,0.0059803278357803,0.017253774263120056,1.1273446427339757,6.199837024732123
2010,AL,Sensus,03-05/09,Alvaro Vasconscelos (PTB),5.0,8.0,0.0264401183372763,0.012940330697340043,-1.3499787639936256,3.722513618004516
2010,AL,Sensus,03-05/09,Diógenes Paes (PCB),10.0,9.0,0.0,0.007189072609633357,0.7189072609633357,5.791399642961483
2010,AM,Action,11-15/09,Eduardo Braga PMDB,1.0,1.0,0.420690731757751,0.4576271186440678,3.6936386886316788,3.4156556496837958
2010,AM,Action,11-15/09,Vanessa Grazziotin PCdoB,2.0,2.0,0.2288585876896172,0.23163841807909605,0.2779830389478849,0.0
2010,AM,Action,11-15/09,Artur Virgílio Neto PSDB,3.0,3.0,0.2191385935801105,0.22598870056497175,0.6850106984861243,0.4070276595382394
2010,AM,Action,11-15/09,Jefferson Praia PDT,4.0,4.0,0.0827451059081443,0.03954802259887006,-4.319708330927424,-4.597691369875308
2010,AM,Action,11-15/09,Marilene Correia PT,5.0,5.0,0.0459285026073595,0.03389830508474576,-1.2030197522613737,-1.48100279120926
2010,AM,Action,11-15/09,Tarcísio Leão PSTU,7.0,6.0,0.001057363949841,0.005649717514124294,0.4592353564283294,0.18125231748044612
2010,AM,Action,11-15/09,Marilene Correia PT,5.0,7.0,0.0459285026073595,0.005649717514124294,-4.0278785093235205,-4.305861548271409
2010,AM,Ibope,10-12/09,Eduardo Braga PMDB,1.0,1.0,0.420690731757751,0.47619047619047616,5.549974443272515,5.221547497948521
2010,AM,Ibope,10-12/09,Vanessa Grazziotin PCdoB,2.0,2.0,0.2288585876896172,0.23214285714285715,0.3284269453239952,0.0
2010,AM,Ibope,10-12/09,Artur Virgílio Neto PSDB,3.0,3.0,0.2191385935801105,0.20238095238095238,-1.6757641199158124,-2.004191065239808
2010,AM,Ibope,10-12/09,Jefferson Praia PDT,4.0,4.0,0.0827451059081443,0.05357142857142857,-2.917367733671573,-3.2457946789955674
2010,AM,Ibope,10-12/09,Marilene Correia PT,5.0,5.0,0.0459285026073595,0.02976190476190476,-1.6166597845454738,-1.9450867298694696
2010,AM,Ibope,10-12/09,Tarcísio Leão PSTU,7.0,6.0,0.001057363949841,0.005952380952380952,0.48950170025399525,0.16107475493000223
2010,AM,Perspectiva,16-22/09,Eduardo Braga PMDB,1.0,1.0,0.420690731757751,0.43333333333333335,1.2642601575582335,-0.2943255179244879
2010,AM,Perspectiva,16-22/09,Vanessa Grazziotin PCdoB,2.0,2.0,0.2288585876896172,0.24444444444444444,1.5585856754827239,0.0
2010,AM,Perspectiva,16-22/09,Artur Virgílio Neto PSDB,3.0,3.0,0.2191385935801105,0.2222222222222222,0.3083628642111702,-1.2502228112715537
2010,AM,Perspectiva,16-22/09,Jefferson Praia PDT,4.0,4.0,0.0827451059081443,0.05555555555555555,-2.7189550352588743,-4.277540710741599
2010,AM,Perspectiva,16-22/09,Marilene Correia PT,5.0,5.0,0.0459285026073595,0.044444444444444446,-0.1484058162915053,-1.7069914917742324
2010,AP,Escutec,18-21/09,João Capiberibe PSB,2.0,1.0,0.1994579397107478,0.24074074074074073,4.128280102999293,1.8518518518518516
2010,AP,Escutec,18-21/09,Gilvam Borges PMDB,3.0,2.0,0.1856180699033832,0.2222222222222222,3.660415231883901,1.3839869807364598
2010,AP,Escutec,18-21/09,Randolfe Rodrigues PSOL,1.0,3.0,0.3117674938684606,0.2222222222222222,-8.954527164623837,-11.230955415771279
2010,AP,Escutec,18-21/09,Waldez Góes PDT,4.0,4.0,0.1637393263666162,0.21604938271604937,5.231005634943317,2.9545773837958755
2010,AP,Escutec,18-21/09,Papaléo Paes PSDB,5.0,5.0,0.0730400931349767,0.07407407407407407,0.10339809390973731,-2.1730301572377027
2010,AP,Escutec,18-21/09,Professor Marcos PT,6.0,6.0,0.0663770770158154,0.018518518518518517,-4.785855849729688,-7.062284100877129
2010,AP,Escutec,18-21/09,Claudio Vigilante PSTU,7.0,7.0,0.0,0.006172839506172839,0.6172839506172839,-1.6591443005301585
2010,AP,Ibope,10-12/09,João Capiberibe PSB,2.0,1.0,0.1994579397107478,0.24074074074074073,4.128280102999293,1.8518518518518516
2010,AP,Ibope,10-12/09,Gilvam Borges PMDB,3.0,2.0,0.1856180699033832,0.2222222222222222,3.660415231883901,1.3839869807364598
2010,AP,Ibope,10-12/09,Randolfe Rodrigues PSOL,1.0,3.0,0.3117674938684606,0.2222222222222222,-8.954527164623837,-11.230955415771279
2010,AP,Ibope,10-12/09,Waldez Góes PDT,4.0,4.0,0.1637393263666162,0.21604938271604937,5.231005634943317,2.9545773837958755
2010,AP,Ibope,10-12/09,Papaléo Paes PSDB,5.0,5.0,0.0730400931349767,0.07407407407407407,0.10339809390973731,-2.1730301572377027
2010,AP,Ibope,10-12/09,Professor Marcos PT,6.0,6.0,0.0663770770158154,0.018518518518518517,-4.785855849729688,-7.062284100877129
2010,AP,Ibope,10-12/09,Claudio Vigilante PSTU,7.0,7.0,0.0,0.006172839506172839,0.6172839506172839,-1.6591443005301585
2010,BA,Datafolha,28-29/09,César Borges (PR),3.0,1.0,0.1351714067029497,0.2446043165467626,10.94329098438129,15.382007763919752
2010,BA,Datafolha,28-29/09,Lídice da Mata (PSB),2.0,2.0,0.2889914843421472,0.2446043165467626,-4.4387167795384626,0.0
2010,BA,Datafolha,28-29/09,Walter Pinheiro (PT),1.0,3.0,0.309961272597174,0.2158273381294964,-9.41339344676776,-4.974676667229297
2010,BA,Datafolha,28-29/09,José Carlos Aleluia (DEM),5.0,4.0,0.0812006058295471,0.09352517985611511,1.2324574026568003,5.671174182195264
2010,BA,Datafolha,28-29/09,Zé Ronaldo (DEM),4.0,5.0,0.0932928672978216,0.08633093525179857,-0.6961932046023036,3.7425235749361576
2010,BA,Datafolha,28-29/09,Edvaldo Brito (PTB),6.0,6.0,0.0691692107330377,0.07913669064748201,0.9967479914444313,5.43546477098289
2010,BA,Datafolha,28-29/09,Edson Duarte (PV),7.0,7.0,0.0181447520126451,0.02158273381294964,0.3437981800304541,4.782514959568918
2010,BA,Datafolha,28-29/09,Zilmar da Silva (PSOL),9.0,8.0,0.0013133648381543,0.007194244604316547,0.5880879766162247,5.026804756154689
2010,BA,Datafolha,28-29/09,Luís Carlos França (PSOL),8.0,9.0,0.0015523912630378,0.007194244604316547,0.5641853341278747,5.002902113666341
2010,BA,Ibope,21-23/09,Walter Pinheiro (PT),1.0,1.0,0.309961272597174,0.26119402985074625,-4.876724274642774,0.14182714464657487
2010,BA,Ibope,21-23/09,Lídice da Mata (PSB),2.0,2.0,0.2889914843421472,0.23880597014925373,-5.0185514192893494,0.0
2010,BA,Ibope,21-23/09,César Borges (PR),3.0,3.0,0.1351714067029497,0.21641791044776118,8.12465037448115,13.143201793770498
2010,BA,Ibope,21-23/09,Zé Ronaldo (DEM),4.0,4.0,0.0932928672978216,0.08955223880597014,-0.3740628491851458,4.644488570104205
2010,BA,Ibope,21-23/09,José Carlos Aleluia (DEM),5.0,5.0,0.0812006058295471,0.06716417910447761,-1.4036426725069495,3.614908746782401
2010,BA,Ibope,21-23/09,Edvaldo Brito (PTB),6.0,6.0,0.0691692107330377,0.06716417910447761,-0.20050316285600833,4.81804825643334
2010,BA,Ibope,21-23/09,Edson Duarte (PV),7.0,7.0,0.0181447520126451,0.022388059701492536,0.4243307688847436,5.442882188174096
2010,BA,Ibope,21-23/09,Zilmar da Silva (PSOL),9.0,8.0,0.0013133648381543,0.014925373134328358,1.3612008296174058,6.379752248906755
2010,BA,Ibope,21-23/09,Luís Carlos França (PSOL),8.0,9.0,0.0015523912630378,0.007462686567164179,0.5910295304126378,5.609580949701989
2010,BA,Ibope,21-23/09,Albione Silva (PSTU),10.0,10.0,0.0012026443834851,0.007462686567164179,0.626004218367908,5.644555637657255
2010,BA,Ibope,21-23/09,Luís Carlos França (PSOL),8.0,11.0,0.0015523912630378,0.007462686567164179,0.5910295304126378,5.609580949701989
2010,CE,Datafolha,9-10/09,Tasso Jereissati (PSDB),3.0,1.0,0.2370269352013773,0.39344262295081966,15.641568774944236,20.165624286929123
2010,CE,Datafolha,9-10/09,Eunício Oliveira (PMDB),1.0,2.0,0.363238249242306,0.2786885245901639,-8.454972465214212,-3.930916953229324
2010,CE,Datafolha,9-10/09,José Pimentel (PT),2.0,3.0,0.3239290797100128,0.2540983606557377,-6.983071905427507,-2.45901639344262
2010,CE,Datafolha,9-10/09,Tasso Jereissati (PSDB),3.0,4.0,0.2370269352013773,0.01639344262295082,-22.06334925784265,-17.539293745857762
2010,CE,Datafolha,9-10/09,Alexandre Pereira (PPS),4.0,5.0,0.063510120710932,0.01639344262295082,-4.711667808798118,-0.18761229681322789
2010,CE,Datafolha,9-10/09,Raquel Dias (PSTU),7.0,6.0,0.0019790892001845,0.01639344262295082,1.441435342276632,5.965490854261514
2010,CE,Datafolha,9-10/09,Marilene Torres (PSOL),5.0,7.0,0.0079341888672517,0.00819672131147541,0.0262532444223711,4.550308756407254
2010,CE,Datafolha,9-10/09,Reginaldo (PSTU),6.0,8.0,0.0019932737985476,0.00819672131147541,0.620344751292781,5.144400263277671
2010,CE,Datafolha,9-10/09,Benedito Oliveira (PCB),8.0,9.0,0.0003890632693878,0.00819672131147541,0.7807658042087611,5.3048213161936495
2010,CE,Ibope,27-29/09,Tasso Jereissati (PSDB),3.0,1.0,0.2370269352013773,0.3424657534246575,10.543881822328022,10.74500897141149
2010,CE,Ibope,27-29/09,Eunício Oliveira (PMDB),1.0,2.0,0.363238249242306,0.3219178082191781,-4.132044102312793,-3.930916953229324
2010,CE,Ibope,27-29/09,José Pimentel (PT),2.0,3.0,0.3239290797100128,0.2876712328767123,-3.6257846833300467,-3.424657534246578
2010,CE,Ibope,27-29/09,Alexandre Pereira (PPS),4.0,4.0,0.063510120710932,0.02054794520547945,-4.296217550545254,-4.095090401461782
2010,CE,Ibope,27-29/09,Marilene Torres (PSOL),5.0,5.0,0.0079341888672517,0.00684931506849315,-0.1084873798758549,0.09263976920760797
2010,CE,Ibope,27-29/09,Tasso Jereissati (PSDB),3.0,6.0,0.2370269352013773,0.00684931506849315,-23.017762013288415,-22.81663486420495
2010,CE,Ibope,27-29/09,Raquel Dias (PSTU),7.0,7.0,0.0019790892001845,0.00684931506849315,0.487022586830865,0.688149735914326
2010,CE,Ibope,27-29/09,Reginaldo (PSTU),6.0,8.0,0.0019932737985476,0.00684931506849315,0.485604126994555,0.6867312760780244
2010,DF,Datafolha,28-29/09,Cristovam Buarque PDT,3.0,1.0,0.0560845264898924,0.4067796610169492,35.06951345270568,37.285892226759174
2010,DF,Datafolha,28-29/09,Rodrigo Rollemberg PSB,1.0,2.0,0.4969840806290769,0.3220338983050847,-17.495018232399218,-15.278639458345728
2010,DF,Datafolha,28-29/09,Alberto Fraga DEM,2.0,3.0,0.3441976860456196,0.2033898305084746,-14.080785553714502,-11.864406779661014
2010,DF,Datafolha,28-29/09,Milton Tadashi PTN,8.0,4.0,0.0040461229757609,0.01694915254237288,1.290302956661198,3.506681730714689
2010,DF,Datafolha,28-29/09,Chico Sant'Anna PSOL,7.0,5.0,0.0110933616129045,0.00847457627118644,-0.26187853417180584,1.9545002398816855
2010,DF,Datafolha,28-29/09,Robson da Silva PSTU,10.0,6.0,0.0025596959587218,0.00847457627118644,0.591488031246464,2.8078668052999554
2010,DF,Datafolha,28-29/09,Sebastião Gerônimo PSL,9.0,7.0,0.0027615647251825,0.00847457627118644,0.5713011546003941,2.7876799286538834
2010,DF,Datafolha,28-29/09,Moacir Bueno PV,5.0,8.0,0.0314477893351384,0.00847457627118644,-2.297321306395196,-0.08094253234170878
2010,DF,Datafolha,28-29/09,Jorge Antunes PSOL,6.0,9.0,0.0143239347721641,0.00847457627118644,-0.5849358500977659,1.6314429239557207
2010,DF,Datafolha,28-29/09,Cadu Valadares PV,4.0,10.0,0.0365012374555384,0.00847457627118644,-2.8026661184351958,-0.5862873443817094
2010,DF,Ibope,21-23/09,Cristovam Buarque PDT,3.0,1.0,0.0560845264898924,0.42016806722689076,36.40835407369983,36.37434116565676
2010,DF,Ibope,21-23/09,Rodrigo Rollemberg PSB,1.0,2.0,0.4969840806290769,0.3445378151260504,-15.244626550302648,-15.278639458345728
2010,DF,Ibope,21-23/09,Alberto Fraga DEM,2.0,3.0,0.3441976860456196,0.16806722689075632,-17.61304591548633,-17.64705882352941
2010,DF,Ibope,21-23/09,Cadu Valadares PV,4.0,4.0,0.0365012374555384,0.01680672268907563,-1.9694514766462767,-2.003464384689355
2010,DF,Ibope,21-23/09,Chico Sant'Anna PSOL,7.0,5.0,0.0110933616129045,0.01680672268907563,0.5713361076171131,0.5373231995740397
2010,DF,Ibope,21-23/09,Jorge Antunes PSOL,6.0,6.0,0.0143239347721641,0.008403361344537815,-0.5920573427626286,-0.6260702508057037
2010,DF,Ibope,21-23/09,Milton Tadashi PTN,8.0,7.0,0.0040461229757609,0.008403361344537815,0.43572383687769145,0.4017109288346177
2010,DF,Ibope,21-23/09,Moacir Bueno PV,5.0,8.0,0.0314477893351384,0.008403361344537815,-2.304442799060059,-2.338455707103133
2010,DF,Ibope,21-23/09,Robson da Silva PSTU,10.0,9.0,0.0025596959587218,0.008403361344537815,0.5843665385816014,0.550353630538531
2010,ES,Flexconsult,26-28/09,Magno Malta PR,2.0,1.0,0.3676063029648442,0.42341220423412207,5.580590126927786,6.164383561643838
2010,ES,Flexconsult,26-28/09,Ricardo Ferraço PMDB,1.0,2.0,0.445474331313255,0.3617683686176837,-8.37059626955713,-7.786802834841078
2010,ES,Flexconsult,26-28/09,Rita Camata PSDB,3.0,3.0,0.1074092073125559,0.16002490660024907,5.261569928769316,5.845363363485372
2010,ES,Flexconsult,26-28/09,Ricardo Ferraço PMDB,1.0,4.0,0.445474331313255,0.05479452054794521,-39.06798107653098,-38.48418764181493
2010,ES,Ibope,07-09/09,Magno Malta PR,2.0,1.0,0.3676063029648442,0.42142857142857143,5.382226846372723,4.999999999999999
2010,ES,Ibope,07-09/09,Ricardo Ferraço PMDB,1.0,2.0,0.445474331313255,0.37142857142857144,-7.404575988468354,-7.786802834841078
2010,ES,Ibope,07-09/09,Rita Camata PSDB,3.0,3.0,0.1074092073125559,0.17142857142857143,6.401936411601553,6.019709565228833
2010,ES,Ibope,07-09/09,Ricardo Ferraço PMDB,1.0,4.0,0.445474331313255,0.03571428571428571,-40.97600455989693,-41.35823140626965
2010,ES,Visão,20-22/09,Magno Malta PR,2.0,1.0,0.3676063029648442,0.4051250762660159,3.7518773301171704,4.331909701037223
2010,ES,Visão,20-22/09,Ricardo Ferraço PMDB,1.0,2.0,0.445474331313255,0.3618059792556437,-8.36683520576113,-7.786802834841078
2010,ES,Visão,20-22/09,Rita Camata PSDB,3.0,3.0,0.1074092073125559,0.17571690054911532,6.830769323655941,7.410801694575998
2010,ES,Visão,20-22/09,Ricardo Ferraço PMDB,1.0,4.0,0.445474331313255,0.05735204392922514,-38.81222873840298,-38.23219636748293
2010,GO,Ecope,8–26 de agosto de 2010,Demóstenes Torres[nota 1] DEM,1.0,1.0,0.4408920396433017,0.37178596247394025,-6.910607716936146,-5.811437458051011
2010,GO,Ecope,8–26 de agosto de 2010,Lúcia Vânia PSDB,2.0,2.0,0.3056407644373572,0.29464906184850587,-1.0991702588851349,0.0
2010,GO,Ecope,8–26 de agosto de 2010,Pedro Wilson Guimarães PT,3.0,3.0,0.1794989200369899,0.13342599027102153,-4.607292976596836,-3.508122717711702
2010,GO,Ecope,8–26 de agosto de 2010,Paulo Roberto Cunha PP,4.0,4.0,0.0464904878295847,0.0660180681028492,1.9527580273264504,3.051928286211588
2010,GO,Ecope,8–26 de agosto de 2010,Elias Vaz PSOL,6.0,5.0,0.009230742838097,0.03752605976372481,2.829531692562781,3.9287019514479162
2010,GO,Ecope,8–26 de agosto de 2010,Renner Reis[nota 3] PP,5.0,6.0,0.0156051387286825,0.035441278665740095,1.9836139937057593,3.0827842525908906
2010,GO,Ecope,8–26 de agosto de 2010,Adib Elias PMDB,9.0,7.0,8.169160439043358e-07,0.02988186240444753,2.9881045488403624,4.087274807725493
2010,GO,Ecope,8–26 de agosto de 2010,Rubens Donizzeti PSTU,7.0,8.0,0.0015935989726463,0.018763029881862407,1.7169430909216108,2.8161133498067414
2010,GO,Ecope,8–26 de agosto de 2010,Bernardo Bispo PCB,8.0,9.0,0.0010474905972963,0.012508686587908269,1.1461195990611968,2.2452898579463323
2010,GO,Ibope,21-23/09,Demóstenes Torres[nota 1] DEM,1.0,1.0,0.4408920396433017,0.37681159420289856,-6.408044544040314,-4.104837665521982
2010,GO,Ibope,21-23/09,Lúcia Vânia PSDB,2.0,2.0,0.3056407644373572,0.2826086956521739,-2.303206878518332,0.0
2010,GO,Ibope,21-23/09,Pedro Wilson Guimarães PT,3.0,3.0,0.1794989200369899,0.13043478260869565,-4.906413742829424,-2.603206864311092
2010,GO,Ibope,21-23/09,Adib Elias PMDB,9.0,4.0,8.169160439043358e-07,0.07971014492753623,7.970932801149232,10.274139679667563
2010,GO,Ibope,21-23/09,Renner Reis[nota 3] PP,5.0,5.0,0.0156051387286825,0.050724637681159424,3.5119498952476924,5.815156773766024
2010,GO,Ibope,21-23/09,Paulo Roberto Cunha PP,4.0,6.0,0.0464904878295847,0.043478260869565216,-0.30122269600194806,2.0019841825163844
2010,GO,Ibope,21-23/09,Elias Vaz PSOL,6.0,7.0,0.009230742838097,0.021739130434782608,1.2508387596685608,3.554045638186892
2010,GO,Ibope,21-23/09,Rubens Donizzeti PSTU,7.0,8.0,0.0015935989726463,0.007246376811594203,0.5652777838947903,2.868484662413117
2010,GO,Ibope,21-23/09,Bernardo Bispo PCB,8.0,9.0,0.0010474905972963,0.007246376811594203,0.6198886214297903,2.9230954999481185
2010,GO,Serpes,25-27/09,Demóstenes Torres[nota 1] DEM,1.0,1.0,0.4408920396433017,0.4316642316376677,-0.9227808005633997,-0.8939680040583866
2010,GO,Serpes,25-27/09,Lúcia Vânia PSDB,2.0,2.0,0.3056407644373572,0.3053526364723071,-0.028812796505012228,0.0
2010,GO,Serpes,25-27/09,Pedro Wilson Guimarães PT,3.0,3.0,0.1794989200369899,0.1288351706733962,-5.066374936359369,-5.037562139854357
2010,GO,Serpes,25-27/09,Adib Elias PMDB,9.0,4.0,8.169160439043358e-07,0.058440695975561174,5.843987905951727,5.872800702456736
2010,GO,Serpes,25-27/09,Paulo Roberto Cunha PP,4.0,5.0,0.0464904878295847,0.047815114889095504,0.13246270595108078,0.16127550245609257
2010,GO,Serpes,25-27/09,Elias Vaz PSOL,6.0,6.0,0.009230742838097,0.013281976358082084,0.4051233519985084,0.4339361485035198
2010,GO,Serpes,25-27/09,Rubens Donizzeti PSTU,7.0,7.0,0.0015935989726463,0.00796918581484925,0.637558684220295,0.666371480725303
2010,GO,Serpes,25-27/09,Bernardo Bispo PCB,8.0,8.0,0.0010474905972963,0.006640988179041042,0.5593497581744742,0.5881625546794851
2010,MA,Escutec,18-21/09,Edison Lobão,1.0,1.0,0.3273650220441059,0.3217850851438638,-0.5579936900242111,6.105306480232308
2010,MA,Escutec,18-21/09,João Alberto,2.0,2.0,0.297402232471796,0.23076923076923078,-6.6633001702565196,0.0
2010,MA,Escutec,18-21/09,Vidigal,5.0,3.0,0.0966659479869499,0.16441573693482092,6.774978894787102,13.438279065043623
2010,MA,Escutec,18-21/09,Zé Reinaldo,3.0,4.0,0.1399409810728227,0.14738696418085734,0.7445983108034626,7.407898481059982
2010,MA,Escutec,18-21/09,Roberto Rocha,4.0,5.0,0.123641055832182,0.10510863182618908,-1.853242400599292,4.810057769657227
2010,MA,Escutec,18-21/09,Prof. Adonilson,10.0,6.0,0.0,0.01056958308866706,1.056958308866706,7.720258479123228
2010,MA,Escutec,18-21/09,Noleto,9.0,7.0,0.0034269674915071,0.008220786846741046,0.4793819355233946,7.142682105779912
2010,MA,Escutec,18-21/09,Charles Vieira,8.0,8.0,0.0035877568518674,0.005871990604815033,0.22842337529476328,6.891723545551283
2010,MA,Escutec,18-21/09,Professora Socorro,11.0,9.0,0.0,0.0023487962419260133,0.23487962419260133,6.898179794449124
2010,MA,Escutec,18-21/09,Claudicea Durans,6.0,10.0,0.0042205283776872,0.0017615971814445098,-0.24589311962426907,6.417407050632246
2010,MA,Escutec,18-21/09,Paulo Rios,7.0,11.0,0.0037495078710815,0.0017615971814445098,-0.19879106896369902,6.4645091012928155
2010,MA,Ibope,14-16/09,Edison Lobão,1.0,1.0,0.3273650220441059,0.35294117647058826,2.5576154426482365,4.566746252853044
2010,MA,Ibope,14-16/09,João Alberto,2.0,2.0,0.297402232471796,0.2773109243697479,-2.0091308102048067,0.0
2010,MA,Ibope,14-16/09,Zé Reinaldo,3.0,3.0,0.1399409810728227,0.13445378151260504,-0.5487199560217676,1.4604108541830385
2010,MA,Ibope,14-16/09,Vidigal,5.0,4.0,0.0966659479869499,0.09243697478991597,-0.4228973197033928,1.5862334905014137
2010,MA,Ibope,14-16/09,Roberto Rocha,4.0,5.0,0.123641055832182,0.08403361344537816,-3.9607442386803844,-1.9516134284755786
2010,MA,Ibope,14-16/09,Noleto,9.0,6.0,0.0034269674915071,0.01680672268907563,1.337975519756853,3.3471063299616546
2010,MA,Ibope,14-16/09,Charles Vieira,8.0,7.0,0.0035877568518674,0.008403361344537815,0.48156044926704145,2.4906912594718484
2010,MA,Ibope,14-16/09,Claudicea Durans,6.0,8.0,0.0042205283776872,0.008403361344537815,0.4182832966850614,2.4274141068898665
2010,MA,Ibope,14-16/09,Paulo Rios,7.0,9.0,0.0037495078710815,0.008403361344537815,0.46538534734563153,2.474516157550436
2010,MA,Ibope,14-16/09,Prof. Adonilson,10.0,10.0,0.0,0.008403361344537815,0.8403361344537815,2.849466944658591
2010,MA,Ibope,14-16/09,Professora Socorro,11.0,11.0,0.0,0.008403361344537815,0.8403361344537815,2.849466944658591
2010,MG,Datafolha,28-29/09,Aécio Neves PSDB,1.0,1.0,0.3948656247639862,0.42948717948717946,3.462155472319328,2.649740111309173
2010,MG,Datafolha,28-29/09,Itamar Franco PPS,2.0,2.0,0.2675168720309241,0.27564102564102566,0.8124153610101548,0.0
2010,MG,Datafolha,28-29/09,Fernando Pimentel PT,3.0,3.0,0.2398487403370392,0.21794871794871795,-2.1900022388321254,-3.00241759984228
2010,MG,Datafolha,28-29/09,Zito Vieira PCdoB,4.0,4.0,0.0776010339796645,0.02564102564102564,-5.196000833863886,-6.008416194874037
2010,MG,Datafolha,28-29/09,Marilda Ribeiro PSOL,6.0,5.0,0.0028008748303897,0.01282051282051282,1.001963799012312,0.1895484380021557
2010,MG,Datafolha,28-29/09,Miguel Martini PHS,5.0,6.0,0.0143123174555156,0.01282051282051282,-0.14918046350027805,-0.9615958245104324
2010,MG,Datafolha,28-29/09,Rafael Sales Pimenta PCB,7.0,7.0,0.001118617098651,0.00641025641025641,0.529163931160541,-0.28325142984961715
2010,MG,Datafolha,28-29/09,José João da Silva PSTU,10.0,8.0,0.000354604543124,0.00641025641025641,0.605565186713241,-0.20685017429691754
2010,MG,Datafolha,28-29/09,Efraim Gomes de Moura PSTU,9.0,9.0,0.000696212834962,0.00641025641025641,0.571404357529441,-0.24101100348071824
2010,MG,Datafolha,28-29/09,Miguel Martini PHS,5.0,10.0,0.0143123174555156,0.00641025641025641,-0.7902061045259191,-1.6026214655360747
2010,MG,Ibope,23-25/09,Aécio Neves PSDB,1.0,1.0,0.3948656247639862,0.46938775510204084,7.4522130338054655,4.271927447782231
2010,MG,Ibope,23-25/09,Itamar Franco PPS,2.0,2.0,0.2675168720309241,0.29931972789115646,3.180285586023235,0.0
2010,MG,Ibope,23-25/09,Fernando Pimentel PT,3.0,3.0,0.2398487403370392,0.19727891156462585,-4.256982877241336,-7.43726846326457
2010,MG,Ibope,23-25/09,Zito Vieira PCdoB,4.0,4.0,0.0776010339796645,0.02040816326530612,-5.719287071435838,-8.899572657459068
2010,MG,Ibope,23-25/09,Miguel Martini PHS,5.0,5.0,0.0143123174555156,0.013605442176870748,-0.07068752786448529,-3.250973113887717
2010,MS,Ibope,21-23/09,Delcídio do Amaral PT,1.0,1.0,0.4278757162543488,0.391304347826087,-3.657136842826181,1.5605850046635208
2010,MS,Ibope,21-23/09,Dagoberto Nogueira PDT,4.0,2.0,0.0251230433506912,0.22981366459627328,20.469062124558207,25.686783972047913
2010,MS,Ibope,21-23/09,Waldemir Moka PMDB,2.0,3.0,0.2819908830711703,0.19875776397515527,-8.323311909601506,-3.1055900621118013
2010,MS,Ibope,21-23/09,Murilo Zauith DEM,3.0,4.0,0.2650103573237896,0.18012422360248448,-8.48861337213051,-3.270891524640807
2010,MS,Ibrape,17-19/09,Delcídio do Amaral PT,1.0,1.0,0.4278757162543488,0.3878787878787879,-3.9996928375560903,1.1690924392579092
2010,MS,Ibrape,17-19/09,Dagoberto Nogueira PDT,4.0,2.0,0.0251230433506912,0.23030303030303031,20.51799869523391,25.686783972047913
2010,MS,Ibrape,17-19/09,Waldemir Moka PMDB,2.0,3.0,0.2819908830711703,0.23030303030303031,-5.168785276814,0.0
2010,MS,Ibrape,17-19/09,Murilo Zauith DEM,3.0,4.0,0.2650103573237896,0.15151515151515152,-11.349520580863807,-6.180735304049806
2010,MT,Gazeta Dados,25-26/09,Blairo Maggi PR,1.0,1.0,0.3707545738844165,0.42953020134228187,5.877562745786536,10.892371484718907
2010,MT,Gazeta Dados,25-26/09,Carlos Abicalil PT,3.0,2.0,0.1842579805217533,0.19463087248322147,1.0372891961468178,6.05209793507919
2010,MT,Gazeta Dados,25-26/09,Antero Paes de Barros PSDB,4.0,3.0,0.1192362802471008,0.18791946308724833,6.868318284014753,11.883127022947125
2010,MT,Gazeta Dados,25-26/09,Pedro Taques PDT,2.0,4.0,0.2447789598725452,0.18791946308724833,-5.685949678529687,-0.6711409395973145
2010,MT,Ibope,21-23/09,Blairo Maggi PR,1.0,1.0,0.3707545738844165,0.432258064516129,6.150349063171251,7.402438598812868
2010,MT,Ibope,21-23/09,Carlos Abicalil PT,3.0,2.0,0.1842579805217533,0.23225806451612904,4.800008399437575,6.05209793507919
2010,MT,Ibope,21-23/09,Antero Paes de Barros PSDB,4.0,3.0,0.1192362802471008,0.15483870967741936,3.5602429430318563,4.812332478673472
2010,MT,Ibope,21-23/09,Pedro Taques PDT,2.0,4.0,0.2447789598725452,0.13548387096774195,-10.929508890480324,-9.67741935483871
2010,MT,Ibope,21-23/09,Jorge Yanai DEM,5.0,5.0,0.0351620117870101,0.03870967741935484,0.35476656323447375,1.60685609887609
2010,MT,Ibope,21-23/09,Naildo da Silva Lopes PV,7.0,6.0,0.0120174707855668,0.0064516129032258064,-0.5565857882340993,0.6955037474075141
2010,PA,Ibope,29/03 a 01/10/2010,Jader Barbalho (PMDB),2.0,1.0,0.4014226515732607,0.38016528925619836,-2.1257362317062323,6.6115702479338845
2010,PA,Ibope,29/03 a 01/10/2010,Flexa Ribeiro (PSDB),1.0,2.0,0.4054110899642441,0.3140495867768595,-9.136150318738457,-0.39884383909833954
2010,PA,Ibope,29/03 a 01/10/2010,Paulo Braga (PSTU),5.0,3.0,0.0073884917872562,0.30578512396694213,29.839663217968592,38.57696969760871
2010,PA,Ibope,29/03 a 01/10/2010,Marinor Brito (PSOL),3.0,4.0,0.162281622292074,0.0,-16.2281622292074,-7.490855749567281
2010,PA,Ibope,29/03 a 01/10/2010,Paulo Braga (PSTU),5.0,5.0,0.0073884917872562,0.0,-0.73884917872562,7.998457300914499
2010,PA,Ibope,29/03 a 01/10/2010,Abel Ribeiro (PSTU),6.0,6.0,0.0057373113036162,0.0,-0.57373113036162,8.1635753492785
2010,PA,Ibope,29/03 a 01/10/2010,João Augusto (PSOL),4.0,7.0,0.0177588330795486,0.0,-1.77588330795486,6.961423171685258
2010,PA,Veritate,09-14/09,Jader Barbalho (PMDB),2.0,1.0,0.4014226515732607,0.41154791154791154,1.0125259974650858,13.63636363636364
2010,PA,Veritate,09-14/09,Paulo Braga (PSTU),5.0,2.0,0.0073884917872562,0.27518427518427513,26.779578339701892,39.40341597860045
2010,PA,Veritate,09-14/09,Flexa Ribeiro (PSDB),1.0,3.0,0.4054110899642441,0.26167076167076164,-14.374032829348243,-1.7501951904496882
2010,PA,Veritate,09-14/09,Marinor Brito (PSOL),3.0,4.0,0.162281622292074,0.051597051597051594,-11.068457069502239,1.5553805693963163
2010,PB,Ibope,24-26/08,Jocimar Oliveira da Silva PCB,5.0,1.0,0.0009958150424039,1.0,99.90041849575961,
2010,PB,Índice,14-15/08,Jocimar Oliveira da Silva PCB,5.0,1.0,0.0009958150424039,1.0,99.90041849575961,
2010,PE,Datafolha,28-29/09,Humberto Costa PT,2.0,1.0,0.3881791159899981,0.3597122302158273,-2.846688577417078,5.755395683453235
2010,PE,Datafolha,28-29/09,Armando Monteiro PTB,1.0,2.0,0.3987229923539389,0.302158273381295,-9.65647189726439,-1.0543876363940774
2010,PE,Datafolha,28-29/09,Marco Maciel DEM,3.0,3.0,0.118581818689272,0.22302158273381295,10.443976404454094,19.04606066532441
2010,PE,Datafolha,28-29/09,Raul Jungmann PPS,4.0,4.0,0.0761100870410238,0.07913669064748201,0.3026603606458206,8.904744621516137
2010,PE,Datafolha,28-29/09,Renê Patriota PV,5.0,5.0,0.0158013521108177,0.007194244604316547,-0.8607107506501153,7.741373510220196
2010,PE,Datafolha,28-29/09,Helio Cabral PSTU,6.0,6.0,0.0007902325280463,0.007194244604316547,0.6404012076270247,9.242485468497339
2010,PE,Datafolha,28-29/09,Simone Fontana PSTU,7.0,7.0,0.0006591825679449,0.007194244604316547,0.6535062036371647,9.255590464507481
2010,PE,Datafolha,28-29/09,Lairson Lucena PRTB,8.0,8.0,0.0006464962213716,0.007194244604316547,0.6547748382944948,9.25685909916481
2010,PE,Datafolha,28-29/09,Danúbio Aguiar PCB,9.0,9.0,0.0005087224975864,0.007194244604316547,0.6685522106730147,9.27063647154333
2010,PE,Ibope,21-23/09,Humberto Costa PT,2.0,1.0,0.3881791159899981,0.39864864864864863,1.0469532658650527,10.81081081081081
2010,PE,Ibope,21-23/09,Armando Monteiro PTB,1.0,2.0,0.3987229923539389,0.2905405405405405,-10.818245181339837,-1.0543876363940774
2010,PE,Ibope,21-23/09,Marco Maciel DEM,3.0,3.0,0.118581818689272,0.22297297297297297,10.439115428370096,20.20297297331586
2010,PE,Ibope,21-23/09,Raul Jungmann PPS,4.0,4.0,0.0761100870410238,0.06756756756756757,-0.8542519473456232,8.909605597600137
2010,PE,Ibope,21-23/09,Renê Patriota PV,5.0,5.0,0.0158013521108177,0.006756756756756757,-0.9044595354060943,8.85939800953966
2010,PE,Ibope,21-23/09,Simone Fontana PSTU,7.0,6.0,0.0006591825679449,0.006756756756756757,0.6097574188811857,10.373614963826945
2010,PE,Ibope,21-23/09,Helio Cabral PSTU,6.0,7.0,0.0007902325280463,0.006756756756756757,0.5966524228710457,10.360509967816803
2010,PI,Ibope,21-23/09,Wellington Dias PT,1.0,1.0,0.3252255682977834,0.3881578947368421,6.2932326439058714,9.244449976386385
2010,PI,Ibope,21-23/09,Mão Santa PSC,3.0,2.0,0.1413987353699307,0.19736842105263158,5.596968568270089,8.548185900750601
2010,PI,Ibope,21-23/09,Ciro Nogueira PP,2.0,3.0,0.2268805943774367,0.17763157894736842,-4.924901543006829,-1.9736842105263164
2010,PI,Ibope,21-23/09,Heráclito Fortes DEM,4.0,4.0,0.1383535551989441,0.13157894736842105,-0.6774607830523055,2.2737565494282075
2010,PI,Ibope,21-23/09,Antônio José Medeiros PT,5.0,5.0,0.1343873221389815,0.08552631578947369,-4.886100634950781,-1.9348833024702685
2010,PI,Ibope,21-23/09,Toim do Frango PSL,7.0,6.0,0.0100262720147942,0.006578947368421052,-0.3447324646373148,2.6064848678431964
2010,PI,Ibope,21-23/09,Antônio Florentino PV,8.0,7.0,0.0059299504229018,0.006578947368421052,0.06489969455192521,3.0161170270324362
2010,PI,Ibope,21-23/09,Moisés Franco Pinto PMN,9.0,8.0,0.0029398704070434,0.006578947368421052,0.3639076961377652,3.315125028618276
2010,PI,Jales,20-25/09,Wellington Dias PT,1.0,1.0,0.3252255682977834,0.45907738095238093,13.385181265459757,15.314312131774855
2010,PI,Jales,20-25/09,Ciro Nogueira PP,2.0,2.0,0.2268805943774367,0.2075892857142857,-1.9291308663151012,0.0
2010,PI,Jales,20-25/09,Heráclito Fortes DEM,4.0,3.0,0.1383535551989441,0.18824404761904762,4.989049242010352,6.918180108325453
2010,PI,Jales,20-25/09,Antônio José Medeiros PT,5.0,4.0,0.1343873221389815,0.11011904761904762,-2.426827451993388,-0.49769658567828756
2010,PI,Jales,20-25/09,Sgt. R. Silva PP,6.0,5.0,0.014858131772184,0.009672619047619048,-0.5185512724564951,1.410579593858607
2010,PI,Jales,20-25/09,Toim do Frango PSL,7.0,6.0,0.0100262720147942,0.008928571428571428,-0.10977005862227718,1.8193608076928243
2010,PI,Jales,20-25/09,Moisés Franco Pinto PMN,9.0,7.0,0.0029398704070434,0.00818452380952381,0.524465340248041,2.453596206563141
2010,PI,Jales,20-25/09,Antônio Florentino PV,8.0,8.0,0.0059299504229018,0.005952380952380952,0.002243052947915186,1.9313739192630166
2010,PI,Jales,20-25/09,Mão Santa PSC,3.0,9.0,0.1413987353699307,0.001488095238095238,-13.991064013183546,-12.061933146868446
2010,PI,Jales,20-25/09,Wellington Dias PT,1.0,10.0,0.3252255682977834,0.000744047619047619,-32.44815206787358,-30.519021201558473
2010,PR,Datafolha,13-14/09,Roberto Requião PMDB,2.0,1.0,0.2484261523558912,0.32592592592592595,7.749977357003476,0.0
2010,PR,Datafolha,13-14/09,Gleisi Hoffmann PT,1.0,2.0,0.2950285824779972,0.32592592592592595,3.089734344792877,-4.660243012210599
2010,PR,Datafolha,13-14/09,Gustavo Fruet PSDB,3.0,3.0,0.2310046624489417,0.15555555555555556,-7.544910689338613,-15.294888046342088
2010,PR,Datafolha,13-14/09,Ricardo Barros PP,4.0,4.0,0.2021830395401329,0.13333333333333333,-6.884970620679956,-14.634947977683433
2010,PR,Datafolha,13-14/09,Rubens Hering PV,5.0,5.0,0.0164317751687097,0.022222222222222223,0.5790447053512522,-7.170932651652226
2010,PR,Datafolha,13-14/09,Gilberto Araújo PCB,12.0,6.0,0.0003667011708501,0.014814814814814815,1.4448113643964715,-6.305165992607002
2010,PR,Datafolha,13-14/09,Luiz Romeiro Piva PSOL,6.0,7.0,0.0031546638103417,0.007407407407407408,0.42527435970657074,-7.324702997296907
2010,PR,Datafolha,13-14/09,Valmor Venturini PSOL,7.0,8.0,0.0010122355249719,0.007407407407407408,0.6395171882435509,-7.110460168759925
2010,PR,Datafolha,13-14/09,Ademir Pedroso PRTB,9.0,9.0,0.0006327971878552,0.007407407407407408,0.6774610219552207,-7.072516335048256
2010,PR,Ibope,06-08/09,Roberto Requião PMDB,2.0,1.0,0.2484261523558912,0.3597122302158273,11.128607785993614,2.1582733812949617
2010,PR,Ibope,06-08/09,Gleisi Hoffmann PT,1.0,2.0,0.2950285824779972,0.3381294964028777,4.310091392488053,-4.660243012210599
2010,PR,Ibope,06-08/09,Gustavo Fruet PSDB,3.0,3.0,0.2310046624489417,0.1510791366906475,-7.9925525758294205,-16.962886980528072
2010,PR,Ibope,06-08/09,Ricardo Barros PP,4.0,4.0,0.2021830395401329,0.1079136690647482,-9.42693704753847,-18.39727145223712
2010,PR,Ibope,06-08/09,Gilberto Araújo PCB,12.0,5.0,0.0003667011708501,0.014388489208633094,1.4021788037782994,-7.5681556009203526
2010,PR,Ibope,06-08/09,Rubens Hering PV,5.0,6.0,0.0164317751687097,0.014388489208633094,-0.20432859600766073,-9.174663000706314
2010,PR,Ibope,06-08/09,Luiz Romeiro Piva PSOL,6.0,7.0,0.0031546638103417,0.007194244604316547,0.4039580793974847,-8.566376325301167
2010,PR,Ibope,06-08/09,Valmor Venturini PSOL,7.0,8.0,0.0010122355249719,0.007194244604316547,0.6182009079344648,-8.352133496764186
2010,RJ,Datafolha,28-29/09,Lindbergh Farias PT,1.0,1.0,0.2865147739665628,0.25806451612903225,-2.8450257837530524,-4.699124425821246
2010,RJ,Datafolha,28-29/09,Marcelo Crivella PRB,2.0,2.0,0.2266203039018987,0.24516129032258063,1.8540986420681942,0.0
2010,RJ,Datafolha,28-29/09,Cesar Maia DEM,4.0,3.0,0.1106316164019964,0.15483870967741936,4.420709327542297,2.566610685474103
2010,RJ,Datafolha,28-29/09,Jorge Picciani PMDB,3.0,4.0,0.2072517305972421,0.15483870967741936,-5.241302091982275,-7.095400734050468
2010,RJ,Datafolha,28-29/09,Waguinho PTdoB,5.0,5.0,0.088118128360961,0.08387096774193549,-0.4247160619025511,-2.2788147039707436
2010,RJ,Datafolha,28-29/09,Marcelo Cerqueira PPS,7.0,6.0,0.0266100638223497,0.03870967741935484,1.209961359700514,-0.6441372823676765
2010,RJ,Datafolha,28-29/09,Milton Temer PSOL,6.0,7.0,0.0364554311416865,0.03225806451612903,-0.4197366625557468,-2.2738353046239403
2010,RJ,Datafolha,28-29/09,Carlos Dias PTdoB,8.0,8.0,0.0122587215253883,0.012903225806451613,0.06445042810633121,-1.7896482139618612
2010,RJ,Datafolha,28-29/09,Wladimir Mutt PCB,10.0,9.0,0.0016791418622951,0.0064516129032258064,0.47724710409307064,-1.3768515379751243
2010,RJ,Datafolha,28-29/09,Claiton PSTU,11.0,10.0,0.0015738172725119,0.0064516129032258064,0.48777956307139064,-1.3663190789968063
2010,RJ,Datafolha,28-29/09,Heitor PSTU,9.0,11.0,0.0022862711471071,0.0064516129032258064,0.4165341756118707,-1.437564466456326
2010,RJ,Ibope,21-23/09,Lindbergh Farias PT,1.0,1.0,0.2865147739665628,0.2846153846153846,-0.18993893511781712,-3.681754698774103
2010,RJ,Ibope,21-23/09,Marcelo Crivella PRB,2.0,2.0,0.2266203039018987,0.26153846153846155,3.4918157636562865,0.0
2010,RJ,Ibope,21-23/09,Cesar Maia DEM,4.0,3.0,0.1106316164019964,0.17692307692307693,6.629146052108053,3.1373302884517678
2010,RJ,Ibope,21-23/09,Jorge Picciani PMDB,3.0,4.0,0.2072517305972421,0.17692307692307693,-3.032865367416518,-6.5246811310728035
2010,RJ,Ibope,21-23/09,Waguinho PTdoB,5.0,5.0,0.088118128360961,0.05384615384615385,-3.427197451480715,-6.919013215137001
2010,RJ,Ibope,21-23/09,Marcelo Cerqueira PPS,7.0,6.0,0.0266100638223497,0.023076923076923078,-0.35331407454266206,-3.8451298381989467
2010,RJ,Ibope,21-23/09,Milton Temer PSOL,6.0,7.0,0.0364554311416865,0.015384615384615385,-2.1070815757071113,-5.598897339363397
2010,RJ,Ibope,21-23/09,Carlos Dias PTdoB,8.0,8.0,0.0122587215253883,0.007692307692307693,-0.4566413833080608,-3.948457146964344
2010,RN,Ibope,20-22/09,Garibaldi Alves Filho PMDB,1.0,1.0,0.3502874834144184,0.48,12.971251658558158,-1.2022743251836057
2010,RN,Ibope,20-22/09,José Agripino Maia DEM,2.0,2.0,0.3222647401625824,0.464,14.173525983741763,0.0
2010,RN,Ibope,20-22/09,Hugo Manso PT,4.0,3.0,0.0753240826005654,0.048,-2.7324082600565403,-16.905934243798303
2010,RN,Ibope,20-22/09,Joanilson Rego PSDC,5.0,4.0,0.0223184458553858,0.008,-1.43184458553858,-15.605370569280343
2010,RN,Start,11-13/09,Garibaldi Alves Filho PMDB,1.0,1.0,0.3502874834144184,0.4659400544959128,11.56525710814944,-1.894009111741274
2010,RN,Start,11-13/09,José Agripino Maia DEM,2.0,2.0,0.3222647401625824,0.45685740236148953,13.459266219890715,0.0
2010,RN,Start,11-13/09,Hugo Manso PT,4.0,3.0,0.0753240826005654,0.05267938237965486,-2.2644700220910545,-15.723736241981765
2010,RN,Start,11-13/09,Joanilson Rego PSDC,5.0,4.0,0.0223184458553858,0.016348773841961855,-0.5969672013423944,-14.056233421233106
2010,RN,Start,11-13/09,Ronaldo Garcia PSOL,7.0,5.0,0.002231239640313,0.008174386920980927,0.5943147280667928,-12.864951491823923
2010,RO,Ibope,28-30/08,Ivo Cassol PP,1.0,1.0,0.6073539954631056,0.3561643835616438,-25.118961190146184,-32.231025353957506
2010,RO,Ibope,28-30/08,Valdir Raupp PMDB,3.0,2.0,0.0643912643382982,0.3219178082191781,25.752654388087993,18.640590224276668
2010,RO,Ibope,28-30/08,Fátima Cleide PT,6.0,3.0,0.0030134501797637,0.1780821917808219,17.50687416010582,10.3948099962945
2010,RO,Ibope,28-30/08,Melki Donadon PHS,7.0,4.0,0.0,0.0684931506849315,6.8493150684931505,-0.2627490953181706
2010,RO,Ibope,28-30/08,Agnaldo Muniz PSC,2.0,5.0,0.2507971665810649,0.0547945205479452,-19.600264603311967,-26.71232876712329
2010,RO,Ibope,28-30/08,Aluizio Vidal PSOL,4.0,6.0,0.0586532699880157,0.0136986301369863,-4.49546398510294,-11.607528148914263
2010,RO,Ibope,28-30/08,Pimenta de Rondônia PSOL,5.0,7.0,0.0157908534497517,0.00684931506849315,-0.8941538381258551,-8.006218001937178
2010,RO,Phoenix,02-06/09,Valdir Raupp PMDB,3.0,1.0,0.0643912643382982,0.4050726422063531,34.06813778680549,21.423156094751914
2010,RO,Phoenix,02-06/09,Ivo Cassol PP,1.0,2.0,0.6073539954631056,0.37724698350160063,-23.010701196150503,-35.655682888204076
2010,RO,Phoenix,02-06/09,Fátima Cleide PT,6.0,3.0,0.0030134501797637,0.21768037429204629,21.46669241122826,8.821710719174684
2010,RR,Ibope,28-30/08,Romero Jucá PMDB,1.0,1.0,0.2791361177601447,0.33125,5.21138822398553,1.9858595472793394
2010,RR,Ibope,28-30/08,Ângela Portela PT,2.0,2.0,0.2614947132329381,0.29375,3.225528676706191,0.0
2010,RR,Ibope,28-30/08,Marluce Pinto PSDB,3.0,3.0,0.2142459995853516,0.25,3.5754000414648406,0.3498713647586502
2010,RR,Ibope,28-30/08,Telmário Mota PDT,4.0,4.0,0.1283548824848747,0.06875,-5.9604882484874695,-9.186016925193659
2010,RR,Ibope,28-30/08,Aimberê Freitas PV,6.0,5.0,0.042371883069152,0.025,-1.7371883069152,-4.962716983621391
2010,RR,Ibope,28-30/08,Hiran Gonçalves PHS,5.0,6.0,0.0743964038675386,0.025,-4.93964038675386,-8.165169063460048
2010,RR,Ibope,28-30/08,Jorge Schwinden PSOL,7.0,7.0,0.0,0.00625,0.625,-2.600528676706194
2010,RR,Phoenix,06-09/09,Romero Jucá PMDB,1.0,1.0,0.2791361177601447,0.4058885383806519,12.675242062050723,7.725870062526447
2010,RR,Phoenix,06-09/09,Ângela Portela PT,2.0,2.0,0.2614947132329381,0.31098843322818087,4.949371999524277,0.0
2010,RR,Phoenix,06-09/09,Marluce Pinto PSDB,3.0,3.0,0.2142459995853516,0.19637223974763407,-1.7873759837717524,-6.73674798329603
2010,RR,Phoenix,06-09/09,Telmário Mota PDT,4.0,4.0,0.1283548824848747,0.05559936908517351,-7.275551339970118,-12.224923339494396
2010,RR,Phoenix,06-09/09,Hiran Gonçalves PHS,5.0,5.0,0.0743964038675386,0.031151419558359622,-4.324498430917897,-9.273870430442177
2010,RS,Datafolha,28-29/09,Ana Amélia Lemos PP,2.0,1.0,0.2953942604298225,0.3375796178343949,4.2185357404572414,2.547770700636942
2010,RS,Datafolha,28-29/09,Paulo Paim PT,1.0,2.0,0.3383481083687489,0.31210191082802546,-2.6246197540723437,-4.295384793892643
2010,RS,Datafolha,28-29/09,Germano Rigotto PMDB,3.0,3.0,0.2124222332655506,0.2484076433121019,3.5985410046551314,1.927775964834833
2010,RS,Datafolha,28-29/09,Abigail Pereira PCdoB,4.0,4.0,0.134715858846809,0.07643312101910828,-5.828273782770073,-7.4990388225903715
2010,RS,Datafolha,28-29/09,Vera Guasso PSTU,6.0,5.0,0.0049377979028059,0.012738853503184714,0.7801055600378813,-0.8906594797824177
2010,RS,Datafolha,28-29/09,José Schneider PMN,7.0,6.0,0.002809390318529,0.006369426751592357,0.35600364330633566,-1.3147613965139655
2010,RS,Datafolha,28-29/09,Marcos Monteiro PV,5.0,7.0,0.0088326265854061,0.006369426751592357,-0.24631998338137429,-1.917085023201679
2010,RS,Ibope,21-23/09,Ana Amélia Lemos PP,2.0,1.0,0.2953942604298225,0.3221476510067114,2.675339057688891,1.342281879194629
2010,RS,Ibope,21-23/09,Paulo Paim PT,1.0,2.0,0.3383481083687489,0.3087248322147651,-2.9623276153983804,-4.295384793892643
2010,RS,Ibope,21-23/09,Germano Rigotto PMDB,3.0,3.0,0.2124222332655506,0.2214765100671141,0.905427680156351,-0.427629498337911
2010,RS,Ibope,21-23/09,Abigail Pereira PCdoB,4.0,4.0,0.134715858846809,0.10738255033557047,-2.7333308511238537,-4.066388029618114
2010,RS,Ibope,21-23/09,Vera Guasso PSTU,6.0,5.0,0.0049377979028059,0.020134228187919462,1.5196430285113562,0.18658585001709227
2010,RS,Ibope,21-23/09,Marcos Monteiro PV,5.0,6.0,0.0088326265854061,0.006711409395973154,-0.21212171894329457,-1.5451788974375624
2010,RS,Ibope,21-23/09,Roberto Gross PTC,9.0,7.0,0.000604903040947,0.006711409395973154,0.6106506355026154,-0.7224065429916493
2010,RS,Ibope,21-23/09,Berna Menezes PSOL,8.0,8.0,0.0019348212413808,0.006711409395973154,0.47765881545923544,-0.8553983630350253
2010,RS,Index,08-10 de março de 2010,Paulo Paim PT,1.0,1.0,0.3383481083687489,0.3909677419354839,5.261963356673499,0.6078410125589739
2010,RS,Index,08-10 de março de 2010,Germano Rigotto PMDB,3.0,2.0,0.2124222332655506,0.3419354838709677,12.951325060541713,8.297202716427188
2010,RS,Index,08-10 de março de 2010,Ana Amélia Lemos PP,2.0,3.0,0.2953942604298225,0.2670967741935484,-2.8297486236274096,-7.483870967741934
2010,RS,Mathodus,20-25 de setembro de 2009,Germano Rigotto PMDB,3.0,1.0,0.2124222332655506,0.5,28.75777667344494,8.297202716427188
2010,RS,Mathodus,20-25 de setembro de 2009,Paulo Paim PT,1.0,2.0,0.3383481083687489,0.5,16.16518916312511,-4.295384793892643
2010,RS,Methodus,02-6 de dezembro de 2009,Paulo Paim PT,1.0,1.0,0.3383481083687489,0.3412698412698413,0.29217329010923776,-3.7398292383370837
2010,RS,Methodus,02-6 de dezembro de 2009,Germano Rigotto PMDB,3.0,2.0,0.2124222332655506,0.3357142857142857,12.32920524487351,8.297202716427188
2010,RS,Methodus,02-6 de dezembro de 2009,Ana Amélia Lemos PP,2.0,3.0,0.2953942604298225,0.32301587301587303,2.762161258605056,-1.2698412698412653
2010,RS,Vox Populi,07-10 de agosto de 2010,Germano Rigotto PMDB,3.0,1.0,0.2124222332655506,0.4,18.757776673444944,16.71825534800614
2010,RS,Vox Populi,07-10 de agosto de 2010,Paulo Paim PT,1.0,2.0,0.3383481083687489,0.3157894736842105,-2.255863468453839,-4.295384793892643
2010,RS,Vox Populi,07-10 de agosto de 2010,Ana Amélia Lemos PP,2.0,3.0,0.2953942604298225,0.28421052631578947,-1.1183734114033006,-3.157894736842104
2010,SC,Ibope,21-23/09,Luiz Henrique da Silveira PMDB,1.0,1.0,0.2843695336357437,0.3879310344827586,10.356150084701493,14.123294206335869
2010,SC,Ibope,21-23/09,Paulo Bauer PSDB,2.0,2.0,0.2531886825956541,0.21551724137931033,-3.7671441216343746,0.0
2010,SC,Ibope,21-23/09,Cláudio Vignatti PT,3.0,3.0,0.1944180640315583,0.1810344827586207,-1.3383581272937621,2.4287859943406125
2010,SC,Ibope,21-23/09,Hugo Biehl PP,4.0,4.0,0.1034733838370796,0.09482758620689655,-0.8645797630183055,2.9025643586160683
2010,SC,Ibope,21-23/09,João Ghizoni PCdoB,5.0,5.0,0.0897687991922971,0.04310344827586207,-4.666535091643503,-0.8993909700091294
2010,SC,Ibope,21-23/09,João Ghizoni PCdoB,5.0,6.0,0.0897687991922971,0.02586206896551724,-6.390673022677987,-2.6235289010436134
2010,SC,Ibope,21-23/09,Elizabeth Tiscoski PP,6.0,7.0,0.0512806534818797,0.02586206896551724,-2.5418584516362457,1.2252856699981258
2010,SC,Ibope,21-23/09,Fabiano Piovezan PV,7.0,8.0,0.0181460579055641,0.008620689655172414,-0.9525368250391686,2.814607296595206
2010,SC,Ibope,21-23/09,Alex Sander da Silva PSTU,9.0,9.0,0.0018123582750174,0.008620689655172414,0.6808331380155014,4.447977259649875
2010,SC,Ibope,21-23/09,Paulo Afonso Piovezan PSOL,8.0,10.0,0.0035424670452056,0.008620689655172414,0.5078222609966814,4.274966382631053
2010,SC,Mapa,15-16/09,Luiz Henrique da Silveira PMDB,1.0,1.0,0.2843695336357437,0.3432203389830508,5.885080534730713,10.102253879041887
2010,SC,Mapa,15-16/09,Paulo Bauer PSDB,2.0,2.0,0.2531886825956541,0.21101694915254235,-4.217173344311173,0.0
2010,SC,Mapa,15-16/09,Cláudio Vignatti PT,3.0,3.0,0.1944180640315583,0.14915254237288136,-4.526552165867695,-0.3093788215565221
2010,SC,Mapa,15-16/09,Hugo Biehl PP,4.0,4.0,0.1034733838370796,0.09661016949152543,-0.6863214345554175,3.5308519097557554
2010,SC,Mapa,15-16/09,Paulo Afonso Piovezan PSOL,8.0,5.0,0.0035424670452056,0.07627118644067797,7.272871939547238,11.490045283858407
2010,SC,Mapa,15-16/09,Elizabeth Tiscoski PP,6.0,6.0,0.0512806534818797,0.039830508474576275,-1.1450145007303423,3.07215884358083
2010,SC,Mapa,15-16/09,João Ghizoni PCdoB,5.0,7.0,0.0897687991922971,0.03559322033898305,-5.417557885331405,-1.2003845410202345
2010,SC,Mapa,15-16/09,Fabiano Piovezan PV,7.0,8.0,0.0181460579055641,0.025423728813559324,0.7277670907995224,4.9449404351106985
2010,SC,Mapa,15-16/09,João Ghizoni PCdoB,5.0,9.0,0.0897687991922971,0.01694915254237288,-7.281964664992422,-3.0647913206812483
2010,SC,Mapa,15-16/09,Alex Sander da Silva PSTU,9.0,10.0,0.0018123582750174,0.005932203389830508,0.41198451148131077,4.629157855792485
2010,SE,Ibope,20-22/09,Antônio Carlos Valadares PSB,2.0,1.0,0.2561747077005779,0.30597014925373134,4.979544155315346,2.2388059701492544
2010,SE,Ibope,20-22/09,Eduardo Amorim PSC,1.0,2.0,0.3364918693723961,0.2835820895522388,-5.2909779820157326,-8.031716167181823
2010,SE,Ibope,20-22/09,Albano Franco PSDB,3.0,3.0,0.1829103615105496,0.26119402985074625,7.828366834019665,5.087628648853573
2010,SE,Ibope,20-22/09,José Carlos Machado DEM,4.0,4.0,0.139851095282892,0.09701492537313433,-4.283616990975767,-7.024355176141857
2010,SE,Ibope,20-22/09,Emanuel Cacho PPS,5.0,5.0,0.0358688348340276,0.029850746268656716,-0.6018088565370884,-3.342547041703181
2010,SE,Ibope,20-22/09,Antônio Leite PV,6.0,6.0,0.0148114500739147,0.014925373134328358,0.01139230604136586,-2.729345879124729
2010,SE,Ibope,20-22/09,Atamiro Cordeiro PSOL,8.0,7.0,0.0068979975809703,0.007462686567164179,0.0564688986193879,-2.6842692865467015
2010,SE,Soma,02-05/09,Antônio Carlos Valadares PSB,2.0,1.0,0.2561747077005779,0.34597523219814247,8.98005244975646,5.572755417956659
2010,SE,Soma,02-05/09,Albano Franco PSDB,3.0,2.0,0.1829103615105496,0.29024767801857587,10.733731650802628,7.3264346190028276
2010,SE,Soma,02-05/09,Eduardo Amorim PSC,1.0,3.0,0.3364918693723961,0.25077399380804954,-8.571787556434657,-11.979084588234457
2010,SE,Soma,02-05/09,José Carlos Machado DEM,4.0,4.0,0.139851095282892,0.09133126934984521,-4.851982593304678,-8.25927962510448
2010,SE,Soma,02-05/09,Antônio Leite PV,6.0,5.0,0.0148114500739147,0.013931888544891642,-0.08795615290230571,-3.4952531847021078
2010,SE,Soma,02-05/09,Emanuel Cacho PPS,5.0,6.0,0.0358688348340276,0.007739938080495357,-2.812889675353224,-6.220186707153026
2010,SP,Datafolha,28-29/09,Netinho de Paula PCdoB,3.0,1.0,0.211353636585627,0.2582781456953642,4.692450910973722,2.7946448774351373
2010,SP,Datafolha,28-29/09,Marta Suplicy PT,2.0,2.0,0.2260550522473956,0.24503311258278146,1.897806033538585,0.0
2010,SP,Datafolha,28-29/09,Aloysio Nunes PSDB,1.0,3.0,0.3042289803539112,0.19205298013245034,-11.217600022146087,-13.115406055684673
2010,SP,Datafolha,28-29/09,Romeu Tuma PTB,5.0,4.0,0.1079472992721806,0.13245033112582782,2.450303185364723,0.5524971518261381
2010,SP,Datafolha,28-29/09,Ciro Moura PTC,7.0,5.0,0.0074951933548839,0.052980132450331126,4.548493909544723,2.6506878760061348
2010,SP,Datafolha,28-29/09,Moacyr Franco PSL,6.0,6.0,0.0111928971199173,0.039735099337748346,2.8542202217831045,0.9564141882445192
2010,SP,Datafolha,28-29/09,Ricardo Young PV,4.0,7.0,0.1119568133475694,0.033112582781456956,-7.884423056611245,-9.782229090149832
2010,SP,Datafolha,28-29/09,Ana Luiza de Figueiredo PSTU,11.0,8.0,0.0029749498698583,0.019867549668874173,1.6892599799015873,-0.2085460536369972
2010,SP,Datafolha,28-29/09,Alexandre Serpa PSB,10.0,9.0,0.0040805876846727,0.013245033112582781,0.9164445427910083,-0.9813614907475738
2010,SP,Datafolha,28-29/09,Marcelo Henrique PSOL,8.0,10.0,0.0067865236714951,0.006622516556291391,-0.01640071152037093,-1.914206745058955
2010,SP,Datafolha,28-29/09,Afonso Teixeira Filho PCO,12.0,11.0,0.0003965330978569,0.006622516556291391,0.6225983458434491,-1.2752076876951364
2010,SP,Ibope,21-23/09,Marta Suplicy PT,2.0,1.0,0.2260550522473956,0.26573426573426573,3.9679213486870117,0.6993006993006978
2010,SP,Ibope,21-23/09,Netinho de Paula PCdoB,3.0,2.0,0.211353636585627,0.25874125874125875,4.738762215563175,1.4701415661768609
2010,SP,Ibope,21-23/09,Aloysio Nunes PSDB,1.0,3.0,0.3042289803539112,0.17482517482517482,-12.94038055287364,-16.209001202259955
2010,SP,Ibope,21-23/09,Romeu Tuma PTB,5.0,4.0,0.1079472992721806,0.13986013986013987,3.1912840587959277,-0.07733659059038622
2010,SP,Ibope,21-23/09,Ciro Moura PTC,7.0,5.0,0.0074951933548839,0.04895104895104895,4.145585559616506,0.8769649102301891
2010,SP,Ibope,21-23/09,Moacyr Franco PSL,6.0,6.0,0.0111928971199173,0.03496503496503497,2.377213784511767,-0.891406864874547
2010,SP,Ibope,21-23/09,Ricardo Young PV,4.0,7.0,0.1119568133475694,0.03496503496503497,-7.699177838253443,-10.967798487639756
2010,SP,Ibope,21-23/09,Alexandre Serpa PSB,10.0,8.0,0.0040805876846727,0.013986013986013986,0.9905426301341287,-2.2780780192521846
2010,SP,Ibope,21-23/09,Ana Luiza de Figueiredo PSTU,11.0,9.0,0.0029749498698583,0.013986013986013986,1.1011064116155687,-2.167514237770746
2010,SP,Ibope,21-23/09,Afonso Teixeira Filho PCO,12.0,10.0,0.0003965330978569,0.006993006993006993,0.6596473895150093,-2.6089732598713056
2010,SP,Ibope,21-23/09,Marcelo Henrique PSOL,8.0,11.0,0.0067865236714951,0.006993006993006993,0.0206483321511893,-3.2479723172351243
2010,TO,Ibope,26-28/09,João Ribeiro PR,4.0,1.0,0.0373566223374854,0.3202614379084967,28.29048155710113,35.894792982561384
2010,TO,Ibope,26-28/09,Marcelo Miranda PMDB,1.0,2.0,0.3395459918990438,0.2549019607843137,-8.464403111473008,-0.8600916860127594
2010,TO,Ibope,26-28/09,Vicentinho Alves PR,2.0,3.0,0.3309450750389162,0.22875816993464052,-10.218690510427567,-2.6143790849673194
2010,TO,Ibope,26-28/09,Paulo Mourão PT,3.0,4.0,0.2921523107245545,0.19607843137254902,-9.607387935200547,-2.0030765097403007
2010,TO,Serpes,06-10/09,Marcelo Miranda PMDB,1.0,1.0,0.3395459918990438,0.2973684210526316,-4.217757084641216,-0.596933791275911
2010,TO,Serpes,06-10/09,João Ribeiro PR,4.0,2.0,0.0373566223374854,0.29473684210526313,25.738021976777777,29.35884527014308
2010,TO,Serpes,06-10/09,Paulo Mourão PT,3.0,3.0,0.2921523107245545,0.21842105263157896,-7.373125809297553,-3.7523025159322483
2010,TO,Serpes,06-10/09,Vicentinho Alves PR,2.0,4.0,0.3309450750389162,0.18947368421052632,-14.147139082838986,-10.526315789473681
2018,AC,Ibope,17/09 a 19/09/2018,Petecão,2.0,1.0,0.1535452485756231,0.3076923076923077,15.414705911668461,7.6923076923076925
2018,AC,Ibope,17/09 a 19/09/2018,Bittar,3.0,2.0,0.1164070352707039,0.23076923076923078,11.436219549852689,3.7138213304919203
2018,AC,Ibope,17/09 a 19/09/2018,Viana,4.0,3.0,0.0737191301142646,0.20710059171597633,13.33814616017117,5.6157479408104045
2018,AC,Ibope,17/09 a 19/09/2018,Amorim,5.0,4.0,0.0724881716020324,0.17751479289940827,10.502662129737587,2.78026391037682
2018,AC,Ibope,17/09 a 19/09/2018,Kinpara,6.0,5.0,0.0710703992532478,0.07100591715976332,-0.006448209348448863,-7.7288464287092165
2018,AC,Ibope,17/09 a 19/09/2018,Pedrazza,7.0,6.0,0.0127700151841279,0.005917159763313609,-0.685285542081429,-8.407683761442195
2018,AL,Ibope,17/09 a 19/09/2018,Cunha,2.0,1.0,0.1719122269567357,0.6166666666666667,44.4754439709931,31.66666666666667
2018,AL,Ibope,17/09 a 19/09/2018,Quintella,4.0,2.0,0.0948148696904175,0.3,20.51851303095825,7.70973572663182
2018,AL,Ibope,17/09 a 19/09/2018,Cabral,9.0,3.0,0.0022170880835737,0.08333333333333333,8.111624524975964,-4.697152779350471
2018,AM,Ibope,5 de outubro de 2018,Eduardo Braga MDB,2.0,1.0,0.1852017550199737,0.24705882352941178,6.185706850943806,6.4705882352941195
2018,AM,Ibope,5 de outubro de 2018,Vanessa Grazziotin PCdoB,5.0,2.0,0.1140415321384144,0.18235294117647058,6.8311409038056174,7.11602228815593
2018,AM,Ibope,5 de outubro de 2018,Plínio Valério PSDB,1.0,3.0,0.2545885989574422,0.18235294117647058,-7.22356577809716,-6.938684393746847
2018,AM,Ibope,5 de outubro de 2018,Alfredo Nascimento PR,4.0,4.0,0.1737594200273188,0.17058823529411765,-0.317118473320116,-0.032237088969802485
2018,AM,Ibope,5 de outubro de 2018,Hissa Abrahão PDT,6.0,5.0,0.08622494740094,0.09411764705882353,0.7892699657883528,1.074151350138667
2018,AM,Ibope,5 de outubro de 2018,Luiz Castro REDE,3.0,6.0,0.1773540576221595,0.08823529411764706,-8.911876350451244,-8.62699496610093
2018,AM,Ibope,5 de outubro de 2018,Luiz Fernando Santos PSOL,7.0,7.0,0.0083829132270281,0.029411764705882353,2.1028851478854254,2.3877665322357373
2018,AM,Ibope,5 de outubro de 2018,Rondinely Fonseca PSOL,8.0,8.0,0.0004467756067227,0.0058823529411764705,0.5435577334453771,0.8284391177956891
2018,AP,Ibope,14/09 a 16/09/2018,Randolfe (REDE),2.0,1.0,0.144540314115549,0.39864864864864863,25.410833453309966,19.594594594594593
2018,AP,Ibope,14/09 a 16/09/2018,Janete Capiberibe (PSB),5.0,2.0,0.0682985435051618,0.20270270270270271,13.44041591975409,7.6241770610387185
2018,AP,Ibope,14/09 a 16/09/2018,Lucas Barreto (PTB),4.0,3.0,0.0699704858239706,0.14864864864864866,7.867816282467806,2.051577423752434
2018,AP,Ibope,14/09 a 16/09/2018,Gilvam Borges (MDB),14.0,4.0,0.001602619212544,0.08783783783783784,8.623521862529385,2.8072830038140104
2018,AP,Ibope,14/09 a 16/09/2018,Fátima Pelaes (MDB),9.0,5.0,0.0220551189655464,0.08108108108108109,5.902596211553469,0.08635735283809609
2018,AP,Ibope,14/09 a 16/09/2018,Jorge Amanajás (PPS),6.0,6.0,0.0287543511166205,0.08108108108108109,5.232672996446058,-0.5835658622693138
2018,BA,TV Bahia/Ibope,04 a 6 de outubro de 2018,Jaques Wagner (PT),1.0,1.0,0.3570972144806806,0.3333333333333333,-2.3763881147347288,7.871301732029038
2018,BA,TV Bahia/Ibope,04 a 6 de outubro de 2018,Irmão Lázaro (PSC),3.0,2.0,0.1536902197316077,0.22727272727272727,7.358250754111956,17.605940600875723
2018,BA,TV Bahia/Ibope,04 a 6 de outubro de 2018,Angelo Coronel (PSD),2.0,3.0,0.3297496257403649,0.20454545454545456,-12.520417119491038,-2.2727272727272707
2018,BA,TV Bahia/Ibope,04 a 6 de outubro de 2018,Jutahy Júnior (PSDB),4.0,4.0,0.0796367244685916,0.09848484848484848,1.884812401625688,12.132502248389454
2018,BA,TV Bahia/Ibope,04 a 6 de outubro de 2018,Jorge Viana (MDB),7.0,5.0,0.0051135733481299,0.030303030303030304,2.51894569549004,12.766635542253809
2018,BA,TV Bahia/Ibope,04 a 6 de outubro de 2018,Comadante Rangel (PSL),5.0,6.0,0.0484973825123633,0.030303030303030304,-1.8194352209333,8.42825462583047
2018,BA,TV Bahia/Ibope,04 a 6 de outubro de 2018,Fábio Nogueira (PSOL),6.0,7.0,0.0139121065173439,0.022727272727272728,0.8815166209928827,11.129206467756646
2018,BA,TV Bahia/Ibope,04 a 6 de outubro de 2018,Marcos Maurício (DC),10.0,8.0,0.0033398123005337,0.022727272727272728,1.9387460426739027,12.186435889437668
2018,BA,TV Bahia/Ibope,04 a 6 de outubro de 2018,Francisco José (REDE),8.0,9.0,0.0037381046472841,0.015151515151515152,1.1413410504231052,11.38903089718687
2018,BA,TV Bahia/Ibope,04 a 6 de outubro de 2018,Adroaldo dos Santos (PCO),11.0,10.0,0.0017783786865235,0.007575757575757576,0.5797378889234076,10.827427735687174
2018,BA,TV Bahia/Ibope,04 a 6 de outubro de 2018,Celsinho Cotrim (PRTB),9.0,11.0,0.0034468575665764,0.007575757575757576,0.4128900009181176,10.66057984768188
2018,BA,TV Itapoan/Real Time Big Data,16 e 17 de agosto de 2018,Jaques Wagner (PT),1.0,1.0,0.3570972144806806,0.4675324675324675,11.043525305178692,24.537968398695703
2018,BA,TV Itapoan/Real Time Big Data,16 e 17 de agosto de 2018,Irmão Lázaro (PSC),3.0,2.0,0.1536902197316077,0.19480519480519481,4.111497507358711,17.605940600875723
2018,BA,TV Itapoan/Real Time Big Data,16 e 17 de agosto de 2018,Jutahy Júnior (PSDB),4.0,3.0,0.0796367244685916,0.12987012987012986,5.023340540153826,18.517783633670838
2018,BA,TV Itapoan/Real Time Big Data,16 e 17 de agosto de 2018,Angelo Coronel (PSD),2.0,4.0,0.3297496257403649,0.12987012987012986,-19.987949587023508,-6.493506493506496
2018,BA,TV Itapoan/Real Time Big Data,16 e 17 de agosto de 2018,Marcos Maurício (DC),10.0,5.0,0.0033398123005337,0.025974025974025976,2.2634213673492276,15.757864460866237
2018,BA,TV Itapoan/Real Time Big Data,16 e 17 de agosto de 2018,Celsinho Cotrim (PRTB),9.0,6.0,0.0034468575665764,0.025974025974025976,2.2527168407449576,15.747159934261965
2018,BA,TV Itapoan/Real Time Big Data,16 e 17 de agosto de 2018,Jorge Viana (MDB),7.0,7.0,0.0051135733481299,0.012987012987012988,0.7873439638883089,14.281787057405321
2018,BA,TV Itapoan/Real Time Big Data,16 e 17 de agosto de 2018,Comadante Rangel (PSL),5.0,8.0,0.0484973825123633,0.012987012987012988,-3.551036952535032,9.943406140981981
2018,BA,TV Itapoan/Real Time Big Data,16 e 17 de agosto de 2018,Fábio Nogueira (PSOL),6.0,9.0,0.0139121065173439,0.0,-1.39121065173439,12.103232441782616
2018,BA,TV Itapoan/Real Time Big Data,16 e 17 de agosto de 2018,Francisco José (REDE),8.0,10.0,0.0037381046472841,0.0,-0.37381046472841,13.120632628788599
2018,BA,TV Itapoan/Real Time Big Data,16 e 17 de agosto de 2018,Adroaldo dos Santos (PCO),11.0,11.0,0.0017783786865235,0.0,-0.17783786865235002,13.31660522486466
2018,CE,Ibope,6 de outubro de 2018,Cid Gomes,2.0,1.0,0.2080813899604543,0.445859872611465,23.777848265101067,19.10828025477707
2018,CE,Ibope,6 de outubro de 2018,Eunício,4.0,2.0,0.0846749509948683,0.25477707006369427,17.010211906882596,12.3406438965586
2018,CE,Ibope,6 de outubro de 2018,Girão,3.0,3.0,0.0854479089016933,0.10191082802547771,1.6462919123784405,-3.0232760979455566
2018,CE,Ibope,6 de outubro de 2018,Mayra,5.0,4.0,0.0568467906295304,0.07006369426751592,1.321690363798552,-3.347877646525445
2018,CE,Ibope,6 de outubro de 2018,Pinheiro,8.0,5.0,0.0118556519638596,0.03184713375796178,1.9991481794102186,-2.6704198309137794
2018,CE,Ibope,6 de outubro de 2018,Simões,9.0,6.0,0.0097091195627248,0.025477707006369428,1.5768587443644628,-3.0927092659595345
2018,CE,Ibope,6 de outubro de 2018,Anna Karina,7.0,7.0,0.0204258622318703,0.025477707006369428,0.5051844774499128,-4.1643835328740835
2018,CE,Ibope,6 de outubro de 2018,Saraiva,10.0,8.0,0.0013956166525798,0.012738853503184714,1.1343236850604914,-3.5352443252635055
2018,CE,Ibope,6 de outubro de 2018,Pinheiro,8.0,9.0,0.0118556519638596,0.012738853503184714,0.08832015393251141,-4.581247856391485
2018,CE,Ibope,6 de outubro de 2018,Burns[nota 4],11.0,10.0,0.0,0.012738853503184714,1.2738853503184715,-3.3956826600055265
2018,CE,Ibope,6 de outubro de 2018,Barroso[nota 5],12.0,11.0,0.0,0.006369426751592357,0.6369426751592357,-4.032625335164763
2018,CE,Ibope,6 de outubro de 2018,Mayra,5.0,12.0,0.0568467906295304,0.0,-5.68467906295304,-10.354247073277039
2018,CE,Ibope,6 de outubro de 2018,Saraiva,10.0,13.0,0.0013956166525798,0.0,-0.13956166525798,-4.809129675581978
2018,DF,Ibope,24/09 a 26/09/2018,Leila,2.0,1.0,0.0887837802443576,0.1968503937007874,10.806661345642981,2.36220472440945
2018,DF,Ibope,24/09 a 26/09/2018,Marques,10.0,2.0,0.0237061938182148,0.1732283464566929,14.952215263847812,6.507758642614279
2018,DF,Ibope,24/09 a 26/09/2018,Izalci,3.0,3.0,0.076627010833896,0.1732283464566929,9.660133562279691,1.2156769410461594
2018,DF,Ibope,24/09 a 26/09/2018,Leila,2.0,4.0,0.0887837802443576,0.11811023622047244,2.9326455976114842,-5.511811023622047
2018,DF,Ibope,24/09 a 26/09/2018,Wasny,6.0,5.0,0.0413863864376824,0.10236220472440945,6.097581828672705,-2.3468747925608264
2018,DF,Ibope,24/09 a 26/09/2018,Faraj,5.0,6.0,0.0508799480112677,0.06299212598425197,1.2112177972984264,-7.233238823935105
2018,DF,Ibope,24/09 a 26/09/2018,Marques,10.0,7.0,0.0237061938182148,0.023622047244094488,-0.008414657412031054,-8.452871278645565
2018,DF,Ibope,24/09 a 26/09/2018,Neves,13.0,8.0,0.0139979737452347,0.023622047244094488,0.9624073498859788,-7.482049271347555
2018,DF,Ibope,24/09 a 26/09/2018,Roque,7.0,9.0,0.0384969425872973,0.023622047244094488,-1.4874895343202812,-9.931946155553815
2018,DF,Ibope,24/09 a 26/09/2018,Queiroz,19.0,10.0,0.0,0.015748031496062992,1.574803149606299,-6.869653471627233
2018,DF,Ibope,24/09 a 26/09/2018,Átila,9.0,11.0,0.0257311200163072,0.015748031496062992,-0.9983088520244207,-9.442765473257953
2018,DF,Ibope,24/09 a 26/09/2018,Ribeiro,12.0,12.0,0.0147436795313725,0.015748031496062992,0.10043519646904912,-8.344021424764483
2018,DF,Ibope,24/09 a 26/09/2018,Ferraz,17.0,13.0,0.0,0.015748031496062992,1.574803149606299,-6.869653471627233
2018,DF,Ibope,24/09 a 26/09/2018,Sant'anna,15.0,14.0,0.0032405651800758,0.007874015748031496,0.46334505679556953,-7.9811115644379615
2018,DF,Ibope,24/09 a 26/09/2018,Amábile,14.0,15.0,0.0081780902567816,0.007874015748031496,-0.03040745087501042,-8.474864072108542
2018,DF,Ibope,24/09 a 26/09/2018,Matoso,18.0,16.0,0.0,0.007874015748031496,0.7874015748031495,-7.657055046430381
2018,DF,Ibope,24/09 a 26/09/2018,Ferraz,17.0,17.0,0.0,0.007874015748031496,0.7874015748031495,-7.657055046430381
2018,DF,Ibope,24/09 a 26/09/2018,Ribeiro,12.0,18.0,0.0147436795313725,0.007874015748031496,-0.6869663783341005,-9.131422999567631
2018,DF,Ibope,24/09 a 26/09/2018,Wasny,6.0,19.0,0.0413863864376824,0.0,-4.13863864376824,-12.583095265001774
2018,DF,Ibope,24/09 a 26/09/2018,Robson,16.0,20.0,0.0010095212716893,0.0,-0.10095212716893,-8.545408748402462
2018,ES,Ibope,05/09 a 07/09/2018,Magno Malta (PR),3.0,1.0,0.1704598437071259,0.3609022556390977,19.04424119319718,13.04428506365107
2018,ES,Ibope,05/09 a 07/09/2018,Ricardo Ferraço (PSDB),4.0,2.0,0.1338846118667472,0.3007518796992481,16.68672678325009,10.68677065370398
2018,ES,Ibope,05/09 a 07/09/2018,Fabiano Contarato (REDE),1.0,3.0,0.3114915194496063,0.12030075187969924,-19.119076756990705,-25.119032886536814
2018,ES,Ibope,05/09 a 07/09/2018,Marcos do Val (PPS),2.0,4.0,0.240752318403787,0.06766917293233082,-17.308314547145617,-23.308270676691727
2018,ES,Ibope,05/09 a 07/09/2018,Célia Tavares (PT),6.0,5.0,0.0459679182440587,0.03759398496240601,-0.8373933281652688,-6.83734945771138
2018,ES,Ibope,05/09 a 07/09/2018,Mauro Ribeiro (PCB),11.0,6.0,0.002310874691307,0.03759398496240601,3.528311027109901,-2.4716451024362094
2018,ES,Ibope,05/09 a 07/09/2018,Subtenente Assis (PSL),5.0,7.0,0.0689232946876931,0.03007518796992481,-3.8848106717768296,-9.884766801322943
2018,ES,Ibope,05/09 a 07/09/2018,Rogerio Bernardo (PMB),10.0,8.0,0.0026577708076321,0.015037593984962405,1.2379823177330305,-4.761973811813078
2018,ES,Ibope,05/09 a 07/09/2018,Helder Carnielli (PTB),9.0,9.0,0.0063701727341883,0.015037593984962405,0.8667421250774104,-5.133214004468698
2018,ES,Ibope,05/09 a 07/09/2018,Ulisses Pincelli (NOVO),7.0,10.0,0.0103508335545586,0.007518796992481203,-0.2832036562077398,-6.283159785753853
2018,ES,Ibope,05/09 a 07/09/2018,Liu Katrine (PSOL),8.0,11.0,0.0068308418532952,0.007518796992481203,0.06879551391860027,-5.931160615627508
2018,GO,Ibope,18/09 a 20/09/2018,Marconi Perillo PSDB,5.0,1.0,0.0753756543148049,0.23770491803278687,16.232926371798197,21.459617882633477
2018,GO,Ibope,18/09 a 20/09/2018,Jorge Kajuru PRP,2.0,2.0,0.2817751118296643,0.22950819672131148,-5.226691510835282,0.0
2018,GO,Ibope,18/09 a 20/09/2018,Vanderlan Cardoso PP,1.0,3.0,0.3129343553900053,0.22950819672131148,-8.342615866869382,-3.1159243560340997
2018,GO,Ibope,18/09 a 20/09/2018,Lúcia Vânia PSB,4.0,4.0,0.0940250284232976,0.21311475409836064,11.908972567506304,17.135664078341588
2018,GO,Ibope,18/09 a 20/09/2018,Wilder Morais DEM,3.0,5.0,0.1440862172155083,0.04918032786885246,-9.490588934665583,-4.263897423830301
2018,GO,Ibope,18/09 a 20/09/2018,Magda Borges PCB,10.0,6.0,0.0037312136657622,0.02459016393442623,2.085895026866403,7.312586537701687
2018,GO,Ibope,18/09 a 20/09/2018,Luis Cesar Bueno PT,8.0,7.0,0.0184078394023979,0.01639344262295082,-0.2014396779447078,5.025251832890575
2018,MA,Data Ilha,06/10,Weverton Rocha,2.0,1.0,0.175091457764982,0.3104072398190045,13.531578205402248,3.9819004524886847
2018,MA,Data Ilha,06/10,Eliziane Gama,3.0,2.0,0.1349856477885077,0.27058823529411763,13.560258750560994,4.010580997647431
2018,MA,Data Ilha,06/10,Sarney Filho,4.0,3.0,0.0659969435478512,0.15294117647058822,8.694423292273703,-0.8552544606398591
2018,MA,Data Ilha,06/10,Edison Lobão,5.0,4.0,0.0484989566092139,0.13846153846153847,8.996258185232458,-0.5534195676811073
2018,MA,Data Ilha,06/10,Zé Reinaldo,7.0,5.0,0.0192167810688606,0.05429864253393665,3.5081861465076054,-6.041491606405957
2018,MA,Data Ilha,06/10,Alexandre Almeida,8.0,6.0,0.0168300345073693,0.044343891402714934,2.7513856895345636,-6.798292063379
2018,MA,Data Ilha,06/10,Samoel de Itapecuru,6.0,7.0,0.0223508980278572,0.013574660633484163,-0.8776237394373037,-10.427301492350866
2018,MA,Data Ilha,06/10,Saulo Arcangeli,11.0,8.0,0.0031938995781731,0.005429864253393665,0.22359646752205647,-9.32608128539151
2018,MA,Data Ilha,06/10,Preta Lu,10.0,9.0,0.0041555932951601,0.004524886877828055,0.03692935826679544,-9.51274839464677
2018,MA,Data Ilha,06/10,Saulo Pinto,9.0,10.0,0.0076349943259106,0.0036199095022624436,-0.4015084823648156,-9.951186235278382
2018,MA,Data Ilha,06/10,Iêgo Brunno,12.0,11.0,0.0020447934861138,0.0018099547511312218,-0.023483873498257805,-9.573161626411824
2018,MA,Data M,04/10,Weverton Rocha,2.0,1.0,0.175091457764982,0.2719759579263712,9.688450016138919,1.202103681442529
2018,MA,Data M,04/10,Eliziane Gama,3.0,2.0,0.1349856477885077,0.2599549211119459,12.496927332343821,4.010580997647431
2018,MA,Data M,04/10,Edison Lobão,5.0,3.0,0.0484989566092139,0.17129977460555973,12.280081799634583,3.793735464938191
2018,MA,Data M,04/10,Sarney Filho,4.0,4.0,0.0659969435478512,0.15702479338842976,9.102784984057855,0.6164386493614664
2018,MA,Data M,04/10,Zé Reinaldo,7.0,5.0,0.0192167810688606,0.0540946656649136,3.4877884596053,-4.998557875091089
2018,MA,Data M,04/10,Alexandre Almeida,8.0,6.0,0.0168300345073693,0.049586776859504134,3.2756742352134833,-5.210672099482908
2018,MA,Data M,04/10,Preta Lu,10.0,7.0,0.0041555932951601,0.012772351615326822,0.8616758320166722,-7.624670502679717
2018,MA,Data M,04/10,Samoel de Itapecuru,6.0,8.0,0.0223508980278572,0.011269722013523668,-1.1081176014333534,-9.594463936129744
2018,MA,Data M,04/10,Saulo Arcangeli,11.0,9.0,0.0031938995781731,0.0067618332081142,0.35679336299411,-8.129552971702282
2018,MA,Data M,04/10,Iêgo Brunno,12.0,10.0,0.0020447934861138,0.004507888805409466,0.24630953192956664,-8.240036802766824
2018,MA,Data M,04/10,Saulo Pinto,9.0,11.0,0.0076349943259106,0.0007513148009015778,-0.6883679525009022,-9.174714287197293
2018,MA,Exata,06/10,Weverton Rocha,2.0,1.0,0.175091457764982,0.25,7.4908542235018,2.0833333333333344
2018,MA,Exata,06/10,Eliziane Gama,3.0,2.0,0.1349856477885077,0.22916666666666666,9.418101887815897,4.010580997647431
2018,MA,Exata,06/10,Edison Lobão,5.0,3.0,0.0484989566092139,0.16666666666666666,11.816771005745276,6.409250115576809
2018,MA,Exata,06/10,Sarney Filho,4.0,4.0,0.0659969435478512,0.14583333333333334,7.983638978548215,2.576118088379749
2018,MA,Exata,06/10,Zé Reinaldo,7.0,5.0,0.0192167810688606,0.09722222222222222,7.800544115336162,2.3930232251676973
2018,MA,Exata,06/10,Alexandre Almeida,8.0,6.0,0.0168300345073693,0.06944444444444445,5.261440993707515,-0.14607989646095199
2018,MA,Exata,06/10,Samoel de Itapecuru,6.0,7.0,0.0223508980278572,0.013888888888888888,-0.8462009138968312,-6.253721804065295
2018,MA,Exata,06/10,Preta Lu,10.0,8.0,0.0041555932951601,0.013888888888888888,0.9733295593728788,-4.434191330795585
2018,MA,Exata,06/10,Saulo Pinto,9.0,9.0,0.0076349943259106,0.006944444444444444,-0.06905498814661556,-5.4765758783150815
2018,MA,Exata,06/10,Saulo Arcangeli,11.0,10.0,0.0031938995781731,0.006944444444444444,0.37505448662713436,-5.032466403541331
2018,MA,Exata,06/10,Iêgo Brunno,12.0,11.0,0.0020447934861138,0.0,-0.20447934861137998,-5.612000238779846
2018,MA,IBOPE,04/10,Weverton Rocha,2.0,1.0,0.175091457764982,0.24305555555555555,6.796409779057355,0.6944444444444448
2018,MA,IBOPE,04/10,Eliziane Gama,3.0,2.0,0.1349856477885077,0.2361111111111111,10.112546332260342,4.010580997647431
2018,MA,IBOPE,04/10,Sarney Filho,4.0,3.0,0.0659969435478512,0.1736111111111111,10.76141675632599,4.659451421713081
2018,MA,IBOPE,04/10,Edison Lobão,5.0,4.0,0.0484989566092139,0.1597222222222222,11.12232656130083,5.020361226687919
2018,MA,IBOPE,04/10,Zé Reinaldo,7.0,5.0,0.0192167810688606,0.06944444444444445,5.022766337558385,-1.0791989970545242
2018,MA,IBOPE,04/10,Alexandre Almeida,8.0,6.0,0.0168300345073693,0.034722222222222224,1.7892187714852923,-4.31274656312762
2018,MA,IBOPE,04/10,Saulo Pinto,9.0,7.0,0.0076349943259106,0.027777777777777776,2.0142783451867174,-4.087686989426192
2018,MA,IBOPE,04/10,Samoel de Itapecuru,6.0,8.0,0.0223508980278572,0.020833333333333332,-0.1517564694523868,-6.253721804065295
2018,MA,IBOPE,04/10,Saulo Arcangeli,11.0,9.0,0.0031938995781731,0.013888888888888888,1.0694989310715788,-5.032466403541331
2018,MA,IBOPE,04/10,Preta Lu,10.0,10.0,0.0041555932951601,0.013888888888888888,0.9733295593728788,-5.128635775240031
2018,MA,IBOPE,04/10,Iêgo Brunno,12.0,11.0,0.0020447934861138,0.006944444444444444,0.4899650958330644,-5.612000238779846
2018,MA,RealTime Big Data,03/10,Edison Lobão,5.0,1.0,0.0484989566092139,0.21311475409836064,16.461579748914673,14.29859437787189
2018,MA,RealTime Big Data,03/10,Eliziane Gama,3.0,2.0,0.1349856477885077,0.19672131147540983,6.1735663686902145,4.010580997647431
2018,MA,RealTime Big Data,03/10,Weverton Rocha,2.0,3.0,0.175091457764982,0.18032786885245902,0.5236411087477022,-1.6393442622950811
2018,MA,RealTime Big Data,03/10,Sarney Filho,4.0,4.0,0.0659969435478512,0.16393442622950818,9.793748268165698,7.630762897122916
2018,MA,RealTime Big Data,03/10,Zé Reinaldo,7.0,5.0,0.0192167810688606,0.11475409836065574,9.553731729179514,7.390746358136731
2018,MA,RealTime Big Data,03/10,Alexandre Almeida,8.0,6.0,0.0168300345073693,0.05737704918032787,4.054701467295857,1.8917160962530737
2018,MA,RealTime Big Data,03/10,Samoel de Itapecuru,6.0,7.0,0.0223508980278572,0.02459016393442623,0.2239265906569029,-1.9390587803858796
2018,MA,RealTime Big Data,03/10,Saulo Pinto,9.0,8.0,0.0076349943259106,0.01639344262295082,0.8758448297040221,-1.2871405413387613
2018,MA,RealTime Big Data,03/10,Saulo Arcangeli,11.0,9.0,0.0031938995781731,0.01639344262295082,1.3199543044777722,-0.8430310665650111
2018,MA,RealTime Big Data,03/10,Preta Lu,10.0,10.0,0.0041555932951601,0.01639344262295082,1.223784932779072,-0.9392004382637111
2018,MA,RealTime Big Data,03/10,Iêgo Brunno,12.0,11.0,0.0020447934861138,0.0,-0.20447934861137998,-2.3674647196541656
2018,MG,Datafolha,28/09,Dilma Rousseff (PT),5.0,1.0,0.0811264630927898,0.23333333333333334,15.220687024054353,11.884516804450017
2018,MG,Datafolha,28/09,Rodrigo Pacheco (DEM),2.0,2.0,0.1083049644706233,0.14166666666666666,3.336170219604337,0.0
2018,MG,Datafolha,28/09,Carlos Viana (PHS),3.0,3.0,0.1068614628301771,0.11666666666666667,0.9805203836489571,-2.35564983595538
2018,MG,Datafolha,28/09,Fábio Cherem (PDT),8.0,4.0,0.0269447251402911,0.09166666666666666,6.472194152637556,3.1360239330332185
2018,MG,Datafolha,28/09,Dinis Pinheiro (SD),4.0,5.0,0.0973546124108561,0.08333333333333333,-1.4021279077522777,-4.7382981273566145
2018,MG,Datafolha,28/09,Rodrigo Paiva (NOVO),6.0,6.0,0.0402047516914266,0.06666666666666667,2.6461914975240064,-0.6899787220803297
2018,MG,Datafolha,28/09,Coronel Lacerda (PPL),10.0,7.0,0.009198841916777,0.05,4.0801158083223,0.7439455887179633
2018,MG,Datafolha,28/09,Miguel Corrêa (PT),7.0,8.0,0.0384170986102127,0.041666666666666664,0.32495680564539675,-3.0112134139589406
2018,MG,Datafolha,28/09,Bispo Damasceno (PPL),13.0,9.0,0.0016807514329462,0.041666666666666664,3.9985915233720464,0.6624213037677098
2018,MG,Datafolha,28/09,Tulio Lopes (PCB),11.0,10.0,0.0027598292472249,0.03333333333333333,3.0573504086108434,-0.27881981099349495
2018,MG,Datafolha,28/09,Duda Salabert (PSOL),9.0,11.0,0.0105366696309665,0.03333333333333333,2.2796663702366833,-1.0565038493676546
2018,MG,Datafolha,28/09,Vanessa Portugal (PSTU),14.0,12.0,0.0015952001698927,0.025,2.3404799830107303,-0.9956902365936067
2018,MG,Datafolha,28/09,Ana Alves (PCO),16.0,13.0,0.000768823478788,0.025,2.4231176521212,-0.9130525674831365
2018,MG,Datafolha,28/09,Kaka Menezes (REDE),12.0,14.0,0.002598308941691,0.016666666666666666,1.4068357724975666,-1.9293344471067702
2018,MG,IBOPE,27/09,Dilma Rousseff (PT),5.0,1.0,0.0811264630927898,0.22413793103448276,14.301146794169295,12.200608758473004
2018,MG,IBOPE,27/09,Carlos Viana (PHS),3.0,2.0,0.1068614628301771,0.12931034482758622,2.244888199740912,0.1443501640446196
2018,MG,IBOPE,27/09,Dinis Pinheiro (SD),4.0,3.0,0.0973546124108561,0.12931034482758622,3.195573241673011,1.0950352059767188
2018,MG,IBOPE,27/09,Rodrigo Pacheco (DEM),2.0,4.0,0.1083049644706233,0.1206896551724138,1.2384690701790504,-0.8620689655172418
2018,MG,IBOPE,27/09,Fábio Cherem (PDT),8.0,5.0,0.0269447251402911,0.07758620689655173,5.0641481756260625,2.963610139929769
2018,MG,IBOPE,27/09,Rodrigo Paiva (NOVO),6.0,6.0,0.0402047516914266,0.0603448275862069,2.01400758947803,-0.08653044621826034
2018,MG,IBOPE,27/09,Coronel Lacerda (PPL),10.0,7.0,0.009198841916777,0.05172413793103448,4.252529601425748,2.151991565729455
2018,MG,IBOPE,27/09,Bispo Damasceno (PPL),13.0,8.0,0.0016807514329462,0.05172413793103448,5.004338649808828,2.9038006141125354
2018,MG,IBOPE,27/09,Miguel Corrêa (PT),7.0,9.0,0.0384170986102127,0.04310344827586207,0.4686349665649375,-1.6319030691313552
2018,MG,IBOPE,27/09,Tulio Lopes (PCB),11.0,10.0,0.0027598292472249,0.02586206896551724,2.310223971829234,0.2096859361329404
2018,MG,IBOPE,27/09,Vanessa Portugal (PSTU),14.0,11.0,0.0015952001698927,0.02586206896551724,2.426686879562454,0.32614884386616083
2018,MG,IBOPE,27/09,Duda Salabert (PSOL),9.0,12.0,0.0105366696309665,0.02586206896551724,1.5325399334550742,-0.5679981022412193
2018,MG,IBOPE,27/09,Ana Alves (PCO),16.0,13.0,0.000768823478788,0.017241379310344827,1.6472555831556828,-0.45328245254060917
2018,MG,IBOPE,27/09,Kaka Menezes (REDE),12.0,14.0,0.002598308941691,0.017241379310344827,1.4643070368653828,-0.636230998830909
2018,MS,DATAmax,1º de outubro de 2018,Nelsinho Trad (PTB),2.0,1.0,0.1006031420319422,0.24976258309591645,14.915944106397424,1.8043684710351393
2018,MS,DATAmax,1º de outubro de 2018,Zeca do PT (PT),6.0,2.0,0.0697578535972055,0.23171889838556506,16.196104478835956,3.08452884347367
2018,MS,DATAmax,1º de outubro de 2018,Waldemir Moka (MDB — Inc.),4.0,3.0,0.0847902643268472,0.17094017094017094,8.614990661332374,-4.496584974029911
2018,MS,DATAmax,1º de outubro de 2018,Delcídio Amaral (PTC)[R],8.0,4.0,0.026077323164331,0.15289648622981958,12.681916306548857,-0.42965932881342805
2018,MS,DATAmax,1º de outubro de 2018,Soraya Thronicke (PSL),3.0,5.0,0.0886534572433384,0.11396011396011396,2.5306656716775566,-10.580909963684729
2018,MS,DATAmax,1º de outubro de 2018,Marcelo Miglioli (PSDB),5.0,6.0,0.0825209794979154,0.08072174738841406,-0.17992321095013364,-13.291498846312418
2018,MS,IPR,25 de agosto de 2018,Nelsinho Trad (PTB),2.0,1.0,0.1006031420319422,0.3559152344401802,25.5312092408238,1.6519272484565306
2018,MS,IPR,25 de agosto de 2018,Zeca do PT (PT),6.0,2.0,0.0697578535972055,0.3393959619556149,26.96381083584094,3.08452884347367
2018,MS,IPR,25 de agosto de 2018,Waldemir Moka (MDB — Inc.),4.0,3.0,0.0847902643268472,0.19189053896212246,10.710027463527526,-13.169254528839742
2018,MS,IPR,25 de agosto de 2018,Marcelo Miglioli (PSDB),5.0,4.0,0.0825209794979154,0.06407475387952612,-1.844622561838928,-25.7239045542062
2018,MS,IPR,25 de agosto de 2018,Soraya Thronicke (PSL),3.0,5.0,0.0886534572433384,0.048723510762556314,-3.9929946480782084,-27.872276640445474
2018,MS,Ibope,5 de outubro de 2018,Nelsinho Trad (PTB),2.0,1.0,0.1006031420319422,0.29770992366412213,19.71067816321799,7.6335877862595405
2018,MS,Ibope,5 de outubro de 2018,Zeca do PT (PT),6.0,2.0,0.0697578535972055,0.22137404580152673,15.16161922043212,3.08452884347367
2018,MS,Ibope,5 de outubro de 2018,Waldemir Moka (MDB — Inc.),4.0,3.0,0.0847902643268472,0.183206106870229,9.84158425433818,-2.2355061226202717
2018,MS,Ibope,5 de outubro de 2018,Delcídio Amaral (PTC)[R],8.0,4.0,0.026077323164331,0.12213740458015267,9.606008141582167,-2.4710822353762865
2018,MS,Ibope,5 de outubro de 2018,Soraya Thronicke (PSL),3.0,5.0,0.0886534572433384,0.0916030534351145,0.29495961917761077,-11.782130757780841
2018,MS,Ibope,5 de outubro de 2018,Marcelo Miglioli (PSDB),5.0,6.0,0.0825209794979154,0.08396946564885496,0.14484861509395652,-11.932241761864496
2018,MS,Ibrape,4 de outubro de 2018,Nelsinho Trad (PTB),2.0,1.0,0.1006031420319422,0.2204724409448819,11.986929891293968,1.574803149606299
2018,MS,Ibrape,4 de outubro de 2018,Zeca do PT (PT),6.0,2.0,0.0697578535972055,0.2047244094488189,13.496655585161339,3.08452884347367
2018,MS,Ibrape,4 de outubro de 2018,Waldemir Moka (MDB — Inc.),4.0,3.0,0.0847902643268472,0.1968503937007874,11.206012937394021,0.7938861957063517
2018,MS,Ibrape,4 de outubro de 2018,Delcídio Amaral (PTC)[R],8.0,4.0,0.026077323164331,0.14173228346456693,11.565496030023592,1.1533692883359237
2018,MS,Ibrape,4 de outubro de 2018,Soraya Thronicke (PSL),3.0,5.0,0.0886534572433384,0.12598425196850394,3.733079472516554,-6.679047269171115
2018,MS,Ibrape,4 de outubro de 2018,Marcelo Miglioli (PSDB),5.0,6.0,0.0825209794979154,0.11023622047244094,2.771524097452555,-7.640602644235114
2018,MS,Ipems,3 de outubro de 2018,Nelsinho Trad (PTB),2.0,1.0,0.1006031420319422,0.27300884955752214,17.240570752557993,5.26548672566372
2018,MS,Ipems,3 de outubro de 2018,Zeca do PT (PT),6.0,2.0,0.0697578535972055,0.22035398230088493,15.059612870367944,3.08452884347367
2018,MS,Ipems,3 de outubro de 2018,Waldemir Moka (MDB — Inc.),4.0,3.0,0.0847902643268472,0.1666371681415929,8.18469038147457,-3.790393645419703
2018,MS,Ipems,3 de outubro de 2018,Delcídio Amaral (PTC)[R],8.0,4.0,0.026077323164331,0.1511504424778761,12.50731193135451,0.5322279044602363
2018,MS,Ipems,3 de outubro de 2018,Soraya Thronicke (PSL),3.0,5.0,0.0886534572433384,0.09460176991150442,0.594831266816602,-11.38025276007767
2018,MS,Ipems,3 de outubro de 2018,Marcelo Miglioli (PSDB),5.0,6.0,0.0825209794979154,0.09424778761061947,1.1726808112704075,-10.802403215623865
2018,MS,Ranking,6 de outubro de 2018,Nelsinho Trad (PTB),2.0,1.0,0.1006031420319422,0.2708743749052887,17.02712328733465,9.34990150022731
2018,MS,Ranking,6 de outubro de 2018,Waldemir Moka (MDB — Inc.),4.0,2.0,0.0847902643268472,0.17737535990301562,9.258509557616842,1.5812877705094999
2018,MS,Ranking,6 de outubro de 2018,Zeca do PT (PT),6.0,3.0,0.0697578535972055,0.1572207910289438,8.74629374317383,1.0690719560664874
2018,MS,Ranking,6 de outubro de 2018,Delcídio Amaral (PTC)[R],8.0,4.0,0.026077323164331,0.14456735869071072,11.84900355263797,4.17178176553063
2018,MS,Ranking,6 de outubro de 2018,Soraya Thronicke (PSL),3.0,5.0,0.0886534572433384,0.1357023791483558,4.704892190501742,-2.9723295966056
2018,MS,Ranking,6 de outubro de 2018,Marcelo Miglioli (PSDB),5.0,6.0,0.0825209794979154,0.11425973632368541,3.1738756825770014,-4.50334610453034
2018,MS,Real Time Big Data,4 de outubro de 2018,Nelsinho Trad (PTB),2.0,1.0,0.1006031420319422,0.2558139534883721,15.52108114564299,3.10077519379845
2018,MS,Real Time Big Data,4 de outubro de 2018,Zeca do PT (PT),6.0,2.0,0.0697578535972055,0.2248062015503876,15.504834795318212,3.08452884347367
2018,MS,Real Time Big Data,4 de outubro de 2018,Waldemir Moka (MDB — Inc.),4.0,3.0,0.0847902643268472,0.1937984496124031,10.900818528555591,-1.51948742328895
2018,MS,Real Time Big Data,4 de outubro de 2018,Marcelo Miglioli (PSDB),5.0,4.0,0.0825209794979154,0.12403100775193798,4.151002825402259,-8.269303126442281
2018,MS,Real Time Big Data,4 de outubro de 2018,Delcídio Amaral (PTC)[R],8.0,5.0,0.026077323164331,0.10077519379844961,7.469787063411862,-4.950518888432679
2018,MS,Real Time Big Data,4 de outubro de 2018,Soraya Thronicke (PSL),3.0,6.0,0.0886534572433384,0.10077519379844961,1.2121736555111216,-11.208132296333417
2018,MT,Ibope,17/09 a 19/09/2018,Jayme Campos DEM,2.0,1.0,0.1998327868158146,0.27586206896551724,7.602928214970264,13.793103448275861
2018,MT,Ibope,17/09 a 19/09/2018,Nilson Leitão PSDB,8.0,2.0,0.0134564667438795,0.13793103448275862,12.447456773887913,18.63763200719351
2018,MT,Ibope,17/09 a 19/09/2018,Procurador Mauro PSOL,5.0,3.0,0.0920580660610177,0.1206896551724138,2.86315891113961,9.053334144445207
2018,MT,Ibope,17/09 a 19/09/2018,Carlos Fávaro PSD,3.0,4.0,0.1771384635934626,0.11206896551724138,-6.506949807622123,-0.3167745743165251
2018,MT,Ibope,17/09 a 19/09/2018,Selma Arruda PSL,1.0,5.0,0.2763301715136499,0.10344827586206896,-17.288189565158095,-11.098014331852497
2018,MT,Ibope,17/09 a 19/09/2018,Professora Maria Lúcia PCdoB,6.0,6.0,0.070150939830946,0.07758620689655173,0.7435267065605724,6.933701939866169
2018,MT,Ibope,17/09 a 19/09/2018,Adilton Sachetti PRB,4.0,7.0,0.1356446707618828,0.07758620689655173,-5.805846386533108,0.38432884677248946
2018,MT,Ibope,17/09 a 19/09/2018,Dr. Waldir Caldas NOVO,7.0,8.0,0.029115293205427,0.034482758620689655,0.5367465415262656,6.726921774831862
2018,MT,Ibope,17/09 a 19/09/2018,Gilberto Lopes Filho PSOL,10.0,9.0,0.0024756184770161,0.034482758620689655,3.2007140143673554,9.390889247672952
2018,MT,Ibope,17/09 a 19/09/2018,Carlos Fávaro PSD,3.0,10.0,0.1771384635934626,0.017241379310344827,-15.989708428311777,-9.79953319500618
2018,MT,Ibope,17/09 a 19/09/2018,Aladir Leite PPL,9.0,11.0,0.0037975229969033,0.008620689655172414,0.4823166658269113,6.672491899132508
2018,PA,DOXA,DOXA (6 de outubro),Jader Barbalho (MDB),1.0,1.0,0.1974104845876211,0.18626155878467635,-1.1148925802944742,1.06974138955635
2018,PA,DOXA,DOXA (6 de outubro),Flexa Ribeiro (PSDB),3.0,2.0,0.1624568643621891,0.17437252311756934,1.1915658755380254,3.3761998453888498
2018,PA,DOXA,DOXA (6 de outubro),Jarbas Vasconcelos (PV),7.0,3.0,0.0628772428355346,0.11756935270805813,5.469210987252353,7.653844957103178
2018,PA,DOXA,DOXA (6 de outubro),Zequinha Marinho (PSC),2.0,4.0,0.1962188628160776,0.11624834874504623,-7.997051407103135,-5.812417437252311
2018,PA,DOXA,DOXA (6 de outubro),Ursula Vidal (PSOL),6.0,5.0,0.0835339705679412,0.10568031704095111,2.214634647300992,4.399268617151817
2018,PA,DOXA,DOXA (6 de outubro),Sidney Rosa (PSB),5.0,6.0,0.0916619727234208,0.07397622192866578,-1.7685750794755026,0.4160588903753233
2018,PA,DOXA,DOXA (6 de outubro),Zé Geraldo (PT),4.0,7.0,0.1151454841744779,0.0726552179656539,-4.2490266208823995,-2.064392651031575
2018,PA,DOXA,DOXA (6 de outubro),Gerson Durão (PCdoB),9.0,8.0,0.0179924897859461,0.04491413474240422,2.6921644956458124,4.876798465496636
2018,PA,DOXA,DOXA (6 de outubro),Coronel Osmar (PDT),8.0,9.0,0.0462850156630476,0.043593130779392336,-0.26918848836552656,1.915445481485298
2018,PA,DOXA,DOXA (6 de outubro),Elléri Bogo (PRP),10.0,10.0,0.0178276606666488,0.02906208718626156,1.1234426519612757,3.3080766218120967
2018,PA,DOXA,DOXA (6 de outubro),Benedita do Amaral (PSTU),11.0,11.0,0.005449065162017,0.021136063408190225,1.5686998246173225,3.7533337944681495
2018,PA,DOXA,DOXA (6 de outubro),Xaropinho do Povo (PPL),12.0,12.0,0.0031390314355531,0.01453104359313078,1.139201215757768,3.323835185608594
2018,PA,DOXA,DOXA (6 de outubro),Mário Couto (PP),16.0,13.0,2.854183883936325e-07,0.0,-2.8541838839363253e-05,2.1846054280119844
2018,PA,DOXA,DOXA (6 de outubro),Anivaldo Vale (PR),13.0,14.0,4.2812758259044875e-07,0.0,-4.281275825904488e-05,2.184591157092566
2018,PA,DOXA,DOXA (6 de outubro),Ibanês Taveira (PTC),15.0,15.0,4.2812758259044875e-07,0.0,-4.281275825904488e-05,2.184591157092566
2018,PA,DOXA,DOXA (6 de outubro),Francisco Alves (PRB),14.0,16.0,4.2812758259044875e-07,0.0,-4.281275825904488e-05,2.184591157092566
2018,PA,DOXA,DOXA (6 de outubro),Prado Sá (PSB),17.0,17.0,1.4270919419681628e-07,0.0,-1.4270919419681628e-05,2.184619698931403
2018,PA,IBOPE,IBOPE (6 de outubro),Jader Barbalho (MDB),1.0,1.0,0.1974104845876211,0.22699386503067484,2.9583380443053753,5.402310215483685
2018,PA,IBOPE,IBOPE (6 de outubro),Zequinha Marinho (PSC),2.0,2.0,0.1962188628160776,0.17177914110429449,-2.4439721711783102,0.0
2018,PA,IBOPE,IBOPE (6 de outubro),Flexa Ribeiro (PSDB),3.0,3.0,0.1624568643621891,0.1656441717791411,0.3187307416952001,2.76270291287351
2018,PA,IBOPE,IBOPE (6 de outubro),Zé Geraldo (PT),4.0,4.0,0.1151454841744779,0.09202453987730061,-2.3120944297177286,0.13187774146058207
2018,PA,IBOPE,IBOPE (6 de outubro),Ursula Vidal (PSOL),6.0,5.0,0.0835339705679412,0.07975460122699386,-0.37793693409473306,2.066035237083579
2018,PA,IBOPE,IBOPE (6 de outubro),Mário Couto (PP),16.0,6.0,2.854183883936325e-07,0.0736196319018405,7.36193464834521,9.805906819523521
2018,PA,IBOPE,IBOPE (6 de outubro),Sidney Rosa (PSB),5.0,7.0,0.0916619727234208,0.049079754601226995,-4.2582218122193805,-1.8142496410410711
2018,PA,IBOPE,IBOPE (6 de outubro),Jarbas Vasconcelos (PV),7.0,8.0,0.0628772428355346,0.04294478527607362,-1.9932457559460979,0.45072641523221435
2018,PA,IBOPE,IBOPE (6 de outubro),Coronel Osmar (PDT),8.0,9.0,0.0462850156630476,0.03067484662576687,-1.561016903728073,0.8829552674502352
2018,PA,IBOPE,IBOPE (6 de outubro),Gerson Durão (PCdoB),9.0,10.0,0.0179924897859461,0.018404907975460124,0.04124181895140237,2.4852139901297132
2018,PA,IBOPE,IBOPE (6 de outubro),Elléri Bogo (PRP),10.0,11.0,0.0178276606666488,0.012269938650306749,-0.5557722016342052,1.8881999695441039
2018,PA,IBOPE,IBOPE (6 de outubro),Francisco Alves (PRB),14.0,12.0,4.2812758259044875e-07,0.012269938650306749,1.2269510522724159,3.6709232234507283
2018,PA,IBOPE,IBOPE (6 de outubro),Benedita do Amaral (PSTU),11.0,13.0,0.005449065162017,0.006134969325153374,0.06859041631363744,2.5125625874919493
2018,PA,IBOPE,IBOPE (6 de outubro),Ibanês Taveira (PTC),15.0,14.0,4.2812758259044875e-07,0.006134969325153374,0.6134541197570784,3.057426290935389
2018,PA,IBOPE,IBOPE (6 de outubro),Xaropinho do Povo (PPL),12.0,15.0,0.0031390314355531,0.006134969325153374,0.2995937889600274,2.743565960138337
2018,PA,IBOPE,IBOPE (6 de outubro),Prado Sá (PSB),17.0,16.0,1.4270919419681628e-07,0.006134969325153374,0.6134826615959177,3.0574548327742264
2018,PA,IBOPE,IBOPE (6 de outubro),Anivaldo Vale (PR),13.0,17.0,4.2812758259044875e-07,0.0,-4.281275825904488e-05,2.4439293584200534
2018,PA,Real Time BigData,Real Time BigData (2 de outubro),Jader Barbalho (MDB),1.0,1.0,0.1974104845876211,0.2684563758389262,7.104589125130508,11.290233796000013
2018,PA,Real Time BigData,Real Time BigData (2 de outubro),Zequinha Marinho (PSC),2.0,2.0,0.1962188628160776,0.15436241610738255,-4.185644670869504,0.0
2018,PA,Real Time BigData,Real Time BigData (2 de outubro),Flexa Ribeiro (PSDB),3.0,3.0,0.1624568643621891,0.14093959731543623,-2.1517267046752857,2.033917966194218
2018,PA,Real Time BigData,Real Time BigData (2 de outubro),Mário Couto (PP),16.0,4.0,2.854183883936325e-07,0.10738255033557047,10.738226491718207,14.923871162587712
2018,PA,Real Time BigData,Real Time BigData (2 de outubro),Zé Geraldo (PT),4.0,5.0,0.1151454841744779,0.08053691275167785,-3.460857142280005,0.7247875285894994
2018,PA,Real Time BigData,Real Time BigData (2 de outubro),Ursula Vidal (PSOL),6.0,6.0,0.0835339705679412,0.0738255033557047,-0.9708467212236491,3.214797949645856
2018,PA,Real Time BigData,Real Time BigData (2 de outubro),Sidney Rosa (PSB),5.0,7.0,0.0916619727234208,0.06040268456375839,-3.1259288159662413,1.0597158549032635
2018,PA,Real Time BigData,Real Time BigData (2 de outubro),Coronel Osmar (PDT),8.0,8.0,0.0462850156630476,0.040268456375838924,-0.6016559287208678,3.5839887421486356
2018,PA,Real Time BigData,Real Time BigData (2 de outubro),Jarbas Vasconcelos (PV),7.0,9.0,0.0628772428355346,0.03355704697986577,-2.932019585566883,1.2536250853026232
2018,PA,Real Time BigData,Real Time BigData (2 de outubro),Gerson Durão (PCdoB),9.0,10.0,0.0179924897859461,0.013422818791946308,-0.4569670993999792,3.7286775714695253
2018,PA,Real Time BigData,Real Time BigData (2 de outubro),Anivaldo Vale (PR),13.0,11.0,4.2812758259044875e-07,0.013422818791946308,1.3422390664363717,5.527883737305878
2018,PA,Real Time BigData,Real Time BigData (2 de outubro),Francisco Alves (PRB),14.0,12.0,4.2812758259044875e-07,0.013422818791946308,1.3422390664363717,5.527883737305878
2018,PA,Real Time BigData,Real Time BigData (2 de outubro),Benedita do Amaral (PSTU),11.0,13.0,0.005449065162017,0.0,-0.5449065162016999,3.6407381546678064
2018,PA,Real Time BigData,Real Time BigData (2 de outubro),Elléri Bogo (PRP),10.0,14.0,0.0178276606666488,0.0,-1.7827660666648801,2.4028786042046217
2018,PA,Real Time BigData,Real Time BigData (2 de outubro),Ibanês Taveira (PTC),15.0,15.0,4.2812758259044875e-07,0.0,-4.281275825904488e-05,4.185601858111246
2018,PA,Real Time BigData,Real Time BigData (2 de outubro),Xaropinho do Povo (PPL),12.0,16.0,0.0031390314355531,0.0,-0.31390314355531,3.871741527314194
2018,PA,Real Time BigData,Real Time BigData (2 de outubro),Prado Sá (PSB),17.0,17.0,1.4270919419681628e-07,0.0,-1.4270919419681628e-05,4.1856303999500835
2018,PB,Ibope,16/09 a 18/09/2018,Cássio Cunha Lima PSDB,3.0,1.0,0.2213518392275288,0.29411764705882354,7.276580783129474,12.891146187129348
2018,PB,Ibope,16/09 a 18/09/2018,Veneziano Vital[nota 4] PSB,1.0,2.0,0.3109621877259188,0.25,-6.096218772591882,-0.481653368592011
2018,PB,Ibope,16/09 a 18/09/2018,Luiz Couto PT,6.0,3.0,0.0291686482491154,0.19117647058823528,16.200782233911987,21.81534763791186
2018,PB,Ibope,16/09 a 18/09/2018,Daniella Ribeiro[nota 5] PP,2.0,4.0,0.3061456540399987,0.14705882352941177,-15.908683051058695,-10.294117647058822
2018,PB,Ibope,16/09 a 18/09/2018,Roberto Paulino MDB,4.0,5.0,0.0968084620809781,0.08823529411764706,-0.8573167963331032,4.757248607666767
2018,PB,Ibope,16/09 a 18/09/2018,Nelson Júnior PSOL,5.0,6.0,0.0302401751547106,0.014705882352941176,-1.5534292801769423,4.06113612382293
2018,PB,Ibope,16/09 a 18/09/2018,Nivaldo Mangueira PSOL,7.0,7.0,0.0053230335217493,0.014705882352941176,0.9382848831191877,6.552850287119064
2018,PE,Ibope,24/09 a 26/09/2018,Humberto Costa PT,1.0,1.0,0.257294900874274,0.2689075630252101,1.1612662150936093,-3.4054017311020894
2018,PE,Ibope,24/09 a 26/09/2018,Jarbas Vasconcelos MDB,2.0,2.0,0.2148375222187153,0.2605042016806723,4.5666679461956985,0.0
2018,PE,Ibope,24/09 a 26/09/2018,Mendonça Filho DEM,3.0,3.0,0.1955646354028558,0.18487394957983194,-1.0690685823023849,-5.635736528498084
2018,PE,Ibope,24/09 a 26/09/2018,Silvio Costa AVANTE,5.0,4.0,0.1021685526235576,0.10084033613445378,-0.132821648910382,-4.6994895951060816
2018,PE,Ibope,24/09 a 26/09/2018,Bruno Araújo PSDB,4.0,5.0,0.1389461384405772,0.07563025210084033,-6.331588633973688,-10.898256580169386
2018,PE,Ibope,24/09 a 26/09/2018,Pastor Jairinho REDE,6.0,6.0,0.0286878562914963,0.04201680672268908,1.3328950431192779,-3.233772903076421
2018,PE,Ibope,24/09 a 26/09/2018,Adriana Rocha REDE,9.0,7.0,0.0138051083450476,0.025210084033613446,1.1404975688565846,-3.4261703773391154
2018,PE,Ibope,24/09 a 26/09/2018,Eugênia Lima PSOL,8.0,8.0,0.0170727122193249,0.01680672268907563,-0.02659895302492693,-4.593266899220627
2018,PE,Ibope,24/09 a 26/09/2018,Hélio Cabral PSTU,11.0,9.0,0.0025174453890328,0.01680672268907563,1.428927730004283,-3.1377402161914176
2018,PE,Ibope,24/09 a 26/09/2018,Lídia Brunes PROS,10.0,10.0,0.0067158403862145,0.008403361344537815,0.16875209583233144,-4.397915850363365
2018,PI,Ibope,03/10 a 05/10/2018,Ciro Nogueira PP,1.0,1.0,0.2992066662823673,0.2727272727272727,-2.64793935550946,2.337684234154672
2018,PI,Ibope,03/10 a 05/10/2018,Wilson Martins PSB,3.0,2.0,0.1899499289101816,0.22077922077922077,3.082929186903918,8.06855277656805
2018,PI,Ibope,03/10 a 05/10/2018,Marcelo Castro MDB,2.0,3.0,0.2706354566758621,0.16883116883116883,-10.180428784469326,-5.194805194805194
2018,PI,Ibope,03/10 a 05/10/2018,Frank Aguiar PRB,5.0,4.0,0.0504039641028904,0.11038961038961038,5.998564628671998,10.984188218336131
2018,PI,Ibope,03/10 a 05/10/2018,Robert Rios DEM,4.0,5.0,0.0827097632794014,0.11038961038961038,2.767984711020899,7.753608300685032
2018,PI,Ibope,03/10 a 05/10/2018,Marcelo Castro MDB,2.0,6.0,0.2706354566758621,0.032467532467532464,-23.81679242083296,-18.83116883116883
2018,PI,Ibope,03/10 a 05/10/2018,Antônio José Lira PSL,8.0,7.0,0.0194379922515929,0.012987012987012988,-0.6450979264579912,4.340525663206137
2018,PI,Ibope,03/10 a 05/10/2018,Paulo Henrique Pinheiro REDE,9.0,8.0,0.0091555422568743,0.012987012987012988,0.38314707301386874,5.368770662677999
2018,PI,Ibope,03/10 a 05/10/2018,Jesus Rodrigues PSOL,6.0,9.0,0.024242511078316,0.012987012987012988,-1.1255498091303013,3.860073780533831
2018,PI,Ibope,03/10 a 05/10/2018,Flávia Barbosa PRP,10.0,10.0,0.0078786911476432,0.012987012987012988,0.5108321839369788,5.496455773601106
2018,PI,Ibope,03/10 a 05/10/2018,Joaquim Saraiva DC,15.0,11.0,0.0019299377934933,0.006493506493506494,0.45635687000131936,5.441980459665448
2018,PI,Ibope,03/10 a 05/10/2018,Quem-Quem AVANTE,11.0,12.0,0.0070223478932789,0.006493506493506494,-0.05288413997724056,4.932739449686892
2018,PI,Ibope,03/10 a 05/10/2018,Genival Oliveira PSC,12.0,13.0,0.0054409451363868,0.006493506493506494,0.10525613571196937,5.090879725376098
2018,PI,Ibope,03/10 a 05/10/2018,Gervásio Santos PSTU,17.0,14.0,0.001435457875409,0.006493506493506494,0.5058048618097494,5.491428451473883
2018,PI,Ibope,03/10 a 05/10/2018,Fausto Ripardo PCB,13.0,15.0,0.0023097943343397,0.006493506493506494,0.41837121591667936,5.403994805580812
2018,PI,Ibope,03/10 a 05/10/2018,Albetiza Araújo PCO,14.0,16.0,0.0022221607639514,0.0,-0.22221607639514,4.763407513268991
2018,PI,Ibope,03/10 a 05/10/2018,Lafayette Andrade DC,16.0,17.0,0.0018792902547138,0.0,-0.18792902547138,4.797694564192753
2018,PR,Ibope,06/10/2018,Roberto Requião,4.0,1.0,0.0753822875687202,0.27956989247311825,20.418760490439805,17.800911910633864
2018,PR,Ibope,06/10/2018,Oriovisto Guimarães,2.0,2.0,0.1458645249546288,0.17204301075268819,2.6178485798059397,0.0
2018,PR,Ibope,06/10/2018,Beto Richa,7.0,3.0,0.0186383717290538,0.15053763440860216,13.189926267954835,10.572077688148894
2018,PR,Ibope,06/10/2018,Flávio Arns,3.0,4.0,0.1150120593627049,0.15053763440860216,3.552557504589726,0.9347089247837865
2018,PR,Ibope,06/10/2018,Alex Canziani,5.0,5.0,0.0643546960980422,0.13978494623655913,7.543025013851692,4.925176434045753
2018,PR,Ibope,06/10/2018,Mirian Gonçalves,6.0,6.0,0.0295924202744872,0.08602150537634409,5.642908510185689,3.025059930379749
2018,PR,Ibope,06/10/2018,Nelton Friedrich,8.0,7.0,0.013280836213148,0.021505376344086023,0.8224540130938023,-1.7953945667121367
2018,PR,Radar,19/09/2018,Roberto Requião,4.0,1.0,0.0753822875687202,0.3522727272727273,27.689043970400707,24.093678284045406
2018,PR,Radar,19/09/2018,Flávio Arns,3.0,2.0,0.1150120593627049,0.18181818181818182,6.680612245547693,3.0852465591923894
2018,PR,Radar,19/09/2018,Beto Richa,7.0,3.0,0.0186383717290538,0.14772727272727273,12.908890099821893,9.31352441346659
2018,PR,Radar,19/09/2018,Alex Canziani,5.0,4.0,0.0643546960980422,0.14772727272727273,8.337257662923053,4.74189197656775
2018,PR,Radar,19/09/2018,Oriovisto Guimarães,2.0,5.0,0.1458645249546288,0.10227272727272728,-4.359179768190151,-7.954545454545454
2018,PR,Radar,19/09/2018,Mirian Gonçalves,6.0,6.0,0.0295924202744872,0.045454545454545456,1.5862125180058255,-2.009153168349476
2018,PR,Radar,19/09/2018,Nelton Friedrich,8.0,7.0,0.013280836213148,0.022727272727272728,0.9446436514124728,-2.650722034942829
2018,RJ,Datafolha,Datafolha (6 de setembro),Cesar Maia,3.0,1.0,0.1662761990484762,0.1810344827586207,1.4758283710144482,2.976467351168613
2018,RJ,Datafolha,Datafolha (6 de setembro),Lindbergh Farias,4.0,2.0,0.1014155701284414,0.15517241379310345,5.375684366466205,6.876323346620369
2018,RJ,Datafolha,Datafolha (6 de setembro),Flávio Bolsonaro,1.0,3.0,0.3129182918291829,0.14655172413793102,-16.63665676912519,-15.136017788971024
2018,RJ,Datafolha,Datafolha (6 de setembro),Chico Alencar,5.0,4.0,0.0915357964367865,0.1206896551724138,2.91538587356273,4.416024853716895
2018,RJ,Datafolha,Datafolha (6 de setembro),Miro Teixeira,7.0,5.0,0.0307811495435257,0.10344827586206896,7.266712631854326,8.76735161200849
2018,RJ,Datafolha,Datafolha (6 de setembro),Pastor Everaldo,8.0,6.0,0.0257660051719457,0.05172413793103448,2.595813275908878,4.096452256063042
2018,RJ,Datafolha,Datafolha (6 de setembro),Arolde de Oliveira,2.0,7.0,0.1701788035946451,0.05172413793103448,-11.845466566361063,-10.344827586206899
2018,RJ,Datafolha,Datafolha (6 de setembro),Cyro Garcia,13.0,8.0,0.0032566113754232,0.04310344827586207,3.9846836900438873,5.485322670198048
2018,RJ,Datafolha,Datafolha (6 de setembro),Mattos Nascimento,11.0,9.0,0.0124275284671324,0.02586206896551724,1.343454049838484,2.8440930299926475
2018,RJ,Datafolha,Datafolha (6 de setembro),Eduardo Lopes,6.0,10.0,0.0362786278627862,0.02586206896551724,-1.0416558897268957,0.4589830904272709
2018,RJ,Datafolha,Datafolha (6 de setembro),José Bonifácio,9.0,11.0,0.0223783092594973,0.02586206896551724,0.348375970601994,1.8490149507561586
2018,RJ,Datafolha,Datafolha (6 de setembro),Aspásia Camargo,10.0,12.0,0.0177780635206377,0.02586206896551724,0.8084005444879541,2.3090395246421185
2018,RJ,Datafolha,Datafolha (6 de setembro),Marta Barçante,12.0,13.0,0.0037670909948137,0.017241379310344827,1.3474288315531127,2.8480678117072777
2018,RJ,Datafolha,Datafolha (6 de setembro),Fernando Fagundes,17.0,14.0,0.0006297772634406,0.008620689655172414,0.7990912391731813,2.299730219327346
2018,RJ,Datafolha,Datafolha (6 de setembro),Samantha Guedes,16.0,15.0,0.0009772405812009,0.008620689655172414,0.7643449073971514,2.264983887551315
2018,RJ,Datafolha,Datafolha (6 de setembro),Gabrielle Burcci,14.0,16.0,0.0019345505979169,0.008620689655172414,0.6686139057255513,2.1692528858797164
2018,RJ,Datafolha,Datafolha (6 de setembro),Walter Cristie,15.0,17.0,0.0017003843241467,0.0,-0.17003843241467,1.3306005477394933
2018,RN,Ibope,18/09 a 20 de setembro de 2018,Styvenson Valentim REDE,1.0,1.0,0.2569235602570383,0.2125984251968504,-4.432513506018787,-1.3709265550973182
2018,RN,Ibope,18/09 a 20 de setembro de 2018,Zenaide Maia PHS,2.0,2.0,0.2274662632100021,0.1968503937007874,-3.061586950921469,0.0
2018,RN,Ibope,18/09 a 20 de setembro de 2018,Garibaldi Alves Filho MDB,4.0,3.0,0.129593573905393,0.16535433070866143,3.5760756803268428,6.637662631248311
2018,RN,Ibope,18/09 a 20 de setembro de 2018,Geraldo Melo PSDB,3.0,4.0,0.1316776866279883,0.15748031496062992,2.580262833264163,5.641849784185631
2018,RN,Ibope,18/09 a 20 de setembro de 2018,Antônio Jácome PODE,5.0,5.0,0.1058932507129043,0.10236220472440945,-0.3531045988494852,2.708482352071984
2018,RN,Ibope,18/09 a 20 de setembro de 2018,Alexandre Motta PT,6.0,6.0,0.0835246927742261,0.03937007874015748,-4.415461403406862,-1.3538744524853943
2018,RN,Ibope,18/09 a 20 de setembro de 2018,Magnólia Figueiredo SD,7.0,7.0,0.0392898308389432,0.031496062992125984,-0.7793767846817213,2.2822101662397465
2018,RN,Ibope,18/09 a 20 de setembro de 2018,Ana Celia PSTU,11.0,8.0,0.0028361157099383,0.015748031496062992,1.2911915786124692,4.352778529533939
2018,RN,Ibope,18/09 a 20 de setembro de 2018,Telma Gurgel PSOL,8.0,9.0,0.0082145044600012,0.015748031496062992,0.7533527036061792,3.8149396545276524
2018,RN,Ibope,18/09 a 20 de setembro de 2018,João Morais PSTU,13.0,10.0,0.0014781698665547,0.015748031496062992,1.4269861629508291,4.488573113872299
2018,RN,Ibope,18/09 a 20 de setembro de 2018,Jurandir Marinho PRTB,15.0,11.0,0.0,0.015748031496062992,1.574803149606299,4.63639010052777
2018,RN,Ibope,18/09 a 20 de setembro de 2018,Levi Costa PRTB,10.0,12.0,0.0050669775267197,0.007874015748031496,0.28070382213117956,3.342290773052653
2018,RN,Ibope,18/09 a 20 de setembro de 2018,João Napoleão REDE,12.0,13.0,0.0024685540115897,0.007874015748031496,0.5405461736441796,3.6021331245656505
2018,RN,Ibope,18/09 a 20 de setembro de 2018,Joanílson Rêgo DC,9.0,14.0,0.0053112148689213,0.007874015748031496,0.2562800879110196,3.3178670388324925
2018,RN,Ibope,18/09 a 20 de setembro de 2018,Laílson Almeida PSOL,14.0,15.0,0.0002556052297794,0.007874015748031496,0.7618410518252096,3.823428002746681
2018,RN,Seta,31/07 a 2 de agosto de 2018,Garibaldi Alves Filho MDB,4.0,1.0,0.129593573905393,0.1953232462173315,6.572967231193849,10.062372094147293
2018,RN,Seta,31/07 a 2 de agosto de 2018,Zenaide Maia PHS,2.0,2.0,0.2274662632100021,0.19257221458046767,-3.4894048629534433,0.0
2018,RN,Seta,31/07 a 2 de agosto de 2018,Styvenson Valentim REDE,1.0,3.0,0.2569235602570383,0.1829436038514443,-7.397995640559399,-3.908590777605955
2018,RN,Seta,31/07 a 2 de agosto de 2018,Geraldo Melo PSDB,3.0,4.0,0.1316776866279883,0.08390646492434663,-4.777122170364166,-1.2877173074107233
2018,RN,Seta,31/07 a 2 de agosto de 2018,Jurandir Marinho PRTB,15.0,5.0,0.0,0.07565337001375516,7.565337001375516,11.05474186432896
2018,RN,Seta,31/07 a 2 de agosto de 2018,Antônio Jácome PODE,5.0,6.0,0.1058932507129043,0.061898211829436035,-4.3995038883468265,-0.910099025393384
2018,RN,Seta,31/07 a 2 de agosto de 2018,Ana Celia PSTU,11.0,7.0,0.0028361157099383,0.04264099037138927,3.980487466145097,7.46989232909854
2018,RN,Seta,31/07 a 2 de agosto de 2018,Telma Gurgel PSOL,8.0,8.0,0.0082145044600012,0.03576341127922971,2.754890681922851,6.244295544876298
2018,RN,Seta,31/07 a 2 de agosto de 2018,João Napoleão REDE,12.0,9.0,0.0024685540115897,0.03163686382393397,2.916830981234427,6.406235844187869
2018,RN,Seta,31/07 a 2 de agosto de 2018,Levi Costa PRTB,10.0,10.0,0.0050669775267197,0.026134800550206325,2.1067823023486625,5.5961871653021085
2018,RN,Seta,31/07 a 2 de agosto de 2018,João Morais PSTU,13.0,11.0,0.0014781698665547,0.024759284731774415,2.3281114865219714,5.817516349475415
2018,RN,Seta,31/07 a 2 de agosto de 2018,Magnólia Figueiredo SD,7.0,12.0,0.0392898308389432,0.02063273727647868,-1.865709356246452,1.6236955067069943
2018,RN,Seta,31/07 a 2 de agosto de 2018,Laílson Almeida PSOL,14.0,13.0,0.0002556052297794,0.016506189821182942,1.6250584591403543,5.114463322093798
2018,RN,Seta,31/07 a 2 de agosto de 2018,Alexandre Motta PT,6.0,14.0,0.0835246927742261,0.0068775790921595595,-7.664711368206653,-4.175306505253213
2018,RN,Seta,31/07 a 2 de agosto de 2018,Joanílson Rêgo DC,9.0,15.0,0.0053112148689213,0.002751031636863824,-0.25601832320574763,3.2333865397476984
2018,RO,Ibope,14/09 a 19/09/2018,Confúcio Moura MDB,2.0,1.0,0.1847413423923242,0.2773109243697479,9.256958197742371,10.92436974789916
2018,RO,Ibope,14/09 a 19/09/2018,Valdir Raupp MDB,9.0,2.0,0.0064453886239732,0.16806722689075632,16.162183826678312,17.8295953768351
2018,RO,Ibope,14/09 a 19/09/2018,Fátima Cleide PT,13.0,3.0,0.0,0.13445378151260504,13.445378151260504,15.112789701417292
2018,RO,Ibope,14/09 a 19/09/2018,Marcos Rogério DEM,1.0,4.0,0.2605895401375209,0.1092436974789916,-15.13458426585293,-13.46717271569614
2018,RO,Ibope,14/09 a 19/09/2018,Carlos Magno PP,5.0,5.0,0.1314090997307003,0.09243697478991597,-3.897212494078434,-2.229800943921645
2018,RO,Ibope,14/09 a 19/09/2018,Jesualdo Pires PSB,4.0,6.0,0.1568971352224409,0.06722689075630252,-8.967024446613838,-7.299612896457049
2018,RO,Ibope,14/09 a 19/09/2018,Edésio Fernandes PRB,7.0,7.0,0.0349167320267727,0.04201680672268908,0.7100074695916379,2.3774190197484284
2018,RO,Ibope,14/09 a 19/09/2018,Aluízio Vidal Flor REDE,6.0,8.0,0.0416355905425931,0.04201680672268908,0.03812161800959765,1.7055331681663866
2018,RO,Ibope,14/09 a 19/09/2018,Jaime Bagattoli PSL,3.0,9.0,0.1700782236165711,0.025210084033613446,-14.486813958295766,-12.819402408138977
2018,RO,Ibope,14/09 a 19/09/2018,João Bosco Costa PPS,11.0,10.0,0.0,0.01680672268907563,1.680672268907563,3.3480838190643514
2018,RO,Ibope,14/09 a 19/09/2018,Fabrício Jurado NOVO,10.0,11.0,0.0027884305394494,0.008403361344537815,0.5614930805088415,2.22890463066563
2018,RO,Ibope,14/09 a 19/09/2018,Ted Wilson PRTB,8.0,12.0,0.0104985171676538,0.008403361344537815,-0.20951558231159848,1.4578959678451913
2018,RO,Ibope,14/09 a 19/09/2018,Josemir Dettoni PMB,16.0,13.0,0.0,0.008403361344537815,0.8403361344537815,2.5077476846105693
2018,RR,Ibope,13/09 a 16 de setembro de 2018,Mecias de Jesus PRB,2.0,1.0,0.2065103272097422,0.18518518518518517,-2.1325142024557016,0.6172839506172839
2018,RR,Ibope,13/09 a 16 de setembro de 2018,Ângela Portela PDT,3.0,2.0,0.1552202122049282,0.17901234567901234,2.3792133474084127,5.129011500481398
2018,RR,Ibope,13/09 a 16 de setembro de 2018,Chico Rodrigues DEM,1.0,3.0,0.2696492764421564,0.17901234567901234,-9.063693076314408,-6.313894923241422
2018,RR,Ibope,13/09 a 16 de setembro de 2018,Romero Jucá MDB,8.0,4.0,0.0205479783440661,0.1728395061728395,15.229152782877339,17.978950935950323
2018,RR,Ibope,13/09 a 16 de setembro de 2018,Luciano Castro PR,4.0,5.0,0.1358261525882131,0.15432098765432098,1.8494835066107884,4.599281659683774
2018,RR,Ibope,13/09 a 16 de setembro de 2018,Pastor Isamar Ramalho PSL,5.0,6.0,0.12586181037027,0.06172839506172839,-6.413341530854161,-3.663543377781174
2018,RR,Ibope,13/09 a 16 de setembro de 2018,Júlio Martins PTB,6.0,7.0,0.0483920130438779,0.018518518518518517,-2.987349452535938,-0.23755129946295206
2018,RR,Ibope,13/09 a 16 de setembro de 2018,Christian Santos PATRI,11.0,8.0,0.0,0.018518518518518517,1.8518518518518516,4.601650004924835
2018,RR,Ibope,13/09 a 16 de setembro de 2018,Telma Taurepang PCB,7.0,9.0,0.0334781577941525,0.012345679012345678,-2.1132478781806823,0.6365502748923042
2018,RR,Ibope,13/09 a 16 de setembro de 2018,Rudson Leite PV,10.0,10.0,0.0,0.012345679012345678,1.2345679012345678,3.9843660543075536
2018,RR,Ibope,13/09 a 16 de setembro de 2018,Lourival PSTU,9.0,11.0,0.0045140720025932,0.006172839506172839,0.16587675035796393,2.915674903430947
2018,RS,Ibope,6 de outubro de 2018,Paulo Paim (PT),2.0,1.0,0.1776406960218324,0.2517985611510791,7.415786512924671,2.8776978417266177
2018,RS,Ibope,6 de outubro de 2018,José Fogaça (MDB),5.0,2.0,0.1388447739677747,0.22302158273381295,8.417680876603825,3.879592205405771
2018,RS,Ibope,6 de outubro de 2018,Beto Albuquerque (PSB),3.0,3.0,0.1623463620575702,0.17266187050359713,1.0315508446026938,-3.50653782659536
2018,RS,Ibope,6 de outubro de 2018,Luiz Carlos Heinze (PP),1.0,4.0,0.2194276965626422,0.12949640287769784,-8.993129368494435,-13.53121803969249
2018,RS,Ibope,6 de outubro de 2018,Carmen Flores (PSL),4.0,5.0,0.1429609526663132,0.09352517985611511,-4.9435772810198095,-9.481665952217863
2018,RS,Ibope,6 de outubro de 2018,Abigail Pereira (PCdoB),6.0,6.0,0.0919145393696502,0.08633093525179857,-0.5583604117851637,-5.0964490829832165
2018,RS,Ibope,6 de outubro de 2018,Sandra Weber (SD),7.0,7.0,0.0249527466436689,0.02877697841726619,0.38242317735972875,-4.155665493838324
2018,RS,Ibope,6 de outubro de 2018,Mario Bernd (PPS),8.0,8.0,0.0221426959000105,0.014388489208633094,-0.7754206691377407,-5.313509340335797
2018,RS,Instituto Methodus,29 de junho de 2018,Ana Varela (PODE),9.0,1.0,0.0096154055651395,0.4056818181818182,39.60664126166787,20.77980177294201
2018,RS,Instituto Methodus,29 de junho de 2018,Paulo Paim (PT),2.0,2.0,0.1776406960218324,0.36590909090909096,18.826839488725856,0.0
2018,RS,Instituto Methodus,29 de junho de 2018,Beto Albuquerque (PSB),3.0,3.0,0.1623463620575702,0.22840909090909092,6.606272885152073,-12.220566603573781
2018,RS,Paraná Pesquisas,12 de junho de 2018,Ana Varela (PODE),9.0,1.0,0.0096154055651395,0.5316606929510155,52.2045287385876,35.6794705032559
2018,RS,Paraná Pesquisas,12 de junho de 2018,Paulo Paim (PT),2.0,2.0,0.1776406960218324,0.3428912783751493,16.52505823533169,0.0
2018,RS,Paraná Pesquisas,12 de junho de 2018,Beto Albuquerque (PSB),3.0,3.0,0.1623463620575702,0.12544802867383512,-3.6898333383735076,-20.2148915737052
2018,SC,Grupo RIC,01/09 a 3 de setembro de 2018,Esperidião Amin PP,2.0,1.0,0.1057055607188982,0.2605042016806723,15.479864096177408,1.6806722689075655
2018,SC,Grupo RIC,01/09 a 3 de setembro de 2018,Raimundo Colombo PSD,5.0,2.0,0.0861328613329241,0.24369747899159663,15.756461765867252,1.95726993859741
2018,SC,Grupo RIC,01/09 a 3 de setembro de 2018,Paulo Bauer PSDB,6.0,3.0,0.0691479162607359,0.20168067226890757,13.253275600817165,-0.5459162264526767
2018,SC,Grupo RIC,01/09 a 3 de setembro de 2018,Roberto Salum PMN,9.0,4.0,0.0212681246260408,0.058823529411764705,3.7555404785723905,-10.043651348697455
2018,SC,Grupo RIC,01/09 a 3 de setembro de 2018,Jorginho Mello PR,3.0,5.0,0.1017131856061716,0.05042016806722689,-5.12930175389447,-18.928493581164314
2018,SC,Grupo RIC,01/09 a 3 de setembro de 2018,Ideli Salvatti PT,7.0,6.0,0.0290070748332163,0.05042016806722689,2.1413093234010594,-11.657882503868784
2018,SC,Grupo RIC,01/09 a 3 de setembro de 2018,Lucas Esmeraldino PSL,4.0,7.0,0.100153118496128,0.03361344537815126,-6.653967311797674,-20.45315913906752
2018,SC,Grupo RIC,01/09 a 3 de setembro de 2018,Antônio Campos PSOL,12.0,8.0,0.0044134509770787,0.025210084033613446,2.0796633056534746,-11.71952852161637
2018,SC,Grupo RIC,01/09 a 3 de setembro de 2018,Pedro Cabral PSOL,11.0,9.0,0.0054766589130311,0.025210084033613446,1.9733425120582344,-11.825849315211611
2018,SC,Grupo RIC,01/09 a 3 de setembro de 2018,Lédio Andrade PT,8.0,10.0,0.0282119104808576,0.025210084033613446,-0.3001826447244154,-14.09937447199426
2018,SC,Grupo RIC,01/09 a 3 de setembro de 2018,Pedro Cabral PSOL,11.0,11.0,0.0054766589130311,0.008403361344537815,0.29267024315067147,-13.506521584119172
2018,SC,Grupo RIC,01/09 a 3 de setembro de 2018,Diego Mezzogiorno REDE,13.0,12.0,0.0033167052624137,0.008403361344537815,0.5086656082124115,-13.290526219057432
2018,SC,Grupo RIC,01/09 a 3 de setembro de 2018,Miriam Prochnow REDE,10.0,13.0,0.0072839917026328,0.008403361344537815,0.11193696419050146,-13.68725486307934
2018,SC,Grupo RIC,01/09 a 3 de setembro de 2018,Ricardo Lautert PSTU,14.0,14.0,0.0011936517899172,0.0,-0.11936517899172,-13.918557006261564
2018,SC,Ibope,14/08 a 16 de agosto de 2018,Raimundo Colombo PSD,5.0,1.0,0.0861328613329241,0.23893805309734514,15.280519176442104,5.497092947446967
2018,SC,Ibope,14/08 a 16 de agosto de 2018,Esperidião Amin PP,2.0,2.0,0.1057055607188982,0.20353982300884957,9.783426228995138,0.0
2018,SC,Ibope,14/08 a 16 de agosto de 2018,Paulo Bauer PSDB,6.0,3.0,0.0691479162607359,0.168141592920354,9.89936766596181,0.11594143696667247
2018,SC,Ibope,14/08 a 16 de agosto de 2018,Jorginho Mello PR,3.0,4.0,0.1017131856061716,0.07079646017699115,-3.0916725429180447,-12.875098771913184
2018,SC,Ibope,14/08 a 16 de agosto de 2018,Ideli Salvatti PT,7.0,5.0,0.0290070748332163,0.061946902654867256,3.293982782165096,-6.489443446830041
2018,SC,Ibope,14/08 a 16 de agosto de 2018,Roberto Salum PMN,9.0,6.0,0.0212681246260408,0.05309734513274336,3.182922050670256,-6.600504178324881
2018,SC,Ibope,14/08 a 16 de agosto de 2018,Antônio Campos PSOL,12.0,7.0,0.0044134509770787,0.04424778761061947,3.983433663354077,-5.799992565641061
2018,SC,Ibope,14/08 a 16 de agosto de 2018,Pedro Cabral PSOL,11.0,8.0,0.0054766589130311,0.04424778761061947,3.8771128697588373,-5.906313359236302
2018,SC,Ibope,14/08 a 16 de agosto de 2018,Pedro Cabral PSOL,11.0,9.0,0.0054766589130311,0.035398230088495575,2.9921571175464474,-6.79126911144869
2018,SC,Ibope,14/08 a 16 de agosto de 2018,Lucas Esmeraldino PSL,4.0,10.0,0.100153118496128,0.02654867256637168,-7.3604445929756315,-17.14387082197077
2018,SC,Ibope,14/08 a 16 de agosto de 2018,Lédio Andrade PT,8.0,11.0,0.0282119104808576,0.017699115044247787,-1.0512795436609812,-10.834705772656118
2018,SC,Ibope,14/08 a 16 de agosto de 2018,Ricardo Lautert PSTU,14.0,12.0,0.0011936517899172,0.017699115044247787,1.6505463254330586,-8.13287990356208
2018,SC,Ibope,14/08 a 16 de agosto de 2018,Diego Mezzogiorno REDE,13.0,13.0,0.0033167052624137,0.008849557522123894,0.5532852259710194,-9.230141003024121
2018,SC,Ibope,14/08 a 16 de agosto de 2018,Miriam Prochnow REDE,10.0,14.0,0.0072839917026328,0.008849557522123894,0.15655658194910935,-9.62686964704603
2018,SC,Instituto Mapa,10/08 a 15 de agosto de 2018,Raimundo Colombo PSD,5.0,1.0,0.0861328613329241,0.25757575757575757,17.14428962428335,2.5633305446580144
2018,SC,Instituto Mapa,10/08 a 15 de agosto de 2018,Esperidião Amin PP,2.0,2.0,0.1057055607188982,0.2515151515151515,14.580959079625334,0.0
2018,SC,Instituto Mapa,10/08 a 15 de agosto de 2018,Paulo Bauer PSDB,6.0,3.0,0.0691479162607359,0.16363636363636364,9.448844737562775,-5.132114342062559
2018,SC,Instituto Mapa,10/08 a 15 de agosto de 2018,Jorginho Mello PR,3.0,4.0,0.1017131856061716,0.0787878787878788,-2.2925306818292803,-16.873489761454614
2018,SC,Instituto Mapa,10/08 a 15 de agosto de 2018,Ideli Salvatti PT,7.0,5.0,0.0290070748332163,0.06212121212121212,3.3114137287995824,-11.269545350825748
2018,SC,Instituto Mapa,10/08 a 15 de agosto de 2018,Roberto Salum PMN,9.0,6.0,0.0212681246260408,0.030303030303030304,0.9034905676989505,-13.677468511926381
2018,SC,Instituto Mapa,10/08 a 15 de agosto de 2018,Pedro Cabral PSOL,11.0,7.0,0.0054766589130311,0.028787878787878786,2.3311219874847686,-12.249837092140565
2018,SC,Instituto Mapa,10/08 a 15 de agosto de 2018,Lédio Andrade PT,8.0,8.0,0.0282119104808576,0.028787878787878786,0.05759683070211859,-14.523362248923213
2018,SC,Instituto Mapa,10/08 a 15 de agosto de 2018,Antônio Campos PSOL,12.0,9.0,0.0044134509770787,0.025757575757575757,2.1344124780497054,-12.446546601575628
2018,SC,Instituto Mapa,10/08 a 15 de agosto de 2018,Lucas Esmeraldino PSL,4.0,10.0,0.100153118496128,0.025757575757575757,-7.439554273855224,-22.02051335348056
2018,SC,Instituto Mapa,10/08 a 15 de agosto de 2018,Pedro Cabral PSOL,11.0,11.0,0.0054766589130311,0.01818181818181818,1.270515926878708,-13.310443152746624
2018,SC,Instituto Mapa,10/08 a 15 de agosto de 2018,Diego Mezzogiorno REDE,13.0,12.0,0.0033167052624137,0.012121212121212121,0.8804506858798421,-13.700508393745492
2018,SC,Instituto Mapa,10/08 a 15 de agosto de 2018,Miriam Prochnow REDE,10.0,13.0,0.0072839917026328,0.010606060606060605,0.3322068903427805,-14.24875218928255
2018,SC,Instituto Mapa,10/08 a 15 de agosto de 2018,Ricardo Lautert PSTU,14.0,14.0,0.0011936517899172,0.006060606060606061,0.4866954270688861,-14.094263652556448
2018,SE,Ibope,04 a 06/10/2018,Valadares,6.0,1.0,0.0479067154463361,0.20714285714285716,15.923614169652106,10.328859536620234
2018,SE,Ibope,04 a 06/10/2018,André,4.0,2.0,0.0687093700289483,0.18571428571428572,11.700491568533742,6.105736935501869
2018,SE,Ibope,04 a 06/10/2018,Alessandro,2.0,3.0,0.129766739383967,0.14285714285714285,1.309040347317586,-4.285714285714287
2018,SE,Ibope,04 a 06/10/2018,Jackson,5.0,4.0,0.0559812897000356,0.12857142857142856,7.259013887139296,1.6642592541074226
2018,SE,Ibope,04 a 06/10/2018,Heleno,7.0,5.0,0.0451398841628721,0.12857142857142856,8.343154440855646,2.7483998078237724
2018,SE,Ibope,04 a 06/10/2018,Rogério,3.0,6.0,0.0821206793560908,0.11428571428571428,3.2165034929623486,-2.3782511400695245
2018,SE,Ibope,04 a 06/10/2018,Sônia,9.0,7.0,0.0171682482861837,0.04285714285714286,2.5688894570959158,-3.025865175935955
2018,SE,Ibope,04 a 06/10/2018,Cadu,10.0,8.0,0.0118197522652131,0.02142857142857143,0.9608819163358328,-4.633872716696038
2018,SE,Ibope,04 a 06/10/2018,Reynaldo,11.0,9.0,0.0074249870356066,0.014285714285714285,0.6860727250107685,-4.908681908021103
2018,SE,Ibope,04 a 06/10/2018,Jossimário,12.0,10.0,0.00318639624875,0.007142857142857143,0.3956460894107143,-5.1991085436211595
2018,SE,Ibope,04 a 06/10/2018,Clarckson,13.0,11.0,0.0008095908065493,0.007142857142857143,0.6333266336307842,-4.961427999401089
2018,SE,Ibope (Votos válidos),04 a 06/10/2018,Valadares,6.0,1.0,0.0479067154463361,0.21052631578947367,16.26196003431376,10.291265551657824
2018,SE,Ibope (Votos válidos),04 a 06/10/2018,André,4.0,2.0,0.0687093700289483,0.18947368421052632,12.076431418157803,6.105736935501869
2018,SE,Ibope (Votos válidos),04 a 06/10/2018,Alessandro,2.0,3.0,0.129766739383967,0.1368421052631579,0.7075365879190915,-5.263157894736842
2018,SE,Ibope (Votos válidos),04 a 06/10/2018,Jackson,5.0,4.0,0.0559812897000356,0.12631578947368421,7.033449977364861,1.0627554947089282
2018,SE,Ibope (Votos válidos),04 a 06/10/2018,Heleno,7.0,5.0,0.0451398841628721,0.12631578947368421,8.117590531081213,2.146896048425278
2018,SE,Ibope (Votos válidos),04 a 06/10/2018,Rogério,3.0,6.0,0.0821206793560908,0.11578947368421053,3.366879432811973,-2.60381504984396
2018,SE,Ibope (Votos válidos),04 a 06/10/2018,Sônia,9.0,7.0,0.0171682482861837,0.042105263157894736,2.4937014871711036,-3.4769929954848298
2018,SE,Ibope (Votos válidos),04 a 06/10/2018,Cadu,10.0,8.0,0.0118197522652131,0.021052631578947368,0.9232879313734267,-5.047406551282505
2018,SE,Ibope (Votos válidos),04 a 06/10/2018,Jossimário,12.0,9.0,0.00318639624875,0.010526315789473684,0.7339919540723684,-5.2367025285835656
2018,SE,Ibope (Votos válidos),04 a 06/10/2018,Reynaldo,11.0,10.0,0.0074249870356066,0.010526315789473684,0.31013287538670836,-5.660561607269225
2018,SE,Ibope (Votos válidos),04 a 06/10/2018,Clarckson,13.0,11.0,0.0008095908065493,0.010526315789473684,0.9716724982924384,-4.999021984363495
2018,TO,Ibope,18/09 a 20/09/2018,Vicentinho Alves PR,4.0,1.0,0.1380807921531525,0.25,11.19192078468475,10.360935979965987
2018,TO,Ibope,18/09 a 20/09/2018,Irajá Abreu PSD,2.0,2.0,0.1681607401881065,0.17647058823529413,0.8309848047187623,0.0
2018,TO,Ibope,18/09 a 20/09/2018,Eduardo Gomes SD,1.0,3.0,0.1948359735561931,0.16911764705882354,-2.5718326497369546,-3.4028174544557173
2018,TO,Ibope,18/09 a 20/09/2018,Paulo Mourão PT,6.0,4.0,0.1079890766711932,0.13970588235294118,3.1716805681747977,2.340695763456036
2018,TO,Ibope,18/09 a 20/09/2018,César Halum PRB,3.0,5.0,0.1445317066014593,0.11764705882352941,-2.6884647777929898,-3.5194495825117524
2018,TO,Ibope,18/09 a 20/09/2018,Ataídes Oliveira PSDB,5.0,6.0,0.1333738133510315,0.11764705882352941,-1.5726754527502078,-2.40366025746897
2018,TO,Ibope,18/09 a 20/09/2018,Antônio Jorge PSL,7.0,7.0,0.0518465870088954,0.022058823529411766,-2.9787763479483633,-3.809761152667125
2018,TO,Ibope,18/09 a 20/09/2018,Melk Aires PSOL,9.0,8.0,0.0096587205019522,0.007352941176470588,-0.2305779325481611,-1.0615627372669252
2018,TO,Ibope,18/09 a 20/09/2018,Farlei Meyer PSL,8.0,9.0,0.051522589968016,0.0,-5.1522589968016,-5.983243801520363
