ano,uf,pagina,url,tabela,linha,periodo_campo,instituto,margem_erro_texto,margem_erro_pp,formato,candidato_rotulo,percentual,valor_original,contexto,fonte_pesquisa,id_rodada,formato_inferido,formato_confirmado,fonte_primaria_confirmada,publicado_em,cand_norm,candidato_pesquisa,candidato_resultado,share_voto_nominal_calculado,eleito_top2_voto_bruto,ranking_voto_bruto
2018,AC,Eleições estaduais no Acre em 2018,https://pt.wikipedia.org/wiki/Elei%C3%A7%C3%B5es_estaduais_no_Acre_em_2018,1.0,1.0,18/08 a 21/08/2018,Ibope,±3%,3.0,duas_mencoes_agregadas,Petecão (PSD),39.0,39%,"Senado Federal | Governo do Estado | Pesquisas de intenção de voto | Candidatos ao Senado Federal | Levando em conta que para o senado o eleitor irá votar duas vezes, as pesquisas possuem um universo de 200% | Senado Federal[editar | editar código]",wikipedia,,,,,,petecao psd,Petecão (PSD),Petecão,0.1535452485756231,True,2.0
2018,AC,Eleições estaduais no Acre em 2018,https://pt.wikipedia.org/wiki/Elei%C3%A7%C3%B5es_estaduais_no_Acre_em_2018,1.0,1.0,18/08 a 21/08/2018,Ibope,±3%,3.0,duas_mencoes_agregadas,Bittar (MDB),34.0,34%,"Senado Federal | Governo do Estado | Pesquisas de intenção de voto | Candidatos ao Senado Federal | Levando em conta que para o senado o eleitor irá votar duas vezes, as pesquisas possuem um universo de 200% | Senado Federal[editar | editar código]",wikipedia,,,,,,bittar mdb,Bittar (MDB),Bittar,0.1164070352707039,False,3.0
2018,AC,Eleições estaduais no Acre em 2018,https://pt.wikipedia.org/wiki/Elei%C3%A7%C3%B5es_estaduais_no_Acre_em_2018,1.0,1.0,18/08 a 21/08/2018,Ibope,±3%,3.0,duas_mencoes_agregadas,Viana (PT),43.0,43%,"Senado Federal | Governo do Estado | Pesquisas de intenção de voto | Candidatos ao Senado Federal | Levando em conta que para o senado o eleitor irá votar duas vezes, as pesquisas possuem um universo de 200% | Senado Federal[editar | editar código]",wikipedia,,,,,,viana pt,Viana (PT),Viana,0.0737191301142646,False,4.0
2018,AC,Eleições estaduais no Acre em 2018,https://pt.wikipedia.org/wiki/Elei%C3%A7%C3%B5es_estaduais_no_Acre_em_2018,1.0,1.0,18/08 a 21/08/2018,Ibope,±3%,3.0,duas_mencoes_agregadas,Amorim (PT),30.0,30%,"Senado Federal | Governo do Estado | Pesquisas de intenção de voto | Candidatos ao Senado Federal | Levando em conta que para o senado o eleitor irá votar duas vezes, as pesquisas possuem um universo de 200% | Senado Federal[editar | editar código]",wikipedia,,,,,,amorim pt,Amorim (PT),Amorim,0.0724881716020324,False,5.0
2018,AC,Eleições estaduais no Acre em 2018,https://pt.wikipedia.org/wiki/Elei%C3%A7%C3%B5es_estaduais_no_Acre_em_2018,1.0,1.0,18/08 a 21/08/2018,Ibope,±3%,3.0,duas_mencoes_agregadas,Kinpara (REDE),10.0,10%,"Senado Federal | Governo do Estado | Pesquisas de intenção de voto | Candidatos ao Senado Federal | Levando em conta que para o senado o eleitor irá votar duas vezes, as pesquisas possuem um universo de 200% | Senado Federal[editar | editar código]",wikipedia,,,,,,kinpara rede,Kinpara (REDE),Kinpara,0.0710703992532478,False,6.0
2018,AC,Eleições estaduais no Acre em 2018,https://pt.wikipedia.org/wiki/Elei%C3%A7%C3%B5es_estaduais_no_Acre_em_2018,1.0,1.0,18/08 a 21/08/2018,Ibope,±3%,3.0,duas_mencoes_agregadas,Pedraza (PSL),2.0,2%,"Senado Federal | Governo do Estado | Pesquisas de intenção de voto | Candidatos ao Senado Federal | Levando em conta que para o senado o eleitor irá votar duas vezes, as pesquisas possuem um universo de 200% | Senado Federal[editar | editar código]",wikipedia,,,,,,pedraza psl,Pedraza (PSL),Pedrazza,0.0127700151841279,False,7.0
2018,AC,Eleições estaduais no Acre em 2018,https://pt.wikipedia.org/wiki/Elei%C3%A7%C3%B5es_estaduais_no_Acre_em_2018,1.0,2.0,17/09 a 19/09/2018,Ibope,±3%,3.0,duas_mencoes_agregadas,Petecão (PSD),52.0,52%,"Senado Federal | Governo do Estado | Pesquisas de intenção de voto | Candidatos ao Senado Federal | Levando em conta que para o senado o eleitor irá votar duas vezes, as pesquisas possuem um universo de 200% | Senado Federal[editar | editar código]",wikipedia,,,,,,petecao psd,Petecão (PSD),Petecão,0.1535452485756231,True,2.0
2018,AC,Eleições estaduais no Acre em 2018,https://pt.wikipedia.org/wiki/Elei%C3%A7%C3%B5es_estaduais_no_Acre_em_2018,1.0,2.0,17/09 a 19/09/2018,Ibope,±3%,3.0,duas_mencoes_agregadas,Bittar (MDB),39.0,39%,"Senado Federal | Governo do Estado | Pesquisas de intenção de voto | Candidatos ao Senado Federal | Levando em conta que para o senado o eleitor irá votar duas vezes, as pesquisas possuem um universo de 200% | Senado Federal[editar | editar código]",wikipedia,,,,,,bittar mdb,Bittar (MDB),Bittar,0.1164070352707039,False,3.0
2018,AC,Eleições estaduais no Acre em 2018,https://pt.wikipedia.org/wiki/Elei%C3%A7%C3%B5es_estaduais_no_Acre_em_2018,1.0,2.0,17/09 a 19/09/2018,Ibope,±3%,3.0,duas_mencoes_agregadas,Viana (PT),35.0,35%,"Senado Federal | Governo do Estado | Pesquisas de intenção de voto | Candidatos ao Senado Federal | Levando em conta que para o senado o eleitor irá votar duas vezes, as pesquisas possuem um universo de 200% | Senado Federal[editar | editar código]",wikipedia,,,,,,viana pt,Viana (PT),Viana,0.0737191301142646,False,4.0
2018,AC,Eleições estaduais no Acre em 2018,https://pt.wikipedia.org/wiki/Elei%C3%A7%C3%B5es_estaduais_no_Acre_em_2018,1.0,2.0,17/09 a 19/09/2018,Ibope,±3%,3.0,duas_mencoes_agregadas,Amorim (PT),30.0,30%,"Senado Federal | Governo do Estado | Pesquisas de intenção de voto | Candidatos ao Senado Federal | Levando em conta que para o senado o eleitor irá votar duas vezes, as pesquisas possuem um universo de 200% | Senado Federal[editar | editar código]",wikipedia,,,,,,amorim pt,Amorim (PT),Amorim,0.0724881716020324,False,5.0
2018,AC,Eleições estaduais no Acre em 2018,https://pt.wikipedia.org/wiki/Elei%C3%A7%C3%B5es_estaduais_no_Acre_em_2018,1.0,2.0,17/09 a 19/09/2018,Ibope,±3%,3.0,duas_mencoes_agregadas,Kinpara (REDE),12.0,12%,"Senado Federal | Governo do Estado | Pesquisas de intenção de voto | Candidatos ao Senado Federal | Levando em conta que para o senado o eleitor irá votar duas vezes, as pesquisas possuem um universo de 200% | Senado Federal[editar | editar código]",wikipedia,,,,,,kinpara rede,Kinpara (REDE),Kinpara,0.0710703992532478,False,6.0
2018,AC,Eleições estaduais no Acre em 2018,https://pt.wikipedia.org/wiki/Elei%C3%A7%C3%B5es_estaduais_no_Acre_em_2018,1.0,2.0,17/09 a 19/09/2018,Ibope,±3%,3.0,duas_mencoes_agregadas,Pedraza (PSL),1.0,1%,"Senado Federal | Governo do Estado | Pesquisas de intenção de voto | Candidatos ao Senado Federal | Levando em conta que para o senado o eleitor irá votar duas vezes, as pesquisas possuem um universo de 200% | Senado Federal[editar | editar código]",wikipedia,,,,,,pedraza psl,Pedraza (PSL),Pedrazza,0.0127700151841279,False,7.0
2018,AL,Eleições estaduais em Alagoas em 2018,https://pt.wikipedia.org/wiki/Elei%C3%A7%C3%B5es_estaduais_em_Alagoas_em_2018,1.0,1.0,13/08 a 15/08/2018,Ibope,±3%,3.0,duas_mencoes_agregadas,Calheiros (MDB),33.0,33%,"Senado Federal | Governo do Estado | Pesquisas de intenção de voto | Deputados Federais eleitos | Levando em conta que para o senado o eleitor irá votar duas vezes, as pesquisas possuem um universo de 200% | Senado Federal[editar | editar código]",wikipedia,,,,,,calheiros mdb,Calheiros (MDB),,,,
2018,AL,Eleições estaduais em Alagoas em 2018,https://pt.wikipedia.org/wiki/Elei%C3%A7%C3%B5es_estaduais_em_Alagoas_em_2018,1.0,1.0,13/08 a 15/08/2018,Ibope,±3%,3.0,duas_mencoes_agregadas,Cunha (PSDB),19.0,19%,"Senado Federal | Governo do Estado | Pesquisas de intenção de voto | Deputados Federais eleitos | Levando em conta que para o senado o eleitor irá votar duas vezes, as pesquisas possuem um universo de 200% | Senado Federal[editar | editar código]",wikipedia,,,,,,cunha psdb,Cunha (PSDB),Cunha,0.1719122269567357,True,2.0
2018,AL,Eleições estaduais em Alagoas em 2018,https://pt.wikipedia.org/wiki/Elei%C3%A7%C3%B5es_estaduais_em_Alagoas_em_2018,1.0,1.0,13/08 a 15/08/2018,Ibope,±3%,3.0,duas_mencoes_agregadas,Lira (PP),25.0,25%,"Senado Federal | Governo do Estado | Pesquisas de intenção de voto | Deputados Federais eleitos | Levando em conta que para o senado o eleitor irá votar duas vezes, as pesquisas possuem um universo de 200% | Senado Federal[editar | editar código]",wikipedia,,,,,,lira pp,Lira (PP),,,,
2018,AL,Eleições estaduais em Alagoas em 2018,https://pt.wikipedia.org/wiki/Elei%C3%A7%C3%B5es_estaduais_em_Alagoas_em_2018,1.0,1.0,13/08 a 15/08/2018,Ibope,±3%,3.0,duas_mencoes_agregadas,Quintella (PR),18.0,18%,"Senado Federal | Governo do Estado | Pesquisas de intenção de voto | Deputados Federais eleitos | Levando em conta que para o senado o eleitor irá votar duas vezes, as pesquisas possuem um universo de 200% | Senado Federal[editar | editar código]",wikipedia,,,,,,quintella pr,Quintella (PR),Quintella,0.0948148696904175,False,4.0
2018,AL,Eleições estaduais em Alagoas em 2018,https://pt.wikipedia.org/wiki/Elei%C3%A7%C3%B5es_estaduais_em_Alagoas_em_2018,1.0,1.0,13/08 a 15/08/2018,Ibope,±3%,3.0,duas_mencoes_agregadas,Cabral (PATRI),10.0,10%,"Senado Federal | Governo do Estado | Pesquisas de intenção de voto | Deputados Federais eleitos | Levando em conta que para o senado o eleitor irá votar duas vezes, as pesquisas possuem um universo de 200% | Senado Federal[editar | editar código]",wikipedia,,,,,,cabral patri,Cabral (PATRI),Cabral,0.0022170880835737,False,9.0
2018,AL,Eleições estaduais em Alagoas em 2018,https://pt.wikipedia.org/wiki/Elei%C3%A7%C3%B5es_estaduais_em_Alagoas_em_2018,1.0,1.0,13/08 a 15/08/2018,Ibope,±3%,3.0,duas_mencoes_agregadas,Cícero (PSOL),7.0,7%,"Senado Federal | Governo do Estado | Pesquisas de intenção de voto | Deputados Federais eleitos | Levando em conta que para o senado o eleitor irá votar duas vezes, as pesquisas possuem um universo de 200% | Senado Federal[editar | editar código]",wikipedia,,,,,,cicero psol,Cícero (PSOL),,,,
2018,AL,Eleições estaduais em Alagoas em 2018,https://pt.wikipedia.org/wiki/Elei%C3%A7%C3%B5es_estaduais_em_Alagoas_em_2018,1.0,2.0,17/09 a 19/09/2018,Ibope,±3%,3.0,duas_mencoes_agregadas,Calheiros (MDB),39.0,39%,"Senado Federal | Governo do Estado | Pesquisas de intenção de voto | Deputados Federais eleitos | Levando em conta que para o senado o eleitor irá votar duas vezes, as pesquisas possuem um universo de 200% | Senado Federal[editar | editar código]",wikipedia,,,,,,calheiros mdb,Calheiros (MDB),,,,
2018,AL,Eleições estaduais em Alagoas em 2018,https://pt.wikipedia.org/wiki/Elei%C3%A7%C3%B5es_estaduais_em_Alagoas_em_2018,1.0,2.0,17/09 a 19/09/2018,Ibope,±3%,3.0,duas_mencoes_agregadas,Cunha (PSDB),37.0,37%,"Senado Federal | Governo do Estado | Pesquisas de intenção de voto | Deputados Federais eleitos | Levando em conta que para o senado o eleitor irá votar duas vezes, as pesquisas possuem um universo de 200% | Senado Federal[editar | editar código]",wikipedia,,,,,,cunha psdb,Cunha (PSDB),Cunha,0.1719122269567357,True,2.0
2018,AL,Eleições estaduais em Alagoas em 2018,https://pt.wikipedia.org/wiki/Elei%C3%A7%C3%B5es_estaduais_em_Alagoas_em_2018,1.0,2.0,17/09 a 19/09/2018,Ibope,±3%,3.0,duas_mencoes_agregadas,Lira (PP),23.0,23%,"Senado Federal | Governo do Estado | Pesquisas de intenção de voto | Deputados Federais eleitos | Levando em conta que para o senado o eleitor irá votar duas vezes, as pesquisas possuem um universo de 200% | Senado Federal[editar | editar código]",wikipedia,,,,,,lira pp,Lira (PP),,,,
2018,AL,Eleições estaduais em Alagoas em 2018,https://pt.wikipedia.org/wiki/Elei%C3%A7%C3%B5es_estaduais_em_Alagoas_em_2018,1.0,2.0,17/09 a 19/09/2018,Ibope,±3%,3.0,duas_mencoes_agregadas,Quintella (PR),18.0,18%,"Senado Federal | Governo do Estado | Pesquisas de intenção de voto | Deputados Federais eleitos | Levando em conta que para o senado o eleitor irá votar duas vezes, as pesquisas possuem um universo de 200% | Senado Federal[editar | editar código]",wikipedia,,,,,,quintella pr,Quintella (PR),Quintella,0.0948148696904175,False,4.0
2018,AL,Eleições estaduais em Alagoas em 2018,https://pt.wikipedia.org/wiki/Elei%C3%A7%C3%B5es_estaduais_em_Alagoas_em_2018,1.0,2.0,17/09 a 19/09/2018,Ibope,±3%,3.0,duas_mencoes_agregadas,Cabral (PATRI),5.0,5%,"Senado Federal | Governo do Estado | Pesquisas de intenção de voto | Deputados Federais eleitos | Levando em conta que para o senado o eleitor irá votar duas vezes, as pesquisas possuem um universo de 200% | Senado Federal[editar | editar código]",wikipedia,,,,,,cabral patri,Cabral (PATRI),Cabral,0.0022170880835737,False,9.0
2018,AL,Eleições estaduais em Alagoas em 2018,https://pt.wikipedia.org/wiki/Elei%C3%A7%C3%B5es_estaduais_em_Alagoas_em_2018,1.0,2.0,17/09 a 19/09/2018,Ibope,±3%,3.0,duas_mencoes_agregadas,Cícero (PSOL),4.0,4%,"Senado Federal | Governo do Estado | Pesquisas de intenção de voto | Deputados Federais eleitos | Levando em conta que para o senado o eleitor irá votar duas vezes, as pesquisas possuem um universo de 200% | Senado Federal[editar | editar código]",wikipedia,,,,,,cicero psol,Cícero (PSOL),,,,
2018,AP,Eleições estaduais no Amapá em 2018,https://pt.wikipedia.org/wiki/Elei%C3%A7%C3%B5es_estaduais_no_Amap%C3%A1_em_2018,1.0,1.0,14/09 a 16/09/2018,Ibope,±3%,3.0,duas_mencoes_agregadas,Randolfe (REDE),59.0,59%,"Senado Federal | Governo do Estado | Pesquisas de intenção de voto | Deputados estaduais eleitos | Levando em conta que para o senado o eleitor irá votar duas vezes, as pesquisas possuem um universo de 200% | Senado Federal[editar | editar código]",wikipedia,,,,,,randolfe rede,Randolfe (REDE),Randolfe (REDE),0.144540314115549,True,2.0
2018,AP,Eleições estaduais no Amapá em 2018,https://pt.wikipedia.org/wiki/Elei%C3%A7%C3%B5es_estaduais_no_Amap%C3%A1_em_2018,1.0,1.0,14/09 a 16/09/2018,Ibope,±3%,3.0,duas_mencoes_agregadas,Janete (PSB),30.0,30%,"Senado Federal | Governo do Estado | Pesquisas de intenção de voto | Deputados estaduais eleitos | Levando em conta que para o senado o eleitor irá votar duas vezes, as pesquisas possuem um universo de 200% | Senado Federal[editar | editar código]",wikipedia,,,,,,janete psb,Janete (PSB),Janete Capiberibe (PSB),0.0682985435051618,False,5.0
2018,AP,Eleições estaduais no Amapá em 2018,https://pt.wikipedia.org/wiki/Elei%C3%A7%C3%B5es_estaduais_no_Amap%C3%A1_em_2018,1.0,1.0,14/09 a 16/09/2018,Ibope,±3%,3.0,duas_mencoes_agregadas,Lucas (PTB),22.0,22%,"Senado Federal | Governo do Estado | Pesquisas de intenção de voto | Deputados estaduais eleitos | Levando em conta que para o senado o eleitor irá votar duas vezes, as pesquisas possuem um universo de 200% | Senado Federal[editar | editar código]",wikipedia,,,,,,lucas ptb,Lucas (PTB),Lucas Barreto (PTB),0.0699704858239706,False,4.0
2018,AP,Eleições estaduais no Amapá em 2018,https://pt.wikipedia.org/wiki/Elei%C3%A7%C3%B5es_estaduais_no_Amap%C3%A1_em_2018,1.0,1.0,14/09 a 16/09/2018,Ibope,±3%,3.0,duas_mencoes_agregadas,Gilvam (MDB),13.0,13%,"Senado Federal | Governo do Estado | Pesquisas de intenção de voto | Deputados estaduais eleitos | Levando em conta que para o senado o eleitor irá votar duas vezes, as pesquisas possuem um universo de 200% | Senado Federal[editar | editar código]",wikipedia,,,,,,gilvam mdb,Gilvam (MDB),Gilvam Borges (MDB),0.001602619212544,False,14.0
2018,AP,Eleições estaduais no Amapá em 2018,https://pt.wikipedia.org/wiki/Elei%C3%A7%C3%B5es_estaduais_no_Amap%C3%A1_em_2018,1.0,1.0,14/09 a 16/09/2018,Ibope,±3%,3.0,duas_mencoes_agregadas,Palaes (MDB),12.0,12%,"Senado Federal | Governo do Estado | Pesquisas de intenção de voto | Deputados estaduais eleitos | Levando em conta que para o senado o eleitor irá votar duas vezes, as pesquisas possuem um universo de 200% | Senado Federal[editar | editar código]",wikipedia,,,,,,palaes mdb,Palaes (MDB),Fátima Pelaes (MDB),0.0220551189655464,False,9.0
2018,AP,Eleições estaduais no Amapá em 2018,https://pt.wikipedia.org/wiki/Elei%C3%A7%C3%B5es_estaduais_no_Amap%C3%A1_em_2018,1.0,1.0,14/09 a 16/09/2018,Ibope,±3%,3.0,duas_mencoes_agregadas,Amanajás (PPS),12.0,12%,"Senado Federal | Governo do Estado | Pesquisas de intenção de voto | Deputados estaduais eleitos | Levando em conta que para o senado o eleitor irá votar duas vezes, as pesquisas possuem um universo de 200% | Senado Federal[editar | editar código]",wikipedia,,,,,,amanajas pps,Amanajás (PPS),Jorge Amanajás (PPS),0.0287543511166205,False,6.0
2018,AM,Eleições estaduais no Amazonas em 2018,https://pt.wikipedia.org/wiki/Elei%C3%A7%C3%B5es_estaduais_no_Amazonas_em_2018,1.0,1.0,17 de agosto de 2018,Ibope,±3%,3.0,duas_mencoes_agregadas,Braga (MDB),40.0,40%,Senador | 2.º turno | 1.º turno | Governo do Estado | Senador[editar | editar código],wikipedia,,,,,,braga mdb,Braga (MDB),Eduardo Braga MDB,0.1852017550199737,True,2.0
2018,AM,Eleições estaduais no Amazonas em 2018,https://pt.wikipedia.org/wiki/Elei%C3%A7%C3%B5es_estaduais_no_Amazonas_em_2018,1.0,1.0,17 de agosto de 2018,Ibope,±3%,3.0,duas_mencoes_agregadas,Vanessa (PCdoB),24.0,24%,Senador | 2.º turno | 1.º turno | Governo do Estado | Senador[editar | editar código],wikipedia,,,,,,vanessa pcdob,Vanessa (PCdoB),Vanessa Grazziotin PCdoB,0.1140415321384144,False,5.0
2018,AM,Eleições estaduais no Amazonas em 2018,https://pt.wikipedia.org/wiki/Elei%C3%A7%C3%B5es_estaduais_no_Amazonas_em_2018,1.0,1.0,17 de agosto de 2018,Ibope,±3%,3.0,duas_mencoes_agregadas,Plinio (PSDB),15.0,15%,Senador | 2.º turno | 1.º turno | Governo do Estado | Senador[editar | editar código],wikipedia,,,,,,plinio psdb,Plinio (PSDB),Plínio Valério PSDB,0.2545885989574422,True,1.0
2018,AM,Eleições estaduais no Amazonas em 2018,https://pt.wikipedia.org/wiki/Elei%C3%A7%C3%B5es_estaduais_no_Amazonas_em_2018,1.0,1.0,17 de agosto de 2018,Ibope,±3%,3.0,duas_mencoes_agregadas,Alfredo (PR),22.0,22%,Senador | 2.º turno | 1.º turno | Governo do Estado | Senador[editar | editar código],wikipedia,,,,,,alfredo pr,Alfredo (PR),Alfredo Nascimento PR,0.1737594200273188,False,4.0
2018,AM,Eleições estaduais no Amazonas em 2018,https://pt.wikipedia.org/wiki/Elei%C3%A7%C3%B5es_estaduais_no_Amazonas_em_2018,1.0,1.0,17 de agosto de 2018,Ibope,±3%,3.0,duas_mencoes_agregadas,Hissa (PDT),17.0,17%,Senador | 2.º turno | 1.º turno | Governo do Estado | Senador[editar | editar código],wikipedia,,,,,,hissa pdt,Hissa (PDT),Hissa Abrahão PDT,0.08622494740094,False,6.0
2018,AM,Eleições estaduais no Amazonas em 2018,https://pt.wikipedia.org/wiki/Elei%C3%A7%C3%B5es_estaduais_no_Amazonas_em_2018,1.0,1.0,17 de agosto de 2018,Ibope,±3%,3.0,duas_mencoes_agregadas,Castro (REDE),5.0,5%,Senador | 2.º turno | 1.º turno | Governo do Estado | Senador[editar | editar código],wikipedia,,,,,,castro rede,Castro (REDE),Luiz Castro REDE,0.1773540576221595,False,3.0
2018,AM,Eleições estaduais no Amazonas em 2018,https://pt.wikipedia.org/wiki/Elei%C3%A7%C3%B5es_estaduais_no_Amazonas_em_2018,1.0,1.0,17 de agosto de 2018,Ibope,±3%,3.0,duas_mencoes_agregadas,Fernando (PSOL),6.0,6%,Senador | 2.º turno | 1.º turno | Governo do Estado | Senador[editar | editar código],wikipedia,,,,,,fernando psol,Fernando (PSOL),Luiz Fernando Santos PSOL,0.0083829132270281,False,7.0
2018,AM,Eleições estaduais no Amazonas em 2018,https://pt.wikipedia.org/wiki/Elei%C3%A7%C3%B5es_estaduais_no_Amazonas_em_2018,1.0,1.0,17 de agosto de 2018,Ibope,±3%,3.0,duas_mencoes_agregadas,Rondinely (PSOL),2.0,2%,Senador | 2.º turno | 1.º turno | Governo do Estado | Senador[editar | editar código],wikipedia,,,,,,rondinely psol,Rondinely (PSOL),Rondinely Fonseca PSOL,0.0004467756067227,False,8.0
2018,AM,Eleições estaduais no Amazonas em 2018,https://pt.wikipedia.org/wiki/Elei%C3%A7%C3%B5es_estaduais_no_Amazonas_em_2018,1.0,2.0,18 de setembro de 2018,Ibope,±3%,3.0,duas_mencoes_agregadas,Braga (MDB),48.0,48%,Senador | 2.º turno | 1.º turno | Governo do Estado | Senador[editar | editar código],wikipedia,,,,,,braga mdb,Braga (MDB),Eduardo Braga MDB,0.1852017550199737,True,2.0
2018,AM,Eleições estaduais no Amazonas em 2018,https://pt.wikipedia.org/wiki/Elei%C3%A7%C3%B5es_estaduais_no_Amazonas_em_2018,1.0,2.0,18 de setembro de 2018,Ibope,±3%,3.0,duas_mencoes_agregadas,Vanessa (PCdoB),27.0,27%,Senador | 2.º turno | 1.º turno | Governo do Estado | Senador[editar | editar código],wikipedia,,,,,,vanessa pcdob,Vanessa (PCdoB),Vanessa Grazziotin PCdoB,0.1140415321384144,False,5.0
2018,AM,Eleições estaduais no Amazonas em 2018,https://pt.wikipedia.org/wiki/Elei%C3%A7%C3%B5es_estaduais_no_Amazonas_em_2018,1.0,2.0,18 de setembro de 2018,Ibope,±3%,3.0,duas_mencoes_agregadas,Plinio (PSDB),20.0,20%,Senador | 2.º turno | 1.º turno | Governo do Estado | Senador[editar | editar código],wikipedia,,,,,,plinio psdb,Plinio (PSDB),Plínio Valério PSDB,0.2545885989574422,True,1.0
2018,AM,Eleições estaduais no Amazonas em 2018,https://pt.wikipedia.org/wiki/Elei%C3%A7%C3%B5es_estaduais_no_Amazonas_em_2018,1.0,2.0,18 de setembro de 2018,Ibope,±3%,3.0,duas_mencoes_agregadas,Alfredo (PR),28.0,28%,Senador | 2.º turno | 1.º turno | Governo do Estado | Senador[editar | editar código],wikipedia,,,,,,alfredo pr,Alfredo (PR),Alfredo Nascimento PR,0.1737594200273188,False,4.0
2018,AM,Eleições estaduais no Amazonas em 2018,https://pt.wikipedia.org/wiki/Elei%C3%A7%C3%B5es_estaduais_no_Amazonas_em_2018,1.0,2.0,18 de setembro de 2018,Ibope,±3%,3.0,duas_mencoes_agregadas,Hissa (PDT),15.0,15%,Senador | 2.º turno | 1.º turno | Governo do Estado | Senador[editar | editar código],wikipedia,,,,,,hissa pdt,Hissa (PDT),Hissa Abrahão PDT,0.08622494740094,False,6.0
2018,AM,Eleições estaduais no Amazonas em 2018,https://pt.wikipedia.org/wiki/Elei%C3%A7%C3%B5es_estaduais_no_Amazonas_em_2018,1.0,2.0,18 de setembro de 2018,Ibope,±3%,3.0,duas_mencoes_agregadas,Castro (REDE),11.0,11%,Senador | 2.º turno | 1.º turno | Governo do Estado | Senador[editar | editar código],wikipedia,,,,,,castro rede,Castro (REDE),Luiz Castro REDE,0.1773540576221595,False,3.0
2018,AM,Eleições estaduais no Amazonas em 2018,https://pt.wikipedia.org/wiki/Elei%C3%A7%C3%B5es_estaduais_no_Amazonas_em_2018,1.0,2.0,18 de setembro de 2018,Ibope,±3%,3.0,duas_mencoes_agregadas,Fernando (PSOL),4.0,4%,Senador | 2.º turno | 1.º turno | Governo do Estado | Senador[editar | editar código],wikipedia,,,,,,fernando psol,Fernando (PSOL),Luiz Fernando Santos PSOL,0.0083829132270281,False,7.0
2018,AM,Eleições estaduais no Amazonas em 2018,https://pt.wikipedia.org/wiki/Elei%C3%A7%C3%B5es_estaduais_no_Amazonas_em_2018,1.0,2.0,18 de setembro de 2018,Ibope,±3%,3.0,duas_mencoes_agregadas,Rondinely (PSOL),3.0,3%,Senador | 2.º turno | 1.º turno | Governo do Estado | Senador[editar | editar código],wikipedia,,,,,,rondinely psol,Rondinely (PSOL),Rondinely Fonseca PSOL,0.0004467756067227,False,8.0
2018,AM,Eleições estaduais no Amazonas em 2018,https://pt.wikipedia.org/wiki/Elei%C3%A7%C3%B5es_estaduais_no_Amazonas_em_2018,1.0,3.0,5 de outubro de 2018,Ibope,±3%,3.0,duas_mencoes_agregadas,Braga (MDB),42.0,42%,Senador | 2.º turno | 1.º turno | Governo do Estado | Senador[editar | editar código],wikipedia,,,,,,braga mdb,Braga (MDB),Eduardo Braga MDB,0.1852017550199737,True,2.0
2018,AM,Eleições estaduais no Amazonas em 2018,https://pt.wikipedia.org/wiki/Elei%C3%A7%C3%B5es_estaduais_no_Amazonas_em_2018,1.0,3.0,5 de outubro de 2018,Ibope,±3%,3.0,duas_mencoes_agregadas,Vanessa (PCdoB),31.0,31%,Senador | 2.º turno | 1.º turno | Governo do Estado | Senador[editar | editar código],wikipedia,,,,,,vanessa pcdob,Vanessa (PCdoB),Vanessa Grazziotin PCdoB,0.1140415321384144,False,5.0
2018,AM,Eleições estaduais no Amazonas em 2018,https://pt.wikipedia.org/wiki/Elei%C3%A7%C3%B5es_estaduais_no_Amazonas_em_2018,1.0,3.0,5 de outubro de 2018,Ibope,±3%,3.0,duas_mencoes_agregadas,Plinio (PSDB),31.0,31%,Senador | 2.º turno | 1.º turno | Governo do Estado | Senador[editar | editar código],wikipedia,,,,,,plinio psdb,Plinio (PSDB),Plínio Valério PSDB,0.2545885989574422,True,1.0
2018,AM,Eleições estaduais no Amazonas em 2018,https://pt.wikipedia.org/wiki/Elei%C3%A7%C3%B5es_estaduais_no_Amazonas_em_2018,1.0,3.0,5 de outubro de 2018,Ibope,±3%,3.0,duas_mencoes_agregadas,Alfredo (PR),29.0,29%,Senador | 2.º turno | 1.º turno | Governo do Estado | Senador[editar | editar código],wikipedia,,,,,,alfredo pr,Alfredo (PR),Alfredo Nascimento PR,0.1737594200273188,False,4.0
2018,AM,Eleições estaduais no Amazonas em 2018,https://pt.wikipedia.org/wiki/Elei%C3%A7%C3%B5es_estaduais_no_Amazonas_em_2018,1.0,3.0,5 de outubro de 2018,Ibope,±3%,3.0,duas_mencoes_agregadas,Hissa (PDT),16.0,16%,Senador | 2.º turno | 1.º turno | Governo do Estado | Senador[editar | editar código],wikipedia,,,,,,hissa pdt,Hissa (PDT),Hissa Abrahão PDT,0.08622494740094,False,6.0
2018,AM,Eleições estaduais no Amazonas em 2018,https://pt.wikipedia.org/wiki/Elei%C3%A7%C3%B5es_estaduais_no_Amazonas_em_2018,1.0,3.0,5 de outubro de 2018,Ibope,±3%,3.0,duas_mencoes_agregadas,Castro (REDE),15.0,15%,Senador | 2.º turno | 1.º turno | Governo do Estado | Senador[editar | editar código],wikipedia,,,,,,castro rede,Castro (REDE),Luiz Castro REDE,0.1773540576221595,False,3.0
2018,AM,Eleições estaduais no Amazonas em 2018,https://pt.wikipedia.org/wiki/Elei%C3%A7%C3%B5es_estaduais_no_Amazonas_em_2018,1.0,3.0,5 de outubro de 2018,Ibope,±3%,3.0,duas_mencoes_agregadas,Fernando (PSOL),5.0,5%,Senador | 2.º turno | 1.º turno | Governo do Estado | Senador[editar | editar código],wikipedia,,,,,,fernando psol,Fernando (PSOL),Luiz Fernando Santos PSOL,0.0083829132270281,False,7.0
2018,AM,Eleições estaduais no Amazonas em 2018,https://pt.wikipedia.org/wiki/Elei%C3%A7%C3%B5es_estaduais_no_Amazonas_em_2018,1.0,3.0,5 de outubro de 2018,Ibope,±3%,3.0,duas_mencoes_agregadas,Rondinely (PSOL),1.0,1%,Senador | 2.º turno | 1.º turno | Governo do Estado | Senador[editar | editar código],wikipedia,,,,,,rondinely psol,Rondinely (PSOL),Rondinely Fonseca PSOL,0.0004467756067227,False,8.0
2018,BA,Eleições estaduais na Bahia em 2018,https://pt.wikipedia.org/wiki/Elei%C3%A7%C3%B5es_estaduais_na_Bahia_em_2018,1.0,1.0,16 e 17 de agosto de 2018,TV Itapoan/Real Time Big Data,,,duas_mencoes_agregadas,Wagner (PT),36.0,36%,"Pesquisas para senador | Pesquisa para governador | Primeiro turno | Pesquisas eleitorais | Levando em conta que para o Senado o eleitor irá votar duas vezes, as pesquisas possuem um universo de 200%. | Pesquisas para senador[editar | editar código]",wikipedia,,,,,,wagner pt,Wagner (PT),Jaques Wagner (PT),0.3570972144806806,True,1.0
2018,BA,Eleições estaduais na Bahia em 2018,https://pt.wikipedia.org/wiki/Elei%C3%A7%C3%B5es_estaduais_na_Bahia_em_2018,1.0,1.0,16 e 17 de agosto de 2018,TV Itapoan/Real Time Big Data,,,duas_mencoes_agregadas,Lázaro (PSC),15.0,15%,"Pesquisas para senador | Pesquisa para governador | Primeiro turno | Pesquisas eleitorais | Levando em conta que para o Senado o eleitor irá votar duas vezes, as pesquisas possuem um universo de 200%. | Pesquisas para senador[editar | editar código]",wikipedia,,,,,,lazaro psc,Lázaro (PSC),Irmão Lázaro (PSC),0.1536902197316077,False,3.0
2018,BA,Eleições estaduais na Bahia em 2018,https://pt.wikipedia.org/wiki/Elei%C3%A7%C3%B5es_estaduais_na_Bahia_em_2018,1.0,1.0,16 e 17 de agosto de 2018,TV Itapoan/Real Time Big Data,,,duas_mencoes_agregadas,Jutahy (PSDB),10.0,10%,"Pesquisas para senador | Pesquisa para governador | Primeiro turno | Pesquisas eleitorais | Levando em conta que para o Senado o eleitor irá votar duas vezes, as pesquisas possuem um universo de 200%. | Pesquisas para senador[editar | editar código]",wikipedia,,,,,,jutahy psdb,Jutahy (PSDB),Jutahy Júnior (PSDB),0.0796367244685916,False,4.0
2018,BA,Eleições estaduais na Bahia em 2018,https://pt.wikipedia.org/wiki/Elei%C3%A7%C3%B5es_estaduais_na_Bahia_em_2018,1.0,1.0,16 e 17 de agosto de 2018,TV Itapoan/Real Time Big Data,,,duas_mencoes_agregadas,Coronel (PSD),10.0,10%,"Pesquisas para senador | Pesquisa para governador | Primeiro turno | Pesquisas eleitorais | Levando em conta que para o Senado o eleitor irá votar duas vezes, as pesquisas possuem um universo de 200%. | Pesquisas para senador[editar | editar código]",wikipedia,,,,,,coronel psd,Coronel (PSD),Angelo Coronel (PSD),0.3297496257403649,True,2.0
2018,BA,Eleições estaduais na Bahia em 2018,https://pt.wikipedia.org/wiki/Elei%C3%A7%C3%B5es_estaduais_na_Bahia_em_2018,1.0,1.0,16 e 17 de agosto de 2018,TV Itapoan/Real Time Big Data,,,duas_mencoes_agregadas,Vianna (MDB),1.0,1%,"Pesquisas para senador | Pesquisa para governador | Primeiro turno | Pesquisas eleitorais | Levando em conta que para o Senado o eleitor irá votar duas vezes, as pesquisas possuem um universo de 200%. | Pesquisas para senador[editar | editar código]",wikipedia,,,,,,vianna mdb,Vianna (MDB),Jorge Viana (MDB),0.0051135733481299,False,7.0
2018,BA,Eleições estaduais na Bahia em 2018,https://pt.wikipedia.org/wiki/Elei%C3%A7%C3%B5es_estaduais_na_Bahia_em_2018,1.0,1.0,16 e 17 de agosto de 2018,TV Itapoan/Real Time Big Data,,,duas_mencoes_agregadas,Nogueira (PSOL),0.0,0%,"Pesquisas para senador | Pesquisa para governador | Primeiro turno | Pesquisas eleitorais | Levando em conta que para o Senado o eleitor irá votar duas vezes, as pesquisas possuem um universo de 200%. | Pesquisas para senador[editar | editar código]",wikipedia,,,,,,nogueira psol,Nogueira (PSOL),Fábio Nogueira (PSOL),0.0139121065173439,False,6.0
2018,BA,Eleições estaduais na Bahia em 2018,https://pt.wikipedia.org/wiki/Elei%C3%A7%C3%B5es_estaduais_na_Bahia_em_2018,1.0,1.0,16 e 17 de agosto de 2018,TV Itapoan/Real Time Big Data,,,duas_mencoes_agregadas,Maurício (DC),2.0,2%,"Pesquisas para senador | Pesquisa para governador | Primeiro turno | Pesquisas eleitorais | Levando em conta que para o Senado o eleitor irá votar duas vezes, as pesquisas possuem um universo de 200%. | Pesquisas para senador[editar | editar código]",wikipedia,,,,,,mauricio dc,Maurício (DC),Marcos Maurício (DC),0.0033398123005337,False,10.0
2018,BA,Eleições estaduais na Bahia em 2018,https://pt.wikipedia.org/wiki/Elei%C3%A7%C3%B5es_estaduais_na_Bahia_em_2018,1.0,1.0,16 e 17 de agosto de 2018,TV Itapoan/Real Time Big Data,,,duas_mencoes_agregadas,Rangel (PSL),1.0,1%,"Pesquisas para senador | Pesquisa para governador | Primeiro turno | Pesquisas eleitorais | Levando em conta que para o Senado o eleitor irá votar duas vezes, as pesquisas possuem um universo de 200%. | Pesquisas para senador[editar | editar código]",wikipedia,,,,,,rangel psl,Rangel (PSL),Comadante Rangel (PSL),0.0484973825123633,False,5.0
2018,BA,Eleições estaduais na Bahia em 2018,https://pt.wikipedia.org/wiki/Elei%C3%A7%C3%B5es_estaduais_na_Bahia_em_2018,1.0,1.0,16 e 17 de agosto de 2018,TV Itapoan/Real Time Big Data,,,duas_mencoes_agregadas,José (REDE),0.0,0%,"Pesquisas para senador | Pesquisa para governador | Primeiro turno | Pesquisas eleitorais | Levando em conta que para o Senado o eleitor irá votar duas vezes, as pesquisas possuem um universo de 200%. | Pesquisas para senador[editar | editar código]",wikipedia,,,,,,jose rede,José (REDE),Francisco José (REDE),0.0037381046472841,False,8.0
2018,BA,Eleições estaduais na Bahia em 2018,https://pt.wikipedia.org/wiki/Elei%C3%A7%C3%B5es_estaduais_na_Bahia_em_2018,1.0,1.0,16 e 17 de agosto de 2018,TV Itapoan/Real Time Big Data,,,duas_mencoes_agregadas,Santos (PCO),0.0,0%,"Pesquisas para senador | Pesquisa para governador | Primeiro turno | Pesquisas eleitorais | Levando em conta que para o Senado o eleitor irá votar duas vezes, as pesquisas possuem um universo de 200%. | Pesquisas para senador[editar | editar código]",wikipedia,,,,,,santos pco,Santos (PCO),Adroaldo dos Santos (PCO),0.0017783786865235,False,11.0
2018,BA,Eleições estaduais na Bahia em 2018,https://pt.wikipedia.org/wiki/Elei%C3%A7%C3%B5es_estaduais_na_Bahia_em_2018,1.0,1.0,16 e 17 de agosto de 2018,TV Itapoan/Real Time Big Data,,,duas_mencoes_agregadas,Cotrim (PRTB),2.0,2%,"Pesquisas para senador | Pesquisa para governador | Primeiro turno | Pesquisas eleitorais | Levando em conta que para o Senado o eleitor irá votar duas vezes, as pesquisas possuem um universo de 200%. | Pesquisas para senador[editar | editar código]",wikipedia,,,,,,cotrim prtb,Cotrim (PRTB),Celsinho Cotrim (PRTB),0.0034468575665764,False,9.0
2018,BA,Eleições estaduais na Bahia em 2018,https://pt.wikipedia.org/wiki/Elei%C3%A7%C3%B5es_estaduais_na_Bahia_em_2018,1.0,2.0,19 a 21 de agosto de 2018,TV Bahia/Ibope,,,duas_mencoes_agregadas,Wagner (PT),34.0,34%,"Pesquisas para senador | Pesquisa para governador | Primeiro turno | Pesquisas eleitorais | Levando em conta que para o Senado o eleitor irá votar duas vezes, as pesquisas possuem um universo de 200%. | Pesquisas para senador[editar | editar código]",wikipedia,,,,,,wagner pt,Wagner (PT),Jaques Wagner (PT),0.3570972144806806,True,1.0
2018,BA,Eleições estaduais na Bahia em 2018,https://pt.wikipedia.org/wiki/Elei%C3%A7%C3%B5es_estaduais_na_Bahia_em_2018,1.0,2.0,19 a 21 de agosto de 2018,TV Bahia/Ibope,,,duas_mencoes_agregadas,Lázaro (PSC),23.0,23%,"Pesquisas para senador | Pesquisa para governador | Primeiro turno | Pesquisas eleitorais | Levando em conta que para o Senado o eleitor irá votar duas vezes, as pesquisas possuem um universo de 200%. | Pesquisas para senador[editar | editar código]",wikipedia,,,,,,lazaro psc,Lázaro (PSC),Irmão Lázaro (PSC),0.1536902197316077,False,3.0
2018,BA,Eleições estaduais na Bahia em 2018,https://pt.wikipedia.org/wiki/Elei%C3%A7%C3%B5es_estaduais_na_Bahia_em_2018,1.0,2.0,19 a 21 de agosto de 2018,TV Bahia/Ibope,,,duas_mencoes_agregadas,Jutahy (PSDB),14.0,14%,"Pesquisas para senador | Pesquisa para governador | Primeiro turno | Pesquisas eleitorais | Levando em conta que para o Senado o eleitor irá votar duas vezes, as pesquisas possuem um universo de 200%. | Pesquisas para senador[editar | editar código]",wikipedia,,,,,,jutahy psdb,Jutahy (PSDB),Jutahy Júnior (PSDB),0.0796367244685916,False,4.0
2018,BA,Eleições estaduais na Bahia em 2018,https://pt.wikipedia.org/wiki/Elei%C3%A7%C3%B5es_estaduais_na_Bahia_em_2018,1.0,2.0,19 a 21 de agosto de 2018,TV Bahia/Ibope,,,duas_mencoes_agregadas,Coronel (PSD),7.0,7%,"Pesquisas para senador | Pesquisa para governador | Primeiro turno | Pesquisas eleitorais | Levando em conta que para o Senado o eleitor irá votar duas vezes, as pesquisas possuem um universo de 200%. | Pesquisas para senador[editar | editar código]",wikipedia,,,,,,coronel psd,Coronel (PSD),Angelo Coronel (PSD),0.3297496257403649,True,2.0
2018,BA,Eleições estaduais na Bahia em 2018,https://pt.wikipedia.org/wiki/Elei%C3%A7%C3%B5es_estaduais_na_Bahia_em_2018,1.0,2.0,19 a 21 de agosto de 2018,TV Bahia/Ibope,,,duas_mencoes_agregadas,Vianna (MDB),6.0,6%,"Pesquisas para senador | Pesquisa para governador | Primeiro turno | Pesquisas eleitorais | Levando em conta que para o Senado o eleitor irá votar duas vezes, as pesquisas possuem um universo de 200%. | Pesquisas para senador[editar | editar código]",wikipedia,,,,,,vianna mdb,Vianna (MDB),Jorge Viana (MDB),0.0051135733481299,False,7.0
2018,BA,Eleições estaduais na Bahia em 2018,https://pt.wikipedia.org/wiki/Elei%C3%A7%C3%B5es_estaduais_na_Bahia_em_2018,1.0,2.0,19 a 21 de agosto de 2018,TV Bahia/Ibope,,,duas_mencoes_agregadas,Nogueira (PSOL),5.0,5%,"Pesquisas para senador | Pesquisa para governador | Primeiro turno | Pesquisas eleitorais | Levando em conta que para o Senado o eleitor irá votar duas vezes, as pesquisas possuem um universo de 200%. | Pesquisas para senador[editar | editar código]",wikipedia,,,,,,nogueira psol,Nogueira (PSOL),Fábio Nogueira (PSOL),0.0139121065173439,False,6.0
2018,BA,Eleições estaduais na Bahia em 2018,https://pt.wikipedia.org/wiki/Elei%C3%A7%C3%B5es_estaduais_na_Bahia_em_2018,1.0,2.0,19 a 21 de agosto de 2018,TV Bahia/Ibope,,,duas_mencoes_agregadas,Maurício (DC),5.0,5%,"Pesquisas para senador | Pesquisa para governador | Primeiro turno | Pesquisas eleitorais | Levando em conta que para o Senado o eleitor irá votar duas vezes, as pesquisas possuem um universo de 200%. | Pesquisas para senador[editar | editar código]",wikipedia,,,,,,mauricio dc,Maurício (DC),Marcos Maurício (DC),0.0033398123005337,False,10.0
2018,BA,Eleições estaduais na Bahia em 2018,https://pt.wikipedia.org/wiki/Elei%C3%A7%C3%B5es_estaduais_na_Bahia_em_2018,1.0,2.0,19 a 21 de agosto de 2018,TV Bahia/Ibope,,,duas_mencoes_agregadas,Rangel (PSL),4.0,4%,"Pesquisas para senador | Pesquisa para governador | Primeiro turno | Pesquisas eleitorais | Levando em conta que para o Senado o eleitor irá votar duas vezes, as pesquisas possuem um universo de 200%. | Pesquisas para senador[editar | editar código]",wikipedia,,,,,,rangel psl,Rangel (PSL),Comadante Rangel (PSL),0.0484973825123633,False,5.0
2018,BA,Eleições estaduais na Bahia em 2018,https://pt.wikipedia.org/wiki/Elei%C3%A7%C3%B5es_estaduais_na_Bahia_em_2018,1.0,2.0,19 a 21 de agosto de 2018,TV Bahia/Ibope,,,duas_mencoes_agregadas,José (REDE),3.0,3%,"Pesquisas para senador | Pesquisa para governador | Primeiro turno | Pesquisas eleitorais | Levando em conta que para o Senado o eleitor irá votar duas vezes, as pesquisas possuem um universo de 200%. | Pesquisas para senador[editar | editar código]",wikipedia,,,,,,jose rede,José (REDE),Francisco José (REDE),0.0037381046472841,False,8.0
2018,BA,Eleições estaduais na Bahia em 2018,https://pt.wikipedia.org/wiki/Elei%C3%A7%C3%B5es_estaduais_na_Bahia_em_2018,1.0,2.0,19 a 21 de agosto de 2018,TV Bahia/Ibope,,,duas_mencoes_agregadas,Santos (PCO),1.0,1%,"Pesquisas para senador | Pesquisa para governador | Primeiro turno | Pesquisas eleitorais | Levando em conta que para o Senado o eleitor irá votar duas vezes, as pesquisas possuem um universo de 200%. | Pesquisas para senador[editar | editar código]",wikipedia,,,,,,santos pco,Santos (PCO),Adroaldo dos Santos (PCO),0.0017783786865235,False,11.0
2018,BA,Eleições estaduais na Bahia em 2018,https://pt.wikipedia.org/wiki/Elei%C3%A7%C3%B5es_estaduais_na_Bahia_em_2018,1.0,2.0,19 a 21 de agosto de 2018,TV Bahia/Ibope,,,duas_mencoes_agregadas,Cotrim (PRTB),1.0,1%,"Pesquisas para senador | Pesquisa para governador | Primeiro turno | Pesquisas eleitorais | Levando em conta que para o Senado o eleitor irá votar duas vezes, as pesquisas possuem um universo de 200%. | Pesquisas para senador[editar | editar código]",wikipedia,,,,,,cotrim prtb,Cotrim (PRTB),Celsinho Cotrim (PRTB),0.0034468575665764,False,9.0
2018,BA,Eleições estaduais na Bahia em 2018,https://pt.wikipedia.org/wiki/Elei%C3%A7%C3%B5es_estaduais_na_Bahia_em_2018,1.0,3.0,15 a 17 de setembro de 2018,TV Bahia/Ibope,,,duas_mencoes_agregadas,Wagner (PT),41.0,41%,"Pesquisas para senador | Pesquisa para governador | Primeiro turno | Pesquisas eleitorais | Levando em conta que para o Senado o eleitor irá votar duas vezes, as pesquisas possuem um universo de 200%. | Pesquisas para senador[editar | editar código]",wikipedia,,,,,,wagner pt,Wagner (PT),Jaques Wagner (PT),0.3570972144806806,True,1.0
2018,BA,Eleições estaduais na Bahia em 2018,https://pt.wikipedia.org/wiki/Elei%C3%A7%C3%B5es_estaduais_na_Bahia_em_2018,1.0,3.0,15 a 17 de setembro de 2018,TV Bahia/Ibope,,,duas_mencoes_agregadas,Lázaro (PSC),22.0,22%,"Pesquisas para senador | Pesquisa para governador | Primeiro turno | Pesquisas eleitorais | Levando em conta que para o Senado o eleitor irá votar duas vezes, as pesquisas possuem um universo de 200%. | Pesquisas para senador[editar | editar código]",wikipedia,,,,,,lazaro psc,Lázaro (PSC),Irmão Lázaro (PSC),0.1536902197316077,False,3.0
2018,BA,Eleições estaduais na Bahia em 2018,https://pt.wikipedia.org/wiki/Elei%C3%A7%C3%B5es_estaduais_na_Bahia_em_2018,1.0,3.0,15 a 17 de setembro de 2018,TV Bahia/Ibope,,,duas_mencoes_agregadas,Jutahy (PSDB),11.0,11%,"Pesquisas para senador | Pesquisa para governador | Primeiro turno | Pesquisas eleitorais | Levando em conta que para o Senado o eleitor irá votar duas vezes, as pesquisas possuem um universo de 200%. | Pesquisas para senador[editar | editar código]",wikipedia,,,,,,jutahy psdb,Jutahy (PSDB),Jutahy Júnior (PSDB),0.0796367244685916,False,4.0
2018,BA,Eleições estaduais na Bahia em 2018,https://pt.wikipedia.org/wiki/Elei%C3%A7%C3%B5es_estaduais_na_Bahia_em_2018,1.0,3.0,15 a 17 de setembro de 2018,TV Bahia/Ibope,,,duas_mencoes_agregadas,Coronel (PSD),15.0,15%,"Pesquisas para senador | Pesquisa para governador | Primeiro turno | Pesquisas eleitorais | Levando em conta que para o Senado o eleitor irá votar duas vezes, as pesquisas possuem um universo de 200%. | Pesquisas para senador[editar | editar código]",wikipedia,,,,,,coronel psd,Coronel (PSD),Angelo Coronel (PSD),0.3297496257403649,True,2.0
2018,BA,Eleições estaduais na Bahia em 2018,https://pt.wikipedia.org/wiki/Elei%C3%A7%C3%B5es_estaduais_na_Bahia_em_2018,1.0,3.0,15 a 17 de setembro de 2018,TV Bahia/Ibope,,,duas_mencoes_agregadas,Vianna (MDB),4.0,4%,"Pesquisas para senador | Pesquisa para governador | Primeiro turno | Pesquisas eleitorais | Levando em conta que para o Senado o eleitor irá votar duas vezes, as pesquisas possuem um universo de 200%. | Pesquisas para senador[editar | editar código]",wikipedia,,,,,,vianna mdb,Vianna (MDB),Jorge Viana (MDB),0.0051135733481299,False,7.0
2018,BA,Eleições estaduais na Bahia em 2018,https://pt.wikipedia.org/wiki/Elei%C3%A7%C3%B5es_estaduais_na_Bahia_em_2018,1.0,3.0,15 a 17 de setembro de 2018,TV Bahia/Ibope,,,duas_mencoes_agregadas,Nogueira (PSOL),4.0,4%,"Pesquisas para senador | Pesquisa para governador | Primeiro turno | Pesquisas eleitorais | Levando em conta que para o Senado o eleitor irá votar duas vezes, as pesquisas possuem um universo de 200%. | Pesquisas para senador[editar | editar código]",wikipedia,,,,,,nogueira psol,Nogueira (PSOL),Fábio Nogueira (PSOL),0.0139121065173439,False,6.0
2018,BA,Eleições estaduais na Bahia em 2018,https://pt.wikipedia.org/wiki/Elei%C3%A7%C3%B5es_estaduais_na_Bahia_em_2018,1.0,3.0,15 a 17 de setembro de 2018,TV Bahia/Ibope,,,duas_mencoes_agregadas,Maurício (DC),3.0,3%,"Pesquisas para senador | Pesquisa para governador | Primeiro turno | Pesquisas eleitorais | Levando em conta que para o Senado o eleitor irá votar duas vezes, as pesquisas possuem um universo de 200%. | Pesquisas para senador[editar | editar código]",wikipedia,,,,,,mauricio dc,Maurício (DC),Marcos Maurício (DC),0.0033398123005337,False,10.0
2018,BA,Eleições estaduais na Bahia em 2018,https://pt.wikipedia.org/wiki/Elei%C3%A7%C3%B5es_estaduais_na_Bahia_em_2018,1.0,3.0,15 a 17 de setembro de 2018,TV Bahia/Ibope,,,duas_mencoes_agregadas,Rangel (PSL),3.0,3%,"Pesquisas para senador | Pesquisa para governador | Primeiro turno | Pesquisas eleitorais | Levando em conta que para o Senado o eleitor irá votar duas vezes, as pesquisas possuem um universo de 200%. | Pesquisas para senador[editar | editar código]",wikipedia,,,,,,rangel psl,Rangel (PSL),Comadante Rangel (PSL),0.0484973825123633,False,5.0
2018,BA,Eleições estaduais na Bahia em 2018,https://pt.wikipedia.org/wiki/Elei%C3%A7%C3%B5es_estaduais_na_Bahia_em_2018,1.0,3.0,15 a 17 de setembro de 2018,TV Bahia/Ibope,,,duas_mencoes_agregadas,José (REDE),1.0,1%,"Pesquisas para senador | Pesquisa para governador | Primeiro turno | Pesquisas eleitorais | Levando em conta que para o Senado o eleitor irá votar duas vezes, as pesquisas possuem um universo de 200%. | Pesquisas para senador[editar | editar código]",wikipedia,,,,,,jose rede,José (REDE),Francisco José (REDE),0.0037381046472841,False,8.0
2018,BA,Eleições estaduais na Bahia em 2018,https://pt.wikipedia.org/wiki/Elei%C3%A7%C3%B5es_estaduais_na_Bahia_em_2018,1.0,3.0,15 a 17 de setembro de 2018,TV Bahia/Ibope,,,duas_mencoes_agregadas,Santos (PCO),1.0,1%,"Pesquisas para senador | Pesquisa para governador | Primeiro turno | Pesquisas eleitorais | Levando em conta que para o Senado o eleitor irá votar duas vezes, as pesquisas possuem um universo de 200%. | Pesquisas para senador[editar | editar código]",wikipedia,,,,,,santos pco,Santos (PCO),Adroaldo dos Santos (PCO),0.0017783786865235,False,11.0
2018,BA,Eleições estaduais na Bahia em 2018,https://pt.wikipedia.org/wiki/Elei%C3%A7%C3%B5es_estaduais_na_Bahia_em_2018,1.0,3.0,15 a 17 de setembro de 2018,TV Bahia/Ibope,,,duas_mencoes_agregadas,Cotrim (PRTB),0.0,0%,"Pesquisas para senador | Pesquisa para governador | Primeiro turno | Pesquisas eleitorais | Levando em conta que para o Senado o eleitor irá votar duas vezes, as pesquisas possuem um universo de 200%. | Pesquisas para senador[editar | editar código]",wikipedia,,,,,,cotrim prtb,Cotrim (PRTB),Celsinho Cotrim (PRTB),0.0034468575665764,False,9.0
2018,BA,Eleições estaduais na Bahia em 2018,https://pt.wikipedia.org/wiki/Elei%C3%A7%C3%B5es_estaduais_na_Bahia_em_2018,1.0,4.0,23 a 25 de setembro de 2018,TV Bahia/Ibope,,,duas_mencoes_agregadas,Wagner (PT),43.0,43%,"Pesquisas para senador | Pesquisa para governador | Primeiro turno | Pesquisas eleitorais | Levando em conta que para o Senado o eleitor irá votar duas vezes, as pesquisas possuem um universo de 200%. | Pesquisas para senador[editar | editar código]",wikipedia,,,,,,wagner pt,Wagner (PT),Jaques Wagner (PT),0.3570972144806806,True,1.0
2018,BA,Eleições estaduais na Bahia em 2018,https://pt.wikipedia.org/wiki/Elei%C3%A7%C3%B5es_estaduais_na_Bahia_em_2018,1.0,4.0,23 a 25 de setembro de 2018,TV Bahia/Ibope,,,duas_mencoes_agregadas,Lázaro (PSC),26.0,26%,"Pesquisas para senador | Pesquisa para governador | Primeiro turno | Pesquisas eleitorais | Levando em conta que para o Senado o eleitor irá votar duas vezes, as pesquisas possuem um universo de 200%. | Pesquisas para senador[editar | editar código]",wikipedia,,,,,,lazaro psc,Lázaro (PSC),Irmão Lázaro (PSC),0.1536902197316077,False,3.0
2018,BA,Eleições estaduais na Bahia em 2018,https://pt.wikipedia.org/wiki/Elei%C3%A7%C3%B5es_estaduais_na_Bahia_em_2018,1.0,4.0,23 a 25 de setembro de 2018,TV Bahia/Ibope,,,duas_mencoes_agregadas,Jutahy (PSDB),14.0,14%,"Pesquisas para senador | Pesquisa para governador | Primeiro turno | Pesquisas eleitorais | Levando em conta que para o Senado o eleitor irá votar duas vezes, as pesquisas possuem um universo de 200%. | Pesquisas para senador[editar | editar código]",wikipedia,,,,,,jutahy psdb,Jutahy (PSDB),Jutahy Júnior (PSDB),0.0796367244685916,False,4.0
2018,BA,Eleições estaduais na Bahia em 2018,https://pt.wikipedia.org/wiki/Elei%C3%A7%C3%B5es_estaduais_na_Bahia_em_2018,1.0,4.0,23 a 25 de setembro de 2018,TV Bahia/Ibope,,,duas_mencoes_agregadas,Coronel (PSD),22.0,22%,"Pesquisas para senador | Pesquisa para governador | Primeiro turno | Pesquisas eleitorais | Levando em conta que para o Senado o eleitor irá votar duas vezes, as pesquisas possuem um universo de 200%. | Pesquisas para senador[editar | editar código]",wikipedia,,,,,,coronel psd,Coronel (PSD),Angelo Coronel (PSD),0.3297496257403649,True,2.0
2018,BA,Eleições estaduais na Bahia em 2018,https://pt.wikipedia.org/wiki/Elei%C3%A7%C3%B5es_estaduais_na_Bahia_em_2018,1.0,4.0,23 a 25 de setembro de 2018,TV Bahia/Ibope,,,duas_mencoes_agregadas,Vianna (MDB),4.0,4%,"Pesquisas para senador | Pesquisa para governador | Primeiro turno | Pesquisas eleitorais | Levando em conta que para o Senado o eleitor irá votar duas vezes, as pesquisas possuem um universo de 200%. | Pesquisas para senador[editar | editar código]",wikipedia,,,,,,vianna mdb,Vianna (MDB),Jorge Viana (MDB),0.0051135733481299,False,7.0
2018,BA,Eleições estaduais na Bahia em 2018,https://pt.wikipedia.org/wiki/Elei%C3%A7%C3%B5es_estaduais_na_Bahia_em_2018,1.0,4.0,23 a 25 de setembro de 2018,TV Bahia/Ibope,,,duas_mencoes_agregadas,Nogueira (PSOL),4.0,4%,"Pesquisas para senador | Pesquisa para governador | Primeiro turno | Pesquisas eleitorais | Levando em conta que para o Senado o eleitor irá votar duas vezes, as pesquisas possuem um universo de 200%. | Pesquisas para senador[editar | editar código]",wikipedia,,,,,,nogueira psol,Nogueira (PSOL),Fábio Nogueira (PSOL),0.0139121065173439,False,6.0
2018,BA,Eleições estaduais na Bahia em 2018,https://pt.wikipedia.org/wiki/Elei%C3%A7%C3%B5es_estaduais_na_Bahia_em_2018,1.0,4.0,23 a 25 de setembro de 2018,TV Bahia/Ibope,,,duas_mencoes_agregadas,Maurício (DC),2.0,2%,"Pesquisas para senador | Pesquisa para governador | Primeiro turno | Pesquisas eleitorais | Levando em conta que para o Senado o eleitor irá votar duas vezes, as pesquisas possuem um universo de 200%. | Pesquisas para senador[editar | editar código]",wikipedia,,,,,,mauricio dc,Maurício (DC),Marcos Maurício (DC),0.0033398123005337,False,10.0
2018,BA,Eleições estaduais na Bahia em 2018,https://pt.wikipedia.org/wiki/Elei%C3%A7%C3%B5es_estaduais_na_Bahia_em_2018,1.0,4.0,23 a 25 de setembro de 2018,TV Bahia/Ibope,,,duas_mencoes_agregadas,Rangel (PSL),4.0,4%,"Pesquisas para senador | Pesquisa para governador | Primeiro turno | Pesquisas eleitorais | Levando em conta que para o Senado o eleitor irá votar duas vezes, as pesquisas possuem um universo de 200%. | Pesquisas para senador[editar | editar código]",wikipedia,,,,,,rangel psl,Rangel (PSL),Comadante Rangel (PSL),0.0484973825123633,False,5.0
2018,BA,Eleições estaduais na Bahia em 2018,https://pt.wikipedia.org/wiki/Elei%C3%A7%C3%B5es_estaduais_na_Bahia_em_2018,1.0,4.0,23 a 25 de setembro de 2018,TV Bahia/Ibope,,,duas_mencoes_agregadas,José (REDE),2.0,2%,"Pesquisas para senador | Pesquisa para governador | Primeiro turno | Pesquisas eleitorais | Levando em conta que para o Senado o eleitor irá votar duas vezes, as pesquisas possuem um universo de 200%. | Pesquisas para senador[editar | editar código]",wikipedia,,,,,,jose rede,José (REDE),Francisco José (REDE),0.0037381046472841,False,8.0
2018,BA,Eleições estaduais na Bahia em 2018,https://pt.wikipedia.org/wiki/Elei%C3%A7%C3%B5es_estaduais_na_Bahia_em_2018,1.0,4.0,23 a 25 de setembro de 2018,TV Bahia/Ibope,,,duas_mencoes_agregadas,Santos (PCO),1.0,1%,"Pesquisas para senador | Pesquisa para governador | Primeiro turno | Pesquisas eleitorais | Levando em conta que para o Senado o eleitor irá votar duas vezes, as pesquisas possuem um universo de 200%. | Pesquisas para senador[editar | editar código]",wikipedia,,,,,,santos pco,Santos (PCO),Adroaldo dos Santos (PCO),0.0017783786865235,False,11.0
2018,BA,Eleições estaduais na Bahia em 2018,https://pt.wikipedia.org/wiki/Elei%C3%A7%C3%B5es_estaduais_na_Bahia_em_2018,1.0,4.0,23 a 25 de setembro de 2018,TV Bahia/Ibope,,,duas_mencoes_agregadas,Cotrim (PRTB),1.0,1%,"Pesquisas para senador | Pesquisa para governador | Primeiro turno | Pesquisas eleitorais | Levando em conta que para o Senado o eleitor irá votar duas vezes, as pesquisas possuem um universo de 200%. | Pesquisas para senador[editar | editar código]",wikipedia,,,,,,cotrim prtb,Cotrim (PRTB),Celsinho Cotrim (PRTB),0.0034468575665764,False,9.0
2018,BA,Eleições estaduais na Bahia em 2018,https://pt.wikipedia.org/wiki/Elei%C3%A7%C3%B5es_estaduais_na_Bahia_em_2018,1.0,5.0,04 a 6 de outubro de 2018,TV Bahia/Ibope,,,duas_mencoes_agregadas,Wagner (PT),44.0,44%,"Pesquisas para senador | Pesquisa para governador | Primeiro turno | Pesquisas eleitorais | Levando em conta que para o Senado o eleitor irá votar duas vezes, as pesquisas possuem um universo de 200%. | Pesquisas para senador[editar | editar código]",wikipedia,,,,,,wagner pt,Wagner (PT),Jaques Wagner (PT),0.3570972144806806,True,1.0
2018,BA,Eleições estaduais na Bahia em 2018,https://pt.wikipedia.org/wiki/Elei%C3%A7%C3%B5es_estaduais_na_Bahia_em_2018,1.0,5.0,04 a 6 de outubro de 2018,TV Bahia/Ibope,,,duas_mencoes_agregadas,Lázaro (PSC),30.0,30%,"Pesquisas para senador | Pesquisa para governador | Primeiro turno | Pesquisas eleitorais | Levando em conta que para o Senado o eleitor irá votar duas vezes, as pesquisas possuem um universo de 200%. | Pesquisas para senador[editar | editar código]",wikipedia,,,,,,lazaro psc,Lázaro (PSC),Irmão Lázaro (PSC),0.1536902197316077,False,3.0
2018,BA,Eleições estaduais na Bahia em 2018,https://pt.wikipedia.org/wiki/Elei%C3%A7%C3%B5es_estaduais_na_Bahia_em_2018,1.0,5.0,04 a 6 de outubro de 2018,TV Bahia/Ibope,,,duas_mencoes_agregadas,Jutahy (PSDB),13.0,13%,"Pesquisas para senador | Pesquisa para governador | Primeiro turno | Pesquisas eleitorais | Levando em conta que para o Senado o eleitor irá votar duas vezes, as pesquisas possuem um universo de 200%. | Pesquisas para senador[editar | editar código]",wikipedia,,,,,,jutahy psdb,Jutahy (PSDB),Jutahy Júnior (PSDB),0.0796367244685916,False,4.0
2018,BA,Eleições estaduais na Bahia em 2018,https://pt.wikipedia.org/wiki/Elei%C3%A7%C3%B5es_estaduais_na_Bahia_em_2018,1.0,5.0,04 a 6 de outubro de 2018,TV Bahia/Ibope,,,duas_mencoes_agregadas,Coronel (PSD),27.0,27%,"Pesquisas para senador | Pesquisa para governador | Primeiro turno | Pesquisas eleitorais | Levando em conta que para o Senado o eleitor irá votar duas vezes, as pesquisas possuem um universo de 200%. | Pesquisas para senador[editar | editar código]",wikipedia,,,,,,coronel psd,Coronel (PSD),Angelo Coronel (PSD),0.3297496257403649,True,2.0
2018,BA,Eleições estaduais na Bahia em 2018,https://pt.wikipedia.org/wiki/Elei%C3%A7%C3%B5es_estaduais_na_Bahia_em_2018,1.0,5.0,04 a 6 de outubro de 2018,TV Bahia/Ibope,,,duas_mencoes_agregadas,Vianna (MDB),4.0,4%,"Pesquisas para senador | Pesquisa para governador | Primeiro turno | Pesquisas eleitorais | Levando em conta que para o Senado o eleitor irá votar duas vezes, as pesquisas possuem um universo de 200%. | Pesquisas para senador[editar | editar código]",wikipedia,,,,,,vianna mdb,Vianna (MDB),Jorge Viana (MDB),0.0051135733481299,False,7.0
2018,BA,Eleições estaduais na Bahia em 2018,https://pt.wikipedia.org/wiki/Elei%C3%A7%C3%B5es_estaduais_na_Bahia_em_2018,1.0,5.0,04 a 6 de outubro de 2018,TV Bahia/Ibope,,,duas_mencoes_agregadas,Nogueira (PSOL),3.0,3%,"Pesquisas para senador | Pesquisa para governador | Primeiro turno | Pesquisas eleitorais | Levando em conta que para o Senado o eleitor irá votar duas vezes, as pesquisas possuem um universo de 200%. | Pesquisas para senador[editar | editar código]",wikipedia,,,,,,nogueira psol,Nogueira (PSOL),Fábio Nogueira (PSOL),0.0139121065173439,False,6.0
2018,BA,Eleições estaduais na Bahia em 2018,https://pt.wikipedia.org/wiki/Elei%C3%A7%C3%B5es_estaduais_na_Bahia_em_2018,1.0,5.0,04 a 6 de outubro de 2018,TV Bahia/Ibope,,,duas_mencoes_agregadas,Maurício (DC),3.0,3%,"Pesquisas para senador | Pesquisa para governador | Primeiro turno | Pesquisas eleitorais | Levando em conta que para o Senado o eleitor irá votar duas vezes, as pesquisas possuem um universo de 200%. | Pesquisas para senador[editar | editar código]",wikipedia,,,,,,mauricio dc,Maurício (DC),Marcos Maurício (DC),0.0033398123005337,False,10.0
2018,BA,Eleições estaduais na Bahia em 2018,https://pt.wikipedia.org/wiki/Elei%C3%A7%C3%B5es_estaduais_na_Bahia_em_2018,1.0,5.0,04 a 6 de outubro de 2018,TV Bahia/Ibope,,,duas_mencoes_agregadas,Rangel (PSL),4.0,4%,"Pesquisas para senador | Pesquisa para governador | Primeiro turno | Pesquisas eleitorais | Levando em conta que para o Senado o eleitor irá votar duas vezes, as pesquisas possuem um universo de 200%. | Pesquisas para senador[editar | editar código]",wikipedia,,,,,,rangel psl,Rangel (PSL),Comadante Rangel (PSL),0.0484973825123633,False,5.0
2018,BA,Eleições estaduais na Bahia em 2018,https://pt.wikipedia.org/wiki/Elei%C3%A7%C3%B5es_estaduais_na_Bahia_em_2018,1.0,5.0,04 a 6 de outubro de 2018,TV Bahia/Ibope,,,duas_mencoes_agregadas,José (REDE),2.0,2%,"Pesquisas para senador | Pesquisa para governador | Primeiro turno | Pesquisas eleitorais | Levando em conta que para o Senado o eleitor irá votar duas vezes, as pesquisas possuem um universo de 200%. | Pesquisas para senador[editar | editar código]",wikipedia,,,,,,jose rede,José (REDE),Francisco José (REDE),0.0037381046472841,False,8.0
2018,BA,Eleições estaduais na Bahia em 2018,https://pt.wikipedia.org/wiki/Elei%C3%A7%C3%B5es_estaduais_na_Bahia_em_2018,1.0,5.0,04 a 6 de outubro de 2018,TV Bahia/Ibope,,,duas_mencoes_agregadas,Santos (PCO),1.0,1%,"Pesquisas para senador | Pesquisa para governador | Primeiro turno | Pesquisas eleitorais | Levando em conta que para o Senado o eleitor irá votar duas vezes, as pesquisas possuem um universo de 200%. | Pesquisas para senador[editar | editar código]",wikipedia,,,,,,santos pco,Santos (PCO),Adroaldo dos Santos (PCO),0.0017783786865235,False,11.0
2018,BA,Eleições estaduais na Bahia em 2018,https://pt.wikipedia.org/wiki/Elei%C3%A7%C3%B5es_estaduais_na_Bahia_em_2018,1.0,5.0,04 a 6 de outubro de 2018,TV Bahia/Ibope,,,duas_mencoes_agregadas,Cotrim (PRTB),1.0,1%,"Pesquisas para senador | Pesquisa para governador | Primeiro turno | Pesquisas eleitorais | Levando em conta que para o Senado o eleitor irá votar duas vezes, as pesquisas possuem um universo de 200%. | Pesquisas para senador[editar | editar código]",wikipedia,,,,,,cotrim prtb,Cotrim (PRTB),Celsinho Cotrim (PRTB),0.0034468575665764,False,9.0
2018,CE,Eleições estaduais no Ceará em 2018,https://pt.wikipedia.org/wiki/Elei%C3%A7%C3%B5es_estaduais_no_Cear%C3%A1_em_2018,1.0,1.0,16 de agosto de 2018,Ibope,±3%,3.0,duas_mencoes_agregadas,Cid (PDT),55.0,55%,"Senado Federal | Governo do Estado | Pesquisas de intenção de voto | Senador | Levando em conta que para o senado o eleitor irá votar duas vezes, as pesquisas possuem um universo de 200% | Senado Federal[editar | editar código]",wikipedia,,,,,,cid pdt,Cid (PDT),Cid Gomes,0.2080813899604543,True,2.0
2018,CE,Eleições estaduais no Ceará em 2018,https://pt.wikipedia.org/wiki/Elei%C3%A7%C3%B5es_estaduais_no_Cear%C3%A1_em_2018,1.0,1.0,16 de agosto de 2018,Ibope,±3%,3.0,duas_mencoes_agregadas,Eunício (MDB),37.0,37%,"Senado Federal | Governo do Estado | Pesquisas de intenção de voto | Senador | Levando em conta que para o senado o eleitor irá votar duas vezes, as pesquisas possuem um universo de 200% | Senado Federal[editar | editar código]",wikipedia,,,,,,eunicio mdb,Eunício (MDB),Eunício,0.0846749509948683,False,4.0
2018,CE,Eleições estaduais no Ceará em 2018,https://pt.wikipedia.org/wiki/Elei%C3%A7%C3%B5es_estaduais_no_Cear%C3%A1_em_2018,1.0,1.0,16 de agosto de 2018,Ibope,±3%,3.0,duas_mencoes_agregadas,Girão (PROS),9.0,9%,"Senado Federal | Governo do Estado | Pesquisas de intenção de voto | Senador | Levando em conta que para o senado o eleitor irá votar duas vezes, as pesquisas possuem um universo de 200% | Senado Federal[editar | editar código]",wikipedia,,,,,,girao pros,Girão (PROS),Girão,0.0854479089016933,False,3.0
2018,CE,Eleições estaduais no Ceará em 2018,https://pt.wikipedia.org/wiki/Elei%C3%A7%C3%B5es_estaduais_no_Cear%C3%A1_em_2018,1.0,1.0,16 de agosto de 2018,Ibope,±3%,3.0,duas_mencoes_agregadas,Mayra (PSDB),6.0,6%,"Senado Federal | Governo do Estado | Pesquisas de intenção de voto | Senador | Levando em conta que para o senado o eleitor irá votar duas vezes, as pesquisas possuem um universo de 200% | Senado Federal[editar | editar código]",wikipedia,,,,,,mayra psdb,Mayra (PSDB),Mayra,0.0568467906295304,False,5.0
2018,CE,Eleições estaduais no Ceará em 2018,https://pt.wikipedia.org/wiki/Elei%C3%A7%C3%B5es_estaduais_no_Cear%C3%A1_em_2018,1.0,1.0,16 de agosto de 2018,Ibope,±3%,3.0,duas_mencoes_agregadas,Ribeiro (PSL),7.0,7%,"Senado Federal | Governo do Estado | Pesquisas de intenção de voto | Senador | Levando em conta que para o senado o eleitor irá votar duas vezes, as pesquisas possuem um universo de 200% | Senado Federal[editar | editar código]",wikipedia,,,,,,ribeiro psl,Ribeiro (PSL),Pinheiro,0.0118556519638596,False,8.0
2018,CE,Eleições estaduais no Ceará em 2018,https://pt.wikipedia.org/wiki/Elei%C3%A7%C3%B5es_estaduais_no_Cear%C3%A1_em_2018,1.0,1.0,16 de agosto de 2018,Ibope,±3%,3.0,duas_mencoes_agregadas,Simões (PSOL),4.0,4%,"Senado Federal | Governo do Estado | Pesquisas de intenção de voto | Senador | Levando em conta que para o senado o eleitor irá votar duas vezes, as pesquisas possuem um universo de 200% | Senado Federal[editar | editar código]",wikipedia,,,,,,simoes psol,Simões (PSOL),Simões,0.0097091195627248,False,9.0
2018,CE,Eleições estaduais no Ceará em 2018,https://pt.wikipedia.org/wiki/Elei%C3%A7%C3%B5es_estaduais_no_Cear%C3%A1_em_2018,1.0,1.0,16 de agosto de 2018,Ibope,±3%,3.0,duas_mencoes_agregadas,Karina (PSOL),4.0,4%,"Senado Federal | Governo do Estado | Pesquisas de intenção de voto | Senador | Levando em conta que para o senado o eleitor irá votar duas vezes, as pesquisas possuem um universo de 200% | Senado Federal[editar | editar código]",wikipedia,,,,,,karina psol,Karina (PSOL),Anna Karina,0.0204258622318703,False,7.0
2018,CE,Eleições estaduais no Ceará em 2018,https://pt.wikipedia.org/wiki/Elei%C3%A7%C3%B5es_estaduais_no_Cear%C3%A1_em_2018,1.0,1.0,16 de agosto de 2018,Ibope,±3%,3.0,duas_mencoes_agregadas,Saraiva (REDE),4.0,4%,"Senado Federal | Governo do Estado | Pesquisas de intenção de voto | Senador | Levando em conta que para o senado o eleitor irá votar duas vezes, as pesquisas possuem um universo de 200% | Senado Federal[editar | editar código]",wikipedia,,,,,,saraiva rede,Saraiva (REDE),Saraiva,0.0013956166525798,False,10.0
2018,CE,Eleições estaduais no Ceará em 2018,https://pt.wikipedia.org/wiki/Elei%C3%A7%C3%B5es_estaduais_no_Cear%C3%A1_em_2018,1.0,1.0,16 de agosto de 2018,Ibope,±3%,3.0,duas_mencoes_agregadas,Pinheiro (PSL),3.0,3%,"Senado Federal | Governo do Estado | Pesquisas de intenção de voto | Senador | Levando em conta que para o senado o eleitor irá votar duas vezes, as pesquisas possuem um universo de 200% | Senado Federal[editar | editar código]",wikipedia,,,,,,pinheiro psl,Pinheiro (PSL),Pinheiro,0.0118556519638596,False,8.0
2018,CE,Eleições estaduais no Ceará em 2018,https://pt.wikipedia.org/wiki/Elei%C3%A7%C3%B5es_estaduais_no_Cear%C3%A1_em_2018,1.0,1.0,16 de agosto de 2018,Ibope,±3%,3.0,duas_mencoes_agregadas,Burns (PTC),2.0,2%,"Senado Federal | Governo do Estado | Pesquisas de intenção de voto | Senador | Levando em conta que para o senado o eleitor irá votar duas vezes, as pesquisas possuem um universo de 200% | Senado Federal[editar | editar código]",wikipedia,,,,,,burns ptc,Burns (PTC),Burns[nota 4],0.0,False,11.0
2018,CE,Eleições estaduais no Ceará em 2018,https://pt.wikipedia.org/wiki/Elei%C3%A7%C3%B5es_estaduais_no_Cear%C3%A1_em_2018,1.0,1.0,16 de agosto de 2018,Ibope,±3%,3.0,duas_mencoes_agregadas,Barroso (PCO),3.0,3%,"Senado Federal | Governo do Estado | Pesquisas de intenção de voto | Senador | Levando em conta que para o senado o eleitor irá votar duas vezes, as pesquisas possuem um universo de 200% | Senado Federal[editar | editar código]",wikipedia,,,,,,barroso pco,Barroso (PCO),Barroso[nota 5],0.0,False,12.0
2018,CE,Eleições estaduais no Ceará em 2018,https://pt.wikipedia.org/wiki/Elei%C3%A7%C3%B5es_estaduais_no_Cear%C3%A1_em_2018,1.0,1.0,16 de agosto de 2018,Ibope,±3%,3.0,duas_mencoes_agregadas,Magela (PSTU),3.0,3%,"Senado Federal | Governo do Estado | Pesquisas de intenção de voto | Senador | Levando em conta que para o senado o eleitor irá votar duas vezes, as pesquisas possuem um universo de 200% | Senado Federal[editar | editar código]",wikipedia,,,,,,magela pstu,Magela (PSTU),Mayra,0.0568467906295304,False,5.0
2018,CE,Eleições estaduais no Ceará em 2018,https://pt.wikipedia.org/wiki/Elei%C3%A7%C3%B5es_estaduais_no_Cear%C3%A1_em_2018,1.0,1.0,16 de agosto de 2018,Ibope,±3%,3.0,duas_mencoes_agregadas,Bardawil (PODE),0.0,0%,"Senado Federal | Governo do Estado | Pesquisas de intenção de voto | Senador | Levando em conta que para o senado o eleitor irá votar duas vezes, as pesquisas possuem um universo de 200% | Senado Federal[editar | editar código]",wikipedia,,,,,,bardawil pode,Bardawil (PODE),Saraiva,0.0013956166525798,False,10.0
2018,CE,Eleições estaduais no Ceará em 2018,https://pt.wikipedia.org/wiki/Elei%C3%A7%C3%B5es_estaduais_no_Cear%C3%A1_em_2018,1.0,2.0,24 de setembro de 2018,Ibope,±3%,3.0,duas_mencoes_agregadas,Cid (PDT),64.0,64%,"Senado Federal | Governo do Estado | Pesquisas de intenção de voto | Senador | Levando em conta que para o senado o eleitor irá votar duas vezes, as pesquisas possuem um universo de 200% | Senado Federal[editar | editar código]",wikipedia,,,,,,cid pdt,Cid (PDT),Cid Gomes,0.2080813899604543,True,2.0
2018,CE,Eleições estaduais no Ceará em 2018,https://pt.wikipedia.org/wiki/Elei%C3%A7%C3%B5es_estaduais_no_Cear%C3%A1_em_2018,1.0,2.0,24 de setembro de 2018,Ibope,±3%,3.0,duas_mencoes_agregadas,Eunício (MDB),39.0,39%,"Senado Federal | Governo do Estado | Pesquisas de intenção de voto | Senador | Levando em conta que para o senado o eleitor irá votar duas vezes, as pesquisas possuem um universo de 200% | Senado Federal[editar | editar código]",wikipedia,,,,,,eunicio mdb,Eunício (MDB),Eunício,0.0846749509948683,False,4.0
2018,CE,Eleições estaduais no Ceará em 2018,https://pt.wikipedia.org/wiki/Elei%C3%A7%C3%B5es_estaduais_no_Cear%C3%A1_em_2018,1.0,2.0,24 de setembro de 2018,Ibope,±3%,3.0,duas_mencoes_agregadas,Girão (PROS),10.0,10%,"Senado Federal | Governo do Estado | Pesquisas de intenção de voto | Senador | Levando em conta que para o senado o eleitor irá votar duas vezes, as pesquisas possuem um universo de 200% | Senado Federal[editar | editar código]",wikipedia,,,,,,girao pros,Girão (PROS),Girão,0.0854479089016933,False,3.0
2018,CE,Eleições estaduais no Ceará em 2018,https://pt.wikipedia.org/wiki/Elei%C3%A7%C3%B5es_estaduais_no_Cear%C3%A1_em_2018,1.0,2.0,24 de setembro de 2018,Ibope,±3%,3.0,duas_mencoes_agregadas,Mayra (PSDB),9.0,9%,"Senado Federal | Governo do Estado | Pesquisas de intenção de voto | Senador | Levando em conta que para o senado o eleitor irá votar duas vezes, as pesquisas possuem um universo de 200% | Senado Federal[editar | editar código]",wikipedia,,,,,,mayra psdb,Mayra (PSDB),Mayra,0.0568467906295304,False,5.0
2018,CE,Eleições estaduais no Ceará em 2018,https://pt.wikipedia.org/wiki/Elei%C3%A7%C3%B5es_estaduais_no_Cear%C3%A1_em_2018,1.0,2.0,24 de setembro de 2018,Ibope,±3%,3.0,duas_mencoes_agregadas,Ribeiro (PSL),3.0,3%,"Senado Federal | Governo do Estado | Pesquisas de intenção de voto | Senador | Levando em conta que para o senado o eleitor irá votar duas vezes, as pesquisas possuem um universo de 200% | Senado Federal[editar | editar código]",wikipedia,,,,,,ribeiro psl,Ribeiro (PSL),Pinheiro,0.0118556519638596,False,8.0
2018,CE,Eleições estaduais no Ceará em 2018,https://pt.wikipedia.org/wiki/Elei%C3%A7%C3%B5es_estaduais_no_Cear%C3%A1_em_2018,1.0,2.0,24 de setembro de 2018,Ibope,±3%,3.0,duas_mencoes_agregadas,Simões (PSOL),3.0,3%,"Senado Federal | Governo do Estado | Pesquisas de intenção de voto | Senador | Levando em conta que para o senado o eleitor irá votar duas vezes, as pesquisas possuem um universo de 200% | Senado Federal[editar | editar código]",wikipedia,,,,,,simoes psol,Simões (PSOL),Simões,0.0097091195627248,False,9.0
2018,CE,Eleições estaduais no Ceará em 2018,https://pt.wikipedia.org/wiki/Elei%C3%A7%C3%B5es_estaduais_no_Cear%C3%A1_em_2018,1.0,2.0,24 de setembro de 2018,Ibope,±3%,3.0,duas_mencoes_agregadas,Karina (PSOL),2.0,2%,"Senado Federal | Governo do Estado | Pesquisas de intenção de voto | Senador | Levando em conta que para o senado o eleitor irá votar duas vezes, as pesquisas possuem um universo de 200% | Senado Federal[editar | editar código]",wikipedia,,,,,,karina psol,Karina (PSOL),Anna Karina,0.0204258622318703,False,7.0
2018,CE,Eleições estaduais no Ceará em 2018,https://pt.wikipedia.org/wiki/Elei%C3%A7%C3%B5es_estaduais_no_Cear%C3%A1_em_2018,1.0,2.0,24 de setembro de 2018,Ibope,±3%,3.0,duas_mencoes_agregadas,Saraiva (REDE),2.0,2%,"Senado Federal | Governo do Estado | Pesquisas de intenção de voto | Senador | Levando em conta que para o senado o eleitor irá votar duas vezes, as pesquisas possuem um universo de 200% | Senado Federal[editar | editar código]",wikipedia,,,,,,saraiva rede,Saraiva (REDE),Saraiva,0.0013956166525798,False,10.0
2018,CE,Eleições estaduais no Ceará em 2018,https://pt.wikipedia.org/wiki/Elei%C3%A7%C3%B5es_estaduais_no_Cear%C3%A1_em_2018,1.0,2.0,24 de setembro de 2018,Ibope,±3%,3.0,duas_mencoes_agregadas,Pinheiro (PSL),2.0,2%,"Senado Federal | Governo do Estado | Pesquisas de intenção de voto | Senador | Levando em conta que para o senado o eleitor irá votar duas vezes, as pesquisas possuem um universo de 200% | Senado Federal[editar | editar código]",wikipedia,,,,,,pinheiro psl,Pinheiro (PSL),Pinheiro,0.0118556519638596,False,8.0
2018,CE,Eleições estaduais no Ceará em 2018,https://pt.wikipedia.org/wiki/Elei%C3%A7%C3%B5es_estaduais_no_Cear%C3%A1_em_2018,1.0,2.0,24 de setembro de 2018,Ibope,±3%,3.0,duas_mencoes_agregadas,Burns (PTC),1.0,1%,"Senado Federal | Governo do Estado | Pesquisas de intenção de voto | Senador | Levando em conta que para o senado o eleitor irá votar duas vezes, as pesquisas possuem um universo de 200% | Senado Federal[editar | editar código]",wikipedia,,,,,,burns ptc,Burns (PTC),Burns[nota 4],0.0,False,11.0
2018,CE,Eleições estaduais no Ceará em 2018,https://pt.wikipedia.org/wiki/Elei%C3%A7%C3%B5es_estaduais_no_Cear%C3%A1_em_2018,1.0,2.0,24 de setembro de 2018,Ibope,±3%,3.0,duas_mencoes_agregadas,Barroso (PCO),1.0,1%,"Senado Federal | Governo do Estado | Pesquisas de intenção de voto | Senador | Levando em conta que para o senado o eleitor irá votar duas vezes, as pesquisas possuem um universo de 200% | Senado Federal[editar | editar código]",wikipedia,,,,,,barroso pco,Barroso (PCO),Barroso[nota 5],0.0,False,12.0
2018,CE,Eleições estaduais no Ceará em 2018,https://pt.wikipedia.org/wiki/Elei%C3%A7%C3%B5es_estaduais_no_Cear%C3%A1_em_2018,1.0,2.0,24 de setembro de 2018,Ibope,±3%,3.0,duas_mencoes_agregadas,Magela (PSTU),1.0,1%,"Senado Federal | Governo do Estado | Pesquisas de intenção de voto | Senador | Levando em conta que para o senado o eleitor irá votar duas vezes, as pesquisas possuem um universo de 200% | Senado Federal[editar | editar código]",wikipedia,,,,,,magela pstu,Magela (PSTU),Mayra,0.0568467906295304,False,5.0
2018,CE,Eleições estaduais no Ceará em 2018,https://pt.wikipedia.org/wiki/Elei%C3%A7%C3%B5es_estaduais_no_Cear%C3%A1_em_2018,1.0,2.0,24 de setembro de 2018,Ibope,±3%,3.0,duas_mencoes_agregadas,Bardawil (PODE),0.0,0%,"Senado Federal | Governo do Estado | Pesquisas de intenção de voto | Senador | Levando em conta que para o senado o eleitor irá votar duas vezes, as pesquisas possuem um universo de 200% | Senado Federal[editar | editar código]",wikipedia,,,,,,bardawil pode,Bardawil (PODE),Saraiva,0.0013956166525798,False,10.0
2018,CE,Eleições estaduais no Ceará em 2018,https://pt.wikipedia.org/wiki/Elei%C3%A7%C3%B5es_estaduais_no_Cear%C3%A1_em_2018,1.0,3.0,6 de outubro de 2018,Ibope,±3%,3.0,duas_mencoes_agregadas,Cid (PDT),70.0,70%,"Senado Federal | Governo do Estado | Pesquisas de intenção de voto | Senador | Levando em conta que para o senado o eleitor irá votar duas vezes, as pesquisas possuem um universo de 200% | Senado Federal[editar | editar código]",wikipedia,,,,,,cid pdt,Cid (PDT),Cid Gomes,0.2080813899604543,True,2.0
2018,CE,Eleições estaduais no Ceará em 2018,https://pt.wikipedia.org/wiki/Elei%C3%A7%C3%B5es_estaduais_no_Cear%C3%A1_em_2018,1.0,3.0,6 de outubro de 2018,Ibope,±3%,3.0,duas_mencoes_agregadas,Eunício (MDB),40.0,40%,"Senado Federal | Governo do Estado | Pesquisas de intenção de voto | Senador | Levando em conta que para o senado o eleitor irá votar duas vezes, as pesquisas possuem um universo de 200% | Senado Federal[editar | editar código]",wikipedia,,,,,,eunicio mdb,Eunício (MDB),Eunício,0.0846749509948683,False,4.0
2018,CE,Eleições estaduais no Ceará em 2018,https://pt.wikipedia.org/wiki/Elei%C3%A7%C3%B5es_estaduais_no_Cear%C3%A1_em_2018,1.0,3.0,6 de outubro de 2018,Ibope,±3%,3.0,duas_mencoes_agregadas,Girão (PROS),16.0,16%,"Senado Federal | Governo do Estado | Pesquisas de intenção de voto | Senador | Levando em conta que para o senado o eleitor irá votar duas vezes, as pesquisas possuem um universo de 200% | Senado Federal[editar | editar código]",wikipedia,,,,,,girao pros,Girão (PROS),Girão,0.0854479089016933,False,3.0
2018,CE,Eleições estaduais no Ceará em 2018,https://pt.wikipedia.org/wiki/Elei%C3%A7%C3%B5es_estaduais_no_Cear%C3%A1_em_2018,1.0,3.0,6 de outubro de 2018,Ibope,±3%,3.0,duas_mencoes_agregadas,Mayra (PSDB),11.0,11%,"Senado Federal | Governo do Estado | Pesquisas de intenção de voto | Senador | Levando em conta que para o senado o eleitor irá votar duas vezes, as pesquisas possuem um universo de 200% | Senado Federal[editar | editar código]",wikipedia,,,,,,mayra psdb,Mayra (PSDB),Mayra,0.0568467906295304,False,5.0
2018,CE,Eleições estaduais no Ceará em 2018,https://pt.wikipedia.org/wiki/Elei%C3%A7%C3%B5es_estaduais_no_Cear%C3%A1_em_2018,1.0,3.0,6 de outubro de 2018,Ibope,±3%,3.0,duas_mencoes_agregadas,Ribeiro (PSL),5.0,5%,"Senado Federal | Governo do Estado | Pesquisas de intenção de voto | Senador | Levando em conta que para o senado o eleitor irá votar duas vezes, as pesquisas possuem um universo de 200% | Senado Federal[editar | editar código]",wikipedia,,,,,,ribeiro psl,Ribeiro (PSL),Pinheiro,0.0118556519638596,False,8.0
2018,CE,Eleições estaduais no Ceará em 2018,https://pt.wikipedia.org/wiki/Elei%C3%A7%C3%B5es_estaduais_no_Cear%C3%A1_em_2018,1.0,3.0,6 de outubro de 2018,Ibope,±3%,3.0,duas_mencoes_agregadas,Simões (PSOL),4.0,4%,"Senado Federal | Governo do Estado | Pesquisas de intenção de voto | Senador | Levando em conta que para o senado o eleitor irá votar duas vezes, as pesquisas possuem um universo de 200% | Senado Federal[editar | editar código]",wikipedia,,,,,,simoes psol,Simões (PSOL),Simões,0.0097091195627248,False,9.0
2018,CE,Eleições estaduais no Ceará em 2018,https://pt.wikipedia.org/wiki/Elei%C3%A7%C3%B5es_estaduais_no_Cear%C3%A1_em_2018,1.0,3.0,6 de outubro de 2018,Ibope,±3%,3.0,duas_mencoes_agregadas,Karina (PSOL),4.0,4%,"Senado Federal | Governo do Estado | Pesquisas de intenção de voto | Senador | Levando em conta que para o senado o eleitor irá votar duas vezes, as pesquisas possuem um universo de 200% | Senado Federal[editar | editar código]",wikipedia,,,,,,karina psol,Karina (PSOL),Anna Karina,0.0204258622318703,False,7.0
2018,CE,Eleições estaduais no Ceará em 2018,https://pt.wikipedia.org/wiki/Elei%C3%A7%C3%B5es_estaduais_no_Cear%C3%A1_em_2018,1.0,3.0,6 de outubro de 2018,Ibope,±3%,3.0,duas_mencoes_agregadas,Saraiva (REDE),2.0,2%,"Senado Federal | Governo do Estado | Pesquisas de intenção de voto | Senador | Levando em conta que para o senado o eleitor irá votar duas vezes, as pesquisas possuem um universo de 200% | Senado Federal[editar | editar código]",wikipedia,,,,,,saraiva rede,Saraiva (REDE),Saraiva,0.0013956166525798,False,10.0
2018,CE,Eleições estaduais no Ceará em 2018,https://pt.wikipedia.org/wiki/Elei%C3%A7%C3%B5es_estaduais_no_Cear%C3%A1_em_2018,1.0,3.0,6 de outubro de 2018,Ibope,±3%,3.0,duas_mencoes_agregadas,Pinheiro (PSL),2.0,2%,"Senado Federal | Governo do Estado | Pesquisas de intenção de voto | Senador | Levando em conta que para o senado o eleitor irá votar duas vezes, as pesquisas possuem um universo de 200% | Senado Federal[editar | editar código]",wikipedia,,,,,,pinheiro psl,Pinheiro (PSL),Pinheiro,0.0118556519638596,False,8.0
2018,CE,Eleições estaduais no Ceará em 2018,https://pt.wikipedia.org/wiki/Elei%C3%A7%C3%B5es_estaduais_no_Cear%C3%A1_em_2018,1.0,3.0,6 de outubro de 2018,Ibope,±3%,3.0,duas_mencoes_agregadas,Burns (PTC),2.0,2%,"Senado Federal | Governo do Estado | Pesquisas de intenção de voto | Senador | Levando em conta que para o senado o eleitor irá votar duas vezes, as pesquisas possuem um universo de 200% | Senado Federal[editar | editar código]",wikipedia,,,,,,burns ptc,Burns (PTC),Burns[nota 4],0.0,False,11.0
2018,CE,Eleições estaduais no Ceará em 2018,https://pt.wikipedia.org/wiki/Elei%C3%A7%C3%B5es_estaduais_no_Cear%C3%A1_em_2018,1.0,3.0,6 de outubro de 2018,Ibope,±3%,3.0,duas_mencoes_agregadas,Barroso (PCO),1.0,1%,"Senado Federal | Governo do Estado | Pesquisas de intenção de voto | Senador | Levando em conta que para o senado o eleitor irá votar duas vezes, as pesquisas possuem um universo de 200% | Senado Federal[editar | editar código]",wikipedia,,,,,,barroso pco,Barroso (PCO),Barroso[nota 5],0.0,False,12.0
2018,CE,Eleições estaduais no Ceará em 2018,https://pt.wikipedia.org/wiki/Elei%C3%A7%C3%B5es_estaduais_no_Cear%C3%A1_em_2018,1.0,3.0,6 de outubro de 2018,Ibope,±3%,3.0,duas_mencoes_agregadas,Magela (PSTU),0.0,0%,"Senado Federal | Governo do Estado | Pesquisas de intenção de voto | Senador | Levando em conta que para o senado o eleitor irá votar duas vezes, as pesquisas possuem um universo de 200% | Senado Federal[editar | editar código]",wikipedia,,,,,,magela pstu,Magela (PSTU),Mayra,0.0568467906295304,False,5.0
2018,CE,Eleições estaduais no Ceará em 2018,https://pt.wikipedia.org/wiki/Elei%C3%A7%C3%B5es_estaduais_no_Cear%C3%A1_em_2018,1.0,3.0,6 de outubro de 2018,Ibope,±3%,3.0,duas_mencoes_agregadas,Bardawil (PODE),0.0,0%,"Senado Federal | Governo do Estado | Pesquisas de intenção de voto | Senador | Levando em conta que para o senado o eleitor irá votar duas vezes, as pesquisas possuem um universo de 200% | Senado Federal[editar | editar código]",wikipedia,,,,,,bardawil pode,Bardawil (PODE),Saraiva,0.0013956166525798,False,10.0
2018,DF,Eleições distritais no Distrito Federal em 2018,https://pt.wikipedia.org/wiki/Elei%C3%A7%C3%B5es_distritais_no_Distrito_Federal_em_2018,1.0,1.0,09/09 a 11/09/2018,Ibope,±3%,3.0,duas_mencoes_agregadas,Leila (PSB),24.0,24%,"Senado Federal | Governador | Pesquisas de intenção de voto | Candidatos ao Senado Federal | Levando em conta que para o senado o eleitor irá votar duas vezes, as pesquisas possuem um universo de 200% | Senado Federal[editar | editar código]",wikipedia,,,,,,leila psb,Leila (PSB),Leila,0.0887837802443576,True,2.0
2018,DF,Eleições distritais no Distrito Federal em 2018,https://pt.wikipedia.org/wiki/Elei%C3%A7%C3%B5es_distritais_no_Distrito_Federal_em_2018,1.0,1.0,09/09 a 11/09/2018,Ibope,±3%,3.0,duas_mencoes_agregadas,Buarque (PPS),21.0,21%,"Senado Federal | Governador | Pesquisas de intenção de voto | Candidatos ao Senado Federal | Levando em conta que para o senado o eleitor irá votar duas vezes, as pesquisas possuem um universo de 200% | Senado Federal[editar | editar código]",wikipedia,,,,,,buarque pps,Buarque (PPS),Marques,0.0237061938182148,False,10.0
2018,DF,Eleições distritais no Distrito Federal em 2018,https://pt.wikipedia.org/wiki/Elei%C3%A7%C3%B5es_distritais_no_Distrito_Federal_em_2018,1.0,1.0,09/09 a 11/09/2018,Ibope,±3%,3.0,duas_mencoes_agregadas,Izalci (PSDB),20.0,20%,"Senado Federal | Governador | Pesquisas de intenção de voto | Candidatos ao Senado Federal | Levando em conta que para o senado o eleitor irá votar duas vezes, as pesquisas possuem um universo de 200% | Senado Federal[editar | editar código]",wikipedia,,,,,,izalci psdb,Izalci (PSDB),Izalci,0.076627010833896,False,3.0
2018,DF,Eleições distritais no Distrito Federal em 2018,https://pt.wikipedia.org/wiki/Elei%C3%A7%C3%B5es_distritais_no_Distrito_Federal_em_2018,1.0,1.0,09/09 a 11/09/2018,Ibope,±3%,3.0,duas_mencoes_agregadas,Leite (REDE),12.0,12%,"Senado Federal | Governador | Pesquisas de intenção de voto | Candidatos ao Senado Federal | Levando em conta que para o senado o eleitor irá votar duas vezes, as pesquisas possuem um universo de 200% | Senado Federal[editar | editar código]",wikipedia,,,,,,leite rede,Leite (REDE),Leila,0.0887837802443576,True,2.0
2018,DF,Eleições distritais no Distrito Federal em 2018,https://pt.wikipedia.org/wiki/Elei%C3%A7%C3%B5es_distritais_no_Distrito_Federal_em_2018,1.0,1.0,09/09 a 11/09/2018,Ibope,±3%,3.0,duas_mencoes_agregadas,Wasny (PT),11.0,11%,"Senado Federal | Governador | Pesquisas de intenção de voto | Candidatos ao Senado Federal | Levando em conta que para o senado o eleitor irá votar duas vezes, as pesquisas possuem um universo de 200% | Senado Federal[editar | editar código]",wikipedia,,,,,,wasny pt,Wasny (PT),Wasny,0.0413863864376824,False,6.0
2018,DF,Eleições distritais no Distrito Federal em 2018,https://pt.wikipedia.org/wiki/Elei%C3%A7%C3%B5es_distritais_no_Distrito_Federal_em_2018,1.0,1.0,09/09 a 11/09/2018,Ibope,±3%,3.0,duas_mencoes_agregadas,Faraj (PRP),6.0,6%,"Senado Federal | Governador | Pesquisas de intenção de voto | Candidatos ao Senado Federal | Levando em conta que para o senado o eleitor irá votar duas vezes, as pesquisas possuem um universo de 200% | Senado Federal[editar | editar código]",wikipedia,,,,,,faraj prp,Faraj (PRP),Faraj,0.0508799480112677,False,5.0
2018,DF,Eleições distritais no Distrito Federal em 2018,https://pt.wikipedia.org/wiki/Elei%C3%A7%C3%B5es_distritais_no_Distrito_Federal_em_2018,1.0,1.0,09/09 a 11/09/2018,Ibope,±3%,3.0,duas_mencoes_agregadas,Marques (SD),1.0,1%,"Senado Federal | Governador | Pesquisas de intenção de voto | Candidatos ao Senado Federal | Levando em conta que para o senado o eleitor irá votar duas vezes, as pesquisas possuem um universo de 200% | Senado Federal[editar | editar código]",wikipedia,,,,,,marques sd,Marques (SD),Marques,0.0237061938182148,False,10.0
2018,DF,Eleições distritais no Distrito Federal em 2018,https://pt.wikipedia.org/wiki/Elei%C3%A7%C3%B5es_distritais_no_Distrito_Federal_em_2018,1.0,1.0,09/09 a 11/09/2018,Ibope,±3%,3.0,duas_mencoes_agregadas,Neves (PT),3.0,3%,"Senado Federal | Governador | Pesquisas de intenção de voto | Candidatos ao Senado Federal | Levando em conta que para o senado o eleitor irá votar duas vezes, as pesquisas possuem um universo de 200% | Senado Federal[editar | editar código]",wikipedia,,,,,,neves pt,Neves (PT),Neves,0.0139979737452347,False,13.0
2018,DF,Eleições distritais no Distrito Federal em 2018,https://pt.wikipedia.org/wiki/Elei%C3%A7%C3%B5es_distritais_no_Distrito_Federal_em_2018,1.0,1.0,09/09 a 11/09/2018,Ibope,±3%,3.0,duas_mencoes_agregadas,Roque (NOVO),3.0,3%,"Senado Federal | Governador | Pesquisas de intenção de voto | Candidatos ao Senado Federal | Levando em conta que para o senado o eleitor irá votar duas vezes, as pesquisas possuem um universo de 200% | Senado Federal[editar | editar código]",wikipedia,,,,,,roque novo,Roque (NOVO),Roque,0.0384969425872973,False,7.0
2018,DF,Eleições distritais no Distrito Federal em 2018,https://pt.wikipedia.org/wiki/Elei%C3%A7%C3%B5es_distritais_no_Distrito_Federal_em_2018,1.0,1.0,09/09 a 11/09/2018,Ibope,±3%,3.0,duas_mencoes_agregadas,Queiroz (PP),3.0,3%,"Senado Federal | Governador | Pesquisas de intenção de voto | Candidatos ao Senado Federal | Levando em conta que para o senado o eleitor irá votar duas vezes, as pesquisas possuem um universo de 200% | Senado Federal[editar | editar código]",wikipedia,,,,,,queiroz pp,Queiroz (PP),Queiroz,0.0,False,19.0
2018,DF,Eleições distritais no Distrito Federal em 2018,https://pt.wikipedia.org/wiki/Elei%C3%A7%C3%B5es_distritais_no_Distrito_Federal_em_2018,1.0,1.0,09/09 a 11/09/2018,Ibope,±3%,3.0,duas_mencoes_agregadas,Átila (PRTB),2.0,2%,"Senado Federal | Governador | Pesquisas de intenção de voto | Candidatos ao Senado Federal | Levando em conta que para o senado o eleitor irá votar duas vezes, as pesquisas possuem um universo de 200% | Senado Federal[editar | editar código]",wikipedia,,,,,,atila prtb,Átila (PRTB),Átila,0.0257311200163072,False,9.0
2018,DF,Eleições distritais no Distrito Federal em 2018,https://pt.wikipedia.org/wiki/Elei%C3%A7%C3%B5es_distritais_no_Distrito_Federal_em_2018,1.0,1.0,09/09 a 11/09/2018,Ibope,±3%,3.0,duas_mencoes_agregadas,Ribeiro (PMN),2.0,2%,"Senado Federal | Governador | Pesquisas de intenção de voto | Candidatos ao Senado Federal | Levando em conta que para o senado o eleitor irá votar duas vezes, as pesquisas possuem um universo de 200% | Senado Federal[editar | editar código]",wikipedia,,,,,,ribeiro pmn,Ribeiro (PMN),Ribeiro,0.0147436795313725,False,12.0
2018,DF,Eleições distritais no Distrito Federal em 2018,https://pt.wikipedia.org/wiki/Elei%C3%A7%C3%B5es_distritais_no_Distrito_Federal_em_2018,1.0,1.0,09/09 a 11/09/2018,Ibope,±3%,3.0,duas_mencoes_agregadas,Pereira (PSOL),1.0,1%,"Senado Federal | Governador | Pesquisas de intenção de voto | Candidatos ao Senado Federal | Levando em conta que para o senado o eleitor irá votar duas vezes, as pesquisas possuem um universo de 200% | Senado Federal[editar | editar código]",wikipedia,,,,,,pereira psol,Pereira (PSOL),Ferraz,0.0,False,17.0
2018,DF,Eleições distritais no Distrito Federal em 2018,https://pt.wikipedia.org/wiki/Elei%C3%A7%C3%B5es_distritais_no_Distrito_Federal_em_2018,1.0,1.0,09/09 a 11/09/2018,Ibope,±3%,3.0,duas_mencoes_agregadas,Sant'Anna (PSOL),2.0,2%,"Senado Federal | Governador | Pesquisas de intenção de voto | Candidatos ao Senado Federal | Levando em conta que para o senado o eleitor irá votar duas vezes, as pesquisas possuem um universo de 200% | Senado Federal[editar | editar código]",wikipedia,,,,,,sant'anna psol,Sant'Anna (PSOL),Sant'anna,0.0032405651800758,False,15.0
2018,DF,Eleições distritais no Distrito Federal em 2018,https://pt.wikipedia.org/wiki/Elei%C3%A7%C3%B5es_distritais_no_Distrito_Federal_em_2018,1.0,1.0,09/09 a 11/09/2018,Ibope,±3%,3.0,duas_mencoes_agregadas,Amábile (PR),2.0,2%,"Senado Federal | Governador | Pesquisas de intenção de voto | Candidatos ao Senado Federal | Levando em conta que para o senado o eleitor irá votar duas vezes, as pesquisas possuem um universo de 200% | Senado Federal[editar | editar código]",wikipedia,,,,,,amabile pr,Amábile (PR),Amábile,0.0081780902567816,False,14.0
2018,DF,Eleições distritais no Distrito Federal em 2018,https://pt.wikipedia.org/wiki/Elei%C3%A7%C3%B5es_distritais_no_Distrito_Federal_em_2018,1.0,1.0,09/09 a 11/09/2018,Ibope,±3%,3.0,duas_mencoes_agregadas,Matoso (PCO),1.0,1%,"Senado Federal | Governador | Pesquisas de intenção de voto | Candidatos ao Senado Federal | Levando em conta que para o senado o eleitor irá votar duas vezes, as pesquisas possuem um universo de 200% | Senado Federal[editar | editar código]",wikipedia,,,,,,matoso pco,Matoso (PCO),Matoso,0.0,False,18.0
2018,DF,Eleições distritais no Distrito Federal em 2018,https://pt.wikipedia.org/wiki/Elei%C3%A7%C3%B5es_distritais_no_Distrito_Federal_em_2018,1.0,1.0,09/09 a 11/09/2018,Ibope,±3%,3.0,duas_mencoes_agregadas,Ferraz (PPL),1.0,1%,"Senado Federal | Governador | Pesquisas de intenção de voto | Candidatos ao Senado Federal | Levando em conta que para o senado o eleitor irá votar duas vezes, as pesquisas possuem um universo de 200% | Senado Federal[editar | editar código]",wikipedia,,,,,,ferraz ppl,Ferraz (PPL),Ferraz,0.0,False,17.0
2018,DF,Eleições distritais no Distrito Federal em 2018,https://pt.wikipedia.org/wiki/Elei%C3%A7%C3%B5es_distritais_no_Distrito_Federal_em_2018,1.0,1.0,09/09 a 11/09/2018,Ibope,±3%,3.0,duas_mencoes_agregadas,Teixeira (PSDB),1.0,1%,"Senado Federal | Governador | Pesquisas de intenção de voto | Candidatos ao Senado Federal | Levando em conta que para o senado o eleitor irá votar duas vezes, as pesquisas possuem um universo de 200% | Senado Federal[editar | editar código]",wikipedia,,,,,,teixeira psdb,Teixeira (PSDB),Ribeiro,0.0147436795313725,False,12.0
2018,DF,Eleições distritais no Distrito Federal em 2018,https://pt.wikipedia.org/wiki/Elei%C3%A7%C3%B5es_distritais_no_Distrito_Federal_em_2018,1.0,1.0,09/09 a 11/09/2018,Ibope,±3%,3.0,duas_mencoes_agregadas,Walisson (PTB),1.0,1%,"Senado Federal | Governador | Pesquisas de intenção de voto | Candidatos ao Senado Federal | Levando em conta que para o senado o eleitor irá votar duas vezes, as pesquisas possuem um universo de 200% | Senado Federal[editar | editar código]",wikipedia,,,,,,walisson ptb,Walisson (PTB),Wasny,0.0413863864376824,False,6.0
2018,DF,Eleições distritais no Distrito Federal em 2018,https://pt.wikipedia.org/wiki/Elei%C3%A7%C3%B5es_distritais_no_Distrito_Federal_em_2018,1.0,1.0,09/09 a 11/09/2018,Ibope,±3%,3.0,duas_mencoes_agregadas,Robson (PSTU),1.0,1%,"Senado Federal | Governador | Pesquisas de intenção de voto | Candidatos ao Senado Federal | Levando em conta que para o senado o eleitor irá votar duas vezes, as pesquisas possuem um universo de 200% | Senado Federal[editar | editar código]",wikipedia,,,,,,robson pstu,Robson (PSTU),Robson,0.0010095212716893,False,16.0
2018,DF,Eleições distritais no Distrito Federal em 2018,https://pt.wikipedia.org/wiki/Elei%C3%A7%C3%B5es_distritais_no_Distrito_Federal_em_2018,1.0,2.0,14/09 a 16/09/2018,Ibope,±3%,3.0,duas_mencoes_agregadas,Leila (PSB),25.0,25%,"Senado Federal | Governador | Pesquisas de intenção de voto | Candidatos ao Senado Federal | Levando em conta que para o senado o eleitor irá votar duas vezes, as pesquisas possuem um universo de 200% | Senado Federal[editar | editar código]",wikipedia,,,,,,leila psb,Leila (PSB),Leila,0.0887837802443576,True,2.0
2018,DF,Eleições distritais no Distrito Federal em 2018,https://pt.wikipedia.org/wiki/Elei%C3%A7%C3%B5es_distritais_no_Distrito_Federal_em_2018,1.0,2.0,14/09 a 16/09/2018,Ibope,±3%,3.0,duas_mencoes_agregadas,Buarque (PPS),20.0,20%,"Senado Federal | Governador | Pesquisas de intenção de voto | Candidatos ao Senado Federal | Levando em conta que para o senado o eleitor irá votar duas vezes, as pesquisas possuem um universo de 200% | Senado Federal[editar | editar código]",wikipedia,,,,,,buarque pps,Buarque (PPS),Marques,0.0237061938182148,False,10.0
2018,DF,Eleições distritais no Distrito Federal em 2018,https://pt.wikipedia.org/wiki/Elei%C3%A7%C3%B5es_distritais_no_Distrito_Federal_em_2018,1.0,2.0,14/09 a 16/09/2018,Ibope,±3%,3.0,duas_mencoes_agregadas,Izalci (PSDB),19.0,19%,"Senado Federal | Governador | Pesquisas de intenção de voto | Candidatos ao Senado Federal | Levando em conta que para o senado o eleitor irá votar duas vezes, as pesquisas possuem um universo de 200% | Senado Federal[editar | editar código]",wikipedia,,,,,,izalci psdb,Izalci (PSDB),Izalci,0.076627010833896,False,3.0
2018,DF,Eleições distritais no Distrito Federal em 2018,https://pt.wikipedia.org/wiki/Elei%C3%A7%C3%B5es_distritais_no_Distrito_Federal_em_2018,1.0,2.0,14/09 a 16/09/2018,Ibope,±3%,3.0,duas_mencoes_agregadas,Leite (REDE),11.0,11%,"Senado Federal | Governador | Pesquisas de intenção de voto | Candidatos ao Senado Federal | Levando em conta que para o senado o eleitor irá votar duas vezes, as pesquisas possuem um universo de 200% | Senado Federal[editar | editar código]",wikipedia,,,,,,leite rede,Leite (REDE),Leila,0.0887837802443576,True,2.0
2018,DF,Eleições distritais no Distrito Federal em 2018,https://pt.wikipedia.org/wiki/Elei%C3%A7%C3%B5es_distritais_no_Distrito_Federal_em_2018,1.0,2.0,14/09 a 16/09/2018,Ibope,±3%,3.0,duas_mencoes_agregadas,Wasny (PT),11.0,11%,"Senado Federal | Governador | Pesquisas de intenção de voto | Candidatos ao Senado Federal | Levando em conta que para o senado o eleitor irá votar duas vezes, as pesquisas possuem um universo de 200% | Senado Federal[editar | editar código]",wikipedia,,,,,,wasny pt,Wasny (PT),Wasny,0.0413863864376824,False,6.0
2018,DF,Eleições distritais no Distrito Federal em 2018,https://pt.wikipedia.org/wiki/Elei%C3%A7%C3%B5es_distritais_no_Distrito_Federal_em_2018,1.0,2.0,14/09 a 16/09/2018,Ibope,±3%,3.0,duas_mencoes_agregadas,Faraj (PRP),7.0,7%,"Senado Federal | Governador | Pesquisas de intenção de voto | Candidatos ao Senado Federal | Levando em conta que para o senado o eleitor irá votar duas vezes, as pesquisas possuem um universo de 200% | Senado Federal[editar | editar código]",wikipedia,,,,,,faraj prp,Faraj (PRP),Faraj,0.0508799480112677,False,5.0
2018,DF,Eleições distritais no Distrito Federal em 2018,https://pt.wikipedia.org/wiki/Elei%C3%A7%C3%B5es_distritais_no_Distrito_Federal_em_2018,1.0,2.0,14/09 a 16/09/2018,Ibope,±3%,3.0,duas_mencoes_agregadas,Marques (SD),2.0,2%,"Senado Federal | Governador | Pesquisas de intenção de voto | Candidatos ao Senado Federal | Levando em conta que para o senado o eleitor irá votar duas vezes, as pesquisas possuem um universo de 200% | Senado Federal[editar | editar código]",wikipedia,,,,,,marques sd,Marques (SD),Marques,0.0237061938182148,False,10.0
2018,DF,Eleições distritais no Distrito Federal em 2018,https://pt.wikipedia.org/wiki/Elei%C3%A7%C3%B5es_distritais_no_Distrito_Federal_em_2018,1.0,2.0,14/09 a 16/09/2018,Ibope,±3%,3.0,duas_mencoes_agregadas,Neves (PT),4.0,4%,"Senado Federal | Governador | Pesquisas de intenção de voto | Candidatos ao Senado Federal | Levando em conta que para o senado o eleitor irá votar duas vezes, as pesquisas possuem um universo de 200% | Senado Federal[editar | editar código]",wikipedia,,,,,,neves pt,Neves (PT),Neves,0.0139979737452347,False,13.0
2018,DF,Eleições distritais no Distrito Federal em 2018,https://pt.wikipedia.org/wiki/Elei%C3%A7%C3%B5es_distritais_no_Distrito_Federal_em_2018,1.0,2.0,14/09 a 16/09/2018,Ibope,±3%,3.0,duas_mencoes_agregadas,Roque (NOVO),3.0,3%,"Senado Federal | Governador | Pesquisas de intenção de voto | Candidatos ao Senado Federal | Levando em conta que para o senado o eleitor irá votar duas vezes, as pesquisas possuem um universo de 200% | Senado Federal[editar | editar código]",wikipedia,,,,,,roque novo,Roque (NOVO),Roque,0.0384969425872973,False,7.0
2018,DF,Eleições distritais no Distrito Federal em 2018,https://pt.wikipedia.org/wiki/Elei%C3%A7%C3%B5es_distritais_no_Distrito_Federal_em_2018,1.0,2.0,14/09 a 16/09/2018,Ibope,±3%,3.0,duas_mencoes_agregadas,Queiroz (PP),2.0,2%,"Senado Federal | Governador | Pesquisas de intenção de voto | Candidatos ao Senado Federal | Levando em conta que para o senado o eleitor irá votar duas vezes, as pesquisas possuem um universo de 200% | Senado Federal[editar | editar código]",wikipedia,,,,,,queiroz pp,Queiroz (PP),Queiroz,0.0,False,19.0
2018,DF,Eleições distritais no Distrito Federal em 2018,https://pt.wikipedia.org/wiki/Elei%C3%A7%C3%B5es_distritais_no_Distrito_Federal_em_2018,1.0,2.0,14/09 a 16/09/2018,Ibope,±3%,3.0,duas_mencoes_agregadas,Átila (PRTB),2.0,2%,"Senado Federal | Governador | Pesquisas de intenção de voto | Candidatos ao Senado Federal | Levando em conta que para o senado o eleitor irá votar duas vezes, as pesquisas possuem um universo de 200% | Senado Federal[editar | editar código]",wikipedia,,,,,,atila prtb,Átila (PRTB),Átila,0.0257311200163072,False,9.0
2018,DF,Eleições distritais no Distrito Federal em 2018,https://pt.wikipedia.org/wiki/Elei%C3%A7%C3%B5es_distritais_no_Distrito_Federal_em_2018,1.0,2.0,14/09 a 16/09/2018,Ibope,±3%,3.0,duas_mencoes_agregadas,Ribeiro (PMN),2.0,2%,"Senado Federal | Governador | Pesquisas de intenção de voto | Candidatos ao Senado Federal | Levando em conta que para o senado o eleitor irá votar duas vezes, as pesquisas possuem um universo de 200% | Senado Federal[editar | editar código]",wikipedia,,,,,,ribeiro pmn,Ribeiro (PMN),Ribeiro,0.0147436795313725,False,12.0
2018,DF,Eleições distritais no Distrito Federal em 2018,https://pt.wikipedia.org/wiki/Elei%C3%A7%C3%B5es_distritais_no_Distrito_Federal_em_2018,1.0,2.0,14/09 a 16/09/2018,Ibope,±3%,3.0,duas_mencoes_agregadas,Pereira (PSOL),2.0,2%,"Senado Federal | Governador | Pesquisas de intenção de voto | Candidatos ao Senado Federal | Levando em conta que para o senado o eleitor irá votar duas vezes, as pesquisas possuem um universo de 200% | Senado Federal[editar | editar código]",wikipedia,,,,,,pereira psol,Pereira (PSOL),Ferraz,0.0,False,17.0
2018,DF,Eleições distritais no Distrito Federal em 2018,https://pt.wikipedia.org/wiki/Elei%C3%A7%C3%B5es_distritais_no_Distrito_Federal_em_2018,1.0,2.0,14/09 a 16/09/2018,Ibope,±3%,3.0,duas_mencoes_agregadas,Sant'Anna (PSOL),2.0,2%,"Senado Federal | Governador | Pesquisas de intenção de voto | Candidatos ao Senado Federal | Levando em conta que para o senado o eleitor irá votar duas vezes, as pesquisas possuem um universo de 200% | Senado Federal[editar | editar código]",wikipedia,,,,,,sant'anna psol,Sant'Anna (PSOL),Sant'anna,0.0032405651800758,False,15.0
2018,DF,Eleições distritais no Distrito Federal em 2018,https://pt.wikipedia.org/wiki/Elei%C3%A7%C3%B5es_distritais_no_Distrito_Federal_em_2018,1.0,2.0,14/09 a 16/09/2018,Ibope,±3%,3.0,duas_mencoes_agregadas,Amábile (PR),2.0,2%,"Senado Federal | Governador | Pesquisas de intenção de voto | Candidatos ao Senado Federal | Levando em conta que para o senado o eleitor irá votar duas vezes, as pesquisas possuem um universo de 200% | Senado Federal[editar | editar código]",wikipedia,,,,,,amabile pr,Amábile (PR),Amábile,0.0081780902567816,False,14.0
2018,DF,Eleições distritais no Distrito Federal em 2018,https://pt.wikipedia.org/wiki/Elei%C3%A7%C3%B5es_distritais_no_Distrito_Federal_em_2018,1.0,2.0,14/09 a 16/09/2018,Ibope,±3%,3.0,duas_mencoes_agregadas,Matoso (PCO),1.0,1%,"Senado Federal | Governador | Pesquisas de intenção de voto | Candidatos ao Senado Federal | Levando em conta que para o senado o eleitor irá votar duas vezes, as pesquisas possuem um universo de 200% | Senado Federal[editar | editar código]",wikipedia,,,,,,matoso pco,Matoso (PCO),Matoso,0.0,False,18.0
2018,DF,Eleições distritais no Distrito Federal em 2018,https://pt.wikipedia.org/wiki/Elei%C3%A7%C3%B5es_distritais_no_Distrito_Federal_em_2018,1.0,2.0,14/09 a 16/09/2018,Ibope,±3%,3.0,duas_mencoes_agregadas,Ferraz (PPL),1.0,1%,"Senado Federal | Governador | Pesquisas de intenção de voto | Candidatos ao Senado Federal | Levando em conta que para o senado o eleitor irá votar duas vezes, as pesquisas possuem um universo de 200% | Senado Federal[editar | editar código]",wikipedia,,,,,,ferraz ppl,Ferraz (PPL),Ferraz,0.0,False,17.0
2018,DF,Eleições distritais no Distrito Federal em 2018,https://pt.wikipedia.org/wiki/Elei%C3%A7%C3%B5es_distritais_no_Distrito_Federal_em_2018,1.0,2.0,14/09 a 16/09/2018,Ibope,±3%,3.0,duas_mencoes_agregadas,Teixeira (PSDB),1.0,1%,"Senado Federal | Governador | Pesquisas de intenção de voto | Candidatos ao Senado Federal | Levando em conta que para o senado o eleitor irá votar duas vezes, as pesquisas possuem um universo de 200% | Senado Federal[editar | editar código]",wikipedia,,,,,,teixeira psdb,Teixeira (PSDB),Ribeiro,0.0147436795313725,False,12.0
2018,DF,Eleições distritais no Distrito Federal em 2018,https://pt.wikipedia.org/wiki/Elei%C3%A7%C3%B5es_distritais_no_Distrito_Federal_em_2018,1.0,2.0,14/09 a 16/09/2018,Ibope,±3%,3.0,duas_mencoes_agregadas,Walisson (PTB),1.0,1%,"Senado Federal | Governador | Pesquisas de intenção de voto | Candidatos ao Senado Federal | Levando em conta que para o senado o eleitor irá votar duas vezes, as pesquisas possuem um universo de 200% | Senado Federal[editar | editar código]",wikipedia,,,,,,walisson ptb,Walisson (PTB),Wasny,0.0413863864376824,False,6.0
2018,DF,Eleições distritais no Distrito Federal em 2018,https://pt.wikipedia.org/wiki/Elei%C3%A7%C3%B5es_distritais_no_Distrito_Federal_em_2018,1.0,2.0,14/09 a 16/09/2018,Ibope,±3%,3.0,duas_mencoes_agregadas,Robson (PSTU),1.0,1%,"Senado Federal | Governador | Pesquisas de intenção de voto | Candidatos ao Senado Federal | Levando em conta que para o senado o eleitor irá votar duas vezes, as pesquisas possuem um universo de 200% | Senado Federal[editar | editar código]",wikipedia,,,,,,robson pstu,Robson (PSTU),Robson,0.0010095212716893,False,16.0
2018,DF,Eleições distritais no Distrito Federal em 2018,https://pt.wikipedia.org/wiki/Elei%C3%A7%C3%B5es_distritais_no_Distrito_Federal_em_2018,1.0,3.0,24/09 a 26/09/2018,Ibope,±3%,3.0,duas_mencoes_agregadas,Leila (PSB),25.0,25%,"Senado Federal | Governador | Pesquisas de intenção de voto | Candidatos ao Senado Federal | Levando em conta que para o senado o eleitor irá votar duas vezes, as pesquisas possuem um universo de 200% | Senado Federal[editar | editar código]",wikipedia,,,,,,leila psb,Leila (PSB),Leila,0.0887837802443576,True,2.0
2018,DF,Eleições distritais no Distrito Federal em 2018,https://pt.wikipedia.org/wiki/Elei%C3%A7%C3%B5es_distritais_no_Distrito_Federal_em_2018,1.0,3.0,24/09 a 26/09/2018,Ibope,±3%,3.0,duas_mencoes_agregadas,Buarque (PPS),22.0,22%,"Senado Federal | Governador | Pesquisas de intenção de voto | Candidatos ao Senado Federal | Levando em conta que para o senado o eleitor irá votar duas vezes, as pesquisas possuem um universo de 200% | Senado Federal[editar | editar código]",wikipedia,,,,,,buarque pps,Buarque (PPS),Marques,0.0237061938182148,False,10.0
2018,DF,Eleições distritais no Distrito Federal em 2018,https://pt.wikipedia.org/wiki/Elei%C3%A7%C3%B5es_distritais_no_Distrito_Federal_em_2018,1.0,3.0,24/09 a 26/09/2018,Ibope,±3%,3.0,duas_mencoes_agregadas,Izalci (PSDB),22.0,22%,"Senado Federal | Governador | Pesquisas de intenção de voto | Candidatos ao Senado Federal | Levando em conta que para o senado o eleitor irá votar duas vezes, as pesquisas possuem um universo de 200% | Senado Federal[editar | editar código]",wikipedia,,,,,,izalci psdb,Izalci (PSDB),Izalci,0.076627010833896,False,3.0
2018,DF,Eleições distritais no Distrito Federal em 2018,https://pt.wikipedia.org/wiki/Elei%C3%A7%C3%B5es_distritais_no_Distrito_Federal_em_2018,1.0,3.0,24/09 a 26/09/2018,Ibope,±3%,3.0,duas_mencoes_agregadas,Leite (REDE),15.0,15%,"Senado Federal | Governador | Pesquisas de intenção de voto | Candidatos ao Senado Federal | Levando em conta que para o senado o eleitor irá votar duas vezes, as pesquisas possuem um universo de 200% | Senado Federal[editar | editar código]",wikipedia,,,,,,leite rede,Leite (REDE),Leila,0.0887837802443576,True,2.0
2018,DF,Eleições distritais no Distrito Federal em 2018,https://pt.wikipedia.org/wiki/Elei%C3%A7%C3%B5es_distritais_no_Distrito_Federal_em_2018,1.0,3.0,24/09 a 26/09/2018,Ibope,±3%,3.0,duas_mencoes_agregadas,Wasny (PT),13.0,13%,"Senado Federal | Governador | Pesquisas de intenção de voto | Candidatos ao Senado Federal | Levando em conta que para o senado o eleitor irá votar duas vezes, as pesquisas possuem um universo de 200% | Senado Federal[editar | editar código]",wikipedia,,,,,,wasny pt,Wasny (PT),Wasny,0.0413863864376824,False,6.0
2018,DF,Eleições distritais no Distrito Federal em 2018,https://pt.wikipedia.org/wiki/Elei%C3%A7%C3%B5es_distritais_no_Distrito_Federal_em_2018,1.0,3.0,24/09 a 26/09/2018,Ibope,±3%,3.0,duas_mencoes_agregadas,Faraj (PRP),8.0,8%,"Senado Federal | Governador | Pesquisas de intenção de voto | Candidatos ao Senado Federal | Levando em conta que para o senado o eleitor irá votar duas vezes, as pesquisas possuem um universo de 200% | Senado Federal[editar | editar código]",wikipedia,,,,,,faraj prp,Faraj (PRP),Faraj,0.0508799480112677,False,5.0
2018,DF,Eleições distritais no Distrito Federal em 2018,https://pt.wikipedia.org/wiki/Elei%C3%A7%C3%B5es_distritais_no_Distrito_Federal_em_2018,1.0,3.0,24/09 a 26/09/2018,Ibope,±3%,3.0,duas_mencoes_agregadas,Marques (SD),3.0,3%,"Senado Federal | Governador | Pesquisas de intenção de voto | Candidatos ao Senado Federal | Levando em conta que para o senado o eleitor irá votar duas vezes, as pesquisas possuem um universo de 200% | Senado Federal[editar | editar código]",wikipedia,,,,,,marques sd,Marques (SD),Marques,0.0237061938182148,False,10.0
2018,DF,Eleições distritais no Distrito Federal em 2018,https://pt.wikipedia.org/wiki/Elei%C3%A7%C3%B5es_distritais_no_Distrito_Federal_em_2018,1.0,3.0,24/09 a 26/09/2018,Ibope,±3%,3.0,duas_mencoes_agregadas,Neves (PT),3.0,3%,"Senado Federal | Governador | Pesquisas de intenção de voto | Candidatos ao Senado Federal | Levando em conta que para o senado o eleitor irá votar duas vezes, as pesquisas possuem um universo de 200% | Senado Federal[editar | editar código]",wikipedia,,,,,,neves pt,Neves (PT),Neves,0.0139979737452347,False,13.0
2018,DF,Eleições distritais no Distrito Federal em 2018,https://pt.wikipedia.org/wiki/Elei%C3%A7%C3%B5es_distritais_no_Distrito_Federal_em_2018,1.0,3.0,24/09 a 26/09/2018,Ibope,±3%,3.0,duas_mencoes_agregadas,Roque (NOVO),3.0,3%,"Senado Federal | Governador | Pesquisas de intenção de voto | Candidatos ao Senado Federal | Levando em conta que para o senado o eleitor irá votar duas vezes, as pesquisas possuem um universo de 200% | Senado Federal[editar | editar código]",wikipedia,,,,,,roque novo,Roque (NOVO),Roque,0.0384969425872973,False,7.0
2018,DF,Eleições distritais no Distrito Federal em 2018,https://pt.wikipedia.org/wiki/Elei%C3%A7%C3%B5es_distritais_no_Distrito_Federal_em_2018,1.0,3.0,24/09 a 26/09/2018,Ibope,±3%,3.0,duas_mencoes_agregadas,Queiroz (PP),2.0,2%,"Senado Federal | Governador | Pesquisas de intenção de voto | Candidatos ao Senado Federal | Levando em conta que para o senado o eleitor irá votar duas vezes, as pesquisas possuem um universo de 200% | Senado Federal[editar | editar código]",wikipedia,,,,,,queiroz pp,Queiroz (PP),Queiroz,0.0,False,19.0
2018,DF,Eleições distritais no Distrito Federal em 2018,https://pt.wikipedia.org/wiki/Elei%C3%A7%C3%B5es_distritais_no_Distrito_Federal_em_2018,1.0,3.0,24/09 a 26/09/2018,Ibope,±3%,3.0,duas_mencoes_agregadas,Átila (PRTB),2.0,2%,"Senado Federal | Governador | Pesquisas de intenção de voto | Candidatos ao Senado Federal | Levando em conta que para o senado o eleitor irá votar duas vezes, as pesquisas possuem um universo de 200% | Senado Federal[editar | editar código]",wikipedia,,,,,,atila prtb,Átila (PRTB),Átila,0.0257311200163072,False,9.0
2018,DF,Eleições distritais no Distrito Federal em 2018,https://pt.wikipedia.org/wiki/Elei%C3%A7%C3%B5es_distritais_no_Distrito_Federal_em_2018,1.0,3.0,24/09 a 26/09/2018,Ibope,±3%,3.0,duas_mencoes_agregadas,Ribeiro (PMN),2.0,2%,"Senado Federal | Governador | Pesquisas de intenção de voto | Candidatos ao Senado Federal | Levando em conta que para o senado o eleitor irá votar duas vezes, as pesquisas possuem um universo de 200% | Senado Federal[editar | editar código]",wikipedia,,,,,,ribeiro pmn,Ribeiro (PMN),Ribeiro,0.0147436795313725,False,12.0
2018,DF,Eleições distritais no Distrito Federal em 2018,https://pt.wikipedia.org/wiki/Elei%C3%A7%C3%B5es_distritais_no_Distrito_Federal_em_2018,1.0,3.0,24/09 a 26/09/2018,Ibope,±3%,3.0,duas_mencoes_agregadas,Pereira (PSOL),2.0,2%,"Senado Federal | Governador | Pesquisas de intenção de voto | Candidatos ao Senado Federal | Levando em conta que para o senado o eleitor irá votar duas vezes, as pesquisas possuem um universo de 200% | Senado Federal[editar | editar código]",wikipedia,,,,,,pereira psol,Pereira (PSOL),Ferraz,0.0,False,17.0
2018,DF,Eleições distritais no Distrito Federal em 2018,https://pt.wikipedia.org/wiki/Elei%C3%A7%C3%B5es_distritais_no_Distrito_Federal_em_2018,1.0,3.0,24/09 a 26/09/2018,Ibope,±3%,3.0,duas_mencoes_agregadas,Sant'Anna (PSOL),1.0,1%,"Senado Federal | Governador | Pesquisas de intenção de voto | Candidatos ao Senado Federal | Levando em conta que para o senado o eleitor irá votar duas vezes, as pesquisas possuem um universo de 200% | Senado Federal[editar | editar código]",wikipedia,,,,,,sant'anna psol,Sant'Anna (PSOL),Sant'anna,0.0032405651800758,False,15.0
2018,DF,Eleições distritais no Distrito Federal em 2018,https://pt.wikipedia.org/wiki/Elei%C3%A7%C3%B5es_distritais_no_Distrito_Federal_em_2018,1.0,3.0,24/09 a 26/09/2018,Ibope,±3%,3.0,duas_mencoes_agregadas,Amábile (PR),1.0,1%,"Senado Federal | Governador | Pesquisas de intenção de voto | Candidatos ao Senado Federal | Levando em conta que para o senado o eleitor irá votar duas vezes, as pesquisas possuem um universo de 200% | Senado Federal[editar | editar código]",wikipedia,,,,,,amabile pr,Amábile (PR),Amábile,0.0081780902567816,False,14.0
2018,DF,Eleições distritais no Distrito Federal em 2018,https://pt.wikipedia.org/wiki/Elei%C3%A7%C3%B5es_distritais_no_Distrito_Federal_em_2018,1.0,3.0,24/09 a 26/09/2018,Ibope,±3%,3.0,duas_mencoes_agregadas,Matoso (PCO),1.0,1%,"Senado Federal | Governador | Pesquisas de intenção de voto | Candidatos ao Senado Federal | Levando em conta que para o senado o eleitor irá votar duas vezes, as pesquisas possuem um universo de 200% | Senado Federal[editar | editar código]",wikipedia,,,,,,matoso pco,Matoso (PCO),Matoso,0.0,False,18.0
2018,DF,Eleições distritais no Distrito Federal em 2018,https://pt.wikipedia.org/wiki/Elei%C3%A7%C3%B5es_distritais_no_Distrito_Federal_em_2018,1.0,3.0,24/09 a 26/09/2018,Ibope,±3%,3.0,duas_mencoes_agregadas,Ferraz (PPL),1.0,1%,"Senado Federal | Governador | Pesquisas de intenção de voto | Candidatos ao Senado Federal | Levando em conta que para o senado o eleitor irá votar duas vezes, as pesquisas possuem um universo de 200% | Senado Federal[editar | editar código]",wikipedia,,,,,,ferraz ppl,Ferraz (PPL),Ferraz,0.0,False,17.0
2018,DF,Eleições distritais no Distrito Federal em 2018,https://pt.wikipedia.org/wiki/Elei%C3%A7%C3%B5es_distritais_no_Distrito_Federal_em_2018,1.0,3.0,24/09 a 26/09/2018,Ibope,±3%,3.0,duas_mencoes_agregadas,Teixeira (PSDB),1.0,1%,"Senado Federal | Governador | Pesquisas de intenção de voto | Candidatos ao Senado Federal | Levando em conta que para o senado o eleitor irá votar duas vezes, as pesquisas possuem um universo de 200% | Senado Federal[editar | editar código]",wikipedia,,,,,,teixeira psdb,Teixeira (PSDB),Ribeiro,0.0147436795313725,False,12.0
2018,DF,Eleições distritais no Distrito Federal em 2018,https://pt.wikipedia.org/wiki/Elei%C3%A7%C3%B5es_distritais_no_Distrito_Federal_em_2018,1.0,3.0,24/09 a 26/09/2018,Ibope,±3%,3.0,duas_mencoes_agregadas,Walisson (PTB),0.0,0%,"Senado Federal | Governador | Pesquisas de intenção de voto | Candidatos ao Senado Federal | Levando em conta que para o senado o eleitor irá votar duas vezes, as pesquisas possuem um universo de 200% | Senado Federal[editar | editar código]",wikipedia,,,,,,walisson ptb,Walisson (PTB),Wasny,0.0413863864376824,False,6.0
2018,DF,Eleições distritais no Distrito Federal em 2018,https://pt.wikipedia.org/wiki/Elei%C3%A7%C3%B5es_distritais_no_Distrito_Federal_em_2018,1.0,3.0,24/09 a 26/09/2018,Ibope,±3%,3.0,duas_mencoes_agregadas,Robson (PSTU),0.0,0%,"Senado Federal | Governador | Pesquisas de intenção de voto | Candidatos ao Senado Federal | Levando em conta que para o senado o eleitor irá votar duas vezes, as pesquisas possuem um universo de 200% | Senado Federal[editar | editar código]",wikipedia,,,,,,robson pstu,Robson (PSTU),Robson,0.0010095212716893,False,16.0
2018,ES,Eleições estaduais no Espírito Santo em 2018,https://pt.wikipedia.org/wiki/Elei%C3%A7%C3%B5es_estaduais_no_Esp%C3%ADrito_Santo_em_2018,1.0,1.0,05/09 a 07/09/2018,Ibope,±3%,3.0,duas_mencoes_agregadas,Malta (PR),48.0,48%,"Senado Federal | Governo do Estado | Pesquisas de intenção de voto | Senadores | Levando em conta que para o senado o eleitor irá votar duas vezes, as pesquisas possuem um universo de 200%. | Senado Federal[editar | editar código]",wikipedia,,,,,,malta pr,Malta (PR),Magno Malta (PR),0.1704598437071259,False,3.0
2018,ES,Eleições estaduais no Espírito Santo em 2018,https://pt.wikipedia.org/wiki/Elei%C3%A7%C3%B5es_estaduais_no_Esp%C3%ADrito_Santo_em_2018,1.0,1.0,05/09 a 07/09/2018,Ibope,±3%,3.0,duas_mencoes_agregadas,Ferraço (PSDB),40.0,40%,"Senado Federal | Governo do Estado | Pesquisas de intenção de voto | Senadores | Levando em conta que para o senado o eleitor irá votar duas vezes, as pesquisas possuem um universo de 200%. | Senado Federal[editar | editar código]",wikipedia,,,,,,ferraco psdb,Ferraço (PSDB),Ricardo Ferraço (PSDB),0.1338846118667472,False,4.0
2018,ES,Eleições estaduais no Espírito Santo em 2018,https://pt.wikipedia.org/wiki/Elei%C3%A7%C3%B5es_estaduais_no_Esp%C3%ADrito_Santo_em_2018,1.0,1.0,05/09 a 07/09/2018,Ibope,±3%,3.0,duas_mencoes_agregadas,Contarato (REDE),16.0,16%,"Senado Federal | Governo do Estado | Pesquisas de intenção de voto | Senadores | Levando em conta que para o senado o eleitor irá votar duas vezes, as pesquisas possuem um universo de 200%. | Senado Federal[editar | editar código]",wikipedia,,,,,,contarato rede,Contarato (REDE),Fabiano Contarato (REDE),0.3114915194496063,True,1.0
2018,ES,Eleições estaduais no Espírito Santo em 2018,https://pt.wikipedia.org/wiki/Elei%C3%A7%C3%B5es_estaduais_no_Esp%C3%ADrito_Santo_em_2018,1.0,1.0,05/09 a 07/09/2018,Ibope,±3%,3.0,duas_mencoes_agregadas,Marcos (PPS),9.0,9%,"Senado Federal | Governo do Estado | Pesquisas de intenção de voto | Senadores | Levando em conta que para o senado o eleitor irá votar duas vezes, as pesquisas possuem um universo de 200%. | Senado Federal[editar | editar código]",wikipedia,,,,,,marcos pps,Marcos (PPS),Marcos do Val (PPS),0.240752318403787,True,2.0
2018,ES,Eleições estaduais no Espírito Santo em 2018,https://pt.wikipedia.org/wiki/Elei%C3%A7%C3%B5es_estaduais_no_Esp%C3%ADrito_Santo_em_2018,1.0,1.0,05/09 a 07/09/2018,Ibope,±3%,3.0,duas_mencoes_agregadas,Tavares (PT),5.0,5%,"Senado Federal | Governo do Estado | Pesquisas de intenção de voto | Senadores | Levando em conta que para o senado o eleitor irá votar duas vezes, as pesquisas possuem um universo de 200%. | Senado Federal[editar | editar código]",wikipedia,,,,,,tavares pt,Tavares (PT),Célia Tavares (PT),0.0459679182440587,False,6.0
2018,ES,Eleições estaduais no Espírito Santo em 2018,https://pt.wikipedia.org/wiki/Elei%C3%A7%C3%B5es_estaduais_no_Esp%C3%ADrito_Santo_em_2018,1.0,1.0,05/09 a 07/09/2018,Ibope,±3%,3.0,duas_mencoes_agregadas,Ribeiro (PCB),5.0,5%,"Senado Federal | Governo do Estado | Pesquisas de intenção de voto | Senadores | Levando em conta que para o senado o eleitor irá votar duas vezes, as pesquisas possuem um universo de 200%. | Senado Federal[editar | editar código]",wikipedia,,,,,,ribeiro pcb,Ribeiro (PCB),Mauro Ribeiro (PCB),0.002310874691307,False,11.0
2018,ES,Eleições estaduais no Espírito Santo em 2018,https://pt.wikipedia.org/wiki/Elei%C3%A7%C3%B5es_estaduais_no_Esp%C3%ADrito_Santo_em_2018,1.0,1.0,05/09 a 07/09/2018,Ibope,±3%,3.0,duas_mencoes_agregadas,Assis (PSL),4.0,4%,"Senado Federal | Governo do Estado | Pesquisas de intenção de voto | Senadores | Levando em conta que para o senado o eleitor irá votar duas vezes, as pesquisas possuem um universo de 200%. | Senado Federal[editar | editar código]",wikipedia,,,,,,assis psl,Assis (PSL),Subtenente Assis (PSL),0.0689232946876931,False,5.0
2018,ES,Eleições estaduais no Espírito Santo em 2018,https://pt.wikipedia.org/wiki/Elei%C3%A7%C3%B5es_estaduais_no_Esp%C3%ADrito_Santo_em_2018,1.0,1.0,05/09 a 07/09/2018,Ibope,±3%,3.0,duas_mencoes_agregadas,Bernardo (PMB),2.0,2%,"Senado Federal | Governo do Estado | Pesquisas de intenção de voto | Senadores | Levando em conta que para o senado o eleitor irá votar duas vezes, as pesquisas possuem um universo de 200%. | Senado Federal[editar | editar código]",wikipedia,,,,,,bernardo pmb,Bernardo (PMB),Rogerio Bernardo (PMB),0.0026577708076321,False,10.0
2018,ES,Eleições estaduais no Espírito Santo em 2018,https://pt.wikipedia.org/wiki/Elei%C3%A7%C3%B5es_estaduais_no_Esp%C3%ADrito_Santo_em_2018,1.0,1.0,05/09 a 07/09/2018,Ibope,±3%,3.0,duas_mencoes_agregadas,Carnelli (PTB),2.0,2%,"Senado Federal | Governo do Estado | Pesquisas de intenção de voto | Senadores | Levando em conta que para o senado o eleitor irá votar duas vezes, as pesquisas possuem um universo de 200%. | Senado Federal[editar | editar código]",wikipedia,,,,,,carnelli ptb,Carnelli (PTB),Helder Carnielli (PTB),0.0063701727341883,False,9.0
2018,ES,Eleições estaduais no Espírito Santo em 2018,https://pt.wikipedia.org/wiki/Elei%C3%A7%C3%B5es_estaduais_no_Esp%C3%ADrito_Santo_em_2018,1.0,1.0,05/09 a 07/09/2018,Ibope,±3%,3.0,duas_mencoes_agregadas,Pincelli (NOVO),1.0,1%,"Senado Federal | Governo do Estado | Pesquisas de intenção de voto | Senadores | Levando em conta que para o senado o eleitor irá votar duas vezes, as pesquisas possuem um universo de 200%. | Senado Federal[editar | editar código]",wikipedia,,,,,,pincelli novo,Pincelli (NOVO),Ulisses Pincelli (NOVO),0.0103508335545586,False,7.0
2018,ES,Eleições estaduais no Espírito Santo em 2018,https://pt.wikipedia.org/wiki/Elei%C3%A7%C3%B5es_estaduais_no_Esp%C3%ADrito_Santo_em_2018,1.0,1.0,05/09 a 07/09/2018,Ibope,±3%,3.0,duas_mencoes_agregadas,Katrine (PSOL),1.0,1%,"Senado Federal | Governo do Estado | Pesquisas de intenção de voto | Senadores | Levando em conta que para o senado o eleitor irá votar duas vezes, as pesquisas possuem um universo de 200%. | Senado Federal[editar | editar código]",wikipedia,,,,,,katrine psol,Katrine (PSOL),Liu Katrine (PSOL),0.0068308418532952,False,8.0
2018,GO,Eleições estaduais em Goiás em 2018,https://pt.wikipedia.org/wiki/Elei%C3%A7%C3%B5es_estaduais_em_Goi%C3%A1s_em_2018,1.0,1.0,14/08 a 16/08/2018,Ibope,±3%,3.0,duas_mencoes_agregadas,Perillo (PSDB),30.0,30%,"Senado Federal | Governador | Pesquisas de intenção de voto | Turno Único | Nota: Levando em conta que para o senado o eleitor irá votar duas vezes, as pesquisas possuem um universo de 200%. | Senado Federal[editar | editar código]",wikipedia,,,,,,perillo psdb,Perillo (PSDB),Marconi Perillo PSDB,0.0753756543148049,False,5.0
2018,GO,Eleições estaduais em Goiás em 2018,https://pt.wikipedia.org/wiki/Elei%C3%A7%C3%B5es_estaduais_em_Goi%C3%A1s_em_2018,1.0,1.0,14/08 a 16/08/2018,Ibope,±3%,3.0,duas_mencoes_agregadas,Lúcia (PSB),28.0,28%,"Senado Federal | Governador | Pesquisas de intenção de voto | Turno Único | Nota: Levando em conta que para o senado o eleitor irá votar duas vezes, as pesquisas possuem um universo de 200%. | Senado Federal[editar | editar código]",wikipedia,,,,,,lucia psb,Lúcia (PSB),Lúcia Vânia PSB,0.0940250284232976,False,4.0
2018,GO,Eleições estaduais em Goiás em 2018,https://pt.wikipedia.org/wiki/Elei%C3%A7%C3%B5es_estaduais_em_Goi%C3%A1s_em_2018,1.0,1.0,14/08 a 16/08/2018,Ibope,±3%,3.0,duas_mencoes_agregadas,Kajuru (PRP),26.0,26%,"Senado Federal | Governador | Pesquisas de intenção de voto | Turno Único | Nota: Levando em conta que para o senado o eleitor irá votar duas vezes, as pesquisas possuem um universo de 200%. | Senado Federal[editar | editar código]",wikipedia,,,,,,kajuru prp,Kajuru (PRP),Jorge Kajuru PRP,0.2817751118296643,True,2.0
2018,GO,Eleições estaduais em Goiás em 2018,https://pt.wikipedia.org/wiki/Elei%C3%A7%C3%B5es_estaduais_em_Goi%C3%A1s_em_2018,1.0,1.0,14/08 a 16/08/2018,Ibope,±3%,3.0,duas_mencoes_agregadas,Cardoso (PP),18.0,18%,"Senado Federal | Governador | Pesquisas de intenção de voto | Turno Único | Nota: Levando em conta que para o senado o eleitor irá votar duas vezes, as pesquisas possuem um universo de 200%. | Senado Federal[editar | editar código]",wikipedia,,,,,,cardoso pp,Cardoso (PP),Vanderlan Cardoso PP,0.3129343553900053,True,1.0
2018,GO,Eleições estaduais em Goiás em 2018,https://pt.wikipedia.org/wiki/Elei%C3%A7%C3%B5es_estaduais_em_Goi%C3%A1s_em_2018,1.0,1.0,14/08 a 16/08/2018,Ibope,±3%,3.0,duas_mencoes_agregadas,Bueno (PT),6.0,6%,"Senado Federal | Governador | Pesquisas de intenção de voto | Turno Único | Nota: Levando em conta que para o senado o eleitor irá votar duas vezes, as pesquisas possuem um universo de 200%. | Senado Federal[editar | editar código]",wikipedia,,,,,,bueno pt,Bueno (PT),Luis Cesar Bueno PT,0.0184078394023979,False,8.0
2018,GO,Eleições estaduais em Goiás em 2018,https://pt.wikipedia.org/wiki/Elei%C3%A7%C3%B5es_estaduais_em_Goi%C3%A1s_em_2018,1.0,1.0,14/08 a 16/08/2018,Ibope,±3%,3.0,duas_mencoes_agregadas,Magda (PCB),5.0,5%,"Senado Federal | Governador | Pesquisas de intenção de voto | Turno Único | Nota: Levando em conta que para o senado o eleitor irá votar duas vezes, as pesquisas possuem um universo de 200%. | Senado Federal[editar | editar código]",wikipedia,,,,,,magda pcb,Magda (PCB),Magda Borges PCB,0.0037312136657622,False,10.0
2018,GO,Eleições estaduais em Goiás em 2018,https://pt.wikipedia.org/wiki/Elei%C3%A7%C3%B5es_estaduais_em_Goi%C3%A1s_em_2018,1.0,1.0,14/08 a 16/08/2018,Ibope,±3%,3.0,duas_mencoes_agregadas,Wilder (DEM),6.0,6%,"Senado Federal | Governador | Pesquisas de intenção de voto | Turno Único | Nota: Levando em conta que para o senado o eleitor irá votar duas vezes, as pesquisas possuem um universo de 200%. | Senado Federal[editar | editar código]",wikipedia,,,,,,wilder dem,Wilder (DEM),Wilder Morais DEM,0.1440862172155083,False,3.0
2018,GO,Eleições estaduais em Goiás em 2018,https://pt.wikipedia.org/wiki/Elei%C3%A7%C3%B5es_estaduais_em_Goi%C3%A1s_em_2018,1.0,2.0,18/09 a 20/09/2018,Ibope,±3%,3.0,duas_mencoes_agregadas,Perillo (PSDB),29.0,29%,"Senado Federal | Governador | Pesquisas de intenção de voto | Turno Único | Nota: Levando em conta que para o senado o eleitor irá votar duas vezes, as pesquisas possuem um universo de 200%. | Senado Federal[editar | editar código]",wikipedia,,,,,,perillo psdb,Perillo (PSDB),Marconi Perillo PSDB,0.0753756543148049,False,5.0
2018,GO,Eleições estaduais em Goiás em 2018,https://pt.wikipedia.org/wiki/Elei%C3%A7%C3%B5es_estaduais_em_Goi%C3%A1s_em_2018,1.0,2.0,18/09 a 20/09/2018,Ibope,±3%,3.0,duas_mencoes_agregadas,Lúcia (PSB),26.0,26%,"Senado Federal | Governador | Pesquisas de intenção de voto | Turno Único | Nota: Levando em conta que para o senado o eleitor irá votar duas vezes, as pesquisas possuem um universo de 200%. | Senado Federal[editar | editar código]",wikipedia,,,,,,lucia psb,Lúcia (PSB),Lúcia Vânia PSB,0.0940250284232976,False,4.0
2018,GO,Eleições estaduais em Goiás em 2018,https://pt.wikipedia.org/wiki/Elei%C3%A7%C3%B5es_estaduais_em_Goi%C3%A1s_em_2018,1.0,2.0,18/09 a 20/09/2018,Ibope,±3%,3.0,duas_mencoes_agregadas,Kajuru (PRP),28.0,28%,"Senado Federal | Governador | Pesquisas de intenção de voto | Turno Único | Nota: Levando em conta que para o senado o eleitor irá votar duas vezes, as pesquisas possuem um universo de 200%. | Senado Federal[editar | editar código]",wikipedia,,,,,,kajuru prp,Kajuru (PRP),Jorge Kajuru PRP,0.2817751118296643,True,2.0
2018,GO,Eleições estaduais em Goiás em 2018,https://pt.wikipedia.org/wiki/Elei%C3%A7%C3%B5es_estaduais_em_Goi%C3%A1s_em_2018,1.0,2.0,18/09 a 20/09/2018,Ibope,±3%,3.0,duas_mencoes_agregadas,Cardoso (PP),28.0,28%,"Senado Federal | Governador | Pesquisas de intenção de voto | Turno Único | Nota: Levando em conta que para o senado o eleitor irá votar duas vezes, as pesquisas possuem um universo de 200%. | Senado Federal[editar | editar código]",wikipedia,,,,,,cardoso pp,Cardoso (PP),Vanderlan Cardoso PP,0.3129343553900053,True,1.0
2018,GO,Eleições estaduais em Goiás em 2018,https://pt.wikipedia.org/wiki/Elei%C3%A7%C3%B5es_estaduais_em_Goi%C3%A1s_em_2018,1.0,2.0,18/09 a 20/09/2018,Ibope,±3%,3.0,duas_mencoes_agregadas,Bueno (PT),2.0,2%,"Senado Federal | Governador | Pesquisas de intenção de voto | Turno Único | Nota: Levando em conta que para o senado o eleitor irá votar duas vezes, as pesquisas possuem um universo de 200%. | Senado Federal[editar | editar código]",wikipedia,,,,,,bueno pt,Bueno (PT),Luis Cesar Bueno PT,0.0184078394023979,False,8.0
2018,GO,Eleições estaduais em Goiás em 2018,https://pt.wikipedia.org/wiki/Elei%C3%A7%C3%B5es_estaduais_em_Goi%C3%A1s_em_2018,1.0,2.0,18/09 a 20/09/2018,Ibope,±3%,3.0,duas_mencoes_agregadas,Magda (PCB),3.0,3%,"Senado Federal | Governador | Pesquisas de intenção de voto | Turno Único | Nota: Levando em conta que para o senado o eleitor irá votar duas vezes, as pesquisas possuem um universo de 200%. | Senado Federal[editar | editar código]",wikipedia,,,,,,magda pcb,Magda (PCB),Magda Borges PCB,0.0037312136657622,False,10.0
2018,GO,Eleições estaduais em Goiás em 2018,https://pt.wikipedia.org/wiki/Elei%C3%A7%C3%B5es_estaduais_em_Goi%C3%A1s_em_2018,1.0,2.0,18/09 a 20/09/2018,Ibope,±3%,3.0,duas_mencoes_agregadas,Wilder (DEM),6.0,6%,"Senado Federal | Governador | Pesquisas de intenção de voto | Turno Único | Nota: Levando em conta que para o senado o eleitor irá votar duas vezes, as pesquisas possuem um universo de 200%. | Senado Federal[editar | editar código]",wikipedia,,,,,,wilder dem,Wilder (DEM),Wilder Morais DEM,0.1440862172155083,False,3.0
2018,MA,Eleições estaduais no Maranhão em 2018,https://pt.wikipedia.org/wiki/Elei%C3%A7%C3%B5es_estaduais_no_Maranh%C3%A3o_em_2018,1.0,1.0,23/08,IBOPE,,,duas_mencoes_agregadas,Weverton (PDT),11.0,11%,Para senador | Para governador | Pesquisas | Plano de mídia | Para senador[editar | editar código],wikipedia,,,,,,weverton pdt,Weverton (PDT),Weverton Rocha,0.175091457764982,True,2.0
2018,MA,Eleições estaduais no Maranhão em 2018,https://pt.wikipedia.org/wiki/Elei%C3%A7%C3%B5es_estaduais_no_Maranh%C3%A3o_em_2018,1.0,1.0,23/08,IBOPE,,,duas_mencoes_agregadas,Eliziane (PPS),17.0,17%,Para senador | Para governador | Pesquisas | Plano de mídia | Para senador[editar | editar código],wikipedia,,,,,,eliziane pps,Eliziane (PPS),Eliziane Gama,0.1349856477885077,False,3.0
2018,MA,Eleições estaduais no Maranhão em 2018,https://pt.wikipedia.org/wiki/Elei%C3%A7%C3%B5es_estaduais_no_Maranh%C3%A3o_em_2018,1.0,1.0,23/08,IBOPE,,,duas_mencoes_agregadas,Lobão (MDB),27.0,27%,Para senador | Para governador | Pesquisas | Plano de mídia | Para senador[editar | editar código],wikipedia,,,,,,lobao mdb,Lobão (MDB),Edison Lobão,0.0484989566092139,False,5.0
2018,MA,Eleições estaduais no Maranhão em 2018,https://pt.wikipedia.org/wiki/Elei%C3%A7%C3%B5es_estaduais_no_Maranh%C3%A3o_em_2018,1.0,1.0,23/08,IBOPE,,,duas_mencoes_agregadas,Sarney Filho (PV),26.0,26%,Para senador | Para governador | Pesquisas | Plano de mídia | Para senador[editar | editar código],wikipedia,,,,,,sarney filho pv,Sarney Filho (PV),Sarney Filho,0.0659969435478512,False,4.0
2018,MA,Eleições estaduais no Maranhão em 2018,https://pt.wikipedia.org/wiki/Elei%C3%A7%C3%B5es_estaduais_no_Maranh%C3%A3o_em_2018,1.0,1.0,23/08,IBOPE,,,duas_mencoes_agregadas,Zé Reinaldo (PSDB),13.0,13%,Para senador | Para governador | Pesquisas | Plano de mídia | Para senador[editar | editar código],wikipedia,,,,,,ze reinaldo psdb,Zé Reinaldo (PSDB),Zé Reinaldo,0.0192167810688606,False,7.0
2018,MA,Eleições estaduais no Maranhão em 2018,https://pt.wikipedia.org/wiki/Elei%C3%A7%C3%B5es_estaduais_no_Maranh%C3%A3o_em_2018,1.0,1.0,23/08,IBOPE,,,duas_mencoes_agregadas,Almeida (PSDB),6.0,6%,Para senador | Para governador | Pesquisas | Plano de mídia | Para senador[editar | editar código],wikipedia,,,,,,almeida psdb,Almeida (PSDB),Alexandre Almeida,0.0168300345073693,False,8.0
2018,MA,Eleições estaduais no Maranhão em 2018,https://pt.wikipedia.org/wiki/Elei%C3%A7%C3%B5es_estaduais_no_Maranh%C3%A3o_em_2018,1.0,1.0,23/08,IBOPE,,,duas_mencoes_agregadas,Samoel (PSL),2.0,2%,Para senador | Para governador | Pesquisas | Plano de mídia | Para senador[editar | editar código],wikipedia,,,,,,samoel psl,Samoel (PSL),Samoel de Itapecuru,0.0223508980278572,False,6.0
2018,MA,Eleições estaduais no Maranhão em 2018,https://pt.wikipedia.org/wiki/Elei%C3%A7%C3%B5es_estaduais_no_Maranh%C3%A3o_em_2018,1.0,1.0,23/08,IBOPE,,,duas_mencoes_agregadas,Saulo Pinto (PSOL),3.0,3%,Para senador | Para governador | Pesquisas | Plano de mídia | Para senador[editar | editar código],wikipedia,,,,,,saulo pinto psol,Saulo Pinto (PSOL),Saulo Pinto,0.0076349943259106,False,9.0
2018,MA,Eleições estaduais no Maranhão em 2018,https://pt.wikipedia.org/wiki/Elei%C3%A7%C3%B5es_estaduais_no_Maranh%C3%A3o_em_2018,1.0,1.0,23/08,IBOPE,,,duas_mencoes_agregadas,Iêgo (PCB),1.0,1%,Para senador | Para governador | Pesquisas | Plano de mídia | Para senador[editar | editar código],wikipedia,,,,,,iego pcb,Iêgo (PCB),Iêgo Brunno,0.0020447934861138,False,12.0
2018,MA,Eleições estaduais no Maranhão em 2018,https://pt.wikipedia.org/wiki/Elei%C3%A7%C3%B5es_estaduais_no_Maranh%C3%A3o_em_2018,1.0,1.0,23/08,IBOPE,,,duas_mencoes_agregadas,Saulo Arcangeli (PSTU),2.0,2%,Para senador | Para governador | Pesquisas | Plano de mídia | Para senador[editar | editar código],wikipedia,,,,,,saulo arcangeli pstu,Saulo Arcangeli (PSTU),Saulo Arcangeli,0.0031938995781731,False,11.0
2018,MA,Eleições estaduais no Maranhão em 2018,https://pt.wikipedia.org/wiki/Elei%C3%A7%C3%B5es_estaduais_no_Maranh%C3%A3o_em_2018,1.0,1.0,23/08,IBOPE,,,duas_mencoes_agregadas,Preta Lu (PSTU),3.0,3%,Para senador | Para governador | Pesquisas | Plano de mídia | Para senador[editar | editar código],wikipedia,,,,,,preta lu pstu,Preta Lu (PSTU),Preta Lu,0.0041555932951601,False,10.0
2018,MA,Eleições estaduais no Maranhão em 2018,https://pt.wikipedia.org/wiki/Elei%C3%A7%C3%B5es_estaduais_no_Maranh%C3%A3o_em_2018,1.0,1.0,23/08,IBOPE,,,duas_mencoes_agregadas,B/N V1,20.0,20%,Para senador | Para governador | Pesquisas | Plano de mídia | Para senador[editar | editar código],wikipedia,,,,,,b/n v1,B/N V1,,,,
2018,MA,Eleições estaduais no Maranhão em 2018,https://pt.wikipedia.org/wiki/Elei%C3%A7%C3%B5es_estaduais_no_Maranh%C3%A3o_em_2018,1.0,1.0,23/08,IBOPE,,,duas_mencoes_agregadas,B/N V2,31.0,31%,Para senador | Para governador | Pesquisas | Plano de mídia | Para senador[editar | editar código],wikipedia,,,,,,b/n v2,B/N V2,,,,
2018,MA,Eleições estaduais no Maranhão em 2018,https://pt.wikipedia.org/wiki/Elei%C3%A7%C3%B5es_estaduais_no_Maranh%C3%A3o_em_2018,1.0,2.0,26/08,Exata,,,duas_mencoes_agregadas,Weverton (PDT),20.0,20%,Para senador | Para governador | Pesquisas | Plano de mídia | Para senador[editar | editar código],wikipedia,,,,,,weverton pdt,Weverton (PDT),Weverton Rocha,0.175091457764982,True,2.0
2018,MA,Eleições estaduais no Maranhão em 2018,https://pt.wikipedia.org/wiki/Elei%C3%A7%C3%B5es_estaduais_no_Maranh%C3%A3o_em_2018,1.0,2.0,26/08,Exata,,,duas_mencoes_agregadas,Eliziane (PPS),18.0,18%,Para senador | Para governador | Pesquisas | Plano de mídia | Para senador[editar | editar código],wikipedia,,,,,,eliziane pps,Eliziane (PPS),Eliziane Gama,0.1349856477885077,False,3.0
2018,MA,Eleições estaduais no Maranhão em 2018,https://pt.wikipedia.org/wiki/Elei%C3%A7%C3%B5es_estaduais_no_Maranh%C3%A3o_em_2018,1.0,2.0,26/08,Exata,,,duas_mencoes_agregadas,Lobão (MDB),25.0,25%,Para senador | Para governador | Pesquisas | Plano de mídia | Para senador[editar | editar código],wikipedia,,,,,,lobao mdb,Lobão (MDB),Edison Lobão,0.0484989566092139,False,5.0
2018,MA,Eleições estaduais no Maranhão em 2018,https://pt.wikipedia.org/wiki/Elei%C3%A7%C3%B5es_estaduais_no_Maranh%C3%A3o_em_2018,1.0,2.0,26/08,Exata,,,duas_mencoes_agregadas,Sarney Filho (PV),24.0,24%,Para senador | Para governador | Pesquisas | Plano de mídia | Para senador[editar | editar código],wikipedia,,,,,,sarney filho pv,Sarney Filho (PV),Sarney Filho,0.0659969435478512,False,4.0
2018,MA,Eleições estaduais no Maranhão em 2018,https://pt.wikipedia.org/wiki/Elei%C3%A7%C3%B5es_estaduais_no_Maranh%C3%A3o_em_2018,1.0,2.0,26/08,Exata,,,duas_mencoes_agregadas,Zé Reinaldo (PSDB),20.0,20%,Para senador | Para governador | Pesquisas | Plano de mídia | Para senador[editar | editar código],wikipedia,,,,,,ze reinaldo psdb,Zé Reinaldo (PSDB),Zé Reinaldo,0.0192167810688606,False,7.0
2018,MA,Eleições estaduais no Maranhão em 2018,https://pt.wikipedia.org/wiki/Elei%C3%A7%C3%B5es_estaduais_no_Maranh%C3%A3o_em_2018,1.0,2.0,26/08,Exata,,,duas_mencoes_agregadas,Almeida (PSDB),11.0,11%,Para senador | Para governador | Pesquisas | Plano de mídia | Para senador[editar | editar código],wikipedia,,,,,,almeida psdb,Almeida (PSDB),Alexandre Almeida,0.0168300345073693,False,8.0
2018,MA,Eleições estaduais no Maranhão em 2018,https://pt.wikipedia.org/wiki/Elei%C3%A7%C3%B5es_estaduais_no_Maranh%C3%A3o_em_2018,1.0,2.0,26/08,Exata,,,duas_mencoes_agregadas,Samoel (PSL),3.0,3%,Para senador | Para governador | Pesquisas | Plano de mídia | Para senador[editar | editar código],wikipedia,,,,,,samoel psl,Samoel (PSL),Samoel de Itapecuru,0.0223508980278572,False,6.0
2018,MA,Eleições estaduais no Maranhão em 2018,https://pt.wikipedia.org/wiki/Elei%C3%A7%C3%B5es_estaduais_no_Maranh%C3%A3o_em_2018,1.0,2.0,26/08,Exata,,,duas_mencoes_agregadas,Saulo Pinto (PSOL),2.0,2%,Para senador | Para governador | Pesquisas | Plano de mídia | Para senador[editar | editar código],wikipedia,,,,,,saulo pinto psol,Saulo Pinto (PSOL),Saulo Pinto,0.0076349943259106,False,9.0
2018,MA,Eleições estaduais no Maranhão em 2018,https://pt.wikipedia.org/wiki/Elei%C3%A7%C3%B5es_estaduais_no_Maranh%C3%A3o_em_2018,1.0,2.0,26/08,Exata,,,duas_mencoes_agregadas,Iêgo (PCB),1.0,1%,Para senador | Para governador | Pesquisas | Plano de mídia | Para senador[editar | editar código],wikipedia,,,,,,iego pcb,Iêgo (PCB),Iêgo Brunno,0.0020447934861138,False,12.0
2018,MA,Eleições estaduais no Maranhão em 2018,https://pt.wikipedia.org/wiki/Elei%C3%A7%C3%B5es_estaduais_no_Maranh%C3%A3o_em_2018,1.0,2.0,26/08,Exata,,,duas_mencoes_agregadas,Saulo Arcangeli (PSTU),1.0,1%,Para senador | Para governador | Pesquisas | Plano de mídia | Para senador[editar | editar código],wikipedia,,,,,,saulo arcangeli pstu,Saulo Arcangeli (PSTU),Saulo Arcangeli,0.0031938995781731,False,11.0
2018,MA,Eleições estaduais no Maranhão em 2018,https://pt.wikipedia.org/wiki/Elei%C3%A7%C3%B5es_estaduais_no_Maranh%C3%A3o_em_2018,1.0,2.0,26/08,Exata,,,duas_mencoes_agregadas,Preta Lu (PSTU),4.0,4%,Para senador | Para governador | Pesquisas | Plano de mídia | Para senador[editar | editar código],wikipedia,,,,,,preta lu pstu,Preta Lu (PSTU),Preta Lu,0.0041555932951601,False,10.0
2018,MA,Eleições estaduais no Maranhão em 2018,https://pt.wikipedia.org/wiki/Elei%C3%A7%C3%B5es_estaduais_no_Maranh%C3%A3o_em_2018,1.0,2.0,26/08,Exata,,,duas_mencoes_agregadas,B/N V1,43.0,43%,Para senador | Para governador | Pesquisas | Plano de mídia | Para senador[editar | editar código],wikipedia,,,,,,b/n v1,B/N V1,,,,
2018,MA,Eleições estaduais no Maranhão em 2018,https://pt.wikipedia.org/wiki/Elei%C3%A7%C3%B5es_estaduais_no_Maranh%C3%A3o_em_2018,1.0,2.0,26/08,Exata,,,duas_mencoes_agregadas,B/N V2,43.0,43%,Para senador | Para governador | Pesquisas | Plano de mídia | Para senador[editar | editar código],wikipedia,,,,,,b/n v2,B/N V2,,,,
2018,MA,Eleições estaduais no Maranhão em 2018,https://pt.wikipedia.org/wiki/Elei%C3%A7%C3%B5es_estaduais_no_Maranh%C3%A3o_em_2018,1.0,3.0,16/09,Exata,,,duas_mencoes_agregadas,Weverton (PDT),25.0,25%,Para senador | Para governador | Pesquisas | Plano de mídia | Para senador[editar | editar código],wikipedia,,,,,,weverton pdt,Weverton (PDT),Weverton Rocha,0.175091457764982,True,2.0
2018,MA,Eleições estaduais no Maranhão em 2018,https://pt.wikipedia.org/wiki/Elei%C3%A7%C3%B5es_estaduais_no_Maranh%C3%A3o_em_2018,1.0,3.0,16/09,Exata,,,duas_mencoes_agregadas,Eliziane (PPS),27.0,27%,Para senador | Para governador | Pesquisas | Plano de mídia | Para senador[editar | editar código],wikipedia,,,,,,eliziane pps,Eliziane (PPS),Eliziane Gama,0.1349856477885077,False,3.0
2018,MA,Eleições estaduais no Maranhão em 2018,https://pt.wikipedia.org/wiki/Elei%C3%A7%C3%B5es_estaduais_no_Maranh%C3%A3o_em_2018,1.0,3.0,16/09,Exata,,,duas_mencoes_agregadas,Lobão (MDB),24.0,24%,Para senador | Para governador | Pesquisas | Plano de mídia | Para senador[editar | editar código],wikipedia,,,,,,lobao mdb,Lobão (MDB),Edison Lobão,0.0484989566092139,False,5.0
2018,MA,Eleições estaduais no Maranhão em 2018,https://pt.wikipedia.org/wiki/Elei%C3%A7%C3%B5es_estaduais_no_Maranh%C3%A3o_em_2018,1.0,3.0,16/09,Exata,,,duas_mencoes_agregadas,Sarney Filho (PV),22.0,22%,Para senador | Para governador | Pesquisas | Plano de mídia | Para senador[editar | editar código],wikipedia,,,,,,sarney filho pv,Sarney Filho (PV),Sarney Filho,0.0659969435478512,False,4.0
2018,MA,Eleições estaduais no Maranhão em 2018,https://pt.wikipedia.org/wiki/Elei%C3%A7%C3%B5es_estaduais_no_Maranh%C3%A3o_em_2018,1.0,3.0,16/09,Exata,,,duas_mencoes_agregadas,Zé Reinaldo (PSDB),18.0,18%,Para senador | Para governador | Pesquisas | Plano de mídia | Para senador[editar | editar código],wikipedia,,,,,,ze reinaldo psdb,Zé Reinaldo (PSDB),Zé Reinaldo,0.0192167810688606,False,7.0
2018,MA,Eleições estaduais no Maranhão em 2018,https://pt.wikipedia.org/wiki/Elei%C3%A7%C3%B5es_estaduais_no_Maranh%C3%A3o_em_2018,1.0,3.0,16/09,Exata,,,duas_mencoes_agregadas,Almeida (PSDB),10.0,10%,Para senador | Para governador | Pesquisas | Plano de mídia | Para senador[editar | editar código],wikipedia,,,,,,almeida psdb,Almeida (PSDB),Alexandre Almeida,0.0168300345073693,False,8.0
2018,MA,Eleições estaduais no Maranhão em 2018,https://pt.wikipedia.org/wiki/Elei%C3%A7%C3%B5es_estaduais_no_Maranh%C3%A3o_em_2018,1.0,3.0,16/09,Exata,,,duas_mencoes_agregadas,Samoel (PSL),2.0,2%,Para senador | Para governador | Pesquisas | Plano de mídia | Para senador[editar | editar código],wikipedia,,,,,,samoel psl,Samoel (PSL),Samoel de Itapecuru,0.0223508980278572,False,6.0
2018,MA,Eleições estaduais no Maranhão em 2018,https://pt.wikipedia.org/wiki/Elei%C3%A7%C3%B5es_estaduais_no_Maranh%C3%A3o_em_2018,1.0,3.0,16/09,Exata,,,duas_mencoes_agregadas,Saulo Pinto (PSOL),1.0,1%,Para senador | Para governador | Pesquisas | Plano de mídia | Para senador[editar | editar código],wikipedia,,,,,,saulo pinto psol,Saulo Pinto (PSOL),Saulo Pinto,0.0076349943259106,False,9.0
2018,MA,Eleições estaduais no Maranhão em 2018,https://pt.wikipedia.org/wiki/Elei%C3%A7%C3%B5es_estaduais_no_Maranh%C3%A3o_em_2018,1.0,3.0,16/09,Exata,,,duas_mencoes_agregadas,Iêgo (PCB),1.0,1%,Para senador | Para governador | Pesquisas | Plano de mídia | Para senador[editar | editar código],wikipedia,,,,,,iego pcb,Iêgo (PCB),Iêgo Brunno,0.0020447934861138,False,12.0
2018,MA,Eleições estaduais no Maranhão em 2018,https://pt.wikipedia.org/wiki/Elei%C3%A7%C3%B5es_estaduais_no_Maranh%C3%A3o_em_2018,1.0,3.0,16/09,Exata,,,duas_mencoes_agregadas,Saulo Arcangeli (PSTU),1.0,1%,Para senador | Para governador | Pesquisas | Plano de mídia | Para senador[editar | editar código],wikipedia,,,,,,saulo arcangeli pstu,Saulo Arcangeli (PSTU),Saulo Arcangeli,0.0031938995781731,False,11.0
2018,MA,Eleições estaduais no Maranhão em 2018,https://pt.wikipedia.org/wiki/Elei%C3%A7%C3%B5es_estaduais_no_Maranh%C3%A3o_em_2018,1.0,3.0,16/09,Exata,,,duas_mencoes_agregadas,Preta Lu (PSTU),3.0,3%,Para senador | Para governador | Pesquisas | Plano de mídia | Para senador[editar | editar código],wikipedia,,,,,,preta lu pstu,Preta Lu (PSTU),Preta Lu,0.0041555932951601,False,10.0
2018,MA,Eleições estaduais no Maranhão em 2018,https://pt.wikipedia.org/wiki/Elei%C3%A7%C3%B5es_estaduais_no_Maranh%C3%A3o_em_2018,1.0,3.0,16/09,Exata,,,duas_mencoes_agregadas,B/N V1,32.0,32%,Para senador | Para governador | Pesquisas | Plano de mídia | Para senador[editar | editar código],wikipedia,,,,,,b/n v1,B/N V1,,,,
2018,MA,Eleições estaduais no Maranhão em 2018,https://pt.wikipedia.org/wiki/Elei%C3%A7%C3%B5es_estaduais_no_Maranh%C3%A3o_em_2018,1.0,3.0,16/09,Exata,,,duas_mencoes_agregadas,B/N V2,32.0,32%,Para senador | Para governador | Pesquisas | Plano de mídia | Para senador[editar | editar código],wikipedia,,,,,,b/n v2,B/N V2,,,,
2018,MA,Eleições estaduais no Maranhão em 2018,https://pt.wikipedia.org/wiki/Elei%C3%A7%C3%B5es_estaduais_no_Maranh%C3%A3o_em_2018,1.0,4.0,19/09,Data Ilha,,,nao_identificado,Weverton (PDT),13.43,"13,43%",Para senador | Para governador | Pesquisas | Plano de mídia | Para senador[editar | editar código],wikipedia,,,,,,weverton pdt,Weverton (PDT),Weverton Rocha,0.175091457764982,True,2.0
2018,MA,Eleições estaduais no Maranhão em 2018,https://pt.wikipedia.org/wiki/Elei%C3%A7%C3%B5es_estaduais_no_Maranh%C3%A3o_em_2018,1.0,4.0,19/09,Data Ilha,,,nao_identificado,Eliziane (PPS),14.72,"14,72%",Para senador | Para governador | Pesquisas | Plano de mídia | Para senador[editar | editar código],wikipedia,,,,,,eliziane pps,Eliziane (PPS),Eliziane Gama,0.1349856477885077,False,3.0
2018,MA,Eleições estaduais no Maranhão em 2018,https://pt.wikipedia.org/wiki/Elei%C3%A7%C3%B5es_estaduais_no_Maranh%C3%A3o_em_2018,1.0,4.0,19/09,Data Ilha,,,nao_identificado,Lobão (MDB),7.96,"7,96%",Para senador | Para governador | Pesquisas | Plano de mídia | Para senador[editar | editar código],wikipedia,,,,,,lobao mdb,Lobão (MDB),Edison Lobão,0.0484989566092139,False,5.0
2018,MA,Eleições estaduais no Maranhão em 2018,https://pt.wikipedia.org/wiki/Elei%C3%A7%C3%B5es_estaduais_no_Maranh%C3%A3o_em_2018,1.0,4.0,19/09,Data Ilha,,,nao_identificado,Sarney Filho (PV),8.87,"8,87%",Para senador | Para governador | Pesquisas | Plano de mídia | Para senador[editar | editar código],wikipedia,,,,,,sarney filho pv,Sarney Filho (PV),Sarney Filho,0.0659969435478512,False,4.0
2018,MA,Eleições estaduais no Maranhão em 2018,https://pt.wikipedia.org/wiki/Elei%C3%A7%C3%B5es_estaduais_no_Maranh%C3%A3o_em_2018,1.0,4.0,19/09,Data Ilha,,,nao_identificado,Zé Reinaldo (PSDB),4.35,"4,35%",Para senador | Para governador | Pesquisas | Plano de mídia | Para senador[editar | editar código],wikipedia,,,,,,ze reinaldo psdb,Zé Reinaldo (PSDB),Zé Reinaldo,0.0192167810688606,False,7.0
2018,MA,Eleições estaduais no Maranhão em 2018,https://pt.wikipedia.org/wiki/Elei%C3%A7%C3%B5es_estaduais_no_Maranh%C3%A3o_em_2018,1.0,4.0,19/09,Data Ilha,,,nao_identificado,Almeida (PSDB),2.82,"2,82%",Para senador | Para governador | Pesquisas | Plano de mídia | Para senador[editar | editar código],wikipedia,,,,,,almeida psdb,Almeida (PSDB),Alexandre Almeida,0.0168300345073693,False,8.0
2018,MA,Eleições estaduais no Maranhão em 2018,https://pt.wikipedia.org/wiki/Elei%C3%A7%C3%B5es_estaduais_no_Maranh%C3%A3o_em_2018,1.0,4.0,19/09,Data Ilha,,,nao_identificado,Samoel (PSL),0.08,"0,08%",Para senador | Para governador | Pesquisas | Plano de mídia | Para senador[editar | editar código],wikipedia,,,,,,samoel psl,Samoel (PSL),Samoel de Itapecuru,0.0223508980278572,False,6.0
2018,MA,Eleições estaduais no Maranhão em 2018,https://pt.wikipedia.org/wiki/Elei%C3%A7%C3%B5es_estaduais_no_Maranh%C3%A3o_em_2018,1.0,4.0,19/09,Data Ilha,,,nao_identificado,Saulo Pinto (PSOL),0.25,"0,25%",Para senador | Para governador | Pesquisas | Plano de mídia | Para senador[editar | editar código],wikipedia,,,,,,saulo pinto psol,Saulo Pinto (PSOL),Saulo Pinto,0.0076349943259106,False,9.0
2018,MA,Eleições estaduais no Maranhão em 2018,https://pt.wikipedia.org/wiki/Elei%C3%A7%C3%B5es_estaduais_no_Maranh%C3%A3o_em_2018,1.0,4.0,19/09,Data Ilha,,,nao_identificado,Iêgo (PCB),0.0,0%,Para senador | Para governador | Pesquisas | Plano de mídia | Para senador[editar | editar código],wikipedia,,,,,,iego pcb,Iêgo (PCB),Iêgo Brunno,0.0020447934861138,False,12.0
2018,MA,Eleições estaduais no Maranhão em 2018,https://pt.wikipedia.org/wiki/Elei%C3%A7%C3%B5es_estaduais_no_Maranh%C3%A3o_em_2018,1.0,4.0,19/09,Data Ilha,,,nao_identificado,Saulo Arcangeli (PSTU),0.29,"0,29%",Para senador | Para governador | Pesquisas | Plano de mídia | Para senador[editar | editar código],wikipedia,,,,,,saulo arcangeli pstu,Saulo Arcangeli (PSTU),Saulo Arcangeli,0.0031938995781731,False,11.0
2018,MA,Eleições estaduais no Maranhão em 2018,https://pt.wikipedia.org/wiki/Elei%C3%A7%C3%B5es_estaduais_no_Maranh%C3%A3o_em_2018,1.0,4.0,19/09,Data Ilha,,,nao_identificado,Preta Lu (PSTU),0.37,"0,37%",Para senador | Para governador | Pesquisas | Plano de mídia | Para senador[editar | editar código],wikipedia,,,,,,preta lu pstu,Preta Lu (PSTU),Preta Lu,0.0041555932951601,False,10.0
2018,MA,Eleições estaduais no Maranhão em 2018,https://pt.wikipedia.org/wiki/Elei%C3%A7%C3%B5es_estaduais_no_Maranh%C3%A3o_em_2018,1.0,4.0,19/09,Data Ilha,,,nao_identificado,B/N V1,21.48,"21,48%",Para senador | Para governador | Pesquisas | Plano de mídia | Para senador[editar | editar código],wikipedia,,,,,,b/n v1,B/N V1,,,,
2018,MA,Eleições estaduais no Maranhão em 2018,https://pt.wikipedia.org/wiki/Elei%C3%A7%C3%B5es_estaduais_no_Maranh%C3%A3o_em_2018,1.0,4.0,19/09,Data Ilha,,,nao_identificado,B/N V2,21.48,"21,48%",Para senador | Para governador | Pesquisas | Plano de mídia | Para senador[editar | editar código],wikipedia,,,,,,b/n v2,B/N V2,,,,
2018,MA,Eleições estaduais no Maranhão em 2018,https://pt.wikipedia.org/wiki/Elei%C3%A7%C3%B5es_estaduais_no_Maranh%C3%A3o_em_2018,1.0,5.0,19/09,IBOPE,,,duas_mencoes_agregadas,Weverton (PDT),20.0,20%,Para senador | Para governador | Pesquisas | Plano de mídia | Para senador[editar | editar código],wikipedia,,,,,,weverton pdt,Weverton (PDT),Weverton Rocha,0.175091457764982,True,2.0
2018,MA,Eleições estaduais no Maranhão em 2018,https://pt.wikipedia.org/wiki/Elei%C3%A7%C3%B5es_estaduais_no_Maranh%C3%A3o_em_2018,1.0,5.0,19/09,IBOPE,,,duas_mencoes_agregadas,Eliziane (PPS),23.0,23%,Para senador | Para governador | Pesquisas | Plano de mídia | Para senador[editar | editar código],wikipedia,,,,,,eliziane pps,Eliziane (PPS),Eliziane Gama,0.1349856477885077,False,3.0
2018,MA,Eleições estaduais no Maranhão em 2018,https://pt.wikipedia.org/wiki/Elei%C3%A7%C3%B5es_estaduais_no_Maranh%C3%A3o_em_2018,1.0,5.0,19/09,IBOPE,,,duas_mencoes_agregadas,Lobão (MDB),25.0,25%,Para senador | Para governador | Pesquisas | Plano de mídia | Para senador[editar | editar código],wikipedia,,,,,,lobao mdb,Lobão (MDB),Edison Lobão,0.0484989566092139,False,5.0
2018,MA,Eleições estaduais no Maranhão em 2018,https://pt.wikipedia.org/wiki/Elei%C3%A7%C3%B5es_estaduais_no_Maranh%C3%A3o_em_2018,1.0,5.0,19/09,IBOPE,,,duas_mencoes_agregadas,Sarney Filho (PV),23.0,23%,Para senador | Para governador | Pesquisas | Plano de mídia | Para senador[editar | editar código],wikipedia,,,,,,sarney filho pv,Sarney Filho (PV),Sarney Filho,0.0659969435478512,False,4.0
2018,MA,Eleições estaduais no Maranhão em 2018,https://pt.wikipedia.org/wiki/Elei%C3%A7%C3%B5es_estaduais_no_Maranh%C3%A3o_em_2018,1.0,5.0,19/09,IBOPE,,,duas_mencoes_agregadas,Zé Reinaldo (PSDB),12.0,12%,Para senador | Para governador | Pesquisas | Plano de mídia | Para senador[editar | editar código],wikipedia,,,,,,ze reinaldo psdb,Zé Reinaldo (PSDB),Zé Reinaldo,0.0192167810688606,False,7.0
2018,MA,Eleições estaduais no Maranhão em 2018,https://pt.wikipedia.org/wiki/Elei%C3%A7%C3%B5es_estaduais_no_Maranh%C3%A3o_em_2018,1.0,5.0,19/09,IBOPE,,,duas_mencoes_agregadas,Almeida (PSDB),4.0,4%,Para senador | Para governador | Pesquisas | Plano de mídia | Para senador[editar | editar código],wikipedia,,,,,,almeida psdb,Almeida (PSDB),Alexandre Almeida,0.0168300345073693,False,8.0
2018,MA,Eleições estaduais no Maranhão em 2018,https://pt.wikipedia.org/wiki/Elei%C3%A7%C3%B5es_estaduais_no_Maranh%C3%A3o_em_2018,1.0,5.0,19/09,IBOPE,,,duas_mencoes_agregadas,Samoel (PSL),2.0,2%,Para senador | Para governador | Pesquisas | Plano de mídia | Para senador[editar | editar código],wikipedia,,,,,,samoel psl,Samoel (PSL),Samoel de Itapecuru,0.0223508980278572,False,6.0
2018,MA,Eleições estaduais no Maranhão em 2018,https://pt.wikipedia.org/wiki/Elei%C3%A7%C3%B5es_estaduais_no_Maranh%C3%A3o_em_2018,1.0,5.0,19/09,IBOPE,,,duas_mencoes_agregadas,Saulo Pinto (PSOL),2.0,2%,Para senador | Para governador | Pesquisas | Plano de mídia | Para senador[editar | editar código],wikipedia,,,,,,saulo pinto psol,Saulo Pinto (PSOL),Saulo Pinto,0.0076349943259106,False,9.0
2018,MA,Eleições estaduais no Maranhão em 2018,https://pt.wikipedia.org/wiki/Elei%C3%A7%C3%B5es_estaduais_no_Maranh%C3%A3o_em_2018,1.0,5.0,19/09,IBOPE,,,duas_mencoes_agregadas,Iêgo (PCB),0.0,0%,Para senador | Para governador | Pesquisas | Plano de mídia | Para senador[editar | editar código],wikipedia,,,,,,iego pcb,Iêgo (PCB),Iêgo Brunno,0.0020447934861138,False,12.0
2018,MA,Eleições estaduais no Maranhão em 2018,https://pt.wikipedia.org/wiki/Elei%C3%A7%C3%B5es_estaduais_no_Maranh%C3%A3o_em_2018,1.0,5.0,19/09,IBOPE,,,duas_mencoes_agregadas,Saulo Arcangeli (PSTU),1.0,1%,Para senador | Para governador | Pesquisas | Plano de mídia | Para senador[editar | editar código],wikipedia,,,,,,saulo arcangeli pstu,Saulo Arcangeli (PSTU),Saulo Arcangeli,0.0031938995781731,False,11.0
2018,MA,Eleições estaduais no Maranhão em 2018,https://pt.wikipedia.org/wiki/Elei%C3%A7%C3%B5es_estaduais_no_Maranh%C3%A3o_em_2018,1.0,5.0,19/09,IBOPE,,,duas_mencoes_agregadas,Preta Lu (PSTU),2.0,2%,Para senador | Para governador | Pesquisas | Plano de mídia | Para senador[editar | editar código],wikipedia,,,,,,preta lu pstu,Preta Lu (PSTU),Preta Lu,0.0041555932951601,False,10.0
2018,MA,Eleições estaduais no Maranhão em 2018,https://pt.wikipedia.org/wiki/Elei%C3%A7%C3%B5es_estaduais_no_Maranh%C3%A3o_em_2018,1.0,5.0,19/09,IBOPE,,,duas_mencoes_agregadas,B/N V1,17.0,17%,Para senador | Para governador | Pesquisas | Plano de mídia | Para senador[editar | editar código],wikipedia,,,,,,b/n v1,B/N V1,,,,
2018,MA,Eleições estaduais no Maranhão em 2018,https://pt.wikipedia.org/wiki/Elei%C3%A7%C3%B5es_estaduais_no_Maranh%C3%A3o_em_2018,1.0,5.0,19/09,IBOPE,,,duas_mencoes_agregadas,B/N V2,30.0,30%,Para senador | Para governador | Pesquisas | Plano de mídia | Para senador[editar | editar código],wikipedia,,,,,,b/n v2,B/N V2,,,,
2018,MA,Eleições estaduais no Maranhão em 2018,https://pt.wikipedia.org/wiki/Elei%C3%A7%C3%B5es_estaduais_no_Maranh%C3%A3o_em_2018,1.0,6.0,20/09,RealTime Big Data,,,duas_mencoes_agregadas,Weverton (PDT),17.0,17%,Para senador | Para governador | Pesquisas | Plano de mídia | Para senador[editar | editar código],wikipedia,,,,,,weverton pdt,Weverton (PDT),Weverton Rocha,0.175091457764982,True,2.0
2018,MA,Eleições estaduais no Maranhão em 2018,https://pt.wikipedia.org/wiki/Elei%C3%A7%C3%B5es_estaduais_no_Maranh%C3%A3o_em_2018,1.0,6.0,20/09,RealTime Big Data,,,duas_mencoes_agregadas,Eliziane (PPS),21.0,21%,Para senador | Para governador | Pesquisas | Plano de mídia | Para senador[editar | editar código],wikipedia,,,,,,eliziane pps,Eliziane (PPS),Eliziane Gama,0.1349856477885077,False,3.0
2018,MA,Eleições estaduais no Maranhão em 2018,https://pt.wikipedia.org/wiki/Elei%C3%A7%C3%B5es_estaduais_no_Maranh%C3%A3o_em_2018,1.0,6.0,20/09,RealTime Big Data,,,duas_mencoes_agregadas,Lobão (MDB),25.0,25%,Para senador | Para governador | Pesquisas | Plano de mídia | Para senador[editar | editar código],wikipedia,,,,,,lobao mdb,Lobão (MDB),Edison Lobão,0.0484989566092139,False,5.0
2018,MA,Eleições estaduais no Maranhão em 2018,https://pt.wikipedia.org/wiki/Elei%C3%A7%C3%B5es_estaduais_no_Maranh%C3%A3o_em_2018,1.0,6.0,20/09,RealTime Big Data,,,duas_mencoes_agregadas,Sarney Filho (PV),25.0,25%,Para senador | Para governador | Pesquisas | Plano de mídia | Para senador[editar | editar código],wikipedia,,,,,,sarney filho pv,Sarney Filho (PV),Sarney Filho,0.0659969435478512,False,4.0
2018,MA,Eleições estaduais no Maranhão em 2018,https://pt.wikipedia.org/wiki/Elei%C3%A7%C3%B5es_estaduais_no_Maranh%C3%A3o_em_2018,1.0,6.0,20/09,RealTime Big Data,,,duas_mencoes_agregadas,Zé Reinaldo (PSDB),16.0,16%,Para senador | Para governador | Pesquisas | Plano de mídia | Para senador[editar | editar código],wikipedia,,,,,,ze reinaldo psdb,Zé Reinaldo (PSDB),Zé Reinaldo,0.0192167810688606,False,7.0
2018,MA,Eleições estaduais no Maranhão em 2018,https://pt.wikipedia.org/wiki/Elei%C3%A7%C3%B5es_estaduais_no_Maranh%C3%A3o_em_2018,1.0,6.0,20/09,RealTime Big Data,,,duas_mencoes_agregadas,Almeida (PSDB),7.0,7%,Para senador | Para governador | Pesquisas | Plano de mídia | Para senador[editar | editar código],wikipedia,,,,,,almeida psdb,Almeida (PSDB),Alexandre Almeida,0.0168300345073693,False,8.0
2018,MA,Eleições estaduais no Maranhão em 2018,https://pt.wikipedia.org/wiki/Elei%C3%A7%C3%B5es_estaduais_no_Maranh%C3%A3o_em_2018,1.0,6.0,20/09,RealTime Big Data,,,duas_mencoes_agregadas,Samoel (PSL),3.0,3%,Para senador | Para governador | Pesquisas | Plano de mídia | Para senador[editar | editar código],wikipedia,,,,,,samoel psl,Samoel (PSL),Samoel de Itapecuru,0.0223508980278572,False,6.0
2018,MA,Eleições estaduais no Maranhão em 2018,https://pt.wikipedia.org/wiki/Elei%C3%A7%C3%B5es_estaduais_no_Maranh%C3%A3o_em_2018,1.0,6.0,20/09,RealTime Big Data,,,duas_mencoes_agregadas,Saulo Pinto (PSOL),2.0,2%,Para senador | Para governador | Pesquisas | Plano de mídia | Para senador[editar | editar código],wikipedia,,,,,,saulo pinto psol,Saulo Pinto (PSOL),Saulo Pinto,0.0076349943259106,False,9.0
2018,MA,Eleições estaduais no Maranhão em 2018,https://pt.wikipedia.org/wiki/Elei%C3%A7%C3%B5es_estaduais_no_Maranh%C3%A3o_em_2018,1.0,6.0,20/09,RealTime Big Data,,,duas_mencoes_agregadas,Iêgo (PCB),0.0,0%,Para senador | Para governador | Pesquisas | Plano de mídia | Para senador[editar | editar código],wikipedia,,,,,,iego pcb,Iêgo (PCB),Iêgo Brunno,0.0020447934861138,False,12.0
2018,MA,Eleições estaduais no Maranhão em 2018,https://pt.wikipedia.org/wiki/Elei%C3%A7%C3%B5es_estaduais_no_Maranh%C3%A3o_em_2018,1.0,6.0,20/09,RealTime Big Data,,,duas_mencoes_agregadas,Saulo Arcangeli (PSTU),3.0,3%,Para senador | Para governador | Pesquisas | Plano de mídia | Para senador[editar | editar código],wikipedia,,,,,,saulo arcangeli pstu,Saulo Arcangeli (PSTU),Saulo Arcangeli,0.0031938995781731,False,11.0
2018,MA,Eleições estaduais no Maranhão em 2018,https://pt.wikipedia.org/wiki/Elei%C3%A7%C3%B5es_estaduais_no_Maranh%C3%A3o_em_2018,1.0,6.0,20/09,RealTime Big Data,,,duas_mencoes_agregadas,Preta Lu (PSTU),2.0,2%,Para senador | Para governador | Pesquisas | Plano de mídia | Para senador[editar | editar código],wikipedia,,,,,,preta lu pstu,Preta Lu (PSTU),Preta Lu,0.0041555932951601,False,10.0
2018,MA,Eleições estaduais no Maranhão em 2018,https://pt.wikipedia.org/wiki/Elei%C3%A7%C3%B5es_estaduais_no_Maranh%C3%A3o_em_2018,1.0,6.0,20/09,RealTime Big Data,,,duas_mencoes_agregadas,B/N V1,18.0,18%,Para senador | Para governador | Pesquisas | Plano de mídia | Para senador[editar | editar código],wikipedia,,,,,,b/n v1,B/N V1,,,,
2018,MA,Eleições estaduais no Maranhão em 2018,https://pt.wikipedia.org/wiki/Elei%C3%A7%C3%B5es_estaduais_no_Maranh%C3%A3o_em_2018,1.0,6.0,20/09,RealTime Big Data,,,duas_mencoes_agregadas,B/N V2,20.0,20%,Para senador | Para governador | Pesquisas | Plano de mídia | Para senador[editar | editar código],wikipedia,,,,,,b/n v2,B/N V2,,,,
2018,MA,Eleições estaduais no Maranhão em 2018,https://pt.wikipedia.org/wiki/Elei%C3%A7%C3%B5es_estaduais_no_Maranh%C3%A3o_em_2018,1.0,7.0,25/09,Data M,,,duas_mencoes_agregadas,Weverton (PDT),29.9,"29,9%",Para senador | Para governador | Pesquisas | Plano de mídia | Para senador[editar | editar código],wikipedia,,,,,,weverton pdt,Weverton (PDT),Weverton Rocha,0.175091457764982,True,2.0
2018,MA,Eleições estaduais no Maranhão em 2018,https://pt.wikipedia.org/wiki/Elei%C3%A7%C3%B5es_estaduais_no_Maranh%C3%A3o_em_2018,1.0,7.0,25/09,Data M,,,duas_mencoes_agregadas,Eliziane (PPS),29.4,"29,4%",Para senador | Para governador | Pesquisas | Plano de mídia | Para senador[editar | editar código],wikipedia,,,,,,eliziane pps,Eliziane (PPS),Eliziane Gama,0.1349856477885077,False,3.0
2018,MA,Eleições estaduais no Maranhão em 2018,https://pt.wikipedia.org/wiki/Elei%C3%A7%C3%B5es_estaduais_no_Maranh%C3%A3o_em_2018,1.0,7.0,25/09,Data M,,,duas_mencoes_agregadas,Lobão (MDB),22.3,"22,3%",Para senador | Para governador | Pesquisas | Plano de mídia | Para senador[editar | editar código],wikipedia,,,,,,lobao mdb,Lobão (MDB),Edison Lobão,0.0484989566092139,False,5.0
2018,MA,Eleições estaduais no Maranhão em 2018,https://pt.wikipedia.org/wiki/Elei%C3%A7%C3%B5es_estaduais_no_Maranh%C3%A3o_em_2018,1.0,7.0,25/09,Data M,,,duas_mencoes_agregadas,Sarney Filho (PV),21.4,"21,4%",Para senador | Para governador | Pesquisas | Plano de mídia | Para senador[editar | editar código],wikipedia,,,,,,sarney filho pv,Sarney Filho (PV),Sarney Filho,0.0659969435478512,False,4.0
2018,MA,Eleições estaduais no Maranhão em 2018,https://pt.wikipedia.org/wiki/Elei%C3%A7%C3%B5es_estaduais_no_Maranh%C3%A3o_em_2018,1.0,7.0,25/09,Data M,,,duas_mencoes_agregadas,Zé Reinaldo (PSDB),9.7,"9,7%",Para senador | Para governador | Pesquisas | Plano de mídia | Para senador[editar | editar código],wikipedia,,,,,,ze reinaldo psdb,Zé Reinaldo (PSDB),Zé Reinaldo,0.0192167810688606,False,7.0
2018,MA,Eleições estaduais no Maranhão em 2018,https://pt.wikipedia.org/wiki/Elei%C3%A7%C3%B5es_estaduais_no_Maranh%C3%A3o_em_2018,1.0,7.0,25/09,Data M,,,duas_mencoes_agregadas,Almeida (PSDB),7.5,"7,5%",Para senador | Para governador | Pesquisas | Plano de mídia | Para senador[editar | editar código],wikipedia,,,,,,almeida psdb,Almeida (PSDB),Alexandre Almeida,0.0168300345073693,False,8.0
2018,MA,Eleições estaduais no Maranhão em 2018,https://pt.wikipedia.org/wiki/Elei%C3%A7%C3%B5es_estaduais_no_Maranh%C3%A3o_em_2018,1.0,7.0,25/09,Data M,,,duas_mencoes_agregadas,Samoel (PSL),1.1,"1,1%",Para senador | Para governador | Pesquisas | Plano de mídia | Para senador[editar | editar código],wikipedia,,,,,,samoel psl,Samoel (PSL),Samoel de Itapecuru,0.0223508980278572,False,6.0
2018,MA,Eleições estaduais no Maranhão em 2018,https://pt.wikipedia.org/wiki/Elei%C3%A7%C3%B5es_estaduais_no_Maranh%C3%A3o_em_2018,1.0,7.0,25/09,Data M,,,duas_mencoes_agregadas,Saulo Pinto (PSOL),0.3,"0,3%",Para senador | Para governador | Pesquisas | Plano de mídia | Para senador[editar | editar código],wikipedia,,,,,,saulo pinto psol,Saulo Pinto (PSOL),Saulo Pinto,0.0076349943259106,False,9.0
2018,MA,Eleições estaduais no Maranhão em 2018,https://pt.wikipedia.org/wiki/Elei%C3%A7%C3%B5es_estaduais_no_Maranh%C3%A3o_em_2018,1.0,7.0,25/09,Data M,,,duas_mencoes_agregadas,Iêgo (PCB),0.3,"0,3%",Para senador | Para governador | Pesquisas | Plano de mídia | Para senador[editar | editar código],wikipedia,,,,,,iego pcb,Iêgo (PCB),Iêgo Brunno,0.0020447934861138,False,12.0
2018,MA,Eleições estaduais no Maranhão em 2018,https://pt.wikipedia.org/wiki/Elei%C3%A7%C3%B5es_estaduais_no_Maranh%C3%A3o_em_2018,1.0,7.0,25/09,Data M,,,duas_mencoes_agregadas,Saulo Arcangeli (PSTU),0.7,"0,7%",Para senador | Para governador | Pesquisas | Plano de mídia | Para senador[editar | editar código],wikipedia,,,,,,saulo arcangeli pstu,Saulo Arcangeli (PSTU),Saulo Arcangeli,0.0031938995781731,False,11.0
2018,MA,Eleições estaduais no Maranhão em 2018,https://pt.wikipedia.org/wiki/Elei%C3%A7%C3%B5es_estaduais_no_Maranh%C3%A3o_em_2018,1.0,7.0,25/09,Data M,,,duas_mencoes_agregadas,Preta Lu (PSTU),1.5,"1,5%",Para senador | Para governador | Pesquisas | Plano de mídia | Para senador[editar | editar código],wikipedia,,,,,,preta lu pstu,Preta Lu (PSTU),Preta Lu,0.0041555932951601,False,10.0
2018,MA,Eleições estaduais no Maranhão em 2018,https://pt.wikipedia.org/wiki/Elei%C3%A7%C3%B5es_estaduais_no_Maranh%C3%A3o_em_2018,1.0,7.0,25/09,Data M,,,duas_mencoes_agregadas,B/N V1,31.9,"31,9%",Para senador | Para governador | Pesquisas | Plano de mídia | Para senador[editar | editar código],wikipedia,,,,,,b/n v1,B/N V1,,,,
2018,MA,Eleições estaduais no Maranhão em 2018,https://pt.wikipedia.org/wiki/Elei%C3%A7%C3%B5es_estaduais_no_Maranh%C3%A3o_em_2018,1.0,7.0,25/09,Data M,,,duas_mencoes_agregadas,B/N V2,31.9,"31,9%",Para senador | Para governador | Pesquisas | Plano de mídia | Para senador[editar | editar código],wikipedia,,,,,,b/n v2,B/N V2,,,,
2018,MA,Eleições estaduais no Maranhão em 2018,https://pt.wikipedia.org/wiki/Elei%C3%A7%C3%B5es_estaduais_no_Maranh%C3%A3o_em_2018,1.0,8.0,03/10,RealTime Big Data,,,duas_mencoes_agregadas,Weverton (PDT),22.0,22%,Para senador | Para governador | Pesquisas | Plano de mídia | Para senador[editar | editar código],wikipedia,,,,,,weverton pdt,Weverton (PDT),Weverton Rocha,0.175091457764982,True,2.0
2018,MA,Eleições estaduais no Maranhão em 2018,https://pt.wikipedia.org/wiki/Elei%C3%A7%C3%B5es_estaduais_no_Maranh%C3%A3o_em_2018,1.0,8.0,03/10,RealTime Big Data,,,duas_mencoes_agregadas,Eliziane (PPS),24.0,24%,Para senador | Para governador | Pesquisas | Plano de mídia | Para senador[editar | editar código],wikipedia,,,,,,eliziane pps,Eliziane (PPS),Eliziane Gama,0.1349856477885077,False,3.0
2018,MA,Eleições estaduais no Maranhão em 2018,https://pt.wikipedia.org/wiki/Elei%C3%A7%C3%B5es_estaduais_no_Maranh%C3%A3o_em_2018,1.0,8.0,03/10,RealTime Big Data,,,duas_mencoes_agregadas,Lobão (MDB),26.0,26%,Para senador | Para governador | Pesquisas | Plano de mídia | Para senador[editar | editar código],wikipedia,,,,,,lobao mdb,Lobão (MDB),Edison Lobão,0.0484989566092139,False,5.0
2018,MA,Eleições estaduais no Maranhão em 2018,https://pt.wikipedia.org/wiki/Elei%C3%A7%C3%B5es_estaduais_no_Maranh%C3%A3o_em_2018,1.0,8.0,03/10,RealTime Big Data,,,duas_mencoes_agregadas,Sarney Filho (PV),20.0,20%,Para senador | Para governador | Pesquisas | Plano de mídia | Para senador[editar | editar código],wikipedia,,,,,,sarney filho pv,Sarney Filho (PV),Sarney Filho,0.0659969435478512,False,4.0
2018,MA,Eleições estaduais no Maranhão em 2018,https://pt.wikipedia.org/wiki/Elei%C3%A7%C3%B5es_estaduais_no_Maranh%C3%A3o_em_2018,1.0,8.0,03/10,RealTime Big Data,,,duas_mencoes_agregadas,Zé Reinaldo (PSDB),14.0,14%,Para senador | Para governador | Pesquisas | Plano de mídia | Para senador[editar | editar código],wikipedia,,,,,,ze reinaldo psdb,Zé Reinaldo (PSDB),Zé Reinaldo,0.0192167810688606,False,7.0
2018,MA,Eleições estaduais no Maranhão em 2018,https://pt.wikipedia.org/wiki/Elei%C3%A7%C3%B5es_estaduais_no_Maranh%C3%A3o_em_2018,1.0,8.0,03/10,RealTime Big Data,,,duas_mencoes_agregadas,Almeida (PSDB),7.0,7%,Para senador | Para governador | Pesquisas | Plano de mídia | Para senador[editar | editar código],wikipedia,,,,,,almeida psdb,Almeida (PSDB),Alexandre Almeida,0.0168300345073693,False,8.0
2018,MA,Eleições estaduais no Maranhão em 2018,https://pt.wikipedia.org/wiki/Elei%C3%A7%C3%B5es_estaduais_no_Maranh%C3%A3o_em_2018,1.0,8.0,03/10,RealTime Big Data,,,duas_mencoes_agregadas,Samoel (PSL),3.0,3%,Para senador | Para governador | Pesquisas | Plano de mídia | Para senador[editar | editar código],wikipedia,,,,,,samoel psl,Samoel (PSL),Samoel de Itapecuru,0.0223508980278572,False,6.0
2018,MA,Eleições estaduais no Maranhão em 2018,https://pt.wikipedia.org/wiki/Elei%C3%A7%C3%B5es_estaduais_no_Maranh%C3%A3o_em_2018,1.0,8.0,03/10,RealTime Big Data,,,duas_mencoes_agregadas,Saulo Pinto (PSOL),2.0,2%,Para senador | Para governador | Pesquisas | Plano de mídia | Para senador[editar | editar código],wikipedia,,,,,,saulo pinto psol,Saulo Pinto (PSOL),Saulo Pinto,0.0076349943259106,False,9.0
2018,MA,Eleições estaduais no Maranhão em 2018,https://pt.wikipedia.org/wiki/Elei%C3%A7%C3%B5es_estaduais_no_Maranh%C3%A3o_em_2018,1.0,8.0,03/10,RealTime Big Data,,,duas_mencoes_agregadas,Iêgo (PCB),0.0,0%,Para senador | Para governador | Pesquisas | Plano de mídia | Para senador[editar | editar código],wikipedia,,,,,,iego pcb,Iêgo (PCB),Iêgo Brunno,0.0020447934861138,False,12.0
2018,MA,Eleições estaduais no Maranhão em 2018,https://pt.wikipedia.org/wiki/Elei%C3%A7%C3%B5es_estaduais_no_Maranh%C3%A3o_em_2018,1.0,8.0,03/10,RealTime Big Data,,,duas_mencoes_agregadas,Saulo Arcangeli (PSTU),2.0,2%,Para senador | Para governador | Pesquisas | Plano de mídia | Para senador[editar | editar código],wikipedia,,,,,,saulo arcangeli pstu,Saulo Arcangeli (PSTU),Saulo Arcangeli,0.0031938995781731,False,11.0
2018,MA,Eleições estaduais no Maranhão em 2018,https://pt.wikipedia.org/wiki/Elei%C3%A7%C3%B5es_estaduais_no_Maranh%C3%A3o_em_2018,1.0,8.0,03/10,RealTime Big Data,,,duas_mencoes_agregadas,Preta Lu (PSTU),2.0,2%,Para senador | Para governador | Pesquisas | Plano de mídia | Para senador[editar | editar código],wikipedia,,,,,,preta lu pstu,Preta Lu (PSTU),Preta Lu,0.0041555932951601,False,10.0
2018,MA,Eleições estaduais no Maranhão em 2018,https://pt.wikipedia.org/wiki/Elei%C3%A7%C3%B5es_estaduais_no_Maranh%C3%A3o_em_2018,1.0,8.0,03/10,RealTime Big Data,,,duas_mencoes_agregadas,B/N V1,21.0,21%,Para senador | Para governador | Pesquisas | Plano de mídia | Para senador[editar | editar código],wikipedia,,,,,,b/n v1,B/N V1,,,,
2018,MA,Eleições estaduais no Maranhão em 2018,https://pt.wikipedia.org/wiki/Elei%C3%A7%C3%B5es_estaduais_no_Maranh%C3%A3o_em_2018,1.0,8.0,03/10,RealTime Big Data,,,duas_mencoes_agregadas,B/N V2,19.0,19%,Para senador | Para governador | Pesquisas | Plano de mídia | Para senador[editar | editar código],wikipedia,,,,,,b/n v2,B/N V2,,,,
2018,MA,Eleições estaduais no Maranhão em 2018,https://pt.wikipedia.org/wiki/Elei%C3%A7%C3%B5es_estaduais_no_Maranh%C3%A3o_em_2018,1.0,9.0,04/10,Data M,,,duas_mencoes_agregadas,Weverton (PDT),36.2,"36,2%",Para senador | Para governador | Pesquisas | Plano de mídia | Para senador[editar | editar código],wikipedia,,,,,,weverton pdt,Weverton (PDT),Weverton Rocha,0.175091457764982,True,2.0
2018,MA,Eleições estaduais no Maranhão em 2018,https://pt.wikipedia.org/wiki/Elei%C3%A7%C3%B5es_estaduais_no_Maranh%C3%A3o_em_2018,1.0,9.0,04/10,Data M,,,duas_mencoes_agregadas,Eliziane (PPS),34.6,"34,6%",Para senador | Para governador | Pesquisas | Plano de mídia | Para senador[editar | editar código],wikipedia,,,,,,eliziane pps,Eliziane (PPS),Eliziane Gama,0.1349856477885077,False,3.0
2018,MA,Eleições estaduais no Maranhão em 2018,https://pt.wikipedia.org/wiki/Elei%C3%A7%C3%B5es_estaduais_no_Maranh%C3%A3o_em_2018,1.0,9.0,04/10,Data M,,,duas_mencoes_agregadas,Lobão (MDB),22.8,"22,8%",Para senador | Para governador | Pesquisas | Plano de mídia | Para senador[editar | editar código],wikipedia,,,,,,lobao mdb,Lobão (MDB),Edison Lobão,0.0484989566092139,False,5.0
2018,MA,Eleições estaduais no Maranhão em 2018,https://pt.wikipedia.org/wiki/Elei%C3%A7%C3%B5es_estaduais_no_Maranh%C3%A3o_em_2018,1.0,9.0,04/10,Data M,,,duas_mencoes_agregadas,Sarney Filho (PV),20.9,"20,9%",Para senador | Para governador | Pesquisas | Plano de mídia | Para senador[editar | editar código],wikipedia,,,,,,sarney filho pv,Sarney Filho (PV),Sarney Filho,0.0659969435478512,False,4.0
2018,MA,Eleições estaduais no Maranhão em 2018,https://pt.wikipedia.org/wiki/Elei%C3%A7%C3%B5es_estaduais_no_Maranh%C3%A3o_em_2018,1.0,9.0,04/10,Data M,,,duas_mencoes_agregadas,Zé Reinaldo (PSDB),7.2,"7,2%",Para senador | Para governador | Pesquisas | Plano de mídia | Para senador[editar | editar código],wikipedia,,,,,,ze reinaldo psdb,Zé Reinaldo (PSDB),Zé Reinaldo,0.0192167810688606,False,7.0
2018,MA,Eleições estaduais no Maranhão em 2018,https://pt.wikipedia.org/wiki/Elei%C3%A7%C3%B5es_estaduais_no_Maranh%C3%A3o_em_2018,1.0,9.0,04/10,Data M,,,duas_mencoes_agregadas,Almeida (PSDB),6.6,"6,6%",Para senador | Para governador | Pesquisas | Plano de mídia | Para senador[editar | editar código],wikipedia,,,,,,almeida psdb,Almeida (PSDB),Alexandre Almeida,0.0168300345073693,False,8.0
2018,MA,Eleições estaduais no Maranhão em 2018,https://pt.wikipedia.org/wiki/Elei%C3%A7%C3%B5es_estaduais_no_Maranh%C3%A3o_em_2018,1.0,9.0,04/10,Data M,,,duas_mencoes_agregadas,Samoel (PSL),1.5,"1,5%",Para senador | Para governador | Pesquisas | Plano de mídia | Para senador[editar | editar código],wikipedia,,,,,,samoel psl,Samoel (PSL),Samoel de Itapecuru,0.0223508980278572,False,6.0
2018,MA,Eleições estaduais no Maranhão em 2018,https://pt.wikipedia.org/wiki/Elei%C3%A7%C3%B5es_estaduais_no_Maranh%C3%A3o_em_2018,1.0,9.0,04/10,Data M,,,duas_mencoes_agregadas,Saulo Pinto (PSOL),0.1,"0,1%",Para senador | Para governador | Pesquisas | Plano de mídia | Para senador[editar | editar código],wikipedia,,,,,,saulo pinto psol,Saulo Pinto (PSOL),Saulo Pinto,0.0076349943259106,False,9.0
2018,MA,Eleições estaduais no Maranhão em 2018,https://pt.wikipedia.org/wiki/Elei%C3%A7%C3%B5es_estaduais_no_Maranh%C3%A3o_em_2018,1.0,9.0,04/10,Data M,,,duas_mencoes_agregadas,Iêgo (PCB),0.6,"0,6%",Para senador | Para governador | Pesquisas | Plano de mídia | Para senador[editar | editar código],wikipedia,,,,,,iego pcb,Iêgo (PCB),Iêgo Brunno,0.0020447934861138,False,12.0
2018,MA,Eleições estaduais no Maranhão em 2018,https://pt.wikipedia.org/wiki/Elei%C3%A7%C3%B5es_estaduais_no_Maranh%C3%A3o_em_2018,1.0,9.0,04/10,Data M,,,duas_mencoes_agregadas,Saulo Arcangeli (PSTU),0.9,"0,9%",Para senador | Para governador | Pesquisas | Plano de mídia | Para senador[editar | editar código],wikipedia,,,,,,saulo arcangeli pstu,Saulo Arcangeli (PSTU),Saulo Arcangeli,0.0031938995781731,False,11.0
2018,MA,Eleições estaduais no Maranhão em 2018,https://pt.wikipedia.org/wiki/Elei%C3%A7%C3%B5es_estaduais_no_Maranh%C3%A3o_em_2018,1.0,9.0,04/10,Data M,,,duas_mencoes_agregadas,Preta Lu (PSTU),1.7,"1,7%",Para senador | Para governador | Pesquisas | Plano de mídia | Para senador[editar | editar código],wikipedia,,,,,,preta lu pstu,Preta Lu (PSTU),Preta Lu,0.0041555932951601,False,10.0
2018,MA,Eleições estaduais no Maranhão em 2018,https://pt.wikipedia.org/wiki/Elei%C3%A7%C3%B5es_estaduais_no_Maranh%C3%A3o_em_2018,1.0,9.0,04/10,Data M,,,duas_mencoes_agregadas,B/N V1,28.7,"28,7%",Para senador | Para governador | Pesquisas | Plano de mídia | Para senador[editar | editar código],wikipedia,,,,,,b/n v1,B/N V1,,,,
2018,MA,Eleições estaduais no Maranhão em 2018,https://pt.wikipedia.org/wiki/Elei%C3%A7%C3%B5es_estaduais_no_Maranh%C3%A3o_em_2018,1.0,9.0,04/10,Data M,,,duas_mencoes_agregadas,B/N V2,28.7,"28,7%",Para senador | Para governador | Pesquisas | Plano de mídia | Para senador[editar | editar código],wikipedia,,,,,,b/n v2,B/N V2,,,,
2018,MA,Eleições estaduais no Maranhão em 2018,https://pt.wikipedia.org/wiki/Elei%C3%A7%C3%B5es_estaduais_no_Maranh%C3%A3o_em_2018,1.0,10.0,04/10,IBOPE,,,duas_mencoes_agregadas,Weverton (PDT),35.0,35%,Para senador | Para governador | Pesquisas | Plano de mídia | Para senador[editar | editar código],wikipedia,,,,,,weverton pdt,Weverton (PDT),Weverton Rocha,0.175091457764982,True,2.0
2018,MA,Eleições estaduais no Maranhão em 2018,https://pt.wikipedia.org/wiki/Elei%C3%A7%C3%B5es_estaduais_no_Maranh%C3%A3o_em_2018,1.0,10.0,04/10,IBOPE,,,duas_mencoes_agregadas,Eliziane (PPS),34.0,34%,Para senador | Para governador | Pesquisas | Plano de mídia | Para senador[editar | editar código],wikipedia,,,,,,eliziane pps,Eliziane (PPS),Eliziane Gama,0.1349856477885077,False,3.0
2018,MA,Eleições estaduais no Maranhão em 2018,https://pt.wikipedia.org/wiki/Elei%C3%A7%C3%B5es_estaduais_no_Maranh%C3%A3o_em_2018,1.0,10.0,04/10,IBOPE,,,duas_mencoes_agregadas,Lobão (MDB),23.0,23%,Para senador | Para governador | Pesquisas | Plano de mídia | Para senador[editar | editar código],wikipedia,,,,,,lobao mdb,Lobão (MDB),Edison Lobão,0.0484989566092139,False,5.0
2018,MA,Eleições estaduais no Maranhão em 2018,https://pt.wikipedia.org/wiki/Elei%C3%A7%C3%B5es_estaduais_no_Maranh%C3%A3o_em_2018,1.0,10.0,04/10,IBOPE,,,duas_mencoes_agregadas,Sarney Filho (PV),25.0,25%,Para senador | Para governador | Pesquisas | Plano de mídia | Para senador[editar | editar código],wikipedia,,,,,,sarney filho pv,Sarney Filho (PV),Sarney Filho,0.0659969435478512,False,4.0
2018,MA,Eleições estaduais no Maranhão em 2018,https://pt.wikipedia.org/wiki/Elei%C3%A7%C3%B5es_estaduais_no_Maranh%C3%A3o_em_2018,1.0,10.0,04/10,IBOPE,,,duas_mencoes_agregadas,Zé Reinaldo (PSDB),10.0,10%,Para senador | Para governador | Pesquisas | Plano de mídia | Para senador[editar | editar código],wikipedia,,,,,,ze reinaldo psdb,Zé Reinaldo (PSDB),Zé Reinaldo,0.0192167810688606,False,7.0
2018,MA,Eleições estaduais no Maranhão em 2018,https://pt.wikipedia.org/wiki/Elei%C3%A7%C3%B5es_estaduais_no_Maranh%C3%A3o_em_2018,1.0,10.0,04/10,IBOPE,,,duas_mencoes_agregadas,Almeida (PSDB),5.0,5%,Para senador | Para governador | Pesquisas | Plano de mídia | Para senador[editar | editar código],wikipedia,,,,,,almeida psdb,Almeida (PSDB),Alexandre Almeida,0.0168300345073693,False,8.0
2018,MA,Eleições estaduais no Maranhão em 2018,https://pt.wikipedia.org/wiki/Elei%C3%A7%C3%B5es_estaduais_no_Maranh%C3%A3o_em_2018,1.0,10.0,04/10,IBOPE,,,duas_mencoes_agregadas,Samoel (PSL),3.0,3%,Para senador | Para governador | Pesquisas | Plano de mídia | Para senador[editar | editar código],wikipedia,,,,,,samoel psl,Samoel (PSL),Samoel de Itapecuru,0.0223508980278572,False,6.0
2018,MA,Eleições estaduais no Maranhão em 2018,https://pt.wikipedia.org/wiki/Elei%C3%A7%C3%B5es_estaduais_no_Maranh%C3%A3o_em_2018,1.0,10.0,04/10,IBOPE,,,duas_mencoes_agregadas,Saulo Pinto (PSOL),4.0,4%,Para senador | Para governador | Pesquisas | Plano de mídia | Para senador[editar | editar código],wikipedia,,,,,,saulo pinto psol,Saulo Pinto (PSOL),Saulo Pinto,0.0076349943259106,False,9.0
2018,MA,Eleições estaduais no Maranhão em 2018,https://pt.wikipedia.org/wiki/Elei%C3%A7%C3%B5es_estaduais_no_Maranh%C3%A3o_em_2018,1.0,10.0,04/10,IBOPE,,,duas_mencoes_agregadas,Iêgo (PCB),1.0,1%,Para senador | Para governador | Pesquisas | Plano de mídia | Para senador[editar | editar código],wikipedia,,,,,,iego pcb,Iêgo (PCB),Iêgo Brunno,0.0020447934861138,False,12.0
2018,MA,Eleições estaduais no Maranhão em 2018,https://pt.wikipedia.org/wiki/Elei%C3%A7%C3%B5es_estaduais_no_Maranh%C3%A3o_em_2018,1.0,10.0,04/10,IBOPE,,,duas_mencoes_agregadas,Saulo Arcangeli (PSTU),2.0,2%,Para senador | Para governador | Pesquisas | Plano de mídia | Para senador[editar | editar código],wikipedia,,,,,,saulo arcangeli pstu,Saulo Arcangeli (PSTU),Saulo Arcangeli,0.0031938995781731,False,11.0
2018,MA,Eleições estaduais no Maranhão em 2018,https://pt.wikipedia.org/wiki/Elei%C3%A7%C3%B5es_estaduais_no_Maranh%C3%A3o_em_2018,1.0,10.0,04/10,IBOPE,,,duas_mencoes_agregadas,Preta Lu (PSTU),2.0,2%,Para senador | Para governador | Pesquisas | Plano de mídia | Para senador[editar | editar código],wikipedia,,,,,,preta lu pstu,Preta Lu (PSTU),Preta Lu,0.0041555932951601,False,10.0
2018,MA,Eleições estaduais no Maranhão em 2018,https://pt.wikipedia.org/wiki/Elei%C3%A7%C3%B5es_estaduais_no_Maranh%C3%A3o_em_2018,1.0,10.0,04/10,IBOPE,,,duas_mencoes_agregadas,B/N V1,12.0,12%,Para senador | Para governador | Pesquisas | Plano de mídia | Para senador[editar | editar código],wikipedia,,,,,,b/n v1,B/N V1,,,,
2018,MA,Eleições estaduais no Maranhão em 2018,https://pt.wikipedia.org/wiki/Elei%C3%A7%C3%B5es_estaduais_no_Maranh%C3%A3o_em_2018,1.0,10.0,04/10,IBOPE,,,duas_mencoes_agregadas,B/N V2,20.0,20%,Para senador | Para governador | Pesquisas | Plano de mídia | Para senador[editar | editar código],wikipedia,,,,,,b/n v2,B/N V2,,,,
2018,MA,Eleições estaduais no Maranhão em 2018,https://pt.wikipedia.org/wiki/Elei%C3%A7%C3%B5es_estaduais_no_Maranh%C3%A3o_em_2018,1.0,11.0,06/10,Exata,,,duas_mencoes_agregadas,Weverton (PDT),36.0,36%,Para senador | Para governador | Pesquisas | Plano de mídia | Para senador[editar | editar código],wikipedia,,,,,,weverton pdt,Weverton (PDT),Weverton Rocha,0.175091457764982,True,2.0
2018,MA,Eleições estaduais no Maranhão em 2018,https://pt.wikipedia.org/wiki/Elei%C3%A7%C3%B5es_estaduais_no_Maranh%C3%A3o_em_2018,1.0,11.0,06/10,Exata,,,duas_mencoes_agregadas,Eliziane (PPS),33.0,33%,Para senador | Para governador | Pesquisas | Plano de mídia | Para senador[editar | editar código],wikipedia,,,,,,eliziane pps,Eliziane (PPS),Eliziane Gama,0.1349856477885077,False,3.0
2018,MA,Eleições estaduais no Maranhão em 2018,https://pt.wikipedia.org/wiki/Elei%C3%A7%C3%B5es_estaduais_no_Maranh%C3%A3o_em_2018,1.0,11.0,06/10,Exata,,,duas_mencoes_agregadas,Lobão (MDB),24.0,24%,Para senador | Para governador | Pesquisas | Plano de mídia | Para senador[editar | editar código],wikipedia,,,,,,lobao mdb,Lobão (MDB),Edison Lobão,0.0484989566092139,False,5.0
2018,MA,Eleições estaduais no Maranhão em 2018,https://pt.wikipedia.org/wiki/Elei%C3%A7%C3%B5es_estaduais_no_Maranh%C3%A3o_em_2018,1.0,11.0,06/10,Exata,,,duas_mencoes_agregadas,Sarney Filho (PV),21.0,21%,Para senador | Para governador | Pesquisas | Plano de mídia | Para senador[editar | editar código],wikipedia,,,,,,sarney filho pv,Sarney Filho (PV),Sarney Filho,0.0659969435478512,False,4.0
2018,MA,Eleições estaduais no Maranhão em 2018,https://pt.wikipedia.org/wiki/Elei%C3%A7%C3%B5es_estaduais_no_Maranh%C3%A3o_em_2018,1.0,11.0,06/10,Exata,,,duas_mencoes_agregadas,Zé Reinaldo (PSDB),14.0,14%,Para senador | Para governador | Pesquisas | Plano de mídia | Para senador[editar | editar código],wikipedia,,,,,,ze reinaldo psdb,Zé Reinaldo (PSDB),Zé Reinaldo,0.0192167810688606,False,7.0
2018,MA,Eleições estaduais no Maranhão em 2018,https://pt.wikipedia.org/wiki/Elei%C3%A7%C3%B5es_estaduais_no_Maranh%C3%A3o_em_2018,1.0,11.0,06/10,Exata,,,duas_mencoes_agregadas,Almeida (PSDB),10.0,10%,Para senador | Para governador | Pesquisas | Plano de mídia | Para senador[editar | editar código],wikipedia,,,,,,almeida psdb,Almeida (PSDB),Alexandre Almeida,0.0168300345073693,False,8.0
2018,MA,Eleições estaduais no Maranhão em 2018,https://pt.wikipedia.org/wiki/Elei%C3%A7%C3%B5es_estaduais_no_Maranh%C3%A3o_em_2018,1.0,11.0,06/10,Exata,,,duas_mencoes_agregadas,Samoel (PSL),2.0,2%,Para senador | Para governador | Pesquisas | Plano de mídia | Para senador[editar | editar código],wikipedia,,,,,,samoel psl,Samoel (PSL),Samoel de Itapecuru,0.0223508980278572,False,6.0
2018,MA,Eleições estaduais no Maranhão em 2018,https://pt.wikipedia.org/wiki/Elei%C3%A7%C3%B5es_estaduais_no_Maranh%C3%A3o_em_2018,1.0,11.0,06/10,Exata,,,duas_mencoes_agregadas,Saulo Pinto (PSOL),1.0,1%,Para senador | Para governador | Pesquisas | Plano de mídia | Para senador[editar | editar código],wikipedia,,,,,,saulo pinto psol,Saulo Pinto (PSOL),Saulo Pinto,0.0076349943259106,False,9.0
2018,MA,Eleições estaduais no Maranhão em 2018,https://pt.wikipedia.org/wiki/Elei%C3%A7%C3%B5es_estaduais_no_Maranh%C3%A3o_em_2018,1.0,11.0,06/10,Exata,,,duas_mencoes_agregadas,Iêgo (PCB),0.0,0%,Para senador | Para governador | Pesquisas | Plano de mídia | Para senador[editar | editar código],wikipedia,,,,,,iego pcb,Iêgo (PCB),Iêgo Brunno,0.0020447934861138,False,12.0
2018,MA,Eleições estaduais no Maranhão em 2018,https://pt.wikipedia.org/wiki/Elei%C3%A7%C3%B5es_estaduais_no_Maranh%C3%A3o_em_2018,1.0,11.0,06/10,Exata,,,duas_mencoes_agregadas,Saulo Arcangeli (PSTU),1.0,1%,Para senador | Para governador | Pesquisas | Plano de mídia | Para senador[editar | editar código],wikipedia,,,,,,saulo arcangeli pstu,Saulo Arcangeli (PSTU),Saulo Arcangeli,0.0031938995781731,False,11.0
2018,MA,Eleições estaduais no Maranhão em 2018,https://pt.wikipedia.org/wiki/Elei%C3%A7%C3%B5es_estaduais_no_Maranh%C3%A3o_em_2018,1.0,11.0,06/10,Exata,,,duas_mencoes_agregadas,Preta Lu (PSTU),2.0,2%,Para senador | Para governador | Pesquisas | Plano de mídia | Para senador[editar | editar código],wikipedia,,,,,,preta lu pstu,Preta Lu (PSTU),Preta Lu,0.0041555932951601,False,10.0
2018,MA,Eleições estaduais no Maranhão em 2018,https://pt.wikipedia.org/wiki/Elei%C3%A7%C3%B5es_estaduais_no_Maranh%C3%A3o_em_2018,1.0,11.0,06/10,Exata,,,duas_mencoes_agregadas,B/N V1,30.0,30%,Para senador | Para governador | Pesquisas | Plano de mídia | Para senador[editar | editar código],wikipedia,,,,,,b/n v1,B/N V1,,,,
2018,MA,Eleições estaduais no Maranhão em 2018,https://pt.wikipedia.org/wiki/Elei%C3%A7%C3%B5es_estaduais_no_Maranh%C3%A3o_em_2018,1.0,11.0,06/10,Exata,,,duas_mencoes_agregadas,B/N V2,30.0,30%,Para senador | Para governador | Pesquisas | Plano de mídia | Para senador[editar | editar código],wikipedia,,,,,,b/n v2,B/N V2,,,,
2018,MA,Eleições estaduais no Maranhão em 2018,https://pt.wikipedia.org/wiki/Elei%C3%A7%C3%B5es_estaduais_no_Maranh%C3%A3o_em_2018,1.0,12.0,06/10,Data Ilha,,,duas_mencoes_agregadas,Weverton (PDT),34.3,"34,3%",Para senador | Para governador | Pesquisas | Plano de mídia | Para senador[editar | editar código],wikipedia,,,,,,weverton pdt,Weverton (PDT),Weverton Rocha,0.175091457764982,True,2.0
2018,MA,Eleições estaduais no Maranhão em 2018,https://pt.wikipedia.org/wiki/Elei%C3%A7%C3%B5es_estaduais_no_Maranh%C3%A3o_em_2018,1.0,12.0,06/10,Data Ilha,,,duas_mencoes_agregadas,Eliziane (PPS),29.9,"29,9%",Para senador | Para governador | Pesquisas | Plano de mídia | Para senador[editar | editar código],wikipedia,,,,,,eliziane pps,Eliziane (PPS),Eliziane Gama,0.1349856477885077,False,3.0
2018,MA,Eleições estaduais no Maranhão em 2018,https://pt.wikipedia.org/wiki/Elei%C3%A7%C3%B5es_estaduais_no_Maranh%C3%A3o_em_2018,1.0,12.0,06/10,Data Ilha,,,duas_mencoes_agregadas,Lobão (MDB),15.3,"15,3%",Para senador | Para governador | Pesquisas | Plano de mídia | Para senador[editar | editar código],wikipedia,,,,,,lobao mdb,Lobão (MDB),Edison Lobão,0.0484989566092139,False,5.0
2018,MA,Eleições estaduais no Maranhão em 2018,https://pt.wikipedia.org/wiki/Elei%C3%A7%C3%B5es_estaduais_no_Maranh%C3%A3o_em_2018,1.0,12.0,06/10,Data Ilha,,,duas_mencoes_agregadas,Sarney Filho (PV),16.9,"16,9%",Para senador | Para governador | Pesquisas | Plano de mídia | Para senador[editar | editar código],wikipedia,,,,,,sarney filho pv,Sarney Filho (PV),Sarney Filho,0.0659969435478512,False,4.0
2018,MA,Eleições estaduais no Maranhão em 2018,https://pt.wikipedia.org/wiki/Elei%C3%A7%C3%B5es_estaduais_no_Maranh%C3%A3o_em_2018,1.0,12.0,06/10,Data Ilha,,,duas_mencoes_agregadas,Zé Reinaldo (PSDB),6.0,"6,0%",Para senador | Para governador | Pesquisas | Plano de mídia | Para senador[editar | editar código],wikipedia,,,,,,ze reinaldo psdb,Zé Reinaldo (PSDB),Zé Reinaldo,0.0192167810688606,False,7.0
2018,MA,Eleições estaduais no Maranhão em 2018,https://pt.wikipedia.org/wiki/Elei%C3%A7%C3%B5es_estaduais_no_Maranh%C3%A3o_em_2018,1.0,12.0,06/10,Data Ilha,,,duas_mencoes_agregadas,Almeida (PSDB),4.9,"4,9%",Para senador | Para governador | Pesquisas | Plano de mídia | Para senador[editar | editar código],wikipedia,,,,,,almeida psdb,Almeida (PSDB),Alexandre Almeida,0.0168300345073693,False,8.0
2018,MA,Eleições estaduais no Maranhão em 2018,https://pt.wikipedia.org/wiki/Elei%C3%A7%C3%B5es_estaduais_no_Maranh%C3%A3o_em_2018,1.0,12.0,06/10,Data Ilha,,,duas_mencoes_agregadas,Samoel (PSL),1.5,"1,5%",Para senador | Para governador | Pesquisas | Plano de mídia | Para senador[editar | editar código],wikipedia,,,,,,samoel psl,Samoel (PSL),Samoel de Itapecuru,0.0223508980278572,False,6.0
2018,MA,Eleições estaduais no Maranhão em 2018,https://pt.wikipedia.org/wiki/Elei%C3%A7%C3%B5es_estaduais_no_Maranh%C3%A3o_em_2018,1.0,12.0,06/10,Data Ilha,,,duas_mencoes_agregadas,Saulo Pinto (PSOL),0.4,"0,4%",Para senador | Para governador | Pesquisas | Plano de mídia | Para senador[editar | editar código],wikipedia,,,,,,saulo pinto psol,Saulo Pinto (PSOL),Saulo Pinto,0.0076349943259106,False,9.0
2018,MA,Eleições estaduais no Maranhão em 2018,https://pt.wikipedia.org/wiki/Elei%C3%A7%C3%B5es_estaduais_no_Maranh%C3%A3o_em_2018,1.0,12.0,06/10,Data Ilha,,,duas_mencoes_agregadas,Iêgo (PCB),0.2,"0,2%",Para senador | Para governador | Pesquisas | Plano de mídia | Para senador[editar | editar código],wikipedia,,,,,,iego pcb,Iêgo (PCB),Iêgo Brunno,0.0020447934861138,False,12.0
2018,MA,Eleições estaduais no Maranhão em 2018,https://pt.wikipedia.org/wiki/Elei%C3%A7%C3%B5es_estaduais_no_Maranh%C3%A3o_em_2018,1.0,12.0,06/10,Data Ilha,,,duas_mencoes_agregadas,Saulo Arcangeli (PSTU),0.6,"0,6%",Para senador | Para governador | Pesquisas | Plano de mídia | Para senador[editar | editar código],wikipedia,,,,,,saulo arcangeli pstu,Saulo Arcangeli (PSTU),Saulo Arcangeli,0.0031938995781731,False,11.0
2018,MA,Eleições estaduais no Maranhão em 2018,https://pt.wikipedia.org/wiki/Elei%C3%A7%C3%B5es_estaduais_no_Maranh%C3%A3o_em_2018,1.0,12.0,06/10,Data Ilha,,,duas_mencoes_agregadas,Preta Lu (PSTU),0.5,"0,5%",Para senador | Para governador | Pesquisas | Plano de mídia | Para senador[editar | editar código],wikipedia,,,,,,preta lu pstu,Preta Lu (PSTU),Preta Lu,0.0041555932951601,False,10.0
2018,MA,Eleições estaduais no Maranhão em 2018,https://pt.wikipedia.org/wiki/Elei%C3%A7%C3%B5es_estaduais_no_Maranh%C3%A3o_em_2018,1.0,12.0,06/10,Data Ilha,,,duas_mencoes_agregadas,B/N V1,37.0,37%,Para senador | Para governador | Pesquisas | Plano de mídia | Para senador[editar | editar código],wikipedia,,,,,,b/n v1,B/N V1,,,,
2018,MA,Eleições estaduais no Maranhão em 2018,https://pt.wikipedia.org/wiki/Elei%C3%A7%C3%B5es_estaduais_no_Maranh%C3%A3o_em_2018,1.0,12.0,06/10,Data Ilha,,,duas_mencoes_agregadas,B/N V2,37.0,37%,Para senador | Para governador | Pesquisas | Plano de mídia | Para senador[editar | editar código],wikipedia,,,,,,b/n v2,B/N V2,,,,
2018,MT,Eleições estaduais em Mato Grosso em 2018,https://pt.wikipedia.org/wiki/Elei%C3%A7%C3%B5es_estaduais_em_Mato_Grosso_em_2018,1.0,1.0,17/09 a 19/09/2018,Ibope,±3%,3.0,duas_mencoes_agregadas,Jayme (DEM),32.0,32%,"Senado Federal | Governo do Estado | Pesquisas de intenção de voto | Deputados estaduais | Levando em conta que para o senado o eleitor irá votar duas vezes, as pesquisas possuem um universo de 200% | Senado Federal[editar | editar código]",wikipedia,,,,,,jayme dem,Jayme (DEM),Jayme Campos DEM,0.1998327868158146,True,2.0
2018,MT,Eleições estaduais em Mato Grosso em 2018,https://pt.wikipedia.org/wiki/Elei%C3%A7%C3%B5es_estaduais_em_Mato_Grosso_em_2018,1.0,1.0,17/09 a 19/09/2018,Ibope,±3%,3.0,duas_mencoes_agregadas,Leitão (PSDB),16.0,16%,"Senado Federal | Governo do Estado | Pesquisas de intenção de voto | Deputados estaduais | Levando em conta que para o senado o eleitor irá votar duas vezes, as pesquisas possuem um universo de 200% | Senado Federal[editar | editar código]",wikipedia,,,,,,leitao psdb,Leitão (PSDB),Nilson Leitão PSDB,0.0134564667438795,False,8.0
2018,MT,Eleições estaduais em Mato Grosso em 2018,https://pt.wikipedia.org/wiki/Elei%C3%A7%C3%B5es_estaduais_em_Mato_Grosso_em_2018,1.0,1.0,17/09 a 19/09/2018,Ibope,±3%,3.0,duas_mencoes_agregadas,Mauro (PSOL),14.0,14%,"Senado Federal | Governo do Estado | Pesquisas de intenção de voto | Deputados estaduais | Levando em conta que para o senado o eleitor irá votar duas vezes, as pesquisas possuem um universo de 200% | Senado Federal[editar | editar código]",wikipedia,,,,,,mauro psol,Mauro (PSOL),Procurador Mauro PSOL,0.0920580660610177,False,5.0
2018,MT,Eleições estaduais em Mato Grosso em 2018,https://pt.wikipedia.org/wiki/Elei%C3%A7%C3%B5es_estaduais_em_Mato_Grosso_em_2018,1.0,1.0,17/09 a 19/09/2018,Ibope,±3%,3.0,duas_mencoes_agregadas,Fávaro (PSD),13.0,13%,"Senado Federal | Governo do Estado | Pesquisas de intenção de voto | Deputados estaduais | Levando em conta que para o senado o eleitor irá votar duas vezes, as pesquisas possuem um universo de 200% | Senado Federal[editar | editar código]",wikipedia,,,,,,favaro psd,Fávaro (PSD),Carlos Fávaro PSD,0.1771384635934626,False,3.0
2018,MT,Eleições estaduais em Mato Grosso em 2018,https://pt.wikipedia.org/wiki/Elei%C3%A7%C3%B5es_estaduais_em_Mato_Grosso_em_2018,1.0,1.0,17/09 a 19/09/2018,Ibope,±3%,3.0,duas_mencoes_agregadas,Arruda (PSL),12.0,12%,"Senado Federal | Governo do Estado | Pesquisas de intenção de voto | Deputados estaduais | Levando em conta que para o senado o eleitor irá votar duas vezes, as pesquisas possuem um universo de 200% | Senado Federal[editar | editar código]",wikipedia,,,,,,arruda psl,Arruda (PSL),Selma Arruda PSL,0.2763301715136499,True,1.0
2018,MT,Eleições estaduais em Mato Grosso em 2018,https://pt.wikipedia.org/wiki/Elei%C3%A7%C3%B5es_estaduais_em_Mato_Grosso_em_2018,1.0,1.0,17/09 a 19/09/2018,Ibope,±3%,3.0,duas_mencoes_agregadas,Maria (PCdoB),9.0,9%,"Senado Federal | Governo do Estado | Pesquisas de intenção de voto | Deputados estaduais | Levando em conta que para o senado o eleitor irá votar duas vezes, as pesquisas possuem um universo de 200% | Senado Federal[editar | editar código]",wikipedia,,,,,,maria pcdob,Maria (PCdoB),Professora Maria Lúcia PCdoB,0.070150939830946,False,6.0
2018,MT,Eleições estaduais em Mato Grosso em 2018,https://pt.wikipedia.org/wiki/Elei%C3%A7%C3%B5es_estaduais_em_Mato_Grosso_em_2018,1.0,1.0,17/09 a 19/09/2018,Ibope,±3%,3.0,duas_mencoes_agregadas,Sachetti (PRB),9.0,9%,"Senado Federal | Governo do Estado | Pesquisas de intenção de voto | Deputados estaduais | Levando em conta que para o senado o eleitor irá votar duas vezes, as pesquisas possuem um universo de 200% | Senado Federal[editar | editar código]",wikipedia,,,,,,sachetti prb,Sachetti (PRB),Adilton Sachetti PRB,0.1356446707618828,False,4.0
2018,MT,Eleições estaduais em Mato Grosso em 2018,https://pt.wikipedia.org/wiki/Elei%C3%A7%C3%B5es_estaduais_em_Mato_Grosso_em_2018,1.0,1.0,17/09 a 19/09/2018,Ibope,±3%,3.0,duas_mencoes_agregadas,Caldas (NOVO),4.0,4%,"Senado Federal | Governo do Estado | Pesquisas de intenção de voto | Deputados estaduais | Levando em conta que para o senado o eleitor irá votar duas vezes, as pesquisas possuem um universo de 200% | Senado Federal[editar | editar código]",wikipedia,,,,,,caldas novo,Caldas (NOVO),Dr. Waldir Caldas NOVO,0.029115293205427,False,7.0
2018,MT,Eleições estaduais em Mato Grosso em 2018,https://pt.wikipedia.org/wiki/Elei%C3%A7%C3%B5es_estaduais_em_Mato_Grosso_em_2018,1.0,1.0,17/09 a 19/09/2018,Ibope,±3%,3.0,duas_mencoes_agregadas,Lopes (PSOL),4.0,4%,"Senado Federal | Governo do Estado | Pesquisas de intenção de voto | Deputados estaduais | Levando em conta que para o senado o eleitor irá votar duas vezes, as pesquisas possuem um universo de 200% | Senado Federal[editar | editar código]",wikipedia,,,,,,lopes psol,Lopes (PSOL),Gilberto Lopes Filho PSOL,0.0024756184770161,False,10.0
2018,MT,Eleições estaduais em Mato Grosso em 2018,https://pt.wikipedia.org/wiki/Elei%C3%A7%C3%B5es_estaduais_em_Mato_Grosso_em_2018,1.0,1.0,17/09 a 19/09/2018,Ibope,±3%,3.0,duas_mencoes_agregadas,Carlos (REDE),2.0,2%,"Senado Federal | Governo do Estado | Pesquisas de intenção de voto | Deputados estaduais | Levando em conta que para o senado o eleitor irá votar duas vezes, as pesquisas possuem um universo de 200% | Senado Federal[editar | editar código]",wikipedia,,,,,,carlos rede,Carlos (REDE),Carlos Fávaro PSD,0.1771384635934626,False,3.0
2018,MT,Eleições estaduais em Mato Grosso em 2018,https://pt.wikipedia.org/wiki/Elei%C3%A7%C3%B5es_estaduais_em_Mato_Grosso_em_2018,1.0,1.0,17/09 a 19/09/2018,Ibope,±3%,3.0,duas_mencoes_agregadas,Leite (PPL),1.0,1%,"Senado Federal | Governo do Estado | Pesquisas de intenção de voto | Deputados estaduais | Levando em conta que para o senado o eleitor irá votar duas vezes, as pesquisas possuem um universo de 200% | Senado Federal[editar | editar código]",wikipedia,,,,,,leite ppl,Leite (PPL),Aladir Leite PPL,0.0037975229969033,False,9.0
2018,MS,Eleições estaduais em Mato Grosso do Sul em 2018,https://pt.wikipedia.org/wiki/Elei%C3%A7%C3%B5es_estaduais_em_Mato_Grosso_do_Sul_em_2018,1.0,2.0,19 a 21 de dezembro de 2016,Ipems,49,49.0,duas_mencoes_agregadas,MDB,17.76,"17,76% (Moka)","Senado | Governo do Estado | Pré-campanha | Pesquisas de opinião | Nota: como em 2018 os eleitores escolhem dois senadores por estado, a soma dos percentuais atinge 200%, uma vez que os entrevistados podem optar por dois nomes. | Senado[editar | editar código]",wikipedia,,,,,,mdb,MDB,,,,
2018,MS,Eleições estaduais em Mato Grosso do Sul em 2018,https://pt.wikipedia.org/wiki/Elei%C3%A7%C3%B5es_estaduais_em_Mato_Grosso_do_Sul_em_2018,1.0,2.0,19 a 21 de dezembro de 2016,Ipems,49,49.0,duas_mencoes_agregadas,PSC,12.09,"12,09% (Chaves)","Senado | Governo do Estado | Pré-campanha | Pesquisas de opinião | Nota: como em 2018 os eleitores escolhem dois senadores por estado, a soma dos percentuais atinge 200%, uma vez que os entrevistados podem optar por dois nomes. | Senado[editar | editar código]",wikipedia,,,,,,psc,PSC,,,,
2018,MS,Eleições estaduais em Mato Grosso do Sul em 2018,https://pt.wikipedia.org/wiki/Elei%C3%A7%C3%B5es_estaduais_em_Mato_Grosso_do_Sul_em_2018,1.0,2.0,19 a 21 de dezembro de 2016,Ipems,49,49.0,duas_mencoes_agregadas,PT,21.55,"21,55% (Zeca)","Senado | Governo do Estado | Pré-campanha | Pesquisas de opinião | Nota: como em 2018 os eleitores escolhem dois senadores por estado, a soma dos percentuais atinge 200%, uma vez que os entrevistados podem optar por dois nomes. | Senado[editar | editar código]",wikipedia,,,,,,pt,PT,,,,
2018,MS,Eleições estaduais em Mato Grosso do Sul em 2018,https://pt.wikipedia.org/wiki/Elei%C3%A7%C3%B5es_estaduais_em_Mato_Grosso_do_Sul_em_2018,1.0,2.0,19 a 21 de dezembro de 2016,Ipems,49,49.0,duas_mencoes_agregadas,PTB,40.68,"40,68% (Nelsinho)","Senado | Governo do Estado | Pré-campanha | Pesquisas de opinião | Nota: como em 2018 os eleitores escolhem dois senadores por estado, a soma dos percentuais atinge 200%, uma vez que os entrevistados podem optar por dois nomes. | Senado[editar | editar código]",wikipedia,,,,,,ptb,PTB,,,,
2018,MS,Eleições estaduais em Mato Grosso do Sul em 2018,https://pt.wikipedia.org/wiki/Elei%C3%A7%C3%B5es_estaduais_em_Mato_Grosso_do_Sul_em_2018,1.0,4.0,15 a 17 de março de 2017,Ipems,49,49.0,duas_mencoes_agregadas,MDB,9.44,"9,44% (Moka)","Senado | Governo do Estado | Pré-campanha | Pesquisas de opinião | Nota: como em 2018 os eleitores escolhem dois senadores por estado, a soma dos percentuais atinge 200%, uma vez que os entrevistados podem optar por dois nomes. | Senado[editar | editar código]",wikipedia,,,,,,mdb,MDB,,,,
2018,MS,Eleições estaduais em Mato Grosso do Sul em 2018,https://pt.wikipedia.org/wiki/Elei%C3%A7%C3%B5es_estaduais_em_Mato_Grosso_do_Sul_em_2018,1.0,4.0,15 a 17 de março de 2017,Ipems,49,49.0,duas_mencoes_agregadas,PSC,7.59,"7,59% (Chaves)","Senado | Governo do Estado | Pré-campanha | Pesquisas de opinião | Nota: como em 2018 os eleitores escolhem dois senadores por estado, a soma dos percentuais atinge 200%, uma vez que os entrevistados podem optar por dois nomes. | Senado[editar | editar código]",wikipedia,,,,,,psc,PSC,,,,
2018,MS,Eleições estaduais em Mato Grosso do Sul em 2018,https://pt.wikipedia.org/wiki/Elei%C3%A7%C3%B5es_estaduais_em_Mato_Grosso_do_Sul_em_2018,1.0,4.0,15 a 17 de março de 2017,Ipems,49,49.0,duas_mencoes_agregadas,PT,12.39,"12,39% (Zeca)","Senado | Governo do Estado | Pré-campanha | Pesquisas de opinião | Nota: como em 2018 os eleitores escolhem dois senadores por estado, a soma dos percentuais atinge 200%, uma vez que os entrevistados podem optar por dois nomes. | Senado[editar | editar código]",wikipedia,,,,,,pt,PT,,,,
2018,MS,Eleições estaduais em Mato Grosso do Sul em 2018,https://pt.wikipedia.org/wiki/Elei%C3%A7%C3%B5es_estaduais_em_Mato_Grosso_do_Sul_em_2018,1.0,4.0,15 a 17 de março de 2017,Ipems,49,49.0,duas_mencoes_agregadas,PTB,34.95,"34,95% (Nelsinho)","Senado | Governo do Estado | Pré-campanha | Pesquisas de opinião | Nota: como em 2018 os eleitores escolhem dois senadores por estado, a soma dos percentuais atinge 200%, uma vez que os entrevistados podem optar por dois nomes. | Senado[editar | editar código]",wikipedia,,,,,,ptb,PTB,,,,
2018,MS,Eleições estaduais em Mato Grosso do Sul em 2018,https://pt.wikipedia.org/wiki/Elei%C3%A7%C3%B5es_estaduais_em_Mato_Grosso_do_Sul_em_2018,1.0,5.0,24 de julho a 3 de agosto de 2017,Ipems,251,251.0,duas_mencoes_agregadas,MDB,22.61,"22,61% (Moka)","Senado | Governo do Estado | Pré-campanha | Pesquisas de opinião | Nota: como em 2018 os eleitores escolhem dois senadores por estado, a soma dos percentuais atinge 200%, uma vez que os entrevistados podem optar por dois nomes. | Senado[editar | editar código]",wikipedia,,,,,,mdb,MDB,,,,
2018,MS,Eleições estaduais em Mato Grosso do Sul em 2018,https://pt.wikipedia.org/wiki/Elei%C3%A7%C3%B5es_estaduais_em_Mato_Grosso_do_Sul_em_2018,1.0,5.0,24 de julho a 3 de agosto de 2017,Ipems,251,251.0,duas_mencoes_agregadas,PSC,2.3,"2,3% (Chaves)","Senado | Governo do Estado | Pré-campanha | Pesquisas de opinião | Nota: como em 2018 os eleitores escolhem dois senadores por estado, a soma dos percentuais atinge 200%, uma vez que os entrevistados podem optar por dois nomes. | Senado[editar | editar código]",wikipedia,,,,,,psc,PSC,,,,
2018,MS,Eleições estaduais em Mato Grosso do Sul em 2018,https://pt.wikipedia.org/wiki/Elei%C3%A7%C3%B5es_estaduais_em_Mato_Grosso_do_Sul_em_2018,1.0,5.0,24 de julho a 3 de agosto de 2017,Ipems,251,251.0,duas_mencoes_agregadas,PT,30.53,"30,53% (Zeca)","Senado | Governo do Estado | Pré-campanha | Pesquisas de opinião | Nota: como em 2018 os eleitores escolhem dois senadores por estado, a soma dos percentuais atinge 200%, uma vez que os entrevistados podem optar por dois nomes. | Senado[editar | editar código]",wikipedia,,,,,,pt,PT,,,,
2018,MS,Eleições estaduais em Mato Grosso do Sul em 2018,https://pt.wikipedia.org/wiki/Elei%C3%A7%C3%B5es_estaduais_em_Mato_Grosso_do_Sul_em_2018,1.0,5.0,24 de julho a 3 de agosto de 2017,Ipems,251,251.0,duas_mencoes_agregadas,PTB,42.99,"42,99% (Nelsinho)","Senado | Governo do Estado | Pré-campanha | Pesquisas de opinião | Nota: como em 2018 os eleitores escolhem dois senadores por estado, a soma dos percentuais atinge 200%, uma vez que os entrevistados podem optar por dois nomes. | Senado[editar | editar código]",wikipedia,,,,,,ptb,PTB,,,,
2018,MS,Eleições estaduais em Mato Grosso do Sul em 2018,https://pt.wikipedia.org/wiki/Elei%C3%A7%C3%B5es_estaduais_em_Mato_Grosso_do_Sul_em_2018,1.0,7.0,9 a 16 de outubro de 2017,Ranking,25,25.0,duas_mencoes_agregadas,MDB,6.13,"6,13% (Moka)","Senado | Governo do Estado | Pré-campanha | Pesquisas de opinião | Nota: como em 2018 os eleitores escolhem dois senadores por estado, a soma dos percentuais atinge 200%, uma vez que os entrevistados podem optar por dois nomes. | Senado[editar | editar código]",wikipedia,,,,,,mdb,MDB,,,,
2018,MS,Eleições estaduais em Mato Grosso do Sul em 2018,https://pt.wikipedia.org/wiki/Elei%C3%A7%C3%B5es_estaduais_em_Mato_Grosso_do_Sul_em_2018,1.0,7.0,9 a 16 de outubro de 2017,Ranking,25,25.0,duas_mencoes_agregadas,PSC,4.76,"4,76% (Chaves)","Senado | Governo do Estado | Pré-campanha | Pesquisas de opinião | Nota: como em 2018 os eleitores escolhem dois senadores por estado, a soma dos percentuais atinge 200%, uma vez que os entrevistados podem optar por dois nomes. | Senado[editar | editar código]",wikipedia,,,,,,psc,PSC,,,,
2018,MS,Eleições estaduais em Mato Grosso do Sul em 2018,https://pt.wikipedia.org/wiki/Elei%C3%A7%C3%B5es_estaduais_em_Mato_Grosso_do_Sul_em_2018,1.0,7.0,9 a 16 de outubro de 2017,Ranking,25,25.0,duas_mencoes_agregadas,PT,8.46,"8,46% (Zeca)","Senado | Governo do Estado | Pré-campanha | Pesquisas de opinião | Nota: como em 2018 os eleitores escolhem dois senadores por estado, a soma dos percentuais atinge 200%, uma vez que os entrevistados podem optar por dois nomes. | Senado[editar | editar código]",wikipedia,,,,,,pt,PT,,,,
2018,MS,Eleições estaduais em Mato Grosso do Sul em 2018,https://pt.wikipedia.org/wiki/Elei%C3%A7%C3%B5es_estaduais_em_Mato_Grosso_do_Sul_em_2018,1.0,7.0,9 a 16 de outubro de 2017,Ranking,25,25.0,duas_mencoes_agregadas,PTB,15.2,"15,2% (Nelsinho)","Senado | Governo do Estado | Pré-campanha | Pesquisas de opinião | Nota: como em 2018 os eleitores escolhem dois senadores por estado, a soma dos percentuais atinge 200%, uma vez que os entrevistados podem optar por dois nomes. | Senado[editar | editar código]",wikipedia,,,,,,ptb,PTB,,,,
2018,MS,Eleições estaduais em Mato Grosso do Sul em 2018,https://pt.wikipedia.org/wiki/Elei%C3%A7%C3%B5es_estaduais_em_Mato_Grosso_do_Sul_em_2018,1.0,8.0,18 a 25 de outubro de 2017,Ipems,269,269.0,duas_mencoes_agregadas,MDB,19.25,"19,25% (Moka)","Senado | Governo do Estado | Pré-campanha | Pesquisas de opinião | Nota: como em 2018 os eleitores escolhem dois senadores por estado, a soma dos percentuais atinge 200%, uma vez que os entrevistados podem optar por dois nomes. | Senado[editar | editar código]",wikipedia,,,,,,mdb,MDB,,,,
2018,MS,Eleições estaduais em Mato Grosso do Sul em 2018,https://pt.wikipedia.org/wiki/Elei%C3%A7%C3%B5es_estaduais_em_Mato_Grosso_do_Sul_em_2018,1.0,8.0,18 a 25 de outubro de 2017,Ipems,269,269.0,duas_mencoes_agregadas,PSC,3.31,"3,31% (Chaves)","Senado | Governo do Estado | Pré-campanha | Pesquisas de opinião | Nota: como em 2018 os eleitores escolhem dois senadores por estado, a soma dos percentuais atinge 200%, uma vez que os entrevistados podem optar por dois nomes. | Senado[editar | editar código]",wikipedia,,,,,,psc,PSC,,,,
2018,MS,Eleições estaduais em Mato Grosso do Sul em 2018,https://pt.wikipedia.org/wiki/Elei%C3%A7%C3%B5es_estaduais_em_Mato_Grosso_do_Sul_em_2018,1.0,8.0,18 a 25 de outubro de 2017,Ipems,269,269.0,duas_mencoes_agregadas,PT,21.7,"21,7% (Zeca)","Senado | Governo do Estado | Pré-campanha | Pesquisas de opinião | Nota: como em 2018 os eleitores escolhem dois senadores por estado, a soma dos percentuais atinge 200%, uma vez que os entrevistados podem optar por dois nomes. | Senado[editar | editar código]",wikipedia,,,,,,pt,PT,,,,
2018,MS,Eleições estaduais em Mato Grosso do Sul em 2018,https://pt.wikipedia.org/wiki/Elei%C3%A7%C3%B5es_estaduais_em_Mato_Grosso_do_Sul_em_2018,1.0,8.0,18 a 25 de outubro de 2017,Ipems,269,269.0,duas_mencoes_agregadas,PTB,30.7,"30,7% (Nelsinho)","Senado | Governo do Estado | Pré-campanha | Pesquisas de opinião | Nota: como em 2018 os eleitores escolhem dois senadores por estado, a soma dos percentuais atinge 200%, uma vez que os entrevistados podem optar por dois nomes. | Senado[editar | editar código]",wikipedia,,,,,,ptb,PTB,,,,
2018,MS,Eleições estaduais em Mato Grosso do Sul em 2018,https://pt.wikipedia.org/wiki/Elei%C3%A7%C3%B5es_estaduais_em_Mato_Grosso_do_Sul_em_2018,1.0,9.0,9 a 17 de dezembro de 2017,Ipems,—,,duas_mencoes_agregadas,MDB,25.53,"25,53% (Moka)","Senado | Governo do Estado | Pré-campanha | Pesquisas de opinião | Nota: como em 2018 os eleitores escolhem dois senadores por estado, a soma dos percentuais atinge 200%, uma vez que os entrevistados podem optar por dois nomes. | Senado[editar | editar código]",wikipedia,,,,,,mdb,MDB,,,,
2018,MS,Eleições estaduais em Mato Grosso do Sul em 2018,https://pt.wikipedia.org/wiki/Elei%C3%A7%C3%B5es_estaduais_em_Mato_Grosso_do_Sul_em_2018,1.0,9.0,9 a 17 de dezembro de 2017,Ipems,—,,duas_mencoes_agregadas,PSC,3.1,"3,1% (Chaves)","Senado | Governo do Estado | Pré-campanha | Pesquisas de opinião | Nota: como em 2018 os eleitores escolhem dois senadores por estado, a soma dos percentuais atinge 200%, uma vez que os entrevistados podem optar por dois nomes. | Senado[editar | editar código]",wikipedia,,,,,,psc,PSC,,,,
2018,MS,Eleições estaduais em Mato Grosso do Sul em 2018,https://pt.wikipedia.org/wiki/Elei%C3%A7%C3%B5es_estaduais_em_Mato_Grosso_do_Sul_em_2018,1.0,9.0,9 a 17 de dezembro de 2017,Ipems,—,,duas_mencoes_agregadas,PSDB,0.92,"0,92% (Miglioli)","Senado | Governo do Estado | Pré-campanha | Pesquisas de opinião | Nota: como em 2018 os eleitores escolhem dois senadores por estado, a soma dos percentuais atinge 200%, uma vez que os entrevistados podem optar por dois nomes. | Senado[editar | editar código]",wikipedia,,,,,,psdb,PSDB,,,,
2018,MS,Eleições estaduais em Mato Grosso do Sul em 2018,https://pt.wikipedia.org/wiki/Elei%C3%A7%C3%B5es_estaduais_em_Mato_Grosso_do_Sul_em_2018,1.0,9.0,9 a 17 de dezembro de 2017,Ipems,—,,duas_mencoes_agregadas,PT,31.2,"31,2% (Zeca)","Senado | Governo do Estado | Pré-campanha | Pesquisas de opinião | Nota: como em 2018 os eleitores escolhem dois senadores por estado, a soma dos percentuais atinge 200%, uma vez que os entrevistados podem optar por dois nomes. | Senado[editar | editar código]",wikipedia,,,,,,pt,PT,,,,
2018,MS,Eleições estaduais em Mato Grosso do Sul em 2018,https://pt.wikipedia.org/wiki/Elei%C3%A7%C3%B5es_estaduais_em_Mato_Grosso_do_Sul_em_2018,1.0,9.0,9 a 17 de dezembro de 2017,Ipems,—,,duas_mencoes_agregadas,PTB,39.75,"39,75% (Nelsinho)","Senado | Governo do Estado | Pré-campanha | Pesquisas de opinião | Nota: como em 2018 os eleitores escolhem dois senadores por estado, a soma dos percentuais atinge 200%, uma vez que os entrevistados podem optar por dois nomes. | Senado[editar | editar código]",wikipedia,,,,,,ptb,PTB,,,,
2018,MS,Eleições estaduais em Mato Grosso do Sul em 2018,https://pt.wikipedia.org/wiki/Elei%C3%A7%C3%B5es_estaduais_em_Mato_Grosso_do_Sul_em_2018,1.0,10.0,1º a 5 de fevereiro de 2018,Ranking,283,283.0,duas_mencoes_agregadas,MDB,10.25,"10,25% (Moka)","Senado | Governo do Estado | Pré-campanha | Pesquisas de opinião | Nota: como em 2018 os eleitores escolhem dois senadores por estado, a soma dos percentuais atinge 200%, uma vez que os entrevistados podem optar por dois nomes. | Senado[editar | editar código]",wikipedia,,,,,,mdb,MDB,,,,
2018,MS,Eleições estaduais em Mato Grosso do Sul em 2018,https://pt.wikipedia.org/wiki/Elei%C3%A7%C3%B5es_estaduais_em_Mato_Grosso_do_Sul_em_2018,1.0,10.0,1º a 5 de fevereiro de 2018,Ranking,283,283.0,duas_mencoes_agregadas,PODE,3.16,"3,16% (Maia)","Senado | Governo do Estado | Pré-campanha | Pesquisas de opinião | Nota: como em 2018 os eleitores escolhem dois senadores por estado, a soma dos percentuais atinge 200%, uma vez que os entrevistados podem optar por dois nomes. | Senado[editar | editar código]",wikipedia,,,,,,pode,PODE,,,,
2018,MS,Eleições estaduais em Mato Grosso do Sul em 2018,https://pt.wikipedia.org/wiki/Elei%C3%A7%C3%B5es_estaduais_em_Mato_Grosso_do_Sul_em_2018,1.0,10.0,1º a 5 de fevereiro de 2018,Ranking,283,283.0,duas_mencoes_agregadas,PSC,14.75,"14,75% (Chaves)","Senado | Governo do Estado | Pré-campanha | Pesquisas de opinião | Nota: como em 2018 os eleitores escolhem dois senadores por estado, a soma dos percentuais atinge 200%, uma vez que os entrevistados podem optar por dois nomes. | Senado[editar | editar código]",wikipedia,,,,,,psc,PSC,,,,
2018,MS,Eleições estaduais em Mato Grosso do Sul em 2018,https://pt.wikipedia.org/wiki/Elei%C3%A7%C3%B5es_estaduais_em_Mato_Grosso_do_Sul_em_2018,1.0,10.0,1º a 5 de fevereiro de 2018,Ranking,283,283.0,duas_mencoes_agregadas,PT,18.25,"18,25% (Zeca)","Senado | Governo do Estado | Pré-campanha | Pesquisas de opinião | Nota: como em 2018 os eleitores escolhem dois senadores por estado, a soma dos percentuais atinge 200%, uma vez que os entrevistados podem optar por dois nomes. | Senado[editar | editar código]",wikipedia,,,,,,pt,PT,,,,
2018,MS,Eleições estaduais em Mato Grosso do Sul em 2018,https://pt.wikipedia.org/wiki/Elei%C3%A7%C3%B5es_estaduais_em_Mato_Grosso_do_Sul_em_2018,1.0,10.0,1º a 5 de fevereiro de 2018,Ranking,283,283.0,duas_mencoes_agregadas,PTB,31.16,"31,16% (Nelsinho)","Senado | Governo do Estado | Pré-campanha | Pesquisas de opinião | Nota: como em 2018 os eleitores escolhem dois senadores por estado, a soma dos percentuais atinge 200%, uma vez que os entrevistados podem optar por dois nomes. | Senado[editar | editar código]",wikipedia,,,,,,ptb,PTB,,,,
2018,MS,Eleições estaduais em Mato Grosso do Sul em 2018,https://pt.wikipedia.org/wiki/Elei%C3%A7%C3%B5es_estaduais_em_Mato_Grosso_do_Sul_em_2018,1.0,11.0,11 a 15 de março de 2018,Ranking,283,283.0,duas_mencoes_agregadas,MDB,4.41,"4,41% (Moka)","Senado | Governo do Estado | Pré-campanha | Pesquisas de opinião | Nota: como em 2018 os eleitores escolhem dois senadores por estado, a soma dos percentuais atinge 200%, uma vez que os entrevistados podem optar por dois nomes. | Senado[editar | editar código]",wikipedia,,,,,,mdb,MDB,,,,
2018,MS,Eleições estaduais em Mato Grosso do Sul em 2018,https://pt.wikipedia.org/wiki/Elei%C3%A7%C3%B5es_estaduais_em_Mato_Grosso_do_Sul_em_2018,1.0,11.0,11 a 15 de março de 2018,Ranking,283,283.0,duas_mencoes_agregadas,PODE,3.91,"3,91% (Maia)","Senado | Governo do Estado | Pré-campanha | Pesquisas de opinião | Nota: como em 2018 os eleitores escolhem dois senadores por estado, a soma dos percentuais atinge 200%, uma vez que os entrevistados podem optar por dois nomes. | Senado[editar | editar código]",wikipedia,,,,,,pode,PODE,,,,
2018,MS,Eleições estaduais em Mato Grosso do Sul em 2018,https://pt.wikipedia.org/wiki/Elei%C3%A7%C3%B5es_estaduais_em_Mato_Grosso_do_Sul_em_2018,1.0,11.0,11 a 15 de março de 2018,Ranking,283,283.0,duas_mencoes_agregadas,PSC,8.66,"8,66% (Chaves)","Senado | Governo do Estado | Pré-campanha | Pesquisas de opinião | Nota: como em 2018 os eleitores escolhem dois senadores por estado, a soma dos percentuais atinge 200%, uma vez que os entrevistados podem optar por dois nomes. | Senado[editar | editar código]",wikipedia,,,,,,psc,PSC,,,,
2018,MS,Eleições estaduais em Mato Grosso do Sul em 2018,https://pt.wikipedia.org/wiki/Elei%C3%A7%C3%B5es_estaduais_em_Mato_Grosso_do_Sul_em_2018,1.0,11.0,11 a 15 de março de 2018,Ranking,283,283.0,duas_mencoes_agregadas,PSDB,2.66,"2,66% (Miglioli)","Senado | Governo do Estado | Pré-campanha | Pesquisas de opinião | Nota: como em 2018 os eleitores escolhem dois senadores por estado, a soma dos percentuais atinge 200%, uma vez que os entrevistados podem optar por dois nomes. | Senado[editar | editar código]",wikipedia,,,,,,psdb,PSDB,,,,
2018,MS,Eleições estaduais em Mato Grosso do Sul em 2018,https://pt.wikipedia.org/wiki/Elei%C3%A7%C3%B5es_estaduais_em_Mato_Grosso_do_Sul_em_2018,1.0,11.0,11 a 15 de março de 2018,Ranking,283,283.0,duas_mencoes_agregadas,PT,14.33,"14,33% (Zeca)","Senado | Governo do Estado | Pré-campanha | Pesquisas de opinião | Nota: como em 2018 os eleitores escolhem dois senadores por estado, a soma dos percentuais atinge 200%, uma vez que os entrevistados podem optar por dois nomes. | Senado[editar | editar código]",wikipedia,,,,,,pt,PT,,,,
2018,MS,Eleições estaduais em Mato Grosso do Sul em 2018,https://pt.wikipedia.org/wiki/Elei%C3%A7%C3%B5es_estaduais_em_Mato_Grosso_do_Sul_em_2018,1.0,11.0,11 a 15 de março de 2018,Ranking,283,283.0,duas_mencoes_agregadas,PTB,27.17,"27,17% (Nelsinho)","Senado | Governo do Estado | Pré-campanha | Pesquisas de opinião | Nota: como em 2018 os eleitores escolhem dois senadores por estado, a soma dos percentuais atinge 200%, uma vez que os entrevistados podem optar por dois nomes. | Senado[editar | editar código]",wikipedia,,,,,,ptb,PTB,,,,
2018,MS,Eleições estaduais em Mato Grosso do Sul em 2018,https://pt.wikipedia.org/wiki/Elei%C3%A7%C3%B5es_estaduais_em_Mato_Grosso_do_Sul_em_2018,1.0,12.0,11 a 15 de março de 2018,Ranking,283,283.0,duas_mencoes_agregadas,MDB,5.33,"5,33% (Moka)","Senado | Governo do Estado | Pré-campanha | Pesquisas de opinião | Nota: como em 2018 os eleitores escolhem dois senadores por estado, a soma dos percentuais atinge 200%, uma vez que os entrevistados podem optar por dois nomes. | Senado[editar | editar código]",wikipedia,,,,,,mdb,MDB,,,,
2018,MS,Eleições estaduais em Mato Grosso do Sul em 2018,https://pt.wikipedia.org/wiki/Elei%C3%A7%C3%B5es_estaduais_em_Mato_Grosso_do_Sul_em_2018,1.0,12.0,11 a 15 de março de 2018,Ranking,283,283.0,duas_mencoes_agregadas,PODE,4.0,4% (Maia),"Senado | Governo do Estado | Pré-campanha | Pesquisas de opinião | Nota: como em 2018 os eleitores escolhem dois senadores por estado, a soma dos percentuais atinge 200%, uma vez que os entrevistados podem optar por dois nomes. | Senado[editar | editar código]",wikipedia,,,,,,pode,PODE,,,,
2018,MS,Eleições estaduais em Mato Grosso do Sul em 2018,https://pt.wikipedia.org/wiki/Elei%C3%A7%C3%B5es_estaduais_em_Mato_Grosso_do_Sul_em_2018,1.0,12.0,11 a 15 de março de 2018,Ranking,283,283.0,duas_mencoes_agregadas,PSC,5.83,"5,83% (Chaves)","Senado | Governo do Estado | Pré-campanha | Pesquisas de opinião | Nota: como em 2018 os eleitores escolhem dois senadores por estado, a soma dos percentuais atinge 200%, uma vez que os entrevistados podem optar por dois nomes. | Senado[editar | editar código]",wikipedia,,,,,,psc,PSC,,,,
2018,MS,Eleições estaduais em Mato Grosso do Sul em 2018,https://pt.wikipedia.org/wiki/Elei%C3%A7%C3%B5es_estaduais_em_Mato_Grosso_do_Sul_em_2018,1.0,12.0,11 a 15 de março de 2018,Ranking,283,283.0,duas_mencoes_agregadas,PSDB,2.41,"2,41% (Miglioli)","Senado | Governo do Estado | Pré-campanha | Pesquisas de opinião | Nota: como em 2018 os eleitores escolhem dois senadores por estado, a soma dos percentuais atinge 200%, uma vez que os entrevistados podem optar por dois nomes. | Senado[editar | editar código]",wikipedia,,,,,,psdb,PSDB,,,,
2018,MS,Eleições estaduais em Mato Grosso do Sul em 2018,https://pt.wikipedia.org/wiki/Elei%C3%A7%C3%B5es_estaduais_em_Mato_Grosso_do_Sul_em_2018,1.0,12.0,11 a 15 de março de 2018,Ranking,283,283.0,duas_mencoes_agregadas,PT,6.25,"6,25% (Zeca)","Senado | Governo do Estado | Pré-campanha | Pesquisas de opinião | Nota: como em 2018 os eleitores escolhem dois senadores por estado, a soma dos percentuais atinge 200%, uma vez que os entrevistados podem optar por dois nomes. | Senado[editar | editar código]",wikipedia,,,,,,pt,PT,,,,
2018,MS,Eleições estaduais em Mato Grosso do Sul em 2018,https://pt.wikipedia.org/wiki/Elei%C3%A7%C3%B5es_estaduais_em_Mato_Grosso_do_Sul_em_2018,1.0,12.0,11 a 15 de março de 2018,Ranking,283,283.0,duas_mencoes_agregadas,PTB,4.16,"4,16% (Nelsinho)","Senado | Governo do Estado | Pré-campanha | Pesquisas de opinião | Nota: como em 2018 os eleitores escolhem dois senadores por estado, a soma dos percentuais atinge 200%, uma vez que os entrevistados podem optar por dois nomes. | Senado[editar | editar código]",wikipedia,,,,,,ptb,PTB,,,,
2018,MS,Eleições estaduais em Mato Grosso do Sul em 2018,https://pt.wikipedia.org/wiki/Elei%C3%A7%C3%B5es_estaduais_em_Mato_Grosso_do_Sul_em_2018,1.0,13.0,17 a 21 de março de 2018,Vox Populi,44,44.0,duas_mencoes_agregadas,MDB,4.0,4% (Moka),"Senado | Governo do Estado | Pré-campanha | Pesquisas de opinião | Nota: como em 2018 os eleitores escolhem dois senadores por estado, a soma dos percentuais atinge 200%, uma vez que os entrevistados podem optar por dois nomes. | Senado[editar | editar código]",wikipedia,,,,,,mdb,MDB,,,,
2018,MS,Eleições estaduais em Mato Grosso do Sul em 2018,https://pt.wikipedia.org/wiki/Elei%C3%A7%C3%B5es_estaduais_em_Mato_Grosso_do_Sul_em_2018,1.0,13.0,17 a 21 de março de 2018,Vox Populi,44,44.0,duas_mencoes_agregadas,PODE,2.0,2% (Maia),"Senado | Governo do Estado | Pré-campanha | Pesquisas de opinião | Nota: como em 2018 os eleitores escolhem dois senadores por estado, a soma dos percentuais atinge 200%, uma vez que os entrevistados podem optar por dois nomes. | Senado[editar | editar código]",wikipedia,,,,,,pode,PODE,,,,
2018,MS,Eleições estaduais em Mato Grosso do Sul em 2018,https://pt.wikipedia.org/wiki/Elei%C3%A7%C3%B5es_estaduais_em_Mato_Grosso_do_Sul_em_2018,1.0,13.0,17 a 21 de março de 2018,Vox Populi,44,44.0,duas_mencoes_agregadas,PRB,5.0,5% (Chaves),"Senado | Governo do Estado | Pré-campanha | Pesquisas de opinião | Nota: como em 2018 os eleitores escolhem dois senadores por estado, a soma dos percentuais atinge 200%, uma vez que os entrevistados podem optar por dois nomes. | Senado[editar | editar código]",wikipedia,,,,,,prb,PRB,,,,
2018,MS,Eleições estaduais em Mato Grosso do Sul em 2018,https://pt.wikipedia.org/wiki/Elei%C3%A7%C3%B5es_estaduais_em_Mato_Grosso_do_Sul_em_2018,1.0,13.0,17 a 21 de março de 2018,Vox Populi,44,44.0,duas_mencoes_agregadas,PT,15.0,15% (Zeca),"Senado | Governo do Estado | Pré-campanha | Pesquisas de opinião | Nota: como em 2018 os eleitores escolhem dois senadores por estado, a soma dos percentuais atinge 200%, uma vez que os entrevistados podem optar por dois nomes. | Senado[editar | editar código]",wikipedia,,,,,,pt,PT,,,,
2018,MS,Eleições estaduais em Mato Grosso do Sul em 2018,https://pt.wikipedia.org/wiki/Elei%C3%A7%C3%B5es_estaduais_em_Mato_Grosso_do_Sul_em_2018,1.0,13.0,17 a 21 de março de 2018,Vox Populi,44,44.0,duas_mencoes_agregadas,PTB,27.0,27% (Nelsinho),"Senado | Governo do Estado | Pré-campanha | Pesquisas de opinião | Nota: como em 2018 os eleitores escolhem dois senadores por estado, a soma dos percentuais atinge 200%, uma vez que os entrevistados podem optar por dois nomes. | Senado[editar | editar código]",wikipedia,,,,,,ptb,PTB,,,,
2018,MS,Eleições estaduais em Mato Grosso do Sul em 2018,https://pt.wikipedia.org/wiki/Elei%C3%A7%C3%B5es_estaduais_em_Mato_Grosso_do_Sul_em_2018,1.0,14.0,17 a 21 de março de 2018,Vox Populi,44,44.0,duas_mencoes_agregadas,MDB,5.0,5% (Moka),"Senado | Governo do Estado | Pré-campanha | Pesquisas de opinião | Nota: como em 2018 os eleitores escolhem dois senadores por estado, a soma dos percentuais atinge 200%, uma vez que os entrevistados podem optar por dois nomes. | Senado[editar | editar código]",wikipedia,,,,,,mdb,MDB,,,,
2018,MS,Eleições estaduais em Mato Grosso do Sul em 2018,https://pt.wikipedia.org/wiki/Elei%C3%A7%C3%B5es_estaduais_em_Mato_Grosso_do_Sul_em_2018,1.0,14.0,17 a 21 de março de 2018,Vox Populi,44,44.0,duas_mencoes_agregadas,PODE,3.0,3% (Maia),"Senado | Governo do Estado | Pré-campanha | Pesquisas de opinião | Nota: como em 2018 os eleitores escolhem dois senadores por estado, a soma dos percentuais atinge 200%, uma vez que os entrevistados podem optar por dois nomes. | Senado[editar | editar código]",wikipedia,,,,,,pode,PODE,,,,
2018,MS,Eleições estaduais em Mato Grosso do Sul em 2018,https://pt.wikipedia.org/wiki/Elei%C3%A7%C3%B5es_estaduais_em_Mato_Grosso_do_Sul_em_2018,1.0,14.0,17 a 21 de março de 2018,Vox Populi,44,44.0,duas_mencoes_agregadas,PRB,5.0,5% (Chaves),"Senado | Governo do Estado | Pré-campanha | Pesquisas de opinião | Nota: como em 2018 os eleitores escolhem dois senadores por estado, a soma dos percentuais atinge 200%, uma vez que os entrevistados podem optar por dois nomes. | Senado[editar | editar código]",wikipedia,,,,,,prb,PRB,,,,
2018,MS,Eleições estaduais em Mato Grosso do Sul em 2018,https://pt.wikipedia.org/wiki/Elei%C3%A7%C3%B5es_estaduais_em_Mato_Grosso_do_Sul_em_2018,1.0,14.0,17 a 21 de março de 2018,Vox Populi,44,44.0,duas_mencoes_agregadas,PT,7.0,7% (Zeca),"Senado | Governo do Estado | Pré-campanha | Pesquisas de opinião | Nota: como em 2018 os eleitores escolhem dois senadores por estado, a soma dos percentuais atinge 200%, uma vez que os entrevistados podem optar por dois nomes. | Senado[editar | editar código]",wikipedia,,,,,,pt,PT,,,,
2018,MS,Eleições estaduais em Mato Grosso do Sul em 2018,https://pt.wikipedia.org/wiki/Elei%C3%A7%C3%B5es_estaduais_em_Mato_Grosso_do_Sul_em_2018,1.0,14.0,17 a 21 de março de 2018,Vox Populi,44,44.0,duas_mencoes_agregadas,PTB,10.0,10% (Nelsinho),"Senado | Governo do Estado | Pré-campanha | Pesquisas de opinião | Nota: como em 2018 os eleitores escolhem dois senadores por estado, a soma dos percentuais atinge 200%, uma vez que os entrevistados podem optar por dois nomes. | Senado[editar | editar código]",wikipedia,,,,,,ptb,PTB,,,,
2018,MS,Eleições estaduais em Mato Grosso do Sul em 2018,https://pt.wikipedia.org/wiki/Elei%C3%A7%C3%B5es_estaduais_em_Mato_Grosso_do_Sul_em_2018,1.0,15.0,17 a 21 de março de 2018,Vox Populi,44,44.0,duas_mencoes_agregadas,MDB,5.0,5% (Moka),"Senado | Governo do Estado | Pré-campanha | Pesquisas de opinião | Nota: como em 2018 os eleitores escolhem dois senadores por estado, a soma dos percentuais atinge 200%, uma vez que os entrevistados podem optar por dois nomes. | Senado[editar | editar código]",wikipedia,,,,,,mdb,MDB,,,,
2018,MS,Eleições estaduais em Mato Grosso do Sul em 2018,https://pt.wikipedia.org/wiki/Elei%C3%A7%C3%B5es_estaduais_em_Mato_Grosso_do_Sul_em_2018,1.0,15.0,17 a 21 de março de 2018,Vox Populi,44,44.0,duas_mencoes_agregadas,PODE,3.0,3% (Maia),"Senado | Governo do Estado | Pré-campanha | Pesquisas de opinião | Nota: como em 2018 os eleitores escolhem dois senadores por estado, a soma dos percentuais atinge 200%, uma vez que os entrevistados podem optar por dois nomes. | Senado[editar | editar código]",wikipedia,,,,,,pode,PODE,,,,
2018,MS,Eleições estaduais em Mato Grosso do Sul em 2018,https://pt.wikipedia.org/wiki/Elei%C3%A7%C3%B5es_estaduais_em_Mato_Grosso_do_Sul_em_2018,1.0,15.0,17 a 21 de março de 2018,Vox Populi,44,44.0,duas_mencoes_agregadas,PRB,5.0,5% (Chaves),"Senado | Governo do Estado | Pré-campanha | Pesquisas de opinião | Nota: como em 2018 os eleitores escolhem dois senadores por estado, a soma dos percentuais atinge 200%, uma vez que os entrevistados podem optar por dois nomes. | Senado[editar | editar código]",wikipedia,,,,,,prb,PRB,,,,
2018,MS,Eleições estaduais em Mato Grosso do Sul em 2018,https://pt.wikipedia.org/wiki/Elei%C3%A7%C3%B5es_estaduais_em_Mato_Grosso_do_Sul_em_2018,1.0,15.0,17 a 21 de março de 2018,Vox Populi,44,44.0,duas_mencoes_agregadas,PSDB,1.0,1% (Miglioli),"Senado | Governo do Estado | Pré-campanha | Pesquisas de opinião | Nota: como em 2018 os eleitores escolhem dois senadores por estado, a soma dos percentuais atinge 200%, uma vez que os entrevistados podem optar por dois nomes. | Senado[editar | editar código]",wikipedia,,,,,,psdb,PSDB,,,,
2018,MS,Eleições estaduais em Mato Grosso do Sul em 2018,https://pt.wikipedia.org/wiki/Elei%C3%A7%C3%B5es_estaduais_em_Mato_Grosso_do_Sul_em_2018,1.0,15.0,17 a 21 de março de 2018,Vox Populi,44,44.0,duas_mencoes_agregadas,PT,15.0,15% (Zeca),"Senado | Governo do Estado | Pré-campanha | Pesquisas de opinião | Nota: como em 2018 os eleitores escolhem dois senadores por estado, a soma dos percentuais atinge 200%, uma vez que os entrevistados podem optar por dois nomes. | Senado[editar | editar código]",wikipedia,,,,,,pt,PT,,,,
2018,MS,Eleições estaduais em Mato Grosso do Sul em 2018,https://pt.wikipedia.org/wiki/Elei%C3%A7%C3%B5es_estaduais_em_Mato_Grosso_do_Sul_em_2018,1.0,15.0,17 a 21 de março de 2018,Vox Populi,44,44.0,duas_mencoes_agregadas,PTB,25.0,25% (Nelsinho),"Senado | Governo do Estado | Pré-campanha | Pesquisas de opinião | Nota: como em 2018 os eleitores escolhem dois senadores por estado, a soma dos percentuais atinge 200%, uma vez que os entrevistados podem optar por dois nomes. | Senado[editar | editar código]",wikipedia,,,,,,ptb,PTB,,,,
2018,MS,Eleições estaduais em Mato Grosso do Sul em 2018,https://pt.wikipedia.org/wiki/Elei%C3%A7%C3%B5es_estaduais_em_Mato_Grosso_do_Sul_em_2018,1.0,16.0,17 a 21 de março de 2018,Vox Populi,44,44.0,duas_mencoes_agregadas,MDB,4.0,4% (Moka),"Senado | Governo do Estado | Pré-campanha | Pesquisas de opinião | Nota: como em 2018 os eleitores escolhem dois senadores por estado, a soma dos percentuais atinge 200%, uma vez que os entrevistados podem optar por dois nomes. | Senado[editar | editar código]",wikipedia,,,,,,mdb,MDB,,,,
2018,MS,Eleições estaduais em Mato Grosso do Sul em 2018,https://pt.wikipedia.org/wiki/Elei%C3%A7%C3%B5es_estaduais_em_Mato_Grosso_do_Sul_em_2018,1.0,16.0,17 a 21 de março de 2018,Vox Populi,44,44.0,duas_mencoes_agregadas,PODE,3.0,3% (Maia),"Senado | Governo do Estado | Pré-campanha | Pesquisas de opinião | Nota: como em 2018 os eleitores escolhem dois senadores por estado, a soma dos percentuais atinge 200%, uma vez que os entrevistados podem optar por dois nomes. | Senado[editar | editar código]",wikipedia,,,,,,pode,PODE,,,,
2018,MS,Eleições estaduais em Mato Grosso do Sul em 2018,https://pt.wikipedia.org/wiki/Elei%C3%A7%C3%B5es_estaduais_em_Mato_Grosso_do_Sul_em_2018,1.0,16.0,17 a 21 de março de 2018,Vox Populi,44,44.0,duas_mencoes_agregadas,PRB,6.0,6% (Chaves),"Senado | Governo do Estado | Pré-campanha | Pesquisas de opinião | Nota: como em 2018 os eleitores escolhem dois senadores por estado, a soma dos percentuais atinge 200%, uma vez que os entrevistados podem optar por dois nomes. | Senado[editar | editar código]",wikipedia,,,,,,prb,PRB,,,,
2018,MS,Eleições estaduais em Mato Grosso do Sul em 2018,https://pt.wikipedia.org/wiki/Elei%C3%A7%C3%B5es_estaduais_em_Mato_Grosso_do_Sul_em_2018,1.0,16.0,17 a 21 de março de 2018,Vox Populi,44,44.0,duas_mencoes_agregadas,PSDB,1.0,1% (Miglioli),"Senado | Governo do Estado | Pré-campanha | Pesquisas de opinião | Nota: como em 2018 os eleitores escolhem dois senadores por estado, a soma dos percentuais atinge 200%, uma vez que os entrevistados podem optar por dois nomes. | Senado[editar | editar código]",wikipedia,,,,,,psdb,PSDB,,,,
2018,MS,Eleições estaduais em Mato Grosso do Sul em 2018,https://pt.wikipedia.org/wiki/Elei%C3%A7%C3%B5es_estaduais_em_Mato_Grosso_do_Sul_em_2018,1.0,16.0,17 a 21 de março de 2018,Vox Populi,44,44.0,duas_mencoes_agregadas,PT,7.0,7% (Zeca),"Senado | Governo do Estado | Pré-campanha | Pesquisas de opinião | Nota: como em 2018 os eleitores escolhem dois senadores por estado, a soma dos percentuais atinge 200%, uma vez que os entrevistados podem optar por dois nomes. | Senado[editar | editar código]",wikipedia,,,,,,pt,PT,,,,
2018,MS,Eleições estaduais em Mato Grosso do Sul em 2018,https://pt.wikipedia.org/wiki/Elei%C3%A7%C3%B5es_estaduais_em_Mato_Grosso_do_Sul_em_2018,1.0,16.0,17 a 21 de março de 2018,Vox Populi,44,44.0,duas_mencoes_agregadas,PTB,10.0,10% (Nelsinho),"Senado | Governo do Estado | Pré-campanha | Pesquisas de opinião | Nota: como em 2018 os eleitores escolhem dois senadores por estado, a soma dos percentuais atinge 200%, uma vez que os entrevistados podem optar por dois nomes. | Senado[editar | editar código]",wikipedia,,,,,,ptb,PTB,,,,
2018,MS,Eleições estaduais em Mato Grosso do Sul em 2018,https://pt.wikipedia.org/wiki/Elei%C3%A7%C3%B5es_estaduais_em_Mato_Grosso_do_Sul_em_2018,1.0,17.0,14 a 20 de abril de 2018,Ipems,283,283.0,duas_mencoes_agregadas,MDB,23.58,"23,58% (Moka)","Senado | Governo do Estado | Pré-campanha | Pesquisas de opinião | Nota: como em 2018 os eleitores escolhem dois senadores por estado, a soma dos percentuais atinge 200%, uma vez que os entrevistados podem optar por dois nomes. | Senado[editar | editar código]",wikipedia,,,,,,mdb,MDB,,,,
2018,MS,Eleições estaduais em Mato Grosso do Sul em 2018,https://pt.wikipedia.org/wiki/Elei%C3%A7%C3%B5es_estaduais_em_Mato_Grosso_do_Sul_em_2018,1.0,17.0,14 a 20 de abril de 2018,Ipems,283,283.0,duas_mencoes_agregadas,PODE,4.62,"4,62% (Maia)","Senado | Governo do Estado | Pré-campanha | Pesquisas de opinião | Nota: como em 2018 os eleitores escolhem dois senadores por estado, a soma dos percentuais atinge 200%, uma vez que os entrevistados podem optar por dois nomes. | Senado[editar | editar código]",wikipedia,,,,,,pode,PODE,,,,
2018,MS,Eleições estaduais em Mato Grosso do Sul em 2018,https://pt.wikipedia.org/wiki/Elei%C3%A7%C3%B5es_estaduais_em_Mato_Grosso_do_Sul_em_2018,1.0,17.0,14 a 20 de abril de 2018,Ipems,283,283.0,duas_mencoes_agregadas,PRB,6.24,"6,24% (Chaves)","Senado | Governo do Estado | Pré-campanha | Pesquisas de opinião | Nota: como em 2018 os eleitores escolhem dois senadores por estado, a soma dos percentuais atinge 200%, uma vez que os entrevistados podem optar por dois nomes. | Senado[editar | editar código]",wikipedia,,,,,,prb,PRB,,,,
2018,MS,Eleições estaduais em Mato Grosso do Sul em 2018,https://pt.wikipedia.org/wiki/Elei%C3%A7%C3%B5es_estaduais_em_Mato_Grosso_do_Sul_em_2018,1.0,17.0,14 a 20 de abril de 2018,Ipems,283,283.0,duas_mencoes_agregadas,PSC,7.0,7% (Harfouche),"Senado | Governo do Estado | Pré-campanha | Pesquisas de opinião | Nota: como em 2018 os eleitores escolhem dois senadores por estado, a soma dos percentuais atinge 200%, uma vez que os entrevistados podem optar por dois nomes. | Senado[editar | editar código]",wikipedia,,,,,,psc,PSC,,,,
2018,MS,Eleições estaduais em Mato Grosso do Sul em 2018,https://pt.wikipedia.org/wiki/Elei%C3%A7%C3%B5es_estaduais_em_Mato_Grosso_do_Sul_em_2018,1.0,17.0,14 a 20 de abril de 2018,Ipems,283,283.0,duas_mencoes_agregadas,PSDB,2.74,"2,74% (Miglioli)","Senado | Governo do Estado | Pré-campanha | Pesquisas de opinião | Nota: como em 2018 os eleitores escolhem dois senadores por estado, a soma dos percentuais atinge 200%, uma vez que os entrevistados podem optar por dois nomes. | Senado[editar | editar código]",wikipedia,,,,,,psdb,PSDB,,,,
2018,MS,Eleições estaduais em Mato Grosso do Sul em 2018,https://pt.wikipedia.org/wiki/Elei%C3%A7%C3%B5es_estaduais_em_Mato_Grosso_do_Sul_em_2018,1.0,17.0,14 a 20 de abril de 2018,Ipems,283,283.0,duas_mencoes_agregadas,PT,31.76,"31,76% (Zeca)","Senado | Governo do Estado | Pré-campanha | Pesquisas de opinião | Nota: como em 2018 os eleitores escolhem dois senadores por estado, a soma dos percentuais atinge 200%, uma vez que os entrevistados podem optar por dois nomes. | Senado[editar | editar código]",wikipedia,,,,,,pt,PT,,,,
2018,MS,Eleições estaduais em Mato Grosso do Sul em 2018,https://pt.wikipedia.org/wiki/Elei%C3%A7%C3%B5es_estaduais_em_Mato_Grosso_do_Sul_em_2018,1.0,17.0,14 a 20 de abril de 2018,Ipems,283,283.0,duas_mencoes_agregadas,PTB,41.59,"41,59% (Nelsinho)","Senado | Governo do Estado | Pré-campanha | Pesquisas de opinião | Nota: como em 2018 os eleitores escolhem dois senadores por estado, a soma dos percentuais atinge 200%, uma vez que os entrevistados podem optar por dois nomes. | Senado[editar | editar código]",wikipedia,,,,,,ptb,PTB,,,,
2018,MS,Eleições estaduais em Mato Grosso do Sul em 2018,https://pt.wikipedia.org/wiki/Elei%C3%A7%C3%B5es_estaduais_em_Mato_Grosso_do_Sul_em_2018,1.0,18.0,7 a 11 de maio de 2018,IPR,36,36.0,duas_mencoes_agregadas,MDB,6.59,"6,59% (Moka)","Senado | Governo do Estado | Pré-campanha | Pesquisas de opinião | Nota: como em 2018 os eleitores escolhem dois senadores por estado, a soma dos percentuais atinge 200%, uma vez que os entrevistados podem optar por dois nomes. | Senado[editar | editar código]",wikipedia,,,,,,mdb,MDB,,,,
2018,MS,Eleições estaduais em Mato Grosso do Sul em 2018,https://pt.wikipedia.org/wiki/Elei%C3%A7%C3%B5es_estaduais_em_Mato_Grosso_do_Sul_em_2018,1.0,18.0,7 a 11 de maio de 2018,IPR,36,36.0,duas_mencoes_agregadas,PMB,0.54,"0,54% (Betini)","Senado | Governo do Estado | Pré-campanha | Pesquisas de opinião | Nota: como em 2018 os eleitores escolhem dois senadores por estado, a soma dos percentuais atinge 200%, uma vez que os entrevistados podem optar por dois nomes. | Senado[editar | editar código]",wikipedia,,,,,,pmb,PMB,,,,
2018,MS,Eleições estaduais em Mato Grosso do Sul em 2018,https://pt.wikipedia.org/wiki/Elei%C3%A7%C3%B5es_estaduais_em_Mato_Grosso_do_Sul_em_2018,1.0,18.0,7 a 11 de maio de 2018,IPR,36,36.0,duas_mencoes_agregadas,PODE,2.02,"2,02% (Maia)","Senado | Governo do Estado | Pré-campanha | Pesquisas de opinião | Nota: como em 2018 os eleitores escolhem dois senadores por estado, a soma dos percentuais atinge 200%, uma vez que os entrevistados podem optar por dois nomes. | Senado[editar | editar código]",wikipedia,,,,,,pode,PODE,,,,
2018,MS,Eleições estaduais em Mato Grosso do Sul em 2018,https://pt.wikipedia.org/wiki/Elei%C3%A7%C3%B5es_estaduais_em_Mato_Grosso_do_Sul_em_2018,1.0,18.0,7 a 11 de maio de 2018,IPR,36,36.0,duas_mencoes_agregadas,PRB,4.44,"4,44% (Chaves)","Senado | Governo do Estado | Pré-campanha | Pesquisas de opinião | Nota: como em 2018 os eleitores escolhem dois senadores por estado, a soma dos percentuais atinge 200%, uma vez que os entrevistados podem optar por dois nomes. | Senado[editar | editar código]",wikipedia,,,,,,prb,PRB,,,,
2018,MS,Eleições estaduais em Mato Grosso do Sul em 2018,https://pt.wikipedia.org/wiki/Elei%C3%A7%C3%B5es_estaduais_em_Mato_Grosso_do_Sul_em_2018,1.0,18.0,7 a 11 de maio de 2018,IPR,36,36.0,duas_mencoes_agregadas,PSC,4.03,"4,03% (Harfouche)","Senado | Governo do Estado | Pré-campanha | Pesquisas de opinião | Nota: como em 2018 os eleitores escolhem dois senadores por estado, a soma dos percentuais atinge 200%, uma vez que os entrevistados podem optar por dois nomes. | Senado[editar | editar código]",wikipedia,,,,,,psc,PSC,,,,
2018,MS,Eleições estaduais em Mato Grosso do Sul em 2018,https://pt.wikipedia.org/wiki/Elei%C3%A7%C3%B5es_estaduais_em_Mato_Grosso_do_Sul_em_2018,1.0,18.0,7 a 11 de maio de 2018,IPR,36,36.0,duas_mencoes_agregadas,PSL,1.61,"1,61% (Soraya)","Senado | Governo do Estado | Pré-campanha | Pesquisas de opinião | Nota: como em 2018 os eleitores escolhem dois senadores por estado, a soma dos percentuais atinge 200%, uma vez que os entrevistados podem optar por dois nomes. | Senado[editar | editar código]",wikipedia,,,,,,psl,PSL,,,,
2018,MS,Eleições estaduais em Mato Grosso do Sul em 2018,https://pt.wikipedia.org/wiki/Elei%C3%A7%C3%B5es_estaduais_em_Mato_Grosso_do_Sul_em_2018,1.0,18.0,7 a 11 de maio de 2018,IPR,36,36.0,duas_mencoes_agregadas,PSDB,0.67,"0,67% (Miglioli)","Senado | Governo do Estado | Pré-campanha | Pesquisas de opinião | Nota: como em 2018 os eleitores escolhem dois senadores por estado, a soma dos percentuais atinge 200%, uma vez que os entrevistados podem optar por dois nomes. | Senado[editar | editar código]",wikipedia,,,,,,psdb,PSDB,,,,
2018,MS,Eleições estaduais em Mato Grosso do Sul em 2018,https://pt.wikipedia.org/wiki/Elei%C3%A7%C3%B5es_estaduais_em_Mato_Grosso_do_Sul_em_2018,1.0,18.0,7 a 11 de maio de 2018,IPR,36,36.0,duas_mencoes_agregadas,PT,10.22,"10,22% (Zeca)","Senado | Governo do Estado | Pré-campanha | Pesquisas de opinião | Nota: como em 2018 os eleitores escolhem dois senadores por estado, a soma dos percentuais atinge 200%, uma vez que os entrevistados podem optar por dois nomes. | Senado[editar | editar código]",wikipedia,,,,,,pt,PT,,,,
2018,MS,Eleições estaduais em Mato Grosso do Sul em 2018,https://pt.wikipedia.org/wiki/Elei%C3%A7%C3%B5es_estaduais_em_Mato_Grosso_do_Sul_em_2018,1.0,18.0,7 a 11 de maio de 2018,IPR,36,36.0,duas_mencoes_agregadas,PTB,30.91,"30,91% (Nelsinho)","Senado | Governo do Estado | Pré-campanha | Pesquisas de opinião | Nota: como em 2018 os eleitores escolhem dois senadores por estado, a soma dos percentuais atinge 200%, uma vez que os entrevistados podem optar por dois nomes. | Senado[editar | editar código]",wikipedia,,,,,,ptb,PTB,,,,
2018,MS,Eleições estaduais em Mato Grosso do Sul em 2018,https://pt.wikipedia.org/wiki/Elei%C3%A7%C3%B5es_estaduais_em_Mato_Grosso_do_Sul_em_2018,1.0,19.0,7 a 11 de maio de 2018,IPR,36,36.0,duas_mencoes_agregadas,MDB,8.87,"8,87% (Moka)","Senado | Governo do Estado | Pré-campanha | Pesquisas de opinião | Nota: como em 2018 os eleitores escolhem dois senadores por estado, a soma dos percentuais atinge 200%, uma vez que os entrevistados podem optar por dois nomes. | Senado[editar | editar código]",wikipedia,,,,,,mdb,MDB,,,,
2018,MS,Eleições estaduais em Mato Grosso do Sul em 2018,https://pt.wikipedia.org/wiki/Elei%C3%A7%C3%B5es_estaduais_em_Mato_Grosso_do_Sul_em_2018,1.0,19.0,7 a 11 de maio de 2018,IPR,36,36.0,duas_mencoes_agregadas,PMB,0.67,"0,67% (Betini)","Senado | Governo do Estado | Pré-campanha | Pesquisas de opinião | Nota: como em 2018 os eleitores escolhem dois senadores por estado, a soma dos percentuais atinge 200%, uma vez que os entrevistados podem optar por dois nomes. | Senado[editar | editar código]",wikipedia,,,,,,pmb,PMB,,,,
2018,MS,Eleições estaduais em Mato Grosso do Sul em 2018,https://pt.wikipedia.org/wiki/Elei%C3%A7%C3%B5es_estaduais_em_Mato_Grosso_do_Sul_em_2018,1.0,19.0,7 a 11 de maio de 2018,IPR,36,36.0,duas_mencoes_agregadas,PODE,3.49,"3,49% (Maia)","Senado | Governo do Estado | Pré-campanha | Pesquisas de opinião | Nota: como em 2018 os eleitores escolhem dois senadores por estado, a soma dos percentuais atinge 200%, uma vez que os entrevistados podem optar por dois nomes. | Senado[editar | editar código]",wikipedia,,,,,,pode,PODE,,,,
2018,MS,Eleições estaduais em Mato Grosso do Sul em 2018,https://pt.wikipedia.org/wiki/Elei%C3%A7%C3%B5es_estaduais_em_Mato_Grosso_do_Sul_em_2018,1.0,19.0,7 a 11 de maio de 2018,IPR,36,36.0,duas_mencoes_agregadas,PRB,4.57,"4,57% (Chaves)","Senado | Governo do Estado | Pré-campanha | Pesquisas de opinião | Nota: como em 2018 os eleitores escolhem dois senadores por estado, a soma dos percentuais atinge 200%, uma vez que os entrevistados podem optar por dois nomes. | Senado[editar | editar código]",wikipedia,,,,,,prb,PRB,,,,
2018,MS,Eleições estaduais em Mato Grosso do Sul em 2018,https://pt.wikipedia.org/wiki/Elei%C3%A7%C3%B5es_estaduais_em_Mato_Grosso_do_Sul_em_2018,1.0,19.0,7 a 11 de maio de 2018,IPR,36,36.0,duas_mencoes_agregadas,PSC,1.34,"1,34% (Harfouche)","Senado | Governo do Estado | Pré-campanha | Pesquisas de opinião | Nota: como em 2018 os eleitores escolhem dois senadores por estado, a soma dos percentuais atinge 200%, uma vez que os entrevistados podem optar por dois nomes. | Senado[editar | editar código]",wikipedia,,,,,,psc,PSC,,,,
2018,MS,Eleições estaduais em Mato Grosso do Sul em 2018,https://pt.wikipedia.org/wiki/Elei%C3%A7%C3%B5es_estaduais_em_Mato_Grosso_do_Sul_em_2018,1.0,19.0,7 a 11 de maio de 2018,IPR,36,36.0,duas_mencoes_agregadas,PSL,0.94,"0,94% (Soraya)","Senado | Governo do Estado | Pré-campanha | Pesquisas de opinião | Nota: como em 2018 os eleitores escolhem dois senadores por estado, a soma dos percentuais atinge 200%, uma vez que os entrevistados podem optar por dois nomes. | Senado[editar | editar código]",wikipedia,,,,,,psl,PSL,,,,
2018,MS,Eleições estaduais em Mato Grosso do Sul em 2018,https://pt.wikipedia.org/wiki/Elei%C3%A7%C3%B5es_estaduais_em_Mato_Grosso_do_Sul_em_2018,1.0,19.0,7 a 11 de maio de 2018,IPR,36,36.0,duas_mencoes_agregadas,PSDB,1.21,"1,21% (Miglioli)","Senado | Governo do Estado | Pré-campanha | Pesquisas de opinião | Nota: como em 2018 os eleitores escolhem dois senadores por estado, a soma dos percentuais atinge 200%, uma vez que os entrevistados podem optar por dois nomes. | Senado[editar | editar código]",wikipedia,,,,,,psdb,PSDB,,,,
2018,MS,Eleições estaduais em Mato Grosso do Sul em 2018,https://pt.wikipedia.org/wiki/Elei%C3%A7%C3%B5es_estaduais_em_Mato_Grosso_do_Sul_em_2018,1.0,19.0,7 a 11 de maio de 2018,IPR,36,36.0,duas_mencoes_agregadas,PT,5.78,"5,78% (Zeca)","Senado | Governo do Estado | Pré-campanha | Pesquisas de opinião | Nota: como em 2018 os eleitores escolhem dois senadores por estado, a soma dos percentuais atinge 200%, uma vez que os entrevistados podem optar por dois nomes. | Senado[editar | editar código]",wikipedia,,,,,,pt,PT,,,,
2018,MS,Eleições estaduais em Mato Grosso do Sul em 2018,https://pt.wikipedia.org/wiki/Elei%C3%A7%C3%B5es_estaduais_em_Mato_Grosso_do_Sul_em_2018,1.0,19.0,7 a 11 de maio de 2018,IPR,36,36.0,duas_mencoes_agregadas,PTB,7.93,"7,93% (Nelsinho)","Senado | Governo do Estado | Pré-campanha | Pesquisas de opinião | Nota: como em 2018 os eleitores escolhem dois senadores por estado, a soma dos percentuais atinge 200%, uma vez que os entrevistados podem optar por dois nomes. | Senado[editar | editar código]",wikipedia,,,,,,ptb,PTB,,,,
2018,MS,Eleições estaduais em Mato Grosso do Sul em 2018,https://pt.wikipedia.org/wiki/Elei%C3%A7%C3%B5es_estaduais_em_Mato_Grosso_do_Sul_em_2018,1.0,20.0,30 de maio a 5 de junho de 2018,Ranking,283,283.0,duas_mencoes_agregadas,MDB,6.0,6% (Moka),"Senado | Governo do Estado | Pré-campanha | Pesquisas de opinião | Nota: como em 2018 os eleitores escolhem dois senadores por estado, a soma dos percentuais atinge 200%, uma vez que os entrevistados podem optar por dois nomes. | Senado[editar | editar código]",wikipedia,,,,,,mdb,MDB,,,,
2018,MS,Eleições estaduais em Mato Grosso do Sul em 2018,https://pt.wikipedia.org/wiki/Elei%C3%A7%C3%B5es_estaduais_em_Mato_Grosso_do_Sul_em_2018,1.0,20.0,30 de maio a 5 de junho de 2018,Ranking,283,283.0,duas_mencoes_agregadas,PMB,0.58,"0,58% (Betini)","Senado | Governo do Estado | Pré-campanha | Pesquisas de opinião | Nota: como em 2018 os eleitores escolhem dois senadores por estado, a soma dos percentuais atinge 200%, uma vez que os entrevistados podem optar por dois nomes. | Senado[editar | editar código]",wikipedia,,,,,,pmb,PMB,,,,
2018,MS,Eleições estaduais em Mato Grosso do Sul em 2018,https://pt.wikipedia.org/wiki/Elei%C3%A7%C3%B5es_estaduais_em_Mato_Grosso_do_Sul_em_2018,1.0,20.0,30 de maio a 5 de junho de 2018,Ranking,283,283.0,duas_mencoes_agregadas,PODE,1.66,"1,66% (Maia)","Senado | Governo do Estado | Pré-campanha | Pesquisas de opinião | Nota: como em 2018 os eleitores escolhem dois senadores por estado, a soma dos percentuais atinge 200%, uma vez que os entrevistados podem optar por dois nomes. | Senado[editar | editar código]",wikipedia,,,,,,pode,PODE,,,,
2018,MS,Eleições estaduais em Mato Grosso do Sul em 2018,https://pt.wikipedia.org/wiki/Elei%C3%A7%C3%B5es_estaduais_em_Mato_Grosso_do_Sul_em_2018,1.0,20.0,30 de maio a 5 de junho de 2018,Ranking,283,283.0,duas_mencoes_agregadas,PRB,3.0,3% (Chaves),"Senado | Governo do Estado | Pré-campanha | Pesquisas de opinião | Nota: como em 2018 os eleitores escolhem dois senadores por estado, a soma dos percentuais atinge 200%, uma vez que os entrevistados podem optar por dois nomes. | Senado[editar | editar código]",wikipedia,,,,,,prb,PRB,,,,
2018,MS,Eleições estaduais em Mato Grosso do Sul em 2018,https://pt.wikipedia.org/wiki/Elei%C3%A7%C3%B5es_estaduais_em_Mato_Grosso_do_Sul_em_2018,1.0,20.0,30 de maio a 5 de junho de 2018,Ranking,283,283.0,duas_mencoes_agregadas,PSC,3.41,"3,41% (Harfouche)","Senado | Governo do Estado | Pré-campanha | Pesquisas de opinião | Nota: como em 2018 os eleitores escolhem dois senadores por estado, a soma dos percentuais atinge 200%, uma vez que os entrevistados podem optar por dois nomes. | Senado[editar | editar código]",wikipedia,,,,,,psc,PSC,,,,
2018,MS,Eleições estaduais em Mato Grosso do Sul em 2018,https://pt.wikipedia.org/wiki/Elei%C3%A7%C3%B5es_estaduais_em_Mato_Grosso_do_Sul_em_2018,1.0,20.0,30 de maio a 5 de junho de 2018,Ranking,283,283.0,duas_mencoes_agregadas,PSDB,1.66,"1,66% (Miglioli)","Senado | Governo do Estado | Pré-campanha | Pesquisas de opinião | Nota: como em 2018 os eleitores escolhem dois senadores por estado, a soma dos percentuais atinge 200%, uma vez que os entrevistados podem optar por dois nomes. | Senado[editar | editar código]",wikipedia,,,,,,psdb,PSDB,,,,
2018,MS,Eleições estaduais em Mato Grosso do Sul em 2018,https://pt.wikipedia.org/wiki/Elei%C3%A7%C3%B5es_estaduais_em_Mato_Grosso_do_Sul_em_2018,1.0,20.0,30 de maio a 5 de junho de 2018,Ranking,283,283.0,duas_mencoes_agregadas,PT,17.16,"17,16% (Zeca)","Senado | Governo do Estado | Pré-campanha | Pesquisas de opinião | Nota: como em 2018 os eleitores escolhem dois senadores por estado, a soma dos percentuais atinge 200%, uma vez que os entrevistados podem optar por dois nomes. | Senado[editar | editar código]",wikipedia,,,,,,pt,PT,,,,
2018,MS,Eleições estaduais em Mato Grosso do Sul em 2018,https://pt.wikipedia.org/wiki/Elei%C3%A7%C3%B5es_estaduais_em_Mato_Grosso_do_Sul_em_2018,1.0,20.0,30 de maio a 5 de junho de 2018,Ranking,283,283.0,duas_mencoes_agregadas,PTB,21.58,"21,58% (Nelsinho)","Senado | Governo do Estado | Pré-campanha | Pesquisas de opinião | Nota: como em 2018 os eleitores escolhem dois senadores por estado, a soma dos percentuais atinge 200%, uma vez que os entrevistados podem optar por dois nomes. | Senado[editar | editar código]",wikipedia,,,,,,ptb,PTB,,,,
2018,MS,Eleições estaduais em Mato Grosso do Sul em 2018,https://pt.wikipedia.org/wiki/Elei%C3%A7%C3%B5es_estaduais_em_Mato_Grosso_do_Sul_em_2018,1.0,21.0,30 de maio a 5 de junho de 2018,Ranking,283,283.0,duas_mencoes_agregadas,MDB,5.58,"5,58% (Moka)","Senado | Governo do Estado | Pré-campanha | Pesquisas de opinião | Nota: como em 2018 os eleitores escolhem dois senadores por estado, a soma dos percentuais atinge 200%, uma vez que os entrevistados podem optar por dois nomes. | Senado[editar | editar código]",wikipedia,,,,,,mdb,MDB,,,,
2018,MS,Eleições estaduais em Mato Grosso do Sul em 2018,https://pt.wikipedia.org/wiki/Elei%C3%A7%C3%B5es_estaduais_em_Mato_Grosso_do_Sul_em_2018,1.0,21.0,30 de maio a 5 de junho de 2018,Ranking,283,283.0,duas_mencoes_agregadas,PMB,1.91,"1,91% (Betini)","Senado | Governo do Estado | Pré-campanha | Pesquisas de opinião | Nota: como em 2018 os eleitores escolhem dois senadores por estado, a soma dos percentuais atinge 200%, uma vez que os entrevistados podem optar por dois nomes. | Senado[editar | editar código]",wikipedia,,,,,,pmb,PMB,,,,
2018,MS,Eleições estaduais em Mato Grosso do Sul em 2018,https://pt.wikipedia.org/wiki/Elei%C3%A7%C3%B5es_estaduais_em_Mato_Grosso_do_Sul_em_2018,1.0,21.0,30 de maio a 5 de junho de 2018,Ranking,283,283.0,duas_mencoes_agregadas,PODE,2.66,"2,66% (Maia)","Senado | Governo do Estado | Pré-campanha | Pesquisas de opinião | Nota: como em 2018 os eleitores escolhem dois senadores por estado, a soma dos percentuais atinge 200%, uma vez que os entrevistados podem optar por dois nomes. | Senado[editar | editar código]",wikipedia,,,,,,pode,PODE,,,,
2018,MS,Eleições estaduais em Mato Grosso do Sul em 2018,https://pt.wikipedia.org/wiki/Elei%C3%A7%C3%B5es_estaduais_em_Mato_Grosso_do_Sul_em_2018,1.0,21.0,30 de maio a 5 de junho de 2018,Ranking,283,283.0,duas_mencoes_agregadas,PRB,3.83,"3,83% (Chaves)","Senado | Governo do Estado | Pré-campanha | Pesquisas de opinião | Nota: como em 2018 os eleitores escolhem dois senadores por estado, a soma dos percentuais atinge 200%, uma vez que os entrevistados podem optar por dois nomes. | Senado[editar | editar código]",wikipedia,,,,,,prb,PRB,,,,
2018,MS,Eleições estaduais em Mato Grosso do Sul em 2018,https://pt.wikipedia.org/wiki/Elei%C3%A7%C3%B5es_estaduais_em_Mato_Grosso_do_Sul_em_2018,1.0,21.0,30 de maio a 5 de junho de 2018,Ranking,283,283.0,duas_mencoes_agregadas,PSC,1.33,"1,33% (Harfouche)","Senado | Governo do Estado | Pré-campanha | Pesquisas de opinião | Nota: como em 2018 os eleitores escolhem dois senadores por estado, a soma dos percentuais atinge 200%, uma vez que os entrevistados podem optar por dois nomes. | Senado[editar | editar código]",wikipedia,,,,,,psc,PSC,,,,
2018,MS,Eleições estaduais em Mato Grosso do Sul em 2018,https://pt.wikipedia.org/wiki/Elei%C3%A7%C3%B5es_estaduais_em_Mato_Grosso_do_Sul_em_2018,1.0,21.0,30 de maio a 5 de junho de 2018,Ranking,283,283.0,duas_mencoes_agregadas,PSDB,2.16,"2,16% (Miglioli)","Senado | Governo do Estado | Pré-campanha | Pesquisas de opinião | Nota: como em 2018 os eleitores escolhem dois senadores por estado, a soma dos percentuais atinge 200%, uma vez que os entrevistados podem optar por dois nomes. | Senado[editar | editar código]",wikipedia,,,,,,psdb,PSDB,,,,
2018,MS,Eleições estaduais em Mato Grosso do Sul em 2018,https://pt.wikipedia.org/wiki/Elei%C3%A7%C3%B5es_estaduais_em_Mato_Grosso_do_Sul_em_2018,1.0,21.0,30 de maio a 5 de junho de 2018,Ranking,283,283.0,duas_mencoes_agregadas,PT,5.83,"5,83% (Zeca)","Senado | Governo do Estado | Pré-campanha | Pesquisas de opinião | Nota: como em 2018 os eleitores escolhem dois senadores por estado, a soma dos percentuais atinge 200%, uma vez que os entrevistados podem optar por dois nomes. | Senado[editar | editar código]",wikipedia,,,,,,pt,PT,,,,
2018,MS,Eleições estaduais em Mato Grosso do Sul em 2018,https://pt.wikipedia.org/wiki/Elei%C3%A7%C3%B5es_estaduais_em_Mato_Grosso_do_Sul_em_2018,1.0,21.0,30 de maio a 5 de junho de 2018,Ranking,283,283.0,duas_mencoes_agregadas,PTB,14.83,"14,83% (Nelsinho)","Senado | Governo do Estado | Pré-campanha | Pesquisas de opinião | Nota: como em 2018 os eleitores escolhem dois senadores por estado, a soma dos percentuais atinge 200%, uma vez que os entrevistados podem optar por dois nomes. | Senado[editar | editar código]",wikipedia,,,,,,ptb,PTB,,,,
2018,MS,Eleições estaduais em Mato Grosso do Sul em 2018,https://pt.wikipedia.org/wiki/Elei%C3%A7%C3%B5es_estaduais_em_Mato_Grosso_do_Sul_em_2018,1.0,22.0,18 a 21 de junho de 2018,Top Mídia,4,4.0,duas_mencoes_agregadas,MDB,10.0,10% (Moka),"Senado | Governo do Estado | Pré-campanha | Pesquisas de opinião | Nota: como em 2018 os eleitores escolhem dois senadores por estado, a soma dos percentuais atinge 200%, uma vez que os entrevistados podem optar por dois nomes. | Senado[editar | editar código]",wikipedia,,,,,,mdb,MDB,,,,
2018,MS,Eleições estaduais em Mato Grosso do Sul em 2018,https://pt.wikipedia.org/wiki/Elei%C3%A7%C3%B5es_estaduais_em_Mato_Grosso_do_Sul_em_2018,1.0,22.0,18 a 21 de junho de 2018,Top Mídia,4,4.0,duas_mencoes_agregadas,PODE,3.0,3% (Maia),"Senado | Governo do Estado | Pré-campanha | Pesquisas de opinião | Nota: como em 2018 os eleitores escolhem dois senadores por estado, a soma dos percentuais atinge 200%, uma vez que os entrevistados podem optar por dois nomes. | Senado[editar | editar código]",wikipedia,,,,,,pode,PODE,,,,
2018,MS,Eleições estaduais em Mato Grosso do Sul em 2018,https://pt.wikipedia.org/wiki/Elei%C3%A7%C3%B5es_estaduais_em_Mato_Grosso_do_Sul_em_2018,1.0,22.0,18 a 21 de junho de 2018,Top Mídia,4,4.0,duas_mencoes_agregadas,PRB,5.0,5% (Chaves),"Senado | Governo do Estado | Pré-campanha | Pesquisas de opinião | Nota: como em 2018 os eleitores escolhem dois senadores por estado, a soma dos percentuais atinge 200%, uma vez que os entrevistados podem optar por dois nomes. | Senado[editar | editar código]",wikipedia,,,,,,prb,PRB,,,,
2018,MS,Eleições estaduais em Mato Grosso do Sul em 2018,https://pt.wikipedia.org/wiki/Elei%C3%A7%C3%B5es_estaduais_em_Mato_Grosso_do_Sul_em_2018,1.0,22.0,18 a 21 de junho de 2018,Top Mídia,4,4.0,duas_mencoes_agregadas,PSC,1.5,"1,5% (Harfouche)","Senado | Governo do Estado | Pré-campanha | Pesquisas de opinião | Nota: como em 2018 os eleitores escolhem dois senadores por estado, a soma dos percentuais atinge 200%, uma vez que os entrevistados podem optar por dois nomes. | Senado[editar | editar código]",wikipedia,,,,,,psc,PSC,,,,
2018,MS,Eleições estaduais em Mato Grosso do Sul em 2018,https://pt.wikipedia.org/wiki/Elei%C3%A7%C3%B5es_estaduais_em_Mato_Grosso_do_Sul_em_2018,1.0,22.0,18 a 21 de junho de 2018,Top Mídia,4,4.0,duas_mencoes_agregadas,PSDB,1.5,"1,5% (Miglioli)","Senado | Governo do Estado | Pré-campanha | Pesquisas de opinião | Nota: como em 2018 os eleitores escolhem dois senadores por estado, a soma dos percentuais atinge 200%, uma vez que os entrevistados podem optar por dois nomes. | Senado[editar | editar código]",wikipedia,,,,,,psdb,PSDB,,,,
2018,MS,Eleições estaduais em Mato Grosso do Sul em 2018,https://pt.wikipedia.org/wiki/Elei%C3%A7%C3%B5es_estaduais_em_Mato_Grosso_do_Sul_em_2018,1.0,22.0,18 a 21 de junho de 2018,Top Mídia,4,4.0,duas_mencoes_agregadas,PT,17.0,17% (Zeca),"Senado | Governo do Estado | Pré-campanha | Pesquisas de opinião | Nota: como em 2018 os eleitores escolhem dois senadores por estado, a soma dos percentuais atinge 200%, uma vez que os entrevistados podem optar por dois nomes. | Senado[editar | editar código]",wikipedia,,,,,,pt,PT,,,,
2018,MS,Eleições estaduais em Mato Grosso do Sul em 2018,https://pt.wikipedia.org/wiki/Elei%C3%A7%C3%B5es_estaduais_em_Mato_Grosso_do_Sul_em_2018,1.0,22.0,18 a 21 de junho de 2018,Top Mídia,4,4.0,duas_mencoes_agregadas,PTB,26.0,26% (Nelsinho),"Senado | Governo do Estado | Pré-campanha | Pesquisas de opinião | Nota: como em 2018 os eleitores escolhem dois senadores por estado, a soma dos percentuais atinge 200%, uma vez que os entrevistados podem optar por dois nomes. | Senado[editar | editar código]",wikipedia,,,,,,ptb,PTB,,,,
2018,MS,Eleições estaduais em Mato Grosso do Sul em 2018,https://pt.wikipedia.org/wiki/Elei%C3%A7%C3%B5es_estaduais_em_Mato_Grosso_do_Sul_em_2018,1.0,23.0,18 a 21 de junho de 2018,Top Mídia,4,4.0,duas_mencoes_agregadas,MDB,8.0,8% (Moka),"Senado | Governo do Estado | Pré-campanha | Pesquisas de opinião | Nota: como em 2018 os eleitores escolhem dois senadores por estado, a soma dos percentuais atinge 200%, uma vez que os entrevistados podem optar por dois nomes. | Senado[editar | editar código]",wikipedia,,,,,,mdb,MDB,,,,
2018,MS,Eleições estaduais em Mato Grosso do Sul em 2018,https://pt.wikipedia.org/wiki/Elei%C3%A7%C3%B5es_estaduais_em_Mato_Grosso_do_Sul_em_2018,1.0,23.0,18 a 21 de junho de 2018,Top Mídia,4,4.0,duas_mencoes_agregadas,PODE,2.0,2% (Maia),"Senado | Governo do Estado | Pré-campanha | Pesquisas de opinião | Nota: como em 2018 os eleitores escolhem dois senadores por estado, a soma dos percentuais atinge 200%, uma vez que os entrevistados podem optar por dois nomes. | Senado[editar | editar código]",wikipedia,,,,,,pode,PODE,,,,
2018,MS,Eleições estaduais em Mato Grosso do Sul em 2018,https://pt.wikipedia.org/wiki/Elei%C3%A7%C3%B5es_estaduais_em_Mato_Grosso_do_Sul_em_2018,1.0,23.0,18 a 21 de junho de 2018,Top Mídia,4,4.0,duas_mencoes_agregadas,PRB,3.0,3% (Chaves),"Senado | Governo do Estado | Pré-campanha | Pesquisas de opinião | Nota: como em 2018 os eleitores escolhem dois senadores por estado, a soma dos percentuais atinge 200%, uma vez que os entrevistados podem optar por dois nomes. | Senado[editar | editar código]",wikipedia,,,,,,prb,PRB,,,,
2018,MS,Eleições estaduais em Mato Grosso do Sul em 2018,https://pt.wikipedia.org/wiki/Elei%C3%A7%C3%B5es_estaduais_em_Mato_Grosso_do_Sul_em_2018,1.0,23.0,18 a 21 de junho de 2018,Top Mídia,4,4.0,duas_mencoes_agregadas,PSC,1.0,1% (Harfouche),"Senado | Governo do Estado | Pré-campanha | Pesquisas de opinião | Nota: como em 2018 os eleitores escolhem dois senadores por estado, a soma dos percentuais atinge 200%, uma vez que os entrevistados podem optar por dois nomes. | Senado[editar | editar código]",wikipedia,,,,,,psc,PSC,,,,
2018,MS,Eleições estaduais em Mato Grosso do Sul em 2018,https://pt.wikipedia.org/wiki/Elei%C3%A7%C3%B5es_estaduais_em_Mato_Grosso_do_Sul_em_2018,1.0,23.0,18 a 21 de junho de 2018,Top Mídia,4,4.0,duas_mencoes_agregadas,PSDB,1.0,1% (Miglioli),"Senado | Governo do Estado | Pré-campanha | Pesquisas de opinião | Nota: como em 2018 os eleitores escolhem dois senadores por estado, a soma dos percentuais atinge 200%, uma vez que os entrevistados podem optar por dois nomes. | Senado[editar | editar código]",wikipedia,,,,,,psdb,PSDB,,,,
2018,MS,Eleições estaduais em Mato Grosso do Sul em 2018,https://pt.wikipedia.org/wiki/Elei%C3%A7%C3%B5es_estaduais_em_Mato_Grosso_do_Sul_em_2018,1.0,23.0,18 a 21 de junho de 2018,Top Mídia,4,4.0,duas_mencoes_agregadas,PT,9.0,9% (Zeca),"Senado | Governo do Estado | Pré-campanha | Pesquisas de opinião | Nota: como em 2018 os eleitores escolhem dois senadores por estado, a soma dos percentuais atinge 200%, uma vez que os entrevistados podem optar por dois nomes. | Senado[editar | editar código]",wikipedia,,,,,,pt,PT,,,,
2018,MS,Eleições estaduais em Mato Grosso do Sul em 2018,https://pt.wikipedia.org/wiki/Elei%C3%A7%C3%B5es_estaduais_em_Mato_Grosso_do_Sul_em_2018,1.0,23.0,18 a 21 de junho de 2018,Top Mídia,4,4.0,duas_mencoes_agregadas,PTB,18.0,18% (Nelsinho),"Senado | Governo do Estado | Pré-campanha | Pesquisas de opinião | Nota: como em 2018 os eleitores escolhem dois senadores por estado, a soma dos percentuais atinge 200%, uma vez que os entrevistados podem optar por dois nomes. | Senado[editar | editar código]",wikipedia,,,,,,ptb,PTB,,,,
2018,MS,Eleições estaduais em Mato Grosso do Sul em 2018,https://pt.wikipedia.org/wiki/Elei%C3%A7%C3%B5es_estaduais_em_Mato_Grosso_do_Sul_em_2018,1.0,24.0,9 a 11 de julho de 2018,Ipems,49,49.0,duas_mencoes_agregadas,MDB,13.15,"13,15% (Moka)","Senado | Governo do Estado | Pré-campanha | Pesquisas de opinião | Nota: como em 2018 os eleitores escolhem dois senadores por estado, a soma dos percentuais atinge 200%, uma vez que os entrevistados podem optar por dois nomes. | Senado[editar | editar código]",wikipedia,,,,,,mdb,MDB,,,,
2018,MS,Eleições estaduais em Mato Grosso do Sul em 2018,https://pt.wikipedia.org/wiki/Elei%C3%A7%C3%B5es_estaduais_em_Mato_Grosso_do_Sul_em_2018,1.0,24.0,9 a 11 de julho de 2018,Ipems,49,49.0,duas_mencoes_agregadas,PMB,3.31,"3,31% (Betini)","Senado | Governo do Estado | Pré-campanha | Pesquisas de opinião | Nota: como em 2018 os eleitores escolhem dois senadores por estado, a soma dos percentuais atinge 200%, uma vez que os entrevistados podem optar por dois nomes. | Senado[editar | editar código]",wikipedia,,,,,,pmb,PMB,,,,
2018,MS,Eleições estaduais em Mato Grosso do Sul em 2018,https://pt.wikipedia.org/wiki/Elei%C3%A7%C3%B5es_estaduais_em_Mato_Grosso_do_Sul_em_2018,1.0,24.0,9 a 11 de julho de 2018,Ipems,49,49.0,duas_mencoes_agregadas,PODE,5.92,"5,92% (Maia)","Senado | Governo do Estado | Pré-campanha | Pesquisas de opinião | Nota: como em 2018 os eleitores escolhem dois senadores por estado, a soma dos percentuais atinge 200%, uma vez que os entrevistados podem optar por dois nomes. | Senado[editar | editar código]",wikipedia,,,,,,pode,PODE,,,,
2018,MS,Eleições estaduais em Mato Grosso do Sul em 2018,https://pt.wikipedia.org/wiki/Elei%C3%A7%C3%B5es_estaduais_em_Mato_Grosso_do_Sul_em_2018,1.0,24.0,9 a 11 de julho de 2018,Ipems,49,49.0,duas_mencoes_agregadas,PRB,6.57,"6,57% (Chaves)","Senado | Governo do Estado | Pré-campanha | Pesquisas de opinião | Nota: como em 2018 os eleitores escolhem dois senadores por estado, a soma dos percentuais atinge 200%, uma vez que os entrevistados podem optar por dois nomes. | Senado[editar | editar código]",wikipedia,,,,,,prb,PRB,,,,
2018,MS,Eleições estaduais em Mato Grosso do Sul em 2018,https://pt.wikipedia.org/wiki/Elei%C3%A7%C3%B5es_estaduais_em_Mato_Grosso_do_Sul_em_2018,1.0,24.0,9 a 11 de julho de 2018,Ipems,49,49.0,duas_mencoes_agregadas,PSC,8.9,"8,9% (Harfouche)","Senado | Governo do Estado | Pré-campanha | Pesquisas de opinião | Nota: como em 2018 os eleitores escolhem dois senadores por estado, a soma dos percentuais atinge 200%, uma vez que os entrevistados podem optar por dois nomes. | Senado[editar | editar código]",wikipedia,,,,,,psc,PSC,,,,
2018,MS,Eleições estaduais em Mato Grosso do Sul em 2018,https://pt.wikipedia.org/wiki/Elei%C3%A7%C3%B5es_estaduais_em_Mato_Grosso_do_Sul_em_2018,1.0,24.0,9 a 11 de julho de 2018,Ipems,49,49.0,duas_mencoes_agregadas,PSL,9.68,"9,68% (Soraya)","Senado | Governo do Estado | Pré-campanha | Pesquisas de opinião | Nota: como em 2018 os eleitores escolhem dois senadores por estado, a soma dos percentuais atinge 200%, uma vez que os entrevistados podem optar por dois nomes. | Senado[editar | editar código]",wikipedia,,,,,,psl,PSL,,,,
2018,MS,Eleições estaduais em Mato Grosso do Sul em 2018,https://pt.wikipedia.org/wiki/Elei%C3%A7%C3%B5es_estaduais_em_Mato_Grosso_do_Sul_em_2018,1.0,24.0,9 a 11 de julho de 2018,Ipems,49,49.0,duas_mencoes_agregadas,PSDB,3.02,"3,02% (Miglioli)","Senado | Governo do Estado | Pré-campanha | Pesquisas de opinião | Nota: como em 2018 os eleitores escolhem dois senadores por estado, a soma dos percentuais atinge 200%, uma vez que os entrevistados podem optar por dois nomes. | Senado[editar | editar código]",wikipedia,,,,,,psdb,PSDB,,,,
2018,MS,Eleições estaduais em Mato Grosso do Sul em 2018,https://pt.wikipedia.org/wiki/Elei%C3%A7%C3%B5es_estaduais_em_Mato_Grosso_do_Sul_em_2018,1.0,24.0,9 a 11 de julho de 2018,Ipems,49,49.0,duas_mencoes_agregadas,PT,24.4,"24,4% (Zeca)","Senado | Governo do Estado | Pré-campanha | Pesquisas de opinião | Nota: como em 2018 os eleitores escolhem dois senadores por estado, a soma dos percentuais atinge 200%, uma vez que os entrevistados podem optar por dois nomes. | Senado[editar | editar código]",wikipedia,,,,,,pt,PT,,,,
2018,MS,Eleições estaduais em Mato Grosso do Sul em 2018,https://pt.wikipedia.org/wiki/Elei%C3%A7%C3%B5es_estaduais_em_Mato_Grosso_do_Sul_em_2018,1.0,24.0,9 a 11 de julho de 2018,Ipems,49,49.0,duas_mencoes_agregadas,PTB,41.78,"41,78% (Nelsinho)","Senado | Governo do Estado | Pré-campanha | Pesquisas de opinião | Nota: como em 2018 os eleitores escolhem dois senadores por estado, a soma dos percentuais atinge 200%, uma vez que os entrevistados podem optar por dois nomes. | Senado[editar | editar código]",wikipedia,,,,,,ptb,PTB,,,,
2018,MS,Eleições estaduais em Mato Grosso do Sul em 2018,https://pt.wikipedia.org/wiki/Elei%C3%A7%C3%B5es_estaduais_em_Mato_Grosso_do_Sul_em_2018,1.0,25.0,14 a 19 de julho de 2018,Ranking,28,28.0,duas_mencoes_agregadas,MDB,6.17,"6,17% (Moka)","Senado | Governo do Estado | Pré-campanha | Pesquisas de opinião | Nota: como em 2018 os eleitores escolhem dois senadores por estado, a soma dos percentuais atinge 200%, uma vez que os entrevistados podem optar por dois nomes. | Senado[editar | editar código]",wikipedia,,,,,,mdb,MDB,,,,
2018,MS,Eleições estaduais em Mato Grosso do Sul em 2018,https://pt.wikipedia.org/wiki/Elei%C3%A7%C3%B5es_estaduais_em_Mato_Grosso_do_Sul_em_2018,1.0,25.0,14 a 19 de julho de 2018,Ranking,28,28.0,duas_mencoes_agregadas,PMB,3.33,"3,33% (Betini)","Senado | Governo do Estado | Pré-campanha | Pesquisas de opinião | Nota: como em 2018 os eleitores escolhem dois senadores por estado, a soma dos percentuais atinge 200%, uma vez que os entrevistados podem optar por dois nomes. | Senado[editar | editar código]",wikipedia,,,,,,pmb,PMB,,,,
2018,MS,Eleições estaduais em Mato Grosso do Sul em 2018,https://pt.wikipedia.org/wiki/Elei%C3%A7%C3%B5es_estaduais_em_Mato_Grosso_do_Sul_em_2018,1.0,25.0,14 a 19 de julho de 2018,Ranking,28,28.0,duas_mencoes_agregadas,PODE,3.08,"3,08% (Maia)","Senado | Governo do Estado | Pré-campanha | Pesquisas de opinião | Nota: como em 2018 os eleitores escolhem dois senadores por estado, a soma dos percentuais atinge 200%, uma vez que os entrevistados podem optar por dois nomes. | Senado[editar | editar código]",wikipedia,,,,,,pode,PODE,,,,
2018,MS,Eleições estaduais em Mato Grosso do Sul em 2018,https://pt.wikipedia.org/wiki/Elei%C3%A7%C3%B5es_estaduais_em_Mato_Grosso_do_Sul_em_2018,1.0,25.0,14 a 19 de julho de 2018,Ranking,28,28.0,duas_mencoes_agregadas,PRB,3.91,"3,91% (Chaves)","Senado | Governo do Estado | Pré-campanha | Pesquisas de opinião | Nota: como em 2018 os eleitores escolhem dois senadores por estado, a soma dos percentuais atinge 200%, uma vez que os entrevistados podem optar por dois nomes. | Senado[editar | editar código]",wikipedia,,,,,,prb,PRB,,,,
2018,MS,Eleições estaduais em Mato Grosso do Sul em 2018,https://pt.wikipedia.org/wiki/Elei%C3%A7%C3%B5es_estaduais_em_Mato_Grosso_do_Sul_em_2018,1.0,25.0,14 a 19 de julho de 2018,Ranking,28,28.0,duas_mencoes_agregadas,PSC,3.25,"3,25% (Harfouche)","Senado | Governo do Estado | Pré-campanha | Pesquisas de opinião | Nota: como em 2018 os eleitores escolhem dois senadores por estado, a soma dos percentuais atinge 200%, uma vez que os entrevistados podem optar por dois nomes. | Senado[editar | editar código]",wikipedia,,,,,,psc,PSC,,,,
2018,MS,Eleições estaduais em Mato Grosso do Sul em 2018,https://pt.wikipedia.org/wiki/Elei%C3%A7%C3%B5es_estaduais_em_Mato_Grosso_do_Sul_em_2018,1.0,25.0,14 a 19 de julho de 2018,Ranking,28,28.0,duas_mencoes_agregadas,PSDB,1.75,"1,75% (Miglioli)","Senado | Governo do Estado | Pré-campanha | Pesquisas de opinião | Nota: como em 2018 os eleitores escolhem dois senadores por estado, a soma dos percentuais atinge 200%, uma vez que os entrevistados podem optar por dois nomes. | Senado[editar | editar código]",wikipedia,,,,,,psdb,PSDB,,,,
2018,MS,Eleições estaduais em Mato Grosso do Sul em 2018,https://pt.wikipedia.org/wiki/Elei%C3%A7%C3%B5es_estaduais_em_Mato_Grosso_do_Sul_em_2018,1.0,25.0,14 a 19 de julho de 2018,Ranking,28,28.0,duas_mencoes_agregadas,PT,14.5,"14,5% (Zeca)","Senado | Governo do Estado | Pré-campanha | Pesquisas de opinião | Nota: como em 2018 os eleitores escolhem dois senadores por estado, a soma dos percentuais atinge 200%, uma vez que os entrevistados podem optar por dois nomes. | Senado[editar | editar código]",wikipedia,,,,,,pt,PT,,,,
2018,MS,Eleições estaduais em Mato Grosso do Sul em 2018,https://pt.wikipedia.org/wiki/Elei%C3%A7%C3%B5es_estaduais_em_Mato_Grosso_do_Sul_em_2018,1.0,25.0,14 a 19 de julho de 2018,Ranking,28,28.0,duas_mencoes_agregadas,PTB,27.75,"27,75% (Nelsinho)","Senado | Governo do Estado | Pré-campanha | Pesquisas de opinião | Nota: como em 2018 os eleitores escolhem dois senadores por estado, a soma dos percentuais atinge 200%, uma vez que os entrevistados podem optar por dois nomes. | Senado[editar | editar código]",wikipedia,,,,,,ptb,PTB,,,,
2018,MS,Eleições estaduais em Mato Grosso do Sul em 2018,https://pt.wikipedia.org/wiki/Elei%C3%A7%C3%B5es_estaduais_em_Mato_Grosso_do_Sul_em_2018,1.0,26.0,14 a 19 de julho de 2018,Ranking,28,28.0,duas_mencoes_agregadas,MDB,5.83,"5,83% (Moka)","Senado | Governo do Estado | Pré-campanha | Pesquisas de opinião | Nota: como em 2018 os eleitores escolhem dois senadores por estado, a soma dos percentuais atinge 200%, uma vez que os entrevistados podem optar por dois nomes. | Senado[editar | editar código]",wikipedia,,,,,,mdb,MDB,,,,
2018,MS,Eleições estaduais em Mato Grosso do Sul em 2018,https://pt.wikipedia.org/wiki/Elei%C3%A7%C3%B5es_estaduais_em_Mato_Grosso_do_Sul_em_2018,1.0,26.0,14 a 19 de julho de 2018,Ranking,28,28.0,duas_mencoes_agregadas,PMB,2.83,"2,83% (Betini)","Senado | Governo do Estado | Pré-campanha | Pesquisas de opinião | Nota: como em 2018 os eleitores escolhem dois senadores por estado, a soma dos percentuais atinge 200%, uma vez que os entrevistados podem optar por dois nomes. | Senado[editar | editar código]",wikipedia,,,,,,pmb,PMB,,,,
2018,MS,Eleições estaduais em Mato Grosso do Sul em 2018,https://pt.wikipedia.org/wiki/Elei%C3%A7%C3%B5es_estaduais_em_Mato_Grosso_do_Sul_em_2018,1.0,26.0,14 a 19 de julho de 2018,Ranking,28,28.0,duas_mencoes_agregadas,PODE,2.67,"2,67% (Maia)","Senado | Governo do Estado | Pré-campanha | Pesquisas de opinião | Nota: como em 2018 os eleitores escolhem dois senadores por estado, a soma dos percentuais atinge 200%, uma vez que os entrevistados podem optar por dois nomes. | Senado[editar | editar código]",wikipedia,,,,,,pode,PODE,,,,
2018,MS,Eleições estaduais em Mato Grosso do Sul em 2018,https://pt.wikipedia.org/wiki/Elei%C3%A7%C3%B5es_estaduais_em_Mato_Grosso_do_Sul_em_2018,1.0,26.0,14 a 19 de julho de 2018,Ranking,28,28.0,duas_mencoes_agregadas,PRB,3.41,"3,41% (Chaves)","Senado | Governo do Estado | Pré-campanha | Pesquisas de opinião | Nota: como em 2018 os eleitores escolhem dois senadores por estado, a soma dos percentuais atinge 200%, uma vez que os entrevistados podem optar por dois nomes. | Senado[editar | editar código]",wikipedia,,,,,,prb,PRB,,,,
2018,MS,Eleições estaduais em Mato Grosso do Sul em 2018,https://pt.wikipedia.org/wiki/Elei%C3%A7%C3%B5es_estaduais_em_Mato_Grosso_do_Sul_em_2018,1.0,26.0,14 a 19 de julho de 2018,Ranking,28,28.0,duas_mencoes_agregadas,PSC,3.33,"3,33% (Harfouche)","Senado | Governo do Estado | Pré-campanha | Pesquisas de opinião | Nota: como em 2018 os eleitores escolhem dois senadores por estado, a soma dos percentuais atinge 200%, uma vez que os entrevistados podem optar por dois nomes. | Senado[editar | editar código]",wikipedia,,,,,,psc,PSC,,,,
2018,MS,Eleições estaduais em Mato Grosso do Sul em 2018,https://pt.wikipedia.org/wiki/Elei%C3%A7%C3%B5es_estaduais_em_Mato_Grosso_do_Sul_em_2018,1.0,26.0,14 a 19 de julho de 2018,Ranking,28,28.0,duas_mencoes_agregadas,PSDB,2.17,"2,17% (Miglioli)","Senado | Governo do Estado | Pré-campanha | Pesquisas de opinião | Nota: como em 2018 os eleitores escolhem dois senadores por estado, a soma dos percentuais atinge 200%, uma vez que os entrevistados podem optar por dois nomes. | Senado[editar | editar código]",wikipedia,,,,,,psdb,PSDB,,,,
2018,MS,Eleições estaduais em Mato Grosso do Sul em 2018,https://pt.wikipedia.org/wiki/Elei%C3%A7%C3%B5es_estaduais_em_Mato_Grosso_do_Sul_em_2018,1.0,26.0,14 a 19 de julho de 2018,Ranking,28,28.0,duas_mencoes_agregadas,PT,7.83,"7,83% (Zeca)","Senado | Governo do Estado | Pré-campanha | Pesquisas de opinião | Nota: como em 2018 os eleitores escolhem dois senadores por estado, a soma dos percentuais atinge 200%, uma vez que os entrevistados podem optar por dois nomes. | Senado[editar | editar código]",wikipedia,,,,,,pt,PT,,,,
2018,MS,Eleições estaduais em Mato Grosso do Sul em 2018,https://pt.wikipedia.org/wiki/Elei%C3%A7%C3%B5es_estaduais_em_Mato_Grosso_do_Sul_em_2018,1.0,26.0,14 a 19 de julho de 2018,Ranking,28,28.0,duas_mencoes_agregadas,PTB,8.25,"8,25% (Nelsinho)","Senado | Governo do Estado | Pré-campanha | Pesquisas de opinião | Nota: como em 2018 os eleitores escolhem dois senadores por estado, a soma dos percentuais atinge 200%, uma vez que os entrevistados podem optar por dois nomes. | Senado[editar | editar código]",wikipedia,,,,,,ptb,PTB,,,,
2018,MS,Eleições estaduais em Mato Grosso do Sul em 2018,https://pt.wikipedia.org/wiki/Elei%C3%A7%C3%B5es_estaduais_em_Mato_Grosso_do_Sul_em_2018,1.0,27.0,17 a 21 de julho de 2018,Top Mídia,4,4.0,duas_mencoes_agregadas,MDB,14.0,14% (Moka),"Senado | Governo do Estado | Pré-campanha | Pesquisas de opinião | Nota: como em 2018 os eleitores escolhem dois senadores por estado, a soma dos percentuais atinge 200%, uma vez que os entrevistados podem optar por dois nomes. | Senado[editar | editar código]",wikipedia,,,,,,mdb,MDB,,,,
2018,MS,Eleições estaduais em Mato Grosso do Sul em 2018,https://pt.wikipedia.org/wiki/Elei%C3%A7%C3%B5es_estaduais_em_Mato_Grosso_do_Sul_em_2018,1.0,27.0,17 a 21 de julho de 2018,Top Mídia,4,4.0,duas_mencoes_agregadas,PODE,2.0,2% (Maia),"Senado | Governo do Estado | Pré-campanha | Pesquisas de opinião | Nota: como em 2018 os eleitores escolhem dois senadores por estado, a soma dos percentuais atinge 200%, uma vez que os entrevistados podem optar por dois nomes. | Senado[editar | editar código]",wikipedia,,,,,,pode,PODE,,,,
2018,MS,Eleições estaduais em Mato Grosso do Sul em 2018,https://pt.wikipedia.org/wiki/Elei%C3%A7%C3%B5es_estaduais_em_Mato_Grosso_do_Sul_em_2018,1.0,27.0,17 a 21 de julho de 2018,Top Mídia,4,4.0,duas_mencoes_agregadas,PRB,4.0,4% (Chaves),"Senado | Governo do Estado | Pré-campanha | Pesquisas de opinião | Nota: como em 2018 os eleitores escolhem dois senadores por estado, a soma dos percentuais atinge 200%, uma vez que os entrevistados podem optar por dois nomes. | Senado[editar | editar código]",wikipedia,,,,,,prb,PRB,,,,
2018,MS,Eleições estaduais em Mato Grosso do Sul em 2018,https://pt.wikipedia.org/wiki/Elei%C3%A7%C3%B5es_estaduais_em_Mato_Grosso_do_Sul_em_2018,1.0,27.0,17 a 21 de julho de 2018,Top Mídia,4,4.0,duas_mencoes_agregadas,PSC,2.0,2% (Harfouche),"Senado | Governo do Estado | Pré-campanha | Pesquisas de opinião | Nota: como em 2018 os eleitores escolhem dois senadores por estado, a soma dos percentuais atinge 200%, uma vez que os entrevistados podem optar por dois nomes. | Senado[editar | editar código]",wikipedia,,,,,,psc,PSC,,,,
2018,MS,Eleições estaduais em Mato Grosso do Sul em 2018,https://pt.wikipedia.org/wiki/Elei%C3%A7%C3%B5es_estaduais_em_Mato_Grosso_do_Sul_em_2018,1.0,27.0,17 a 21 de julho de 2018,Top Mídia,4,4.0,duas_mencoes_agregadas,PSDB,1.0,1% (Miglioli),"Senado | Governo do Estado | Pré-campanha | Pesquisas de opinião | Nota: como em 2018 os eleitores escolhem dois senadores por estado, a soma dos percentuais atinge 200%, uma vez que os entrevistados podem optar por dois nomes. | Senado[editar | editar código]",wikipedia,,,,,,psdb,PSDB,,,,
2018,MS,Eleições estaduais em Mato Grosso do Sul em 2018,https://pt.wikipedia.org/wiki/Elei%C3%A7%C3%B5es_estaduais_em_Mato_Grosso_do_Sul_em_2018,1.0,27.0,17 a 21 de julho de 2018,Top Mídia,4,4.0,duas_mencoes_agregadas,PT,15.0,15% (Zeca),"Senado | Governo do Estado | Pré-campanha | Pesquisas de opinião | Nota: como em 2018 os eleitores escolhem dois senadores por estado, a soma dos percentuais atinge 200%, uma vez que os entrevistados podem optar por dois nomes. | Senado[editar | editar código]",wikipedia,,,,,,pt,PT,,,,
2018,MS,Eleições estaduais em Mato Grosso do Sul em 2018,https://pt.wikipedia.org/wiki/Elei%C3%A7%C3%B5es_estaduais_em_Mato_Grosso_do_Sul_em_2018,1.0,27.0,17 a 21 de julho de 2018,Top Mídia,4,4.0,duas_mencoes_agregadas,PTB,28.0,28% (Nelsinho),"Senado | Governo do Estado | Pré-campanha | Pesquisas de opinião | Nota: como em 2018 os eleitores escolhem dois senadores por estado, a soma dos percentuais atinge 200%, uma vez que os entrevistados podem optar por dois nomes. | Senado[editar | editar código]",wikipedia,,,,,,ptb,PTB,,,,
2018,MS,Eleições estaduais em Mato Grosso do Sul em 2018,https://pt.wikipedia.org/wiki/Elei%C3%A7%C3%B5es_estaduais_em_Mato_Grosso_do_Sul_em_2018,1.0,28.0,17 a 21 de julho de 2018,Top Mídia,4,4.0,duas_mencoes_agregadas,MDB,9.0,9% (Moka),"Senado | Governo do Estado | Pré-campanha | Pesquisas de opinião | Nota: como em 2018 os eleitores escolhem dois senadores por estado, a soma dos percentuais atinge 200%, uma vez que os entrevistados podem optar por dois nomes. | Senado[editar | editar código]",wikipedia,,,,,,mdb,MDB,,,,
2018,MS,Eleições estaduais em Mato Grosso do Sul em 2018,https://pt.wikipedia.org/wiki/Elei%C3%A7%C3%B5es_estaduais_em_Mato_Grosso_do_Sul_em_2018,1.0,28.0,17 a 21 de julho de 2018,Top Mídia,4,4.0,duas_mencoes_agregadas,PODE,1.0,1% (Maia),"Senado | Governo do Estado | Pré-campanha | Pesquisas de opinião | Nota: como em 2018 os eleitores escolhem dois senadores por estado, a soma dos percentuais atinge 200%, uma vez que os entrevistados podem optar por dois nomes. | Senado[editar | editar código]",wikipedia,,,,,,pode,PODE,,,,
2018,MS,Eleições estaduais em Mato Grosso do Sul em 2018,https://pt.wikipedia.org/wiki/Elei%C3%A7%C3%B5es_estaduais_em_Mato_Grosso_do_Sul_em_2018,1.0,28.0,17 a 21 de julho de 2018,Top Mídia,4,4.0,duas_mencoes_agregadas,PRB,2.0,2% (Chaves),"Senado | Governo do Estado | Pré-campanha | Pesquisas de opinião | Nota: como em 2018 os eleitores escolhem dois senadores por estado, a soma dos percentuais atinge 200%, uma vez que os entrevistados podem optar por dois nomes. | Senado[editar | editar código]",wikipedia,,,,,,prb,PRB,,,,
2018,MS,Eleições estaduais em Mato Grosso do Sul em 2018,https://pt.wikipedia.org/wiki/Elei%C3%A7%C3%B5es_estaduais_em_Mato_Grosso_do_Sul_em_2018,1.0,28.0,17 a 21 de julho de 2018,Top Mídia,4,4.0,duas_mencoes_agregadas,PSC,3.0,3% (Harfouche),"Senado | Governo do Estado | Pré-campanha | Pesquisas de opinião | Nota: como em 2018 os eleitores escolhem dois senadores por estado, a soma dos percentuais atinge 200%, uma vez que os entrevistados podem optar por dois nomes. | Senado[editar | editar código]",wikipedia,,,,,,psc,PSC,,,,
2018,MS,Eleições estaduais em Mato Grosso do Sul em 2018,https://pt.wikipedia.org/wiki/Elei%C3%A7%C3%B5es_estaduais_em_Mato_Grosso_do_Sul_em_2018,1.0,28.0,17 a 21 de julho de 2018,Top Mídia,4,4.0,duas_mencoes_agregadas,PSDB,1.0,1% (Miglioli),"Senado | Governo do Estado | Pré-campanha | Pesquisas de opinião | Nota: como em 2018 os eleitores escolhem dois senadores por estado, a soma dos percentuais atinge 200%, uma vez que os entrevistados podem optar por dois nomes. | Senado[editar | editar código]",wikipedia,,,,,,psdb,PSDB,,,,
2018,MS,Eleições estaduais em Mato Grosso do Sul em 2018,https://pt.wikipedia.org/wiki/Elei%C3%A7%C3%B5es_estaduais_em_Mato_Grosso_do_Sul_em_2018,1.0,28.0,17 a 21 de julho de 2018,Top Mídia,4,4.0,duas_mencoes_agregadas,PT,7.0,7% (Zeca),"Senado | Governo do Estado | Pré-campanha | Pesquisas de opinião | Nota: como em 2018 os eleitores escolhem dois senadores por estado, a soma dos percentuais atinge 200%, uma vez que os entrevistados podem optar por dois nomes. | Senado[editar | editar código]",wikipedia,,,,,,pt,PT,,,,
2018,MS,Eleições estaduais em Mato Grosso do Sul em 2018,https://pt.wikipedia.org/wiki/Elei%C3%A7%C3%B5es_estaduais_em_Mato_Grosso_do_Sul_em_2018,1.0,28.0,17 a 21 de julho de 2018,Top Mídia,4,4.0,duas_mencoes_agregadas,PTB,16.0,16% (Nelsinho),"Senado | Governo do Estado | Pré-campanha | Pesquisas de opinião | Nota: como em 2018 os eleitores escolhem dois senadores por estado, a soma dos percentuais atinge 200%, uma vez que os entrevistados podem optar por dois nomes. | Senado[editar | editar código]",wikipedia,,,,,,ptb,PTB,,,,
2018,MS,Eleições estaduais em Mato Grosso do Sul em 2018,https://pt.wikipedia.org/wiki/Elei%C3%A7%C3%B5es_estaduais_em_Mato_Grosso_do_Sul_em_2018,1.0,29.0,6 a 12 de agosto de 2018,Ranking,283,283.0,duas_mencoes_agregadas,MDB,6.25,"6,25% (Moka)","Senado | Governo do Estado | Pré-campanha | Pesquisas de opinião | Nota: como em 2018 os eleitores escolhem dois senadores por estado, a soma dos percentuais atinge 200%, uma vez que os entrevistados podem optar por dois nomes. | Senado[editar | editar código]",wikipedia,,,,,,mdb,MDB,,,,
2018,MS,Eleições estaduais em Mato Grosso do Sul em 2018,https://pt.wikipedia.org/wiki/Elei%C3%A7%C3%B5es_estaduais_em_Mato_Grosso_do_Sul_em_2018,1.0,29.0,6 a 12 de agosto de 2018,Ranking,283,283.0,duas_mencoes_agregadas,PCdoB,0.75,"0,75% (Fonseca)","Senado | Governo do Estado | Pré-campanha | Pesquisas de opinião | Nota: como em 2018 os eleitores escolhem dois senadores por estado, a soma dos percentuais atinge 200%, uma vez que os entrevistados podem optar por dois nomes. | Senado[editar | editar código]",wikipedia,,,,,,pcdob,PCdoB,,,,
2018,MS,Eleições estaduais em Mato Grosso do Sul em 2018,https://pt.wikipedia.org/wiki/Elei%C3%A7%C3%B5es_estaduais_em_Mato_Grosso_do_Sul_em_2018,1.0,29.0,6 a 12 de agosto de 2018,Ranking,283,283.0,duas_mencoes_agregadas,PMB,3.08,"3,08% (Betini)","Senado | Governo do Estado | Pré-campanha | Pesquisas de opinião | Nota: como em 2018 os eleitores escolhem dois senadores por estado, a soma dos percentuais atinge 200%, uma vez que os entrevistados podem optar por dois nomes. | Senado[editar | editar código]",wikipedia,,,,,,pmb,PMB,,,,
2018,MS,Eleições estaduais em Mato Grosso do Sul em 2018,https://pt.wikipedia.org/wiki/Elei%C3%A7%C3%B5es_estaduais_em_Mato_Grosso_do_Sul_em_2018,1.0,29.0,6 a 12 de agosto de 2018,Ranking,283,283.0,duas_mencoes_agregadas,PODE,1.75,"1,75% (Figueiró)","Senado | Governo do Estado | Pré-campanha | Pesquisas de opinião | Nota: como em 2018 os eleitores escolhem dois senadores por estado, a soma dos percentuais atinge 200%, uma vez que os entrevistados podem optar por dois nomes. | Senado[editar | editar código]",wikipedia,,,,,,pode,PODE,,,,
2018,MS,Eleições estaduais em Mato Grosso do Sul em 2018,https://pt.wikipedia.org/wiki/Elei%C3%A7%C3%B5es_estaduais_em_Mato_Grosso_do_Sul_em_2018,1.0,29.0,6 a 12 de agosto de 2018,Ranking,283,283.0,duas_mencoes_agregadas,PPL,0.75,"0,75% (Freitas)","Senado | Governo do Estado | Pré-campanha | Pesquisas de opinião | Nota: como em 2018 os eleitores escolhem dois senadores por estado, a soma dos percentuais atinge 200%, uma vez que os entrevistados podem optar por dois nomes. | Senado[editar | editar código]",wikipedia,,,,,,ppl,PPL,,,,
2018,MS,Eleições estaduais em Mato Grosso do Sul em 2018,https://pt.wikipedia.org/wiki/Elei%C3%A7%C3%B5es_estaduais_em_Mato_Grosso_do_Sul_em_2018,1.0,29.0,6 a 12 de agosto de 2018,Ranking,283,283.0,duas_mencoes_agregadas,PRB,7.83,"7,83% (Chaves)","Senado | Governo do Estado | Pré-campanha | Pesquisas de opinião | Nota: como em 2018 os eleitores escolhem dois senadores por estado, a soma dos percentuais atinge 200%, uma vez que os entrevistados podem optar por dois nomes. | Senado[editar | editar código]",wikipedia,,,,,,prb,PRB,,,,
2018,MS,Eleições estaduais em Mato Grosso do Sul em 2018,https://pt.wikipedia.org/wiki/Elei%C3%A7%C3%B5es_estaduais_em_Mato_Grosso_do_Sul_em_2018,1.0,29.0,6 a 12 de agosto de 2018,Ranking,283,283.0,duas_mencoes_agregadas,PSL,2.0,2% (Soraya),"Senado | Governo do Estado | Pré-campanha | Pesquisas de opinião | Nota: como em 2018 os eleitores escolhem dois senadores por estado, a soma dos percentuais atinge 200%, uma vez que os entrevistados podem optar por dois nomes. | Senado[editar | editar código]",wikipedia,,,,,,psl,PSL,,,,
2018,MS,Eleições estaduais em Mato Grosso do Sul em 2018,https://pt.wikipedia.org/wiki/Elei%C3%A7%C3%B5es_estaduais_em_Mato_Grosso_do_Sul_em_2018,1.0,29.0,6 a 12 de agosto de 2018,Ranking,283,283.0,duas_mencoes_agregadas,PSDB,3.41,"3,41% (Miglioli)","Senado | Governo do Estado | Pré-campanha | Pesquisas de opinião | Nota: como em 2018 os eleitores escolhem dois senadores por estado, a soma dos percentuais atinge 200%, uma vez que os entrevistados podem optar por dois nomes. | Senado[editar | editar código]",wikipedia,,,,,,psdb,PSDB,,,,
2018,MS,Eleições estaduais em Mato Grosso do Sul em 2018,https://pt.wikipedia.org/wiki/Elei%C3%A7%C3%B5es_estaduais_em_Mato_Grosso_do_Sul_em_2018,1.0,29.0,6 a 12 de agosto de 2018,Ranking,283,283.0,duas_mencoes_agregadas,PSOL,1.5,"1,5% (Anísio)","Senado | Governo do Estado | Pré-campanha | Pesquisas de opinião | Nota: como em 2018 os eleitores escolhem dois senadores por estado, a soma dos percentuais atinge 200%, uma vez que os entrevistados podem optar por dois nomes. | Senado[editar | editar código]",wikipedia,,,,,,psol,PSOL,,,,
2018,MS,Eleições estaduais em Mato Grosso do Sul em 2018,https://pt.wikipedia.org/wiki/Elei%C3%A7%C3%B5es_estaduais_em_Mato_Grosso_do_Sul_em_2018,1.0,29.0,6 a 12 de agosto de 2018,Ranking,283,283.0,duas_mencoes_agregadas,PT,14.25,"14,25% (Zeca)","Senado | Governo do Estado | Pré-campanha | Pesquisas de opinião | Nota: como em 2018 os eleitores escolhem dois senadores por estado, a soma dos percentuais atinge 200%, uma vez que os entrevistados podem optar por dois nomes. | Senado[editar | editar código]",wikipedia,,,,,,pt,PT,,,,
2018,MS,Eleições estaduais em Mato Grosso do Sul em 2018,https://pt.wikipedia.org/wiki/Elei%C3%A7%C3%B5es_estaduais_em_Mato_Grosso_do_Sul_em_2018,1.0,29.0,6 a 12 de agosto de 2018,Ranking,283,283.0,duas_mencoes_agregadas,PTB,28.58,"28,58% (Nelsinho)","Senado | Governo do Estado | Pré-campanha | Pesquisas de opinião | Nota: como em 2018 os eleitores escolhem dois senadores por estado, a soma dos percentuais atinge 200%, uma vez que os entrevistados podem optar por dois nomes. | Senado[editar | editar código]",wikipedia,,,,,,ptb,PTB,,,,
2018,MS,Eleições estaduais em Mato Grosso do Sul em 2018,https://pt.wikipedia.org/wiki/Elei%C3%A7%C3%B5es_estaduais_em_Mato_Grosso_do_Sul_em_2018,1.0,29.0,6 a 12 de agosto de 2018,Ranking,283,283.0,duas_mencoes_agregadas,PTC,1.08,"1,08% (Nicolatti)","Senado | Governo do Estado | Pré-campanha | Pesquisas de opinião | Nota: como em 2018 os eleitores escolhem dois senadores por estado, a soma dos percentuais atinge 200%, uma vez que os entrevistados podem optar por dois nomes. | Senado[editar | editar código]",wikipedia,,,,,,ptc,PTC,,,,
2018,MS,Eleições estaduais em Mato Grosso do Sul em 2018,https://pt.wikipedia.org/wiki/Elei%C3%A7%C3%B5es_estaduais_em_Mato_Grosso_do_Sul_em_2018,1.0,30.0,6 a 12 de agosto de 2018,Ranking,283,283.0,duas_mencoes_agregadas,MDB,6.83,"6,83% (Moka)","Senado | Governo do Estado | Pré-campanha | Pesquisas de opinião | Nota: como em 2018 os eleitores escolhem dois senadores por estado, a soma dos percentuais atinge 200%, uma vez que os entrevistados podem optar por dois nomes. | Senado[editar | editar código]",wikipedia,,,,,,mdb,MDB,,,,
2018,MS,Eleições estaduais em Mato Grosso do Sul em 2018,https://pt.wikipedia.org/wiki/Elei%C3%A7%C3%B5es_estaduais_em_Mato_Grosso_do_Sul_em_2018,1.0,30.0,6 a 12 de agosto de 2018,Ranking,283,283.0,duas_mencoes_agregadas,PCdoB,1.16,"1,16% (Fonseca)","Senado | Governo do Estado | Pré-campanha | Pesquisas de opinião | Nota: como em 2018 os eleitores escolhem dois senadores por estado, a soma dos percentuais atinge 200%, uma vez que os entrevistados podem optar por dois nomes. | Senado[editar | editar código]",wikipedia,,,,,,pcdob,PCdoB,,,,
2018,MS,Eleições estaduais em Mato Grosso do Sul em 2018,https://pt.wikipedia.org/wiki/Elei%C3%A7%C3%B5es_estaduais_em_Mato_Grosso_do_Sul_em_2018,1.0,30.0,6 a 12 de agosto de 2018,Ranking,283,283.0,duas_mencoes_agregadas,PMB,3.0,3% (Betini),"Senado | Governo do Estado | Pré-campanha | Pesquisas de opinião | Nota: como em 2018 os eleitores escolhem dois senadores por estado, a soma dos percentuais atinge 200%, uma vez que os entrevistados podem optar por dois nomes. | Senado[editar | editar código]",wikipedia,,,,,,pmb,PMB,,,,
2018,MS,Eleições estaduais em Mato Grosso do Sul em 2018,https://pt.wikipedia.org/wiki/Elei%C3%A7%C3%B5es_estaduais_em_Mato_Grosso_do_Sul_em_2018,1.0,30.0,6 a 12 de agosto de 2018,Ranking,283,283.0,duas_mencoes_agregadas,PODE,2.25,"2,25% (Figueiró)","Senado | Governo do Estado | Pré-campanha | Pesquisas de opinião | Nota: como em 2018 os eleitores escolhem dois senadores por estado, a soma dos percentuais atinge 200%, uma vez que os entrevistados podem optar por dois nomes. | Senado[editar | editar código]",wikipedia,,,,,,pode,PODE,,,,
2018,MS,Eleições estaduais em Mato Grosso do Sul em 2018,https://pt.wikipedia.org/wiki/Elei%C3%A7%C3%B5es_estaduais_em_Mato_Grosso_do_Sul_em_2018,1.0,30.0,6 a 12 de agosto de 2018,Ranking,283,283.0,duas_mencoes_agregadas,PPL,1.91,"1,91% (Freitas)","Senado | Governo do Estado | Pré-campanha | Pesquisas de opinião | Nota: como em 2018 os eleitores escolhem dois senadores por estado, a soma dos percentuais atinge 200%, uma vez que os entrevistados podem optar por dois nomes. | Senado[editar | editar código]",wikipedia,,,,,,ppl,PPL,,,,
2018,MS,Eleições estaduais em Mato Grosso do Sul em 2018,https://pt.wikipedia.org/wiki/Elei%C3%A7%C3%B5es_estaduais_em_Mato_Grosso_do_Sul_em_2018,1.0,30.0,6 a 12 de agosto de 2018,Ranking,283,283.0,duas_mencoes_agregadas,PRB,5.66,"5,66% (Chaves)","Senado | Governo do Estado | Pré-campanha | Pesquisas de opinião | Nota: como em 2018 os eleitores escolhem dois senadores por estado, a soma dos percentuais atinge 200%, uma vez que os entrevistados podem optar por dois nomes. | Senado[editar | editar código]",wikipedia,,,,,,prb,PRB,,,,
2018,MS,Eleições estaduais em Mato Grosso do Sul em 2018,https://pt.wikipedia.org/wiki/Elei%C3%A7%C3%B5es_estaduais_em_Mato_Grosso_do_Sul_em_2018,1.0,30.0,6 a 12 de agosto de 2018,Ranking,283,283.0,duas_mencoes_agregadas,PSL,1.0,1% (Soraya),"Senado | Governo do Estado | Pré-campanha | Pesquisas de opinião | Nota: como em 2018 os eleitores escolhem dois senadores por estado, a soma dos percentuais atinge 200%, uma vez que os entrevistados podem optar por dois nomes. | Senado[editar | editar código]",wikipedia,,,,,,psl,PSL,,,,
2018,MS,Eleições estaduais em Mato Grosso do Sul em 2018,https://pt.wikipedia.org/wiki/Elei%C3%A7%C3%B5es_estaduais_em_Mato_Grosso_do_Sul_em_2018,1.0,30.0,6 a 12 de agosto de 2018,Ranking,283,283.0,duas_mencoes_agregadas,PSDB,3.16,"3,16% (Miglioli)","Senado | Governo do Estado | Pré-campanha | Pesquisas de opinião | Nota: como em 2018 os eleitores escolhem dois senadores por estado, a soma dos percentuais atinge 200%, uma vez que os entrevistados podem optar por dois nomes. | Senado[editar | editar código]",wikipedia,,,,,,psdb,PSDB,,,,
2018,MS,Eleições estaduais em Mato Grosso do Sul em 2018,https://pt.wikipedia.org/wiki/Elei%C3%A7%C3%B5es_estaduais_em_Mato_Grosso_do_Sul_em_2018,1.0,30.0,6 a 12 de agosto de 2018,Ranking,283,283.0,duas_mencoes_agregadas,PSOL,1.66,"1,66% (Anísio)","Senado | Governo do Estado | Pré-campanha | Pesquisas de opinião | Nota: como em 2018 os eleitores escolhem dois senadores por estado, a soma dos percentuais atinge 200%, uma vez que os entrevistados podem optar por dois nomes. | Senado[editar | editar código]",wikipedia,,,,,,psol,PSOL,,,,
2018,MS,Eleições estaduais em Mato Grosso do Sul em 2018,https://pt.wikipedia.org/wiki/Elei%C3%A7%C3%B5es_estaduais_em_Mato_Grosso_do_Sul_em_2018,1.0,30.0,6 a 12 de agosto de 2018,Ranking,283,283.0,duas_mencoes_agregadas,PT,8.5,"8,5% (Zeca)","Senado | Governo do Estado | Pré-campanha | Pesquisas de opinião | Nota: como em 2018 os eleitores escolhem dois senadores por estado, a soma dos percentuais atinge 200%, uma vez que os entrevistados podem optar por dois nomes. | Senado[editar | editar código]",wikipedia,,,,,,pt,PT,,,,
2018,MS,Eleições estaduais em Mato Grosso do Sul em 2018,https://pt.wikipedia.org/wiki/Elei%C3%A7%C3%B5es_estaduais_em_Mato_Grosso_do_Sul_em_2018,1.0,30.0,6 a 12 de agosto de 2018,Ranking,283,283.0,duas_mencoes_agregadas,PTB,10.75,"10,75% (Nelsinho)","Senado | Governo do Estado | Pré-campanha | Pesquisas de opinião | Nota: como em 2018 os eleitores escolhem dois senadores por estado, a soma dos percentuais atinge 200%, uma vez que os entrevistados podem optar por dois nomes. | Senado[editar | editar código]",wikipedia,,,,,,ptb,PTB,,,,
2018,MS,Eleições estaduais em Mato Grosso do Sul em 2018,https://pt.wikipedia.org/wiki/Elei%C3%A7%C3%B5es_estaduais_em_Mato_Grosso_do_Sul_em_2018,1.0,30.0,6 a 12 de agosto de 2018,Ranking,283,283.0,duas_mencoes_agregadas,PTC,1.16,"1,16% (Nicolatti)","Senado | Governo do Estado | Pré-campanha | Pesquisas de opinião | Nota: como em 2018 os eleitores escolhem dois senadores por estado, a soma dos percentuais atinge 200%, uma vez que os entrevistados podem optar por dois nomes. | Senado[editar | editar código]",wikipedia,,,,,,ptc,PTC,,,,
2018,MS,Eleições estaduais em Mato Grosso do Sul em 2018,https://pt.wikipedia.org/wiki/Elei%C3%A7%C3%B5es_estaduais_em_Mato_Grosso_do_Sul_em_2018,2.0,1.0,24 de agosto de 2018,Ibope,±3%,3.0,duas_mencoes_agregadas,Nelsinho (PTB),34.0,34%,"Senado | Governo do Estado | Primeiro turno | Senado | Nota: como em 2018 os eleitores escolhem dois senadores por estado, a soma dos porcentuais atinge 200%, uma vez que os entrevistados podem optar por dois nomes. | Senado[editar | editar código]",wikipedia,,,,,,nelsinho ptb,Nelsinho (PTB),Nelsinho Trad (PTB),0.1006031420319422,True,2.0
2018,MS,Eleições estaduais em Mato Grosso do Sul em 2018,https://pt.wikipedia.org/wiki/Elei%C3%A7%C3%B5es_estaduais_em_Mato_Grosso_do_Sul_em_2018,2.0,1.0,24 de agosto de 2018,Ibope,±3%,3.0,duas_mencoes_agregadas,Zeca do PT,29.0,29%,"Senado | Governo do Estado | Primeiro turno | Senado | Nota: como em 2018 os eleitores escolhem dois senadores por estado, a soma dos porcentuais atinge 200%, uma vez que os entrevistados podem optar por dois nomes. | Senado[editar | editar código]",wikipedia,,,,,,zeca do pt,Zeca do PT,Zeca do PT (PT),0.0697578535972055,False,6.0
2018,MS,Eleições estaduais em Mato Grosso do Sul em 2018,https://pt.wikipedia.org/wiki/Elei%C3%A7%C3%B5es_estaduais_em_Mato_Grosso_do_Sul_em_2018,2.0,1.0,24 de agosto de 2018,Ibope,±3%,3.0,duas_mencoes_agregadas,Moka (MDB),20.0,20%,"Senado | Governo do Estado | Primeiro turno | Senado | Nota: como em 2018 os eleitores escolhem dois senadores por estado, a soma dos porcentuais atinge 200%, uma vez que os entrevistados podem optar por dois nomes. | Senado[editar | editar código]",wikipedia,,,,,,moka mdb,Moka (MDB),Waldemir Moka (MDB — Inc.),0.0847902643268472,False,4.0
2018,MS,Eleições estaduais em Mato Grosso do Sul em 2018,https://pt.wikipedia.org/wiki/Elei%C3%A7%C3%B5es_estaduais_em_Mato_Grosso_do_Sul_em_2018,2.0,1.0,24 de agosto de 2018,Ibope,±3%,3.0,duas_mencoes_agregadas,Soraya (PSL),6.0,6%,"Senado | Governo do Estado | Primeiro turno | Senado | Nota: como em 2018 os eleitores escolhem dois senadores por estado, a soma dos porcentuais atinge 200%, uma vez que os entrevistados podem optar por dois nomes. | Senado[editar | editar código]",wikipedia,,,,,,soraya psl,Soraya (PSL),Soraya Thronicke (PSL),0.0886534572433384,False,3.0
2018,MS,Eleições estaduais em Mato Grosso do Sul em 2018,https://pt.wikipedia.org/wiki/Elei%C3%A7%C3%B5es_estaduais_em_Mato_Grosso_do_Sul_em_2018,2.0,1.0,24 de agosto de 2018,Ibope,±3%,3.0,duas_mencoes_agregadas,Miglioli (PSDB),3.0,3%,"Senado | Governo do Estado | Primeiro turno | Senado | Nota: como em 2018 os eleitores escolhem dois senadores por estado, a soma dos porcentuais atinge 200%, uma vez que os entrevistados podem optar por dois nomes. | Senado[editar | editar código]",wikipedia,,,,,,miglioli psdb,Miglioli (PSDB),Marcelo Miglioli (PSDB),0.0825209794979154,False,5.0
2018,MS,Eleições estaduais em Mato Grosso do Sul em 2018,https://pt.wikipedia.org/wiki/Elei%C3%A7%C3%B5es_estaduais_em_Mato_Grosso_do_Sul_em_2018,2.0,2.0,25 de agosto de 2018,IPR,"±2,9%",2.9,duas_mencoes_agregadas,Nelsinho (PTB),21.33,"21,33%","Senado | Governo do Estado | Primeiro turno | Senado | Nota: como em 2018 os eleitores escolhem dois senadores por estado, a soma dos porcentuais atinge 200%, uma vez que os entrevistados podem optar por dois nomes. | Senado[editar | editar código]",wikipedia,,,,,,nelsinho ptb,Nelsinho (PTB),Nelsinho Trad (PTB),0.1006031420319422,True,2.0
2018,MS,Eleições estaduais em Mato Grosso do Sul em 2018,https://pt.wikipedia.org/wiki/Elei%C3%A7%C3%B5es_estaduais_em_Mato_Grosso_do_Sul_em_2018,2.0,2.0,25 de agosto de 2018,IPR,"±2,9%",2.9,duas_mencoes_agregadas,Zeca do PT,20.34,"20,34%","Senado | Governo do Estado | Primeiro turno | Senado | Nota: como em 2018 os eleitores escolhem dois senadores por estado, a soma dos porcentuais atinge 200%, uma vez que os entrevistados podem optar por dois nomes. | Senado[editar | editar código]",wikipedia,,,,,,zeca do pt,Zeca do PT,Zeca do PT (PT),0.0697578535972055,False,6.0
2018,MS,Eleições estaduais em Mato Grosso do Sul em 2018,https://pt.wikipedia.org/wiki/Elei%C3%A7%C3%B5es_estaduais_em_Mato_Grosso_do_Sul_em_2018,2.0,2.0,25 de agosto de 2018,IPR,"±2,9%",2.9,duas_mencoes_agregadas,Moka (MDB),11.5,"11,5%","Senado | Governo do Estado | Primeiro turno | Senado | Nota: como em 2018 os eleitores escolhem dois senadores por estado, a soma dos porcentuais atinge 200%, uma vez que os entrevistados podem optar por dois nomes. | Senado[editar | editar código]",wikipedia,,,,,,moka mdb,Moka (MDB),Waldemir Moka (MDB — Inc.),0.0847902643268472,False,4.0
2018,MS,Eleições estaduais em Mato Grosso do Sul em 2018,https://pt.wikipedia.org/wiki/Elei%C3%A7%C3%B5es_estaduais_em_Mato_Grosso_do_Sul_em_2018,2.0,2.0,25 de agosto de 2018,IPR,"±2,9%",2.9,duas_mencoes_agregadas,Soraya (PSL),2.92,"2,92%","Senado | Governo do Estado | Primeiro turno | Senado | Nota: como em 2018 os eleitores escolhem dois senadores por estado, a soma dos porcentuais atinge 200%, uma vez que os entrevistados podem optar por dois nomes. | Senado[editar | editar código]",wikipedia,,,,,,soraya psl,Soraya (PSL),Soraya Thronicke (PSL),0.0886534572433384,False,3.0
2018,MS,Eleições estaduais em Mato Grosso do Sul em 2018,https://pt.wikipedia.org/wiki/Elei%C3%A7%C3%B5es_estaduais_em_Mato_Grosso_do_Sul_em_2018,2.0,2.0,25 de agosto de 2018,IPR,"±2,9%",2.9,duas_mencoes_agregadas,Miglioli (PSDB),3.84,"3,84%","Senado | Governo do Estado | Primeiro turno | Senado | Nota: como em 2018 os eleitores escolhem dois senadores por estado, a soma dos porcentuais atinge 200%, uma vez que os entrevistados podem optar por dois nomes. | Senado[editar | editar código]",wikipedia,,,,,,miglioli psdb,Miglioli (PSDB),Marcelo Miglioli (PSDB),0.0825209794979154,False,5.0
2018,MS,Eleições estaduais em Mato Grosso do Sul em 2018,https://pt.wikipedia.org/wiki/Elei%C3%A7%C3%B5es_estaduais_em_Mato_Grosso_do_Sul_em_2018,2.0,3.0,27 de agosto de 2018,Real Time Big Data,±3%,3.0,duas_mencoes_agregadas,Nelsinho (PTB),34.0,34%,"Senado | Governo do Estado | Primeiro turno | Senado | Nota: como em 2018 os eleitores escolhem dois senadores por estado, a soma dos porcentuais atinge 200%, uma vez que os entrevistados podem optar por dois nomes. | Senado[editar | editar código]",wikipedia,,,,,,nelsinho ptb,Nelsinho (PTB),Nelsinho Trad (PTB),0.1006031420319422,True,2.0
2018,MS,Eleições estaduais em Mato Grosso do Sul em 2018,https://pt.wikipedia.org/wiki/Elei%C3%A7%C3%B5es_estaduais_em_Mato_Grosso_do_Sul_em_2018,2.0,3.0,27 de agosto de 2018,Real Time Big Data,±3%,3.0,duas_mencoes_agregadas,Zeca do PT,24.0,24%,"Senado | Governo do Estado | Primeiro turno | Senado | Nota: como em 2018 os eleitores escolhem dois senadores por estado, a soma dos porcentuais atinge 200%, uma vez que os entrevistados podem optar por dois nomes. | Senado[editar | editar código]",wikipedia,,,,,,zeca do pt,Zeca do PT,Zeca do PT (PT),0.0697578535972055,False,6.0
2018,MS,Eleições estaduais em Mato Grosso do Sul em 2018,https://pt.wikipedia.org/wiki/Elei%C3%A7%C3%B5es_estaduais_em_Mato_Grosso_do_Sul_em_2018,2.0,3.0,27 de agosto de 2018,Real Time Big Data,±3%,3.0,duas_mencoes_agregadas,Moka (MDB),21.0,21%,"Senado | Governo do Estado | Primeiro turno | Senado | Nota: como em 2018 os eleitores escolhem dois senadores por estado, a soma dos porcentuais atinge 200%, uma vez que os entrevistados podem optar por dois nomes. | Senado[editar | editar código]",wikipedia,,,,,,moka mdb,Moka (MDB),Waldemir Moka (MDB — Inc.),0.0847902643268472,False,4.0
2018,MS,Eleições estaduais em Mato Grosso do Sul em 2018,https://pt.wikipedia.org/wiki/Elei%C3%A7%C3%B5es_estaduais_em_Mato_Grosso_do_Sul_em_2018,2.0,3.0,27 de agosto de 2018,Real Time Big Data,±3%,3.0,duas_mencoes_agregadas,Soraya (PSL),7.0,7%,"Senado | Governo do Estado | Primeiro turno | Senado | Nota: como em 2018 os eleitores escolhem dois senadores por estado, a soma dos porcentuais atinge 200%, uma vez que os entrevistados podem optar por dois nomes. | Senado[editar | editar código]",wikipedia,,,,,,soraya psl,Soraya (PSL),Soraya Thronicke (PSL),0.0886534572433384,False,3.0
2018,MS,Eleições estaduais em Mato Grosso do Sul em 2018,https://pt.wikipedia.org/wiki/Elei%C3%A7%C3%B5es_estaduais_em_Mato_Grosso_do_Sul_em_2018,2.0,3.0,27 de agosto de 2018,Real Time Big Data,±3%,3.0,duas_mencoes_agregadas,Miglioli (PSDB),8.0,8%,"Senado | Governo do Estado | Primeiro turno | Senado | Nota: como em 2018 os eleitores escolhem dois senadores por estado, a soma dos porcentuais atinge 200%, uma vez que os entrevistados podem optar por dois nomes. | Senado[editar | editar código]",wikipedia,,,,,,miglioli psdb,Miglioli (PSDB),Marcelo Miglioli (PSDB),0.0825209794979154,False,5.0
2018,MS,Eleições estaduais em Mato Grosso do Sul em 2018,https://pt.wikipedia.org/wiki/Elei%C3%A7%C3%B5es_estaduais_em_Mato_Grosso_do_Sul_em_2018,2.0,4.0,4 de setembro de 2018,Ranking,"±2,83%",2.83,duas_mencoes_agregadas,Nelsinho (PTB),38.41,"38,41%","Senado | Governo do Estado | Primeiro turno | Senado | Nota: como em 2018 os eleitores escolhem dois senadores por estado, a soma dos porcentuais atinge 200%, uma vez que os entrevistados podem optar por dois nomes. | Senado[editar | editar código]",wikipedia,,,,,,nelsinho ptb,Nelsinho (PTB),Nelsinho Trad (PTB),0.1006031420319422,True,2.0
2018,MS,Eleições estaduais em Mato Grosso do Sul em 2018,https://pt.wikipedia.org/wiki/Elei%C3%A7%C3%B5es_estaduais_em_Mato_Grosso_do_Sul_em_2018,2.0,4.0,4 de setembro de 2018,Ranking,"±2,83%",2.83,duas_mencoes_agregadas,Zeca do PT,17.33,"17,33%","Senado | Governo do Estado | Primeiro turno | Senado | Nota: como em 2018 os eleitores escolhem dois senadores por estado, a soma dos porcentuais atinge 200%, uma vez que os entrevistados podem optar por dois nomes. | Senado[editar | editar código]",wikipedia,,,,,,zeca do pt,Zeca do PT,Zeca do PT (PT),0.0697578535972055,False,6.0
2018,MS,Eleições estaduais em Mato Grosso do Sul em 2018,https://pt.wikipedia.org/wiki/Elei%C3%A7%C3%B5es_estaduais_em_Mato_Grosso_do_Sul_em_2018,2.0,4.0,4 de setembro de 2018,Ranking,"±2,83%",2.83,duas_mencoes_agregadas,Moka (MDB),13.58,"13,58%","Senado | Governo do Estado | Primeiro turno | Senado | Nota: como em 2018 os eleitores escolhem dois senadores por estado, a soma dos porcentuais atinge 200%, uma vez que os entrevistados podem optar por dois nomes. | Senado[editar | editar código]",wikipedia,,,,,,moka mdb,Moka (MDB),Waldemir Moka (MDB — Inc.),0.0847902643268472,False,4.0
2018,MS,Eleições estaduais em Mato Grosso do Sul em 2018,https://pt.wikipedia.org/wiki/Elei%C3%A7%C3%B5es_estaduais_em_Mato_Grosso_do_Sul_em_2018,2.0,4.0,4 de setembro de 2018,Ranking,"±2,83%",2.83,duas_mencoes_agregadas,Soraya (PSL),4.91,"4,91%","Senado | Governo do Estado | Primeiro turno | Senado | Nota: como em 2018 os eleitores escolhem dois senadores por estado, a soma dos porcentuais atinge 200%, uma vez que os entrevistados podem optar por dois nomes. | Senado[editar | editar código]",wikipedia,,,,,,soraya psl,Soraya (PSL),Soraya Thronicke (PSL),0.0886534572433384,False,3.0
2018,MS,Eleições estaduais em Mato Grosso do Sul em 2018,https://pt.wikipedia.org/wiki/Elei%C3%A7%C3%B5es_estaduais_em_Mato_Grosso_do_Sul_em_2018,2.0,4.0,4 de setembro de 2018,Ranking,"±2,83%",2.83,duas_mencoes_agregadas,Miglioli (PSDB),6.58,"6,58%","Senado | Governo do Estado | Primeiro turno | Senado | Nota: como em 2018 os eleitores escolhem dois senadores por estado, a soma dos porcentuais atinge 200%, uma vez que os entrevistados podem optar por dois nomes. | Senado[editar | editar código]",wikipedia,,,,,,miglioli psdb,Miglioli (PSDB),Marcelo Miglioli (PSDB),0.0825209794979154,False,5.0
2018,MS,Eleições estaduais em Mato Grosso do Sul em 2018,https://pt.wikipedia.org/wiki/Elei%C3%A7%C3%B5es_estaduais_em_Mato_Grosso_do_Sul_em_2018,2.0,5.0,17 de setembro de 2018,Ranking,"±2,83%",2.83,duas_mencoes_agregadas,Nelsinho (PTB),40.41,"40,41%","Senado | Governo do Estado | Primeiro turno | Senado | Nota: como em 2018 os eleitores escolhem dois senadores por estado, a soma dos porcentuais atinge 200%, uma vez que os entrevistados podem optar por dois nomes. | Senado[editar | editar código]",wikipedia,,,,,,nelsinho ptb,Nelsinho (PTB),Nelsinho Trad (PTB),0.1006031420319422,True,2.0
2018,MS,Eleições estaduais em Mato Grosso do Sul em 2018,https://pt.wikipedia.org/wiki/Elei%C3%A7%C3%B5es_estaduais_em_Mato_Grosso_do_Sul_em_2018,2.0,5.0,17 de setembro de 2018,Ranking,"±2,83%",2.83,duas_mencoes_agregadas,Zeca do PT,18.08,"18,08%","Senado | Governo do Estado | Primeiro turno | Senado | Nota: como em 2018 os eleitores escolhem dois senadores por estado, a soma dos porcentuais atinge 200%, uma vez que os entrevistados podem optar por dois nomes. | Senado[editar | editar código]",wikipedia,,,,,,zeca do pt,Zeca do PT,Zeca do PT (PT),0.0697578535972055,False,6.0
2018,MS,Eleições estaduais em Mato Grosso do Sul em 2018,https://pt.wikipedia.org/wiki/Elei%C3%A7%C3%B5es_estaduais_em_Mato_Grosso_do_Sul_em_2018,2.0,5.0,17 de setembro de 2018,Ranking,"±2,83%",2.83,duas_mencoes_agregadas,Moka (MDB),17.16,"17,16%","Senado | Governo do Estado | Primeiro turno | Senado | Nota: como em 2018 os eleitores escolhem dois senadores por estado, a soma dos porcentuais atinge 200%, uma vez que os entrevistados podem optar por dois nomes. | Senado[editar | editar código]",wikipedia,,,,,,moka mdb,Moka (MDB),Waldemir Moka (MDB — Inc.),0.0847902643268472,False,4.0
2018,MS,Eleições estaduais em Mato Grosso do Sul em 2018,https://pt.wikipedia.org/wiki/Elei%C3%A7%C3%B5es_estaduais_em_Mato_Grosso_do_Sul_em_2018,2.0,5.0,17 de setembro de 2018,Ranking,"±2,83%",2.83,duas_mencoes_agregadas,Soraya (PSL),8.08,"8,08%","Senado | Governo do Estado | Primeiro turno | Senado | Nota: como em 2018 os eleitores escolhem dois senadores por estado, a soma dos porcentuais atinge 200%, uma vez que os entrevistados podem optar por dois nomes. | Senado[editar | editar código]",wikipedia,,,,,,soraya psl,Soraya (PSL),Soraya Thronicke (PSL),0.0886534572433384,False,3.0
2018,MS,Eleições estaduais em Mato Grosso do Sul em 2018,https://pt.wikipedia.org/wiki/Elei%C3%A7%C3%B5es_estaduais_em_Mato_Grosso_do_Sul_em_2018,2.0,5.0,17 de setembro de 2018,Ranking,"±2,83%",2.83,duas_mencoes_agregadas,Miglioli (PSDB),5.66,"5,66%","Senado | Governo do Estado | Primeiro turno | Senado | Nota: como em 2018 os eleitores escolhem dois senadores por estado, a soma dos porcentuais atinge 200%, uma vez que os entrevistados podem optar por dois nomes. | Senado[editar | editar código]",wikipedia,,,,,,miglioli psdb,Miglioli (PSDB),Marcelo Miglioli (PSDB),0.0825209794979154,False,5.0
2018,MS,Eleições estaduais em Mato Grosso do Sul em 2018,https://pt.wikipedia.org/wiki/Elei%C3%A7%C3%B5es_estaduais_em_Mato_Grosso_do_Sul_em_2018,2.0,6.0,21 de setembro de 2018,Ranking,"±2,83%",2.83,duas_mencoes_agregadas,Nelsinho (PTB),38.16,"38,16%","Senado | Governo do Estado | Primeiro turno | Senado | Nota: como em 2018 os eleitores escolhem dois senadores por estado, a soma dos porcentuais atinge 200%, uma vez que os entrevistados podem optar por dois nomes. | Senado[editar | editar código]",wikipedia,,,,,,nelsinho ptb,Nelsinho (PTB),Nelsinho Trad (PTB),0.1006031420319422,True,2.0
2018,MS,Eleições estaduais em Mato Grosso do Sul em 2018,https://pt.wikipedia.org/wiki/Elei%C3%A7%C3%B5es_estaduais_em_Mato_Grosso_do_Sul_em_2018,2.0,6.0,21 de setembro de 2018,Ranking,"±2,83%",2.83,duas_mencoes_agregadas,Zeca do PT,19.0,19%,"Senado | Governo do Estado | Primeiro turno | Senado | Nota: como em 2018 os eleitores escolhem dois senadores por estado, a soma dos porcentuais atinge 200%, uma vez que os entrevistados podem optar por dois nomes. | Senado[editar | editar código]",wikipedia,,,,,,zeca do pt,Zeca do PT,Zeca do PT (PT),0.0697578535972055,False,6.0
2018,MS,Eleições estaduais em Mato Grosso do Sul em 2018,https://pt.wikipedia.org/wiki/Elei%C3%A7%C3%B5es_estaduais_em_Mato_Grosso_do_Sul_em_2018,2.0,6.0,21 de setembro de 2018,Ranking,"±2,83%",2.83,duas_mencoes_agregadas,Moka (MDB),19.41,"19,41%","Senado | Governo do Estado | Primeiro turno | Senado | Nota: como em 2018 os eleitores escolhem dois senadores por estado, a soma dos porcentuais atinge 200%, uma vez que os entrevistados podem optar por dois nomes. | Senado[editar | editar código]",wikipedia,,,,,,moka mdb,Moka (MDB),Waldemir Moka (MDB — Inc.),0.0847902643268472,False,4.0
2018,MS,Eleições estaduais em Mato Grosso do Sul em 2018,https://pt.wikipedia.org/wiki/Elei%C3%A7%C3%B5es_estaduais_em_Mato_Grosso_do_Sul_em_2018,2.0,6.0,21 de setembro de 2018,Ranking,"±2,83%",2.83,duas_mencoes_agregadas,Soraya (PSL),3.58,"3,58%","Senado | Governo do Estado | Primeiro turno | Senado | Nota: como em 2018 os eleitores escolhem dois senadores por estado, a soma dos porcentuais atinge 200%, uma vez que os entrevistados podem optar por dois nomes. | Senado[editar | editar código]",wikipedia,,,,,,soraya psl,Soraya (PSL),Soraya Thronicke (PSL),0.0886534572433384,False,3.0
2018,MS,Eleições estaduais em Mato Grosso do Sul em 2018,https://pt.wikipedia.org/wiki/Elei%C3%A7%C3%B5es_estaduais_em_Mato_Grosso_do_Sul_em_2018,2.0,6.0,21 de setembro de 2018,Ranking,"±2,83%",2.83,duas_mencoes_agregadas,Miglioli (PSDB),10.16,"10,16%","Senado | Governo do Estado | Primeiro turno | Senado | Nota: como em 2018 os eleitores escolhem dois senadores por estado, a soma dos porcentuais atinge 200%, uma vez que os entrevistados podem optar por dois nomes. | Senado[editar | editar código]",wikipedia,,,,,,miglioli psdb,Miglioli (PSDB),Marcelo Miglioli (PSDB),0.0825209794979154,False,5.0
2018,MS,Eleições estaduais em Mato Grosso do Sul em 2018,https://pt.wikipedia.org/wiki/Elei%C3%A7%C3%B5es_estaduais_em_Mato_Grosso_do_Sul_em_2018,2.0,7.0,24 de setembro de 2018,Ibope,±3%,3.0,duas_mencoes_agregadas,Nelsinho (PTB),33.0,33%,"Senado | Governo do Estado | Primeiro turno | Senado | Nota: como em 2018 os eleitores escolhem dois senadores por estado, a soma dos porcentuais atinge 200%, uma vez que os entrevistados podem optar por dois nomes. | Senado[editar | editar código]",wikipedia,,,,,,nelsinho ptb,Nelsinho (PTB),Nelsinho Trad (PTB),0.1006031420319422,True,2.0
2018,MS,Eleições estaduais em Mato Grosso do Sul em 2018,https://pt.wikipedia.org/wiki/Elei%C3%A7%C3%B5es_estaduais_em_Mato_Grosso_do_Sul_em_2018,2.0,7.0,24 de setembro de 2018,Ibope,±3%,3.0,duas_mencoes_agregadas,Zeca do PT,30.0,30%,"Senado | Governo do Estado | Primeiro turno | Senado | Nota: como em 2018 os eleitores escolhem dois senadores por estado, a soma dos porcentuais atinge 200%, uma vez que os entrevistados podem optar por dois nomes. | Senado[editar | editar código]",wikipedia,,,,,,zeca do pt,Zeca do PT,Zeca do PT (PT),0.0697578535972055,False,6.0
2018,MS,Eleições estaduais em Mato Grosso do Sul em 2018,https://pt.wikipedia.org/wiki/Elei%C3%A7%C3%B5es_estaduais_em_Mato_Grosso_do_Sul_em_2018,2.0,7.0,24 de setembro de 2018,Ibope,±3%,3.0,duas_mencoes_agregadas,Moka (MDB),19.0,19%,"Senado | Governo do Estado | Primeiro turno | Senado | Nota: como em 2018 os eleitores escolhem dois senadores por estado, a soma dos porcentuais atinge 200%, uma vez que os entrevistados podem optar por dois nomes. | Senado[editar | editar código]",wikipedia,,,,,,moka mdb,Moka (MDB),Waldemir Moka (MDB — Inc.),0.0847902643268472,False,4.0
2018,MS,Eleições estaduais em Mato Grosso do Sul em 2018,https://pt.wikipedia.org/wiki/Elei%C3%A7%C3%B5es_estaduais_em_Mato_Grosso_do_Sul_em_2018,2.0,7.0,24 de setembro de 2018,Ibope,±3%,3.0,duas_mencoes_agregadas,Delcídio (PTC),14.0,14%,"Senado | Governo do Estado | Primeiro turno | Senado | Nota: como em 2018 os eleitores escolhem dois senadores por estado, a soma dos porcentuais atinge 200%, uma vez que os entrevistados podem optar por dois nomes. | Senado[editar | editar código]",wikipedia,,,,,,delcidio ptc,Delcídio (PTC),Delcídio Amaral (PTC)[R],0.026077323164331,False,8.0
2018,MS,Eleições estaduais em Mato Grosso do Sul em 2018,https://pt.wikipedia.org/wiki/Elei%C3%A7%C3%B5es_estaduais_em_Mato_Grosso_do_Sul_em_2018,2.0,7.0,24 de setembro de 2018,Ibope,±3%,3.0,duas_mencoes_agregadas,Soraya (PSL),4.0,4%,"Senado | Governo do Estado | Primeiro turno | Senado | Nota: como em 2018 os eleitores escolhem dois senadores por estado, a soma dos porcentuais atinge 200%, uma vez que os entrevistados podem optar por dois nomes. | Senado[editar | editar código]",wikipedia,,,,,,soraya psl,Soraya (PSL),Soraya Thronicke (PSL),0.0886534572433384,False,3.0
2018,MS,Eleições estaduais em Mato Grosso do Sul em 2018,https://pt.wikipedia.org/wiki/Elei%C3%A7%C3%B5es_estaduais_em_Mato_Grosso_do_Sul_em_2018,2.0,7.0,24 de setembro de 2018,Ibope,±3%,3.0,duas_mencoes_agregadas,Miglioli (PSDB),8.0,8%,"Senado | Governo do Estado | Primeiro turno | Senado | Nota: como em 2018 os eleitores escolhem dois senadores por estado, a soma dos porcentuais atinge 200%, uma vez que os entrevistados podem optar por dois nomes. | Senado[editar | editar código]",wikipedia,,,,,,miglioli psdb,Miglioli (PSDB),Marcelo Miglioli (PSDB),0.0825209794979154,False,5.0
2018,MS,Eleições estaduais em Mato Grosso do Sul em 2018,https://pt.wikipedia.org/wiki/Elei%C3%A7%C3%B5es_estaduais_em_Mato_Grosso_do_Sul_em_2018,2.0,8.0,26 de setembro de 2018,Ranking,"±2,83%",2.83,duas_mencoes_agregadas,Nelsinho (PTB),38.25,"38,25%","Senado | Governo do Estado | Primeiro turno | Senado | Nota: como em 2018 os eleitores escolhem dois senadores por estado, a soma dos porcentuais atinge 200%, uma vez que os entrevistados podem optar por dois nomes. | Senado[editar | editar código]",wikipedia,,,,,,nelsinho ptb,Nelsinho (PTB),Nelsinho Trad (PTB),0.1006031420319422,True,2.0
2018,MS,Eleições estaduais em Mato Grosso do Sul em 2018,https://pt.wikipedia.org/wiki/Elei%C3%A7%C3%B5es_estaduais_em_Mato_Grosso_do_Sul_em_2018,2.0,8.0,26 de setembro de 2018,Ranking,"±2,83%",2.83,duas_mencoes_agregadas,Zeca do PT,19.41,"19,41%","Senado | Governo do Estado | Primeiro turno | Senado | Nota: como em 2018 os eleitores escolhem dois senadores por estado, a soma dos porcentuais atinge 200%, uma vez que os entrevistados podem optar por dois nomes. | Senado[editar | editar código]",wikipedia,,,,,,zeca do pt,Zeca do PT,Zeca do PT (PT),0.0697578535972055,False,6.0
2018,MS,Eleições estaduais em Mato Grosso do Sul em 2018,https://pt.wikipedia.org/wiki/Elei%C3%A7%C3%B5es_estaduais_em_Mato_Grosso_do_Sul_em_2018,2.0,8.0,26 de setembro de 2018,Ranking,"±2,83%",2.83,duas_mencoes_agregadas,Moka (MDB),21.58,"21,58%","Senado | Governo do Estado | Primeiro turno | Senado | Nota: como em 2018 os eleitores escolhem dois senadores por estado, a soma dos porcentuais atinge 200%, uma vez que os entrevistados podem optar por dois nomes. | Senado[editar | editar código]",wikipedia,,,,,,moka mdb,Moka (MDB),Waldemir Moka (MDB — Inc.),0.0847902643268472,False,4.0
2018,MS,Eleições estaduais em Mato Grosso do Sul em 2018,https://pt.wikipedia.org/wiki/Elei%C3%A7%C3%B5es_estaduais_em_Mato_Grosso_do_Sul_em_2018,2.0,8.0,26 de setembro de 2018,Ranking,"±2,83%",2.83,duas_mencoes_agregadas,Delcídio (PTC),14.25,"14,25%","Senado | Governo do Estado | Primeiro turno | Senado | Nota: como em 2018 os eleitores escolhem dois senadores por estado, a soma dos porcentuais atinge 200%, uma vez que os entrevistados podem optar por dois nomes. | Senado[editar | editar código]",wikipedia,,,,,,delcidio ptc,Delcídio (PTC),Delcídio Amaral (PTC)[R],0.026077323164331,False,8.0
2018,MS,Eleições estaduais em Mato Grosso do Sul em 2018,https://pt.wikipedia.org/wiki/Elei%C3%A7%C3%B5es_estaduais_em_Mato_Grosso_do_Sul_em_2018,2.0,8.0,26 de setembro de 2018,Ranking,"±2,83%",2.83,duas_mencoes_agregadas,Soraya (PSL),5.58,"5,58%","Senado | Governo do Estado | Primeiro turno | Senado | Nota: como em 2018 os eleitores escolhem dois senadores por estado, a soma dos porcentuais atinge 200%, uma vez que os entrevistados podem optar por dois nomes. | Senado[editar | editar código]",wikipedia,,,,,,soraya psl,Soraya (PSL),Soraya Thronicke (PSL),0.0886534572433384,False,3.0
2018,MS,Eleições estaduais em Mato Grosso do Sul em 2018,https://pt.wikipedia.org/wiki/Elei%C3%A7%C3%B5es_estaduais_em_Mato_Grosso_do_Sul_em_2018,2.0,8.0,26 de setembro de 2018,Ranking,"±2,83%",2.83,duas_mencoes_agregadas,Miglioli (PSDB),11.58,"11,58%","Senado | Governo do Estado | Primeiro turno | Senado | Nota: como em 2018 os eleitores escolhem dois senadores por estado, a soma dos porcentuais atinge 200%, uma vez que os entrevistados podem optar por dois nomes. | Senado[editar | editar código]",wikipedia,,,,,,miglioli psdb,Miglioli (PSDB),Marcelo Miglioli (PSDB),0.0825209794979154,False,5.0
2018,MS,Eleições estaduais em Mato Grosso do Sul em 2018,https://pt.wikipedia.org/wiki/Elei%C3%A7%C3%B5es_estaduais_em_Mato_Grosso_do_Sul_em_2018,2.0,9.0,1º de outubro de 2018,Ranking,"±2,83%",2.83,duas_mencoes_agregadas,Nelsinho (PTB),37.25,"37,25%","Senado | Governo do Estado | Primeiro turno | Senado | Nota: como em 2018 os eleitores escolhem dois senadores por estado, a soma dos porcentuais atinge 200%, uma vez que os entrevistados podem optar por dois nomes. | Senado[editar | editar código]",wikipedia,,,,,,nelsinho ptb,Nelsinho (PTB),Nelsinho Trad (PTB),0.1006031420319422,True,2.0
2018,MS,Eleições estaduais em Mato Grosso do Sul em 2018,https://pt.wikipedia.org/wiki/Elei%C3%A7%C3%B5es_estaduais_em_Mato_Grosso_do_Sul_em_2018,2.0,9.0,1º de outubro de 2018,Ranking,"±2,83%",2.83,duas_mencoes_agregadas,Zeca do PT,20.83,"20,83%","Senado | Governo do Estado | Primeiro turno | Senado | Nota: como em 2018 os eleitores escolhem dois senadores por estado, a soma dos porcentuais atinge 200%, uma vez que os entrevistados podem optar por dois nomes. | Senado[editar | editar código]",wikipedia,,,,,,zeca do pt,Zeca do PT,Zeca do PT (PT),0.0697578535972055,False,6.0
2018,MS,Eleições estaduais em Mato Grosso do Sul em 2018,https://pt.wikipedia.org/wiki/Elei%C3%A7%C3%B5es_estaduais_em_Mato_Grosso_do_Sul_em_2018,2.0,9.0,1º de outubro de 2018,Ranking,"±2,83%",2.83,duas_mencoes_agregadas,Moka (MDB),22.16,"22,16%","Senado | Governo do Estado | Primeiro turno | Senado | Nota: como em 2018 os eleitores escolhem dois senadores por estado, a soma dos porcentuais atinge 200%, uma vez que os entrevistados podem optar por dois nomes. | Senado[editar | editar código]",wikipedia,,,,,,moka mdb,Moka (MDB),Waldemir Moka (MDB — Inc.),0.0847902643268472,False,4.0
2018,MS,Eleições estaduais em Mato Grosso do Sul em 2018,https://pt.wikipedia.org/wiki/Elei%C3%A7%C3%B5es_estaduais_em_Mato_Grosso_do_Sul_em_2018,2.0,9.0,1º de outubro de 2018,Ranking,"±2,83%",2.83,duas_mencoes_agregadas,Delcídio (PTC),17.41,"17,41%","Senado | Governo do Estado | Primeiro turno | Senado | Nota: como em 2018 os eleitores escolhem dois senadores por estado, a soma dos porcentuais atinge 200%, uma vez que os entrevistados podem optar por dois nomes. | Senado[editar | editar código]",wikipedia,,,,,,delcidio ptc,Delcídio (PTC),Delcídio Amaral (PTC)[R],0.026077323164331,False,8.0
2018,MS,Eleições estaduais em Mato Grosso do Sul em 2018,https://pt.wikipedia.org/wiki/Elei%C3%A7%C3%B5es_estaduais_em_Mato_Grosso_do_Sul_em_2018,2.0,9.0,1º de outubro de 2018,Ranking,"±2,83%",2.83,duas_mencoes_agregadas,Soraya (PSL),16.16,"16,16%","Senado | Governo do Estado | Primeiro turno | Senado | Nota: como em 2018 os eleitores escolhem dois senadores por estado, a soma dos porcentuais atinge 200%, uma vez que os entrevistados podem optar por dois nomes. | Senado[editar | editar código]",wikipedia,,,,,,soraya psl,Soraya (PSL),Soraya Thronicke (PSL),0.0886534572433384,False,3.0
2018,MS,Eleições estaduais em Mato Grosso do Sul em 2018,https://pt.wikipedia.org/wiki/Elei%C3%A7%C3%B5es_estaduais_em_Mato_Grosso_do_Sul_em_2018,2.0,9.0,1º de outubro de 2018,Ranking,"±2,83%",2.83,duas_mencoes_agregadas,Miglioli (PSDB),7.41,"7,41%","Senado | Governo do Estado | Primeiro turno | Senado | Nota: como em 2018 os eleitores escolhem dois senadores por estado, a soma dos porcentuais atinge 200%, uma vez que os entrevistados podem optar por dois nomes. | Senado[editar | editar código]",wikipedia,,,,,,miglioli psdb,Miglioli (PSDB),Marcelo Miglioli (PSDB),0.0825209794979154,False,5.0
2018,MS,Eleições estaduais em Mato Grosso do Sul em 2018,https://pt.wikipedia.org/wiki/Elei%C3%A7%C3%B5es_estaduais_em_Mato_Grosso_do_Sul_em_2018,2.0,10.0,1º de outubro de 2018,DATAmax,±3%,3.0,duas_mencoes_agregadas,Nelsinho (PTB),26.3,"26,3%","Senado | Governo do Estado | Primeiro turno | Senado | Nota: como em 2018 os eleitores escolhem dois senadores por estado, a soma dos porcentuais atinge 200%, uma vez que os entrevistados podem optar por dois nomes. | Senado[editar | editar código]",wikipedia,,,,,,nelsinho ptb,Nelsinho (PTB),Nelsinho Trad (PTB),0.1006031420319422,True,2.0
2018,MS,Eleições estaduais em Mato Grosso do Sul em 2018,https://pt.wikipedia.org/wiki/Elei%C3%A7%C3%B5es_estaduais_em_Mato_Grosso_do_Sul_em_2018,2.0,10.0,1º de outubro de 2018,DATAmax,±3%,3.0,duas_mencoes_agregadas,Zeca do PT,24.4,"24,4%","Senado | Governo do Estado | Primeiro turno | Senado | Nota: como em 2018 os eleitores escolhem dois senadores por estado, a soma dos porcentuais atinge 200%, uma vez que os entrevistados podem optar por dois nomes. | Senado[editar | editar código]",wikipedia,,,,,,zeca do pt,Zeca do PT,Zeca do PT (PT),0.0697578535972055,False,6.0
2018,MS,Eleições estaduais em Mato Grosso do Sul em 2018,https://pt.wikipedia.org/wiki/Elei%C3%A7%C3%B5es_estaduais_em_Mato_Grosso_do_Sul_em_2018,2.0,10.0,1º de outubro de 2018,DATAmax,±3%,3.0,duas_mencoes_agregadas,Moka (MDB),18.0,18%,"Senado | Governo do Estado | Primeiro turno | Senado | Nota: como em 2018 os eleitores escolhem dois senadores por estado, a soma dos porcentuais atinge 200%, uma vez que os entrevistados podem optar por dois nomes. | Senado[editar | editar código]",wikipedia,,,,,,moka mdb,Moka (MDB),Waldemir Moka (MDB — Inc.),0.0847902643268472,False,4.0
2018,MS,Eleições estaduais em Mato Grosso do Sul em 2018,https://pt.wikipedia.org/wiki/Elei%C3%A7%C3%B5es_estaduais_em_Mato_Grosso_do_Sul_em_2018,2.0,10.0,1º de outubro de 2018,DATAmax,±3%,3.0,duas_mencoes_agregadas,Delcídio (PTC),16.1,"16,1%","Senado | Governo do Estado | Primeiro turno | Senado | Nota: como em 2018 os eleitores escolhem dois senadores por estado, a soma dos porcentuais atinge 200%, uma vez que os entrevistados podem optar por dois nomes. | Senado[editar | editar código]",wikipedia,,,,,,delcidio ptc,Delcídio (PTC),Delcídio Amaral (PTC)[R],0.026077323164331,False,8.0
2018,MS,Eleições estaduais em Mato Grosso do Sul em 2018,https://pt.wikipedia.org/wiki/Elei%C3%A7%C3%B5es_estaduais_em_Mato_Grosso_do_Sul_em_2018,2.0,10.0,1º de outubro de 2018,DATAmax,±3%,3.0,duas_mencoes_agregadas,Soraya (PSL),12.0,12%,"Senado | Governo do Estado | Primeiro turno | Senado | Nota: como em 2018 os eleitores escolhem dois senadores por estado, a soma dos porcentuais atinge 200%, uma vez que os entrevistados podem optar por dois nomes. | Senado[editar | editar código]",wikipedia,,,,,,soraya psl,Soraya (PSL),Soraya Thronicke (PSL),0.0886534572433384,False,3.0
2018,MS,Eleições estaduais em Mato Grosso do Sul em 2018,https://pt.wikipedia.org/wiki/Elei%C3%A7%C3%B5es_estaduais_em_Mato_Grosso_do_Sul_em_2018,2.0,10.0,1º de outubro de 2018,DATAmax,±3%,3.0,duas_mencoes_agregadas,Miglioli (PSDB),8.5,"8,5%","Senado | Governo do Estado | Primeiro turno | Senado | Nota: como em 2018 os eleitores escolhem dois senadores por estado, a soma dos porcentuais atinge 200%, uma vez que os entrevistados podem optar por dois nomes. | Senado[editar | editar código]",wikipedia,,,,,,miglioli psdb,Miglioli (PSDB),Marcelo Miglioli (PSDB),0.0825209794979154,False,5.0
2018,MS,Eleições estaduais em Mato Grosso do Sul em 2018,https://pt.wikipedia.org/wiki/Elei%C3%A7%C3%B5es_estaduais_em_Mato_Grosso_do_Sul_em_2018,2.0,11.0,3 de outubro de 2018,Ipems,"±2,53%",2.53,duas_mencoes_agregadas,Nelsinho (PTB),30.85,"30,85%","Senado | Governo do Estado | Primeiro turno | Senado | Nota: como em 2018 os eleitores escolhem dois senadores por estado, a soma dos porcentuais atinge 200%, uma vez que os entrevistados podem optar por dois nomes. | Senado[editar | editar código]",wikipedia,,,,,,nelsinho ptb,Nelsinho (PTB),Nelsinho Trad (PTB),0.1006031420319422,True,2.0
2018,MS,Eleições estaduais em Mato Grosso do Sul em 2018,https://pt.wikipedia.org/wiki/Elei%C3%A7%C3%B5es_estaduais_em_Mato_Grosso_do_Sul_em_2018,2.0,11.0,3 de outubro de 2018,Ipems,"±2,53%",2.53,duas_mencoes_agregadas,Zeca do PT,24.9,"24,9%","Senado | Governo do Estado | Primeiro turno | Senado | Nota: como em 2018 os eleitores escolhem dois senadores por estado, a soma dos porcentuais atinge 200%, uma vez que os entrevistados podem optar por dois nomes. | Senado[editar | editar código]",wikipedia,,,,,,zeca do pt,Zeca do PT,Zeca do PT (PT),0.0697578535972055,False,6.0
2018,MS,Eleições estaduais em Mato Grosso do Sul em 2018,https://pt.wikipedia.org/wiki/Elei%C3%A7%C3%B5es_estaduais_em_Mato_Grosso_do_Sul_em_2018,2.0,11.0,3 de outubro de 2018,Ipems,"±2,53%",2.53,duas_mencoes_agregadas,Moka (MDB),18.83,"18,83%","Senado | Governo do Estado | Primeiro turno | Senado | Nota: como em 2018 os eleitores escolhem dois senadores por estado, a soma dos porcentuais atinge 200%, uma vez que os entrevistados podem optar por dois nomes. | Senado[editar | editar código]",wikipedia,,,,,,moka mdb,Moka (MDB),Waldemir Moka (MDB — Inc.),0.0847902643268472,False,4.0
2018,MS,Eleições estaduais em Mato Grosso do Sul em 2018,https://pt.wikipedia.org/wiki/Elei%C3%A7%C3%B5es_estaduais_em_Mato_Grosso_do_Sul_em_2018,2.0,11.0,3 de outubro de 2018,Ipems,"±2,53%",2.53,duas_mencoes_agregadas,Delcídio (PTC),17.08,"17,08%","Senado | Governo do Estado | Primeiro turno | Senado | Nota: como em 2018 os eleitores escolhem dois senadores por estado, a soma dos porcentuais atinge 200%, uma vez que os entrevistados podem optar por dois nomes. | Senado[editar | editar código]",wikipedia,,,,,,delcidio ptc,Delcídio (PTC),Delcídio Amaral (PTC)[R],0.026077323164331,False,8.0
2018,MS,Eleições estaduais em Mato Grosso do Sul em 2018,https://pt.wikipedia.org/wiki/Elei%C3%A7%C3%B5es_estaduais_em_Mato_Grosso_do_Sul_em_2018,2.0,11.0,3 de outubro de 2018,Ipems,"±2,53%",2.53,duas_mencoes_agregadas,Soraya (PSL),10.69,"10,69%","Senado | Governo do Estado | Primeiro turno | Senado | Nota: como em 2018 os eleitores escolhem dois senadores por estado, a soma dos porcentuais atinge 200%, uma vez que os entrevistados podem optar por dois nomes. | Senado[editar | editar código]",wikipedia,,,,,,soraya psl,Soraya (PSL),Soraya Thronicke (PSL),0.0886534572433384,False,3.0
2018,MS,Eleições estaduais em Mato Grosso do Sul em 2018,https://pt.wikipedia.org/wiki/Elei%C3%A7%C3%B5es_estaduais_em_Mato_Grosso_do_Sul_em_2018,2.0,11.0,3 de outubro de 2018,Ipems,"±2,53%",2.53,duas_mencoes_agregadas,Miglioli (PSDB),10.65,"10,65%","Senado | Governo do Estado | Primeiro turno | Senado | Nota: como em 2018 os eleitores escolhem dois senadores por estado, a soma dos porcentuais atinge 200%, uma vez que os entrevistados podem optar por dois nomes. | Senado[editar | editar código]",wikipedia,,,,,,miglioli psdb,Miglioli (PSDB),Marcelo Miglioli (PSDB),0.0825209794979154,False,5.0
2018,MS,Eleições estaduais em Mato Grosso do Sul em 2018,https://pt.wikipedia.org/wiki/Elei%C3%A7%C3%B5es_estaduais_em_Mato_Grosso_do_Sul_em_2018,2.0,12.0,4 de outubro de 2018,Ranking,"±2,83%",2.83,duas_mencoes_agregadas,Nelsinho (PTB),36.5,"36,5%","Senado | Governo do Estado | Primeiro turno | Senado | Nota: como em 2018 os eleitores escolhem dois senadores por estado, a soma dos porcentuais atinge 200%, uma vez que os entrevistados podem optar por dois nomes. | Senado[editar | editar código]",wikipedia,,,,,,nelsinho ptb,Nelsinho (PTB),Nelsinho Trad (PTB),0.1006031420319422,True,2.0
2018,MS,Eleições estaduais em Mato Grosso do Sul em 2018,https://pt.wikipedia.org/wiki/Elei%C3%A7%C3%B5es_estaduais_em_Mato_Grosso_do_Sul_em_2018,2.0,12.0,4 de outubro de 2018,Ranking,"±2,83%",2.83,duas_mencoes_agregadas,Zeca do PT,20.75,"20,75%","Senado | Governo do Estado | Primeiro turno | Senado | Nota: como em 2018 os eleitores escolhem dois senadores por estado, a soma dos porcentuais atinge 200%, uma vez que os entrevistados podem optar por dois nomes. | Senado[editar | editar código]",wikipedia,,,,,,zeca do pt,Zeca do PT,Zeca do PT (PT),0.0697578535972055,False,6.0
2018,MS,Eleições estaduais em Mato Grosso do Sul em 2018,https://pt.wikipedia.org/wiki/Elei%C3%A7%C3%B5es_estaduais_em_Mato_Grosso_do_Sul_em_2018,2.0,12.0,4 de outubro de 2018,Ranking,"±2,83%",2.83,duas_mencoes_agregadas,Moka (MDB),22.5,"22,5%","Senado | Governo do Estado | Primeiro turno | Senado | Nota: como em 2018 os eleitores escolhem dois senadores por estado, a soma dos porcentuais atinge 200%, uma vez que os entrevistados podem optar por dois nomes. | Senado[editar | editar código]",wikipedia,,,,,,moka mdb,Moka (MDB),Waldemir Moka (MDB — Inc.),0.0847902643268472,False,4.0
2018,MS,Eleições estaduais em Mato Grosso do Sul em 2018,https://pt.wikipedia.org/wiki/Elei%C3%A7%C3%B5es_estaduais_em_Mato_Grosso_do_Sul_em_2018,2.0,12.0,4 de outubro de 2018,Ranking,"±2,83%",2.83,duas_mencoes_agregadas,Delcídio (PTC),18.75,"18,75%","Senado | Governo do Estado | Primeiro turno | Senado | Nota: como em 2018 os eleitores escolhem dois senadores por estado, a soma dos porcentuais atinge 200%, uma vez que os entrevistados podem optar por dois nomes. | Senado[editar | editar código]",wikipedia,,,,,,delcidio ptc,Delcídio (PTC),Delcídio Amaral (PTC)[R],0.026077323164331,False,8.0
2018,MS,Eleições estaduais em Mato Grosso do Sul em 2018,https://pt.wikipedia.org/wiki/Elei%C3%A7%C3%B5es_estaduais_em_Mato_Grosso_do_Sul_em_2018,2.0,12.0,4 de outubro de 2018,Ranking,"±2,83%",2.83,duas_mencoes_agregadas,Soraya (PSL),17.5,"17,5%","Senado | Governo do Estado | Primeiro turno | Senado | Nota: como em 2018 os eleitores escolhem dois senadores por estado, a soma dos porcentuais atinge 200%, uma vez que os entrevistados podem optar por dois nomes. | Senado[editar | editar código]",wikipedia,,,,,,soraya psl,Soraya (PSL),Soraya Thronicke (PSL),0.0886534572433384,False,3.0
2018,MS,Eleições estaduais em Mato Grosso do Sul em 2018,https://pt.wikipedia.org/wiki/Elei%C3%A7%C3%B5es_estaduais_em_Mato_Grosso_do_Sul_em_2018,2.0,12.0,4 de outubro de 2018,Ranking,"±2,83%",2.83,duas_mencoes_agregadas,Miglioli (PSDB),7.66,"7,66%","Senado | Governo do Estado | Primeiro turno | Senado | Nota: como em 2018 os eleitores escolhem dois senadores por estado, a soma dos porcentuais atinge 200%, uma vez que os entrevistados podem optar por dois nomes. | Senado[editar | editar código]",wikipedia,,,,,,miglioli psdb,Miglioli (PSDB),Marcelo Miglioli (PSDB),0.0825209794979154,False,5.0
2018,MS,Eleições estaduais em Mato Grosso do Sul em 2018,https://pt.wikipedia.org/wiki/Elei%C3%A7%C3%B5es_estaduais_em_Mato_Grosso_do_Sul_em_2018,2.0,13.0,4 de outubro de 2018,Ibrape,±3%,3.0,duas_mencoes_agregadas,Nelsinho (PTB),28.0,28%,"Senado | Governo do Estado | Primeiro turno | Senado | Nota: como em 2018 os eleitores escolhem dois senadores por estado, a soma dos porcentuais atinge 200%, uma vez que os entrevistados podem optar por dois nomes. | Senado[editar | editar código]",wikipedia,,,,,,nelsinho ptb,Nelsinho (PTB),Nelsinho Trad (PTB),0.1006031420319422,True,2.0
2018,MS,Eleições estaduais em Mato Grosso do Sul em 2018,https://pt.wikipedia.org/wiki/Elei%C3%A7%C3%B5es_estaduais_em_Mato_Grosso_do_Sul_em_2018,2.0,13.0,4 de outubro de 2018,Ibrape,±3%,3.0,duas_mencoes_agregadas,Zeca do PT,26.0,26%,"Senado | Governo do Estado | Primeiro turno | Senado | Nota: como em 2018 os eleitores escolhem dois senadores por estado, a soma dos porcentuais atinge 200%, uma vez que os entrevistados podem optar por dois nomes. | Senado[editar | editar código]",wikipedia,,,,,,zeca do pt,Zeca do PT,Zeca do PT (PT),0.0697578535972055,False,6.0
2018,MS,Eleições estaduais em Mato Grosso do Sul em 2018,https://pt.wikipedia.org/wiki/Elei%C3%A7%C3%B5es_estaduais_em_Mato_Grosso_do_Sul_em_2018,2.0,13.0,4 de outubro de 2018,Ibrape,±3%,3.0,duas_mencoes_agregadas,Moka (MDB),25.0,25%,"Senado | Governo do Estado | Primeiro turno | Senado | Nota: como em 2018 os eleitores escolhem dois senadores por estado, a soma dos porcentuais atinge 200%, uma vez que os entrevistados podem optar por dois nomes. | Senado[editar | editar código]",wikipedia,,,,,,moka mdb,Moka (MDB),Waldemir Moka (MDB — Inc.),0.0847902643268472,False,4.0
2018,MS,Eleições estaduais em Mato Grosso do Sul em 2018,https://pt.wikipedia.org/wiki/Elei%C3%A7%C3%B5es_estaduais_em_Mato_Grosso_do_Sul_em_2018,2.0,13.0,4 de outubro de 2018,Ibrape,±3%,3.0,duas_mencoes_agregadas,Delcídio (PTC),18.0,18%,"Senado | Governo do Estado | Primeiro turno | Senado | Nota: como em 2018 os eleitores escolhem dois senadores por estado, a soma dos porcentuais atinge 200%, uma vez que os entrevistados podem optar por dois nomes. | Senado[editar | editar código]",wikipedia,,,,,,delcidio ptc,Delcídio (PTC),Delcídio Amaral (PTC)[R],0.026077323164331,False,8.0
2018,MS,Eleições estaduais em Mato Grosso do Sul em 2018,https://pt.wikipedia.org/wiki/Elei%C3%A7%C3%B5es_estaduais_em_Mato_Grosso_do_Sul_em_2018,2.0,13.0,4 de outubro de 2018,Ibrape,±3%,3.0,duas_mencoes_agregadas,Soraya (PSL),16.0,16%,"Senado | Governo do Estado | Primeiro turno | Senado | Nota: como em 2018 os eleitores escolhem dois senadores por estado, a soma dos porcentuais atinge 200%, uma vez que os entrevistados podem optar por dois nomes. | Senado[editar | editar código]",wikipedia,,,,,,soraya psl,Soraya (PSL),Soraya Thronicke (PSL),0.0886534572433384,False,3.0
2018,MS,Eleições estaduais em Mato Grosso do Sul em 2018,https://pt.wikipedia.org/wiki/Elei%C3%A7%C3%B5es_estaduais_em_Mato_Grosso_do_Sul_em_2018,2.0,13.0,4 de outubro de 2018,Ibrape,±3%,3.0,duas_mencoes_agregadas,Miglioli (PSDB),14.0,14%,"Senado | Governo do Estado | Primeiro turno | Senado | Nota: como em 2018 os eleitores escolhem dois senadores por estado, a soma dos porcentuais atinge 200%, uma vez que os entrevistados podem optar por dois nomes. | Senado[editar | editar código]",wikipedia,,,,,,miglioli psdb,Miglioli (PSDB),Marcelo Miglioli (PSDB),0.0825209794979154,False,5.0
2018,MS,Eleições estaduais em Mato Grosso do Sul em 2018,https://pt.wikipedia.org/wiki/Elei%C3%A7%C3%B5es_estaduais_em_Mato_Grosso_do_Sul_em_2018,2.0,14.0,4 de outubro de 2018,Real Time Big Data,±3%,3.0,duas_mencoes_agregadas,Nelsinho (PTB),33.0,33%,"Senado | Governo do Estado | Primeiro turno | Senado | Nota: como em 2018 os eleitores escolhem dois senadores por estado, a soma dos porcentuais atinge 200%, uma vez que os entrevistados podem optar por dois nomes. | Senado[editar | editar código]",wikipedia,,,,,,nelsinho ptb,Nelsinho (PTB),Nelsinho Trad (PTB),0.1006031420319422,True,2.0
2018,MS,Eleições estaduais em Mato Grosso do Sul em 2018,https://pt.wikipedia.org/wiki/Elei%C3%A7%C3%B5es_estaduais_em_Mato_Grosso_do_Sul_em_2018,2.0,14.0,4 de outubro de 2018,Real Time Big Data,±3%,3.0,duas_mencoes_agregadas,Zeca do PT,29.0,29%,"Senado | Governo do Estado | Primeiro turno | Senado | Nota: como em 2018 os eleitores escolhem dois senadores por estado, a soma dos porcentuais atinge 200%, uma vez que os entrevistados podem optar por dois nomes. | Senado[editar | editar código]",wikipedia,,,,,,zeca do pt,Zeca do PT,Zeca do PT (PT),0.0697578535972055,False,6.0
2018,MS,Eleições estaduais em Mato Grosso do Sul em 2018,https://pt.wikipedia.org/wiki/Elei%C3%A7%C3%B5es_estaduais_em_Mato_Grosso_do_Sul_em_2018,2.0,14.0,4 de outubro de 2018,Real Time Big Data,±3%,3.0,duas_mencoes_agregadas,Moka (MDB),25.0,25%,"Senado | Governo do Estado | Primeiro turno | Senado | Nota: como em 2018 os eleitores escolhem dois senadores por estado, a soma dos porcentuais atinge 200%, uma vez que os entrevistados podem optar por dois nomes. | Senado[editar | editar código]",wikipedia,,,,,,moka mdb,Moka (MDB),Waldemir Moka (MDB — Inc.),0.0847902643268472,False,4.0
2018,MS,Eleições estaduais em Mato Grosso do Sul em 2018,https://pt.wikipedia.org/wiki/Elei%C3%A7%C3%B5es_estaduais_em_Mato_Grosso_do_Sul_em_2018,2.0,14.0,4 de outubro de 2018,Real Time Big Data,±3%,3.0,duas_mencoes_agregadas,Delcídio (PTC),13.0,13%,"Senado | Governo do Estado | Primeiro turno | Senado | Nota: como em 2018 os eleitores escolhem dois senadores por estado, a soma dos porcentuais atinge 200%, uma vez que os entrevistados podem optar por dois nomes. | Senado[editar | editar código]",wikipedia,,,,,,delcidio ptc,Delcídio (PTC),Delcídio Amaral (PTC)[R],0.026077323164331,False,8.0
2018,MS,Eleições estaduais em Mato Grosso do Sul em 2018,https://pt.wikipedia.org/wiki/Elei%C3%A7%C3%B5es_estaduais_em_Mato_Grosso_do_Sul_em_2018,2.0,14.0,4 de outubro de 2018,Real Time Big Data,±3%,3.0,duas_mencoes_agregadas,Soraya (PSL),13.0,13%,"Senado | Governo do Estado | Primeiro turno | Senado | Nota: como em 2018 os eleitores escolhem dois senadores por estado, a soma dos porcentuais atinge 200%, uma vez que os entrevistados podem optar por dois nomes. | Senado[editar | editar código]",wikipedia,,,,,,soraya psl,Soraya (PSL),Soraya Thronicke (PSL),0.0886534572433384,False,3.0
2018,MS,Eleições estaduais em Mato Grosso do Sul em 2018,https://pt.wikipedia.org/wiki/Elei%C3%A7%C3%B5es_estaduais_em_Mato_Grosso_do_Sul_em_2018,2.0,14.0,4 de outubro de 2018,Real Time Big Data,±3%,3.0,duas_mencoes_agregadas,Miglioli (PSDB),16.0,16%,"Senado | Governo do Estado | Primeiro turno | Senado | Nota: como em 2018 os eleitores escolhem dois senadores por estado, a soma dos porcentuais atinge 200%, uma vez que os entrevistados podem optar por dois nomes. | Senado[editar | editar código]",wikipedia,,,,,,miglioli psdb,Miglioli (PSDB),Marcelo Miglioli (PSDB),0.0825209794979154,False,5.0
2018,MS,Eleições estaduais em Mato Grosso do Sul em 2018,https://pt.wikipedia.org/wiki/Elei%C3%A7%C3%B5es_estaduais_em_Mato_Grosso_do_Sul_em_2018,2.0,15.0,5 de outubro de 2018,Ibope,±3%,3.0,duas_mencoes_agregadas,Nelsinho (PTB),39.0,39%,"Senado | Governo do Estado | Primeiro turno | Senado | Nota: como em 2018 os eleitores escolhem dois senadores por estado, a soma dos porcentuais atinge 200%, uma vez que os entrevistados podem optar por dois nomes. | Senado[editar | editar código]",wikipedia,,,,,,nelsinho ptb,Nelsinho (PTB),Nelsinho Trad (PTB),0.1006031420319422,True,2.0
2018,MS,Eleições estaduais em Mato Grosso do Sul em 2018,https://pt.wikipedia.org/wiki/Elei%C3%A7%C3%B5es_estaduais_em_Mato_Grosso_do_Sul_em_2018,2.0,15.0,5 de outubro de 2018,Ibope,±3%,3.0,duas_mencoes_agregadas,Zeca do PT,29.0,29%,"Senado | Governo do Estado | Primeiro turno | Senado | Nota: como em 2018 os eleitores escolhem dois senadores por estado, a soma dos porcentuais atinge 200%, uma vez que os entrevistados podem optar por dois nomes. | Senado[editar | editar código]",wikipedia,,,,,,zeca do pt,Zeca do PT,Zeca do PT (PT),0.0697578535972055,False,6.0
2018,MS,Eleições estaduais em Mato Grosso do Sul em 2018,https://pt.wikipedia.org/wiki/Elei%C3%A7%C3%B5es_estaduais_em_Mato_Grosso_do_Sul_em_2018,2.0,15.0,5 de outubro de 2018,Ibope,±3%,3.0,duas_mencoes_agregadas,Moka (MDB),24.0,24%,"Senado | Governo do Estado | Primeiro turno | Senado | Nota: como em 2018 os eleitores escolhem dois senadores por estado, a soma dos porcentuais atinge 200%, uma vez que os entrevistados podem optar por dois nomes. | Senado[editar | editar código]",wikipedia,,,,,,moka mdb,Moka (MDB),Waldemir Moka (MDB — Inc.),0.0847902643268472,False,4.0
2018,MS,Eleições estaduais em Mato Grosso do Sul em 2018,https://pt.wikipedia.org/wiki/Elei%C3%A7%C3%B5es_estaduais_em_Mato_Grosso_do_Sul_em_2018,2.0,15.0,5 de outubro de 2018,Ibope,±3%,3.0,duas_mencoes_agregadas,Delcídio (PTC),16.0,16%,"Senado | Governo do Estado | Primeiro turno | Senado | Nota: como em 2018 os eleitores escolhem dois senadores por estado, a soma dos porcentuais atinge 200%, uma vez que os entrevistados podem optar por dois nomes. | Senado[editar | editar código]",wikipedia,,,,,,delcidio ptc,Delcídio (PTC),Delcídio Amaral (PTC)[R],0.026077323164331,False,8.0
2018,MS,Eleições estaduais em Mato Grosso do Sul em 2018,https://pt.wikipedia.org/wiki/Elei%C3%A7%C3%B5es_estaduais_em_Mato_Grosso_do_Sul_em_2018,2.0,15.0,5 de outubro de 2018,Ibope,±3%,3.0,duas_mencoes_agregadas,Soraya (PSL),12.0,12%,"Senado | Governo do Estado | Primeiro turno | Senado | Nota: como em 2018 os eleitores escolhem dois senadores por estado, a soma dos porcentuais atinge 200%, uma vez que os entrevistados podem optar por dois nomes. | Senado[editar | editar código]",wikipedia,,,,,,soraya psl,Soraya (PSL),Soraya Thronicke (PSL),0.0886534572433384,False,3.0
2018,MS,Eleições estaduais em Mato Grosso do Sul em 2018,https://pt.wikipedia.org/wiki/Elei%C3%A7%C3%B5es_estaduais_em_Mato_Grosso_do_Sul_em_2018,2.0,15.0,5 de outubro de 2018,Ibope,±3%,3.0,duas_mencoes_agregadas,Miglioli (PSDB),11.0,11%,"Senado | Governo do Estado | Primeiro turno | Senado | Nota: como em 2018 os eleitores escolhem dois senadores por estado, a soma dos porcentuais atinge 200%, uma vez que os entrevistados podem optar por dois nomes. | Senado[editar | editar código]",wikipedia,,,,,,miglioli psdb,Miglioli (PSDB),Marcelo Miglioli (PSDB),0.0825209794979154,False,5.0
2018,MS,Eleições estaduais em Mato Grosso do Sul em 2018,https://pt.wikipedia.org/wiki/Elei%C3%A7%C3%B5es_estaduais_em_Mato_Grosso_do_Sul_em_2018,2.0,16.0,6 de outubro de 2018,Ranking,"±2,83%",2.83,duas_mencoes_agregadas,Nelsinho (PTB),35.75,"35,75%","Senado | Governo do Estado | Primeiro turno | Senado | Nota: como em 2018 os eleitores escolhem dois senadores por estado, a soma dos porcentuais atinge 200%, uma vez que os entrevistados podem optar por dois nomes. | Senado[editar | editar código]",wikipedia,,,,,,nelsinho ptb,Nelsinho (PTB),Nelsinho Trad (PTB),0.1006031420319422,True,2.0
2018,MS,Eleições estaduais em Mato Grosso do Sul em 2018,https://pt.wikipedia.org/wiki/Elei%C3%A7%C3%B5es_estaduais_em_Mato_Grosso_do_Sul_em_2018,2.0,16.0,6 de outubro de 2018,Ranking,"±2,83%",2.83,duas_mencoes_agregadas,Zeca do PT,20.75,"20,75%","Senado | Governo do Estado | Primeiro turno | Senado | Nota: como em 2018 os eleitores escolhem dois senadores por estado, a soma dos porcentuais atinge 200%, uma vez que os entrevistados podem optar por dois nomes. | Senado[editar | editar código]",wikipedia,,,,,,zeca do pt,Zeca do PT,Zeca do PT (PT),0.0697578535972055,False,6.0
2018,MS,Eleições estaduais em Mato Grosso do Sul em 2018,https://pt.wikipedia.org/wiki/Elei%C3%A7%C3%B5es_estaduais_em_Mato_Grosso_do_Sul_em_2018,2.0,16.0,6 de outubro de 2018,Ranking,"±2,83%",2.83,duas_mencoes_agregadas,Moka (MDB),23.41,"23,41%","Senado | Governo do Estado | Primeiro turno | Senado | Nota: como em 2018 os eleitores escolhem dois senadores por estado, a soma dos porcentuais atinge 200%, uma vez que os entrevistados podem optar por dois nomes. | Senado[editar | editar código]",wikipedia,,,,,,moka mdb,Moka (MDB),Waldemir Moka (MDB — Inc.),0.0847902643268472,False,4.0
2018,MS,Eleições estaduais em Mato Grosso do Sul em 2018,https://pt.wikipedia.org/wiki/Elei%C3%A7%C3%B5es_estaduais_em_Mato_Grosso_do_Sul_em_2018,2.0,16.0,6 de outubro de 2018,Ranking,"±2,83%",2.83,duas_mencoes_agregadas,Delcídio (PTC),19.08,"19,08%","Senado | Governo do Estado | Primeiro turno | Senado | Nota: como em 2018 os eleitores escolhem dois senadores por estado, a soma dos porcentuais atinge 200%, uma vez que os entrevistados podem optar por dois nomes. | Senado[editar | editar código]",wikipedia,,,,,,delcidio ptc,Delcídio (PTC),Delcídio Amaral (PTC)[R],0.026077323164331,False,8.0
2018,MS,Eleições estaduais em Mato Grosso do Sul em 2018,https://pt.wikipedia.org/wiki/Elei%C3%A7%C3%B5es_estaduais_em_Mato_Grosso_do_Sul_em_2018,2.0,16.0,6 de outubro de 2018,Ranking,"±2,83%",2.83,duas_mencoes_agregadas,Soraya (PSL),17.91,"17,91%","Senado | Governo do Estado | Primeiro turno | Senado | Nota: como em 2018 os eleitores escolhem dois senadores por estado, a soma dos porcentuais atinge 200%, uma vez que os entrevistados podem optar por dois nomes. | Senado[editar | editar código]",wikipedia,,,,,,soraya psl,Soraya (PSL),Soraya Thronicke (PSL),0.0886534572433384,False,3.0
2018,MS,Eleições estaduais em Mato Grosso do Sul em 2018,https://pt.wikipedia.org/wiki/Elei%C3%A7%C3%B5es_estaduais_em_Mato_Grosso_do_Sul_em_2018,2.0,16.0,6 de outubro de 2018,Ranking,"±2,83%",2.83,duas_mencoes_agregadas,Miglioli (PSDB),15.08,"15,08%","Senado | Governo do Estado | Primeiro turno | Senado | Nota: como em 2018 os eleitores escolhem dois senadores por estado, a soma dos porcentuais atinge 200%, uma vez que os entrevistados podem optar por dois nomes. | Senado[editar | editar código]",wikipedia,,,,,,miglioli psdb,Miglioli (PSDB),Marcelo Miglioli (PSDB),0.0825209794979154,False,5.0
2018,MS,Eleições estaduais em Mato Grosso do Sul em 2018,https://pt.wikipedia.org/wiki/Elei%C3%A7%C3%B5es_estaduais_em_Mato_Grosso_do_Sul_em_2018,2.0,17.0,6 de outubro de 2018,DATAmax,±3%,3.0,duas_mencoes_agregadas,Nelsinho (PTB),25.5,"25,5%","Senado | Governo do Estado | Primeiro turno | Senado | Nota: como em 2018 os eleitores escolhem dois senadores por estado, a soma dos porcentuais atinge 200%, uma vez que os entrevistados podem optar por dois nomes. | Senado[editar | editar código]",wikipedia,,,,,,nelsinho ptb,Nelsinho (PTB),Nelsinho Trad (PTB),0.1006031420319422,True,2.0
2018,MS,Eleições estaduais em Mato Grosso do Sul em 2018,https://pt.wikipedia.org/wiki/Elei%C3%A7%C3%B5es_estaduais_em_Mato_Grosso_do_Sul_em_2018,2.0,17.0,6 de outubro de 2018,DATAmax,±3%,3.0,duas_mencoes_agregadas,Zeca do PT,23.3,"23,3%","Senado | Governo do Estado | Primeiro turno | Senado | Nota: como em 2018 os eleitores escolhem dois senadores por estado, a soma dos porcentuais atinge 200%, uma vez que os entrevistados podem optar por dois nomes. | Senado[editar | editar código]",wikipedia,,,,,,zeca do pt,Zeca do PT,Zeca do PT (PT),0.0697578535972055,False,6.0
2018,MS,Eleições estaduais em Mato Grosso do Sul em 2018,https://pt.wikipedia.org/wiki/Elei%C3%A7%C3%B5es_estaduais_em_Mato_Grosso_do_Sul_em_2018,2.0,17.0,6 de outubro de 2018,DATAmax,±3%,3.0,duas_mencoes_agregadas,Moka (MDB),18.1,"18,1%","Senado | Governo do Estado | Primeiro turno | Senado | Nota: como em 2018 os eleitores escolhem dois senadores por estado, a soma dos porcentuais atinge 200%, uma vez que os entrevistados podem optar por dois nomes. | Senado[editar | editar código]",wikipedia,,,,,,moka mdb,Moka (MDB),Waldemir Moka (MDB — Inc.),0.0847902643268472,False,4.0
2018,MS,Eleições estaduais em Mato Grosso do Sul em 2018,https://pt.wikipedia.org/wiki/Elei%C3%A7%C3%B5es_estaduais_em_Mato_Grosso_do_Sul_em_2018,2.0,17.0,6 de outubro de 2018,DATAmax,±3%,3.0,duas_mencoes_agregadas,Delcídio (PTC),14.5,"14,5%","Senado | Governo do Estado | Primeiro turno | Senado | Nota: como em 2018 os eleitores escolhem dois senadores por estado, a soma dos porcentuais atinge 200%, uma vez que os entrevistados podem optar por dois nomes. | Senado[editar | editar código]",wikipedia,,,,,,delcidio ptc,Delcídio (PTC),Delcídio Amaral (PTC)[R],0.026077323164331,False,8.0
2018,MS,Eleições estaduais em Mato Grosso do Sul em 2018,https://pt.wikipedia.org/wiki/Elei%C3%A7%C3%B5es_estaduais_em_Mato_Grosso_do_Sul_em_2018,2.0,17.0,6 de outubro de 2018,DATAmax,±3%,3.0,duas_mencoes_agregadas,Soraya (PSL),11.7,"11,7%","Senado | Governo do Estado | Primeiro turno | Senado | Nota: como em 2018 os eleitores escolhem dois senadores por estado, a soma dos porcentuais atinge 200%, uma vez que os entrevistados podem optar por dois nomes. | Senado[editar | editar código]",wikipedia,,,,,,soraya psl,Soraya (PSL),Soraya Thronicke (PSL),0.0886534572433384,False,3.0
2018,MS,Eleições estaduais em Mato Grosso do Sul em 2018,https://pt.wikipedia.org/wiki/Elei%C3%A7%C3%B5es_estaduais_em_Mato_Grosso_do_Sul_em_2018,2.0,17.0,6 de outubro de 2018,DATAmax,±3%,3.0,duas_mencoes_agregadas,Miglioli (PSDB),10.2,"10,2%","Senado | Governo do Estado | Primeiro turno | Senado | Nota: como em 2018 os eleitores escolhem dois senadores por estado, a soma dos porcentuais atinge 200%, uma vez que os entrevistados podem optar por dois nomes. | Senado[editar | editar código]",wikipedia,,,,,,miglioli psdb,Miglioli (PSDB),Marcelo Miglioli (PSDB),0.0825209794979154,False,5.0
2018,MG,Eleições estaduais em Minas Gerais em 2018,https://pt.wikipedia.org/wiki/Elei%C3%A7%C3%B5es_estaduais_em_Minas_Gerais_em_2018,1.0,1.0,22/08,Datafolha,±3%,3.0,duas_mencoes_agregadas,Dilma (PT),25.0,25%,Para senador | Para governador | Pesquisas | Candidatos a senador,wikipedia,,,,,,dilma pt,Dilma (PT),Dilma Rousseff (PT),0.0811264630927898,False,5.0
2018,MG,Eleições estaduais em Minas Gerais em 2018,https://pt.wikipedia.org/wiki/Elei%C3%A7%C3%B5es_estaduais_em_Minas_Gerais_em_2018,1.0,1.0,22/08,Datafolha,±3%,3.0,duas_mencoes_agregadas,Viana (PHS),11.0,11%,Para senador | Para governador | Pesquisas | Candidatos a senador,wikipedia,,,,,,viana phs,Viana (PHS),Carlos Viana (PHS),0.1068614628301771,False,3.0
2018,MG,Eleições estaduais em Minas Gerais em 2018,https://pt.wikipedia.org/wiki/Elei%C3%A7%C3%B5es_estaduais_em_Minas_Gerais_em_2018,1.0,1.0,22/08,Datafolha,±3%,3.0,duas_mencoes_agregadas,Dinis (SD),5.0,5%,Para senador | Para governador | Pesquisas | Candidatos a senador,wikipedia,,,,,,dinis sd,Dinis (SD),Dinis Pinheiro (SD),0.0973546124108561,False,4.0
2018,MG,Eleições estaduais em Minas Gerais em 2018,https://pt.wikipedia.org/wiki/Elei%C3%A7%C3%B5es_estaduais_em_Minas_Gerais_em_2018,1.0,1.0,22/08,Datafolha,±3%,3.0,duas_mencoes_agregadas,Pacheco (DEM),6.0,6%,Para senador | Para governador | Pesquisas | Candidatos a senador,wikipedia,,,,,,pacheco dem,Pacheco (DEM),Rodrigo Pacheco (DEM),0.1083049644706233,True,2.0
2018,MG,Eleições estaduais em Minas Gerais em 2018,https://pt.wikipedia.org/wiki/Elei%C3%A7%C3%B5es_estaduais_em_Minas_Gerais_em_2018,1.0,1.0,22/08,Datafolha,±3%,3.0,duas_mencoes_agregadas,Lacerda (PPL),8.0,8%,Para senador | Para governador | Pesquisas | Candidatos a senador,wikipedia,,,,,,lacerda ppl,Lacerda (PPL),Coronel Lacerda (PPL),0.009198841916777,False,10.0
2018,MG,Eleições estaduais em Minas Gerais em 2018,https://pt.wikipedia.org/wiki/Elei%C3%A7%C3%B5es_estaduais_em_Minas_Gerais_em_2018,1.0,1.0,22/08,Datafolha,±3%,3.0,duas_mencoes_agregadas,Cherem (PDT),6.0,6%,Para senador | Para governador | Pesquisas | Candidatos a senador,wikipedia,,,,,,cherem pdt,Cherem (PDT),Fábio Cherem (PDT),0.0269447251402911,False,8.0
2018,MG,Eleições estaduais em Minas Gerais em 2018,https://pt.wikipedia.org/wiki/Elei%C3%A7%C3%B5es_estaduais_em_Minas_Gerais_em_2018,1.0,1.0,22/08,Datafolha,±3%,3.0,duas_mencoes_agregadas,Paiva (NOVO),6.0,6%,Para senador | Para governador | Pesquisas | Candidatos a senador,wikipedia,,,,,,paiva novo,Paiva (NOVO),Rodrigo Paiva (NOVO),0.0402047516914266,False,6.0
2018,MG,Eleições estaduais em Minas Gerais em 2018,https://pt.wikipedia.org/wiki/Elei%C3%A7%C3%B5es_estaduais_em_Minas_Gerais_em_2018,1.0,1.0,22/08,Datafolha,±3%,3.0,duas_mencoes_agregadas,Corrêa (PT),2.0,2%,Para senador | Para governador | Pesquisas | Candidatos a senador,wikipedia,,,,,,correa pt,Corrêa (PT),Miguel Corrêa (PT),0.0384170986102127,False,7.0
2018,MG,Eleições estaduais em Minas Gerais em 2018,https://pt.wikipedia.org/wiki/Elei%C3%A7%C3%B5es_estaduais_em_Minas_Gerais_em_2018,1.0,1.0,22/08,Datafolha,±3%,3.0,duas_mencoes_agregadas,Bispo (PPL),7.0,7%,Para senador | Para governador | Pesquisas | Candidatos a senador,wikipedia,,,,,,bispo ppl,Bispo (PPL),Bispo Damasceno (PPL),0.0016807514329462,False,13.0
2018,MG,Eleições estaduais em Minas Gerais em 2018,https://pt.wikipedia.org/wiki/Elei%C3%A7%C3%B5es_estaduais_em_Minas_Gerais_em_2018,1.0,1.0,22/08,Datafolha,±3%,3.0,duas_mencoes_agregadas,Lopes (PCB),8.0,8%,Para senador | Para governador | Pesquisas | Candidatos a senador,wikipedia,,,,,,lopes pcb,Lopes (PCB),Tulio Lopes (PCB),0.0027598292472249,False,11.0
2018,MG,Eleições estaduais em Minas Gerais em 2018,https://pt.wikipedia.org/wiki/Elei%C3%A7%C3%B5es_estaduais_em_Minas_Gerais_em_2018,1.0,1.0,22/08,Datafolha,±3%,3.0,duas_mencoes_agregadas,Vanessa (PSTU),6.0,6%,Para senador | Para governador | Pesquisas | Candidatos a senador,wikipedia,,,,,,vanessa pstu,Vanessa (PSTU),Vanessa Portugal (PSTU),0.0015952001698927,False,14.0
2018,MG,Eleições estaduais em Minas Gerais em 2018,https://pt.wikipedia.org/wiki/Elei%C3%A7%C3%B5es_estaduais_em_Minas_Gerais_em_2018,1.0,1.0,22/08,Datafolha,±3%,3.0,duas_mencoes_agregadas,Alves (PCO),5.0,5%,Para senador | Para governador | Pesquisas | Candidatos a senador,wikipedia,,,,,,alves pco,Alves (PCO),Ana Alves (PCO),0.000768823478788,False,16.0
2018,MG,Eleições estaduais em Minas Gerais em 2018,https://pt.wikipedia.org/wiki/Elei%C3%A7%C3%B5es_estaduais_em_Minas_Gerais_em_2018,1.0,1.0,22/08,Datafolha,±3%,3.0,duas_mencoes_agregadas,Duda (PSOL),1.0,1%,Para senador | Para governador | Pesquisas | Candidatos a senador,wikipedia,,,,,,duda psol,Duda (PSOL),Duda Salabert (PSOL),0.0105366696309665,False,9.0
2018,MG,Eleições estaduais em Minas Gerais em 2018,https://pt.wikipedia.org/wiki/Elei%C3%A7%C3%B5es_estaduais_em_Minas_Gerais_em_2018,1.0,1.0,22/08,Datafolha,±3%,3.0,duas_mencoes_agregadas,Kaká (REDE),2.0,2%,Para senador | Para governador | Pesquisas | Candidatos a senador,wikipedia,,,,,,kaka rede,Kaká (REDE),Kaka Menezes (REDE),0.002598308941691,False,12.0
2018,MG,Eleições estaduais em Minas Gerais em 2018,https://pt.wikipedia.org/wiki/Elei%C3%A7%C3%B5es_estaduais_em_Minas_Gerais_em_2018,1.0,1.0,22/08,Datafolha,±3%,3.0,duas_mencoes_agregadas,Reis (AVANTE),2.0,2%,Para senador | Para governador | Pesquisas | Candidatos a senador,wikipedia,,,,,,reis avante,Reis (AVANTE),,,,
2018,MG,Eleições estaduais em Minas Gerais em 2018,https://pt.wikipedia.org/wiki/Elei%C3%A7%C3%B5es_estaduais_em_Minas_Gerais_em_2018,1.0,1.0,22/08,Datafolha,±3%,3.0,duas_mencoes_agregadas,B/N,64.0,64%,Para senador | Para governador | Pesquisas | Candidatos a senador,wikipedia,,,,,,b/n,B/N,,,,
2018,MG,Eleições estaduais em Minas Gerais em 2018,https://pt.wikipedia.org/wiki/Elei%C3%A7%C3%B5es_estaduais_em_Minas_Gerais_em_2018,1.0,2.0,06/09,Datafolha,±3%,3.0,duas_mencoes_agregadas,Dilma (PT),26.0,26%,Para senador | Para governador | Pesquisas | Candidatos a senador,wikipedia,,,,,,dilma pt,Dilma (PT),Dilma Rousseff (PT),0.0811264630927898,False,5.0
2018,MG,Eleições estaduais em Minas Gerais em 2018,https://pt.wikipedia.org/wiki/Elei%C3%A7%C3%B5es_estaduais_em_Minas_Gerais_em_2018,1.0,2.0,06/09,Datafolha,±3%,3.0,duas_mencoes_agregadas,Viana (PHS),11.0,11%,Para senador | Para governador | Pesquisas | Candidatos a senador,wikipedia,,,,,,viana phs,Viana (PHS),Carlos Viana (PHS),0.1068614628301771,False,3.0
2018,MG,Eleições estaduais em Minas Gerais em 2018,https://pt.wikipedia.org/wiki/Elei%C3%A7%C3%B5es_estaduais_em_Minas_Gerais_em_2018,1.0,2.0,06/09,Datafolha,±3%,3.0,duas_mencoes_agregadas,Dinis (SD),7.0,7%,Para senador | Para governador | Pesquisas | Candidatos a senador,wikipedia,,,,,,dinis sd,Dinis (SD),Dinis Pinheiro (SD),0.0973546124108561,False,4.0
2018,MG,Eleições estaduais em Minas Gerais em 2018,https://pt.wikipedia.org/wiki/Elei%C3%A7%C3%B5es_estaduais_em_Minas_Gerais_em_2018,1.0,2.0,06/09,Datafolha,±3%,3.0,duas_mencoes_agregadas,Pacheco (DEM),9.0,9%,Para senador | Para governador | Pesquisas | Candidatos a senador,wikipedia,,,,,,pacheco dem,Pacheco (DEM),Rodrigo Pacheco (DEM),0.1083049644706233,True,2.0
2018,MG,Eleições estaduais em Minas Gerais em 2018,https://pt.wikipedia.org/wiki/Elei%C3%A7%C3%B5es_estaduais_em_Minas_Gerais_em_2018,1.0,2.0,06/09,Datafolha,±3%,3.0,duas_mencoes_agregadas,Lacerda (PPL),8.0,8%,Para senador | Para governador | Pesquisas | Candidatos a senador,wikipedia,,,,,,lacerda ppl,Lacerda (PPL),Coronel Lacerda (PPL),0.009198841916777,False,10.0
2018,MG,Eleições estaduais em Minas Gerais em 2018,https://pt.wikipedia.org/wiki/Elei%C3%A7%C3%B5es_estaduais_em_Minas_Gerais_em_2018,1.0,2.0,06/09,Datafolha,±3%,3.0,duas_mencoes_agregadas,Cherem (PDT),5.0,5%,Para senador | Para governador | Pesquisas | Candidatos a senador,wikipedia,,,,,,cherem pdt,Cherem (PDT),Fábio Cherem (PDT),0.0269447251402911,False,8.0
2018,MG,Eleições estaduais em Minas Gerais em 2018,https://pt.wikipedia.org/wiki/Elei%C3%A7%C3%B5es_estaduais_em_Minas_Gerais_em_2018,1.0,2.0,06/09,Datafolha,±3%,3.0,duas_mencoes_agregadas,Paiva (NOVO),6.0,6%,Para senador | Para governador | Pesquisas | Candidatos a senador,wikipedia,,,,,,paiva novo,Paiva (NOVO),Rodrigo Paiva (NOVO),0.0402047516914266,False,6.0
2018,MG,Eleições estaduais em Minas Gerais em 2018,https://pt.wikipedia.org/wiki/Elei%C3%A7%C3%B5es_estaduais_em_Minas_Gerais_em_2018,1.0,2.0,06/09,Datafolha,±3%,3.0,duas_mencoes_agregadas,Corrêa (PT),4.0,4%,Para senador | Para governador | Pesquisas | Candidatos a senador,wikipedia,,,,,,correa pt,Corrêa (PT),Miguel Corrêa (PT),0.0384170986102127,False,7.0
2018,MG,Eleições estaduais em Minas Gerais em 2018,https://pt.wikipedia.org/wiki/Elei%C3%A7%C3%B5es_estaduais_em_Minas_Gerais_em_2018,1.0,2.0,06/09,Datafolha,±3%,3.0,duas_mencoes_agregadas,Bispo (PPL),5.0,5%,Para senador | Para governador | Pesquisas | Candidatos a senador,wikipedia,,,,,,bispo ppl,Bispo (PPL),Bispo Damasceno (PPL),0.0016807514329462,False,13.0
2018,MG,Eleições estaduais em Minas Gerais em 2018,https://pt.wikipedia.org/wiki/Elei%C3%A7%C3%B5es_estaduais_em_Minas_Gerais_em_2018,1.0,2.0,06/09,Datafolha,±3%,3.0,duas_mencoes_agregadas,Lopes (PCB),6.0,6%,Para senador | Para governador | Pesquisas | Candidatos a senador,wikipedia,,,,,,lopes pcb,Lopes (PCB),Tulio Lopes (PCB),0.0027598292472249,False,11.0
2018,MG,Eleições estaduais em Minas Gerais em 2018,https://pt.wikipedia.org/wiki/Elei%C3%A7%C3%B5es_estaduais_em_Minas_Gerais_em_2018,1.0,2.0,06/09,Datafolha,±3%,3.0,duas_mencoes_agregadas,Vanessa (PSTU),4.0,4%,Para senador | Para governador | Pesquisas | Candidatos a senador,wikipedia,,,,,,vanessa pstu,Vanessa (PSTU),Vanessa Portugal (PSTU),0.0015952001698927,False,14.0
2018,MG,Eleições estaduais em Minas Gerais em 2018,https://pt.wikipedia.org/wiki/Elei%C3%A7%C3%B5es_estaduais_em_Minas_Gerais_em_2018,1.0,2.0,06/09,Datafolha,±3%,3.0,duas_mencoes_agregadas,Alves (PCO),4.0,4%,Para senador | Para governador | Pesquisas | Candidatos a senador,wikipedia,,,,,,alves pco,Alves (PCO),Ana Alves (PCO),0.000768823478788,False,16.0
2018,MG,Eleições estaduais em Minas Gerais em 2018,https://pt.wikipedia.org/wiki/Elei%C3%A7%C3%B5es_estaduais_em_Minas_Gerais_em_2018,1.0,2.0,06/09,Datafolha,±3%,3.0,duas_mencoes_agregadas,Duda (PSOL),1.0,1%,Para senador | Para governador | Pesquisas | Candidatos a senador,wikipedia,,,,,,duda psol,Duda (PSOL),Duda Salabert (PSOL),0.0105366696309665,False,9.0
2018,MG,Eleições estaduais em Minas Gerais em 2018,https://pt.wikipedia.org/wiki/Elei%C3%A7%C3%B5es_estaduais_em_Minas_Gerais_em_2018,1.0,2.0,06/09,Datafolha,±3%,3.0,duas_mencoes_agregadas,Kaká (REDE),2.0,2%,Para senador | Para governador | Pesquisas | Candidatos a senador,wikipedia,,,,,,kaka rede,Kaká (REDE),Kaka Menezes (REDE),0.002598308941691,False,12.0
2018,MG,Eleições estaduais em Minas Gerais em 2018,https://pt.wikipedia.org/wiki/Elei%C3%A7%C3%B5es_estaduais_em_Minas_Gerais_em_2018,1.0,2.0,06/09,Datafolha,±3%,3.0,duas_mencoes_agregadas,Reis (AVANTE),1.0,1%,Para senador | Para governador | Pesquisas | Candidatos a senador,wikipedia,,,,,,reis avante,Reis (AVANTE),,,,
2018,MG,Eleições estaduais em Minas Gerais em 2018,https://pt.wikipedia.org/wiki/Elei%C3%A7%C3%B5es_estaduais_em_Minas_Gerais_em_2018,1.0,2.0,06/09,Datafolha,±3%,3.0,duas_mencoes_agregadas,B/N,61.0,61%,Para senador | Para governador | Pesquisas | Candidatos a senador,wikipedia,,,,,,b/n,B/N,,,,
2018,MG,Eleições estaduais em Minas Gerais em 2018,https://pt.wikipedia.org/wiki/Elei%C3%A7%C3%B5es_estaduais_em_Minas_Gerais_em_2018,1.0,3.0,12/09,IBOPE,±3%,3.0,duas_mencoes_agregadas,Dilma (PT),28.0,28%,Para senador | Para governador | Pesquisas | Candidatos a senador,wikipedia,,,,,,dilma pt,Dilma (PT),Dilma Rousseff (PT),0.0811264630927898,False,5.0
2018,MG,Eleições estaduais em Minas Gerais em 2018,https://pt.wikipedia.org/wiki/Elei%C3%A7%C3%B5es_estaduais_em_Minas_Gerais_em_2018,1.0,3.0,12/09,IBOPE,±3%,3.0,duas_mencoes_agregadas,Viana (PHS),12.0,12%,Para senador | Para governador | Pesquisas | Candidatos a senador,wikipedia,,,,,,viana phs,Viana (PHS),Carlos Viana (PHS),0.1068614628301771,False,3.0
2018,MG,Eleições estaduais em Minas Gerais em 2018,https://pt.wikipedia.org/wiki/Elei%C3%A7%C3%B5es_estaduais_em_Minas_Gerais_em_2018,1.0,3.0,12/09,IBOPE,±3%,3.0,duas_mencoes_agregadas,Dinis (SD),7.0,7%,Para senador | Para governador | Pesquisas | Candidatos a senador,wikipedia,,,,,,dinis sd,Dinis (SD),Dinis Pinheiro (SD),0.0973546124108561,False,4.0
2018,MG,Eleições estaduais em Minas Gerais em 2018,https://pt.wikipedia.org/wiki/Elei%C3%A7%C3%B5es_estaduais_em_Minas_Gerais_em_2018,1.0,3.0,12/09,IBOPE,±3%,3.0,duas_mencoes_agregadas,Pacheco (DEM),7.0,7%,Para senador | Para governador | Pesquisas | Candidatos a senador,wikipedia,,,,,,pacheco dem,Pacheco (DEM),Rodrigo Pacheco (DEM),0.1083049644706233,True,2.0
2018,MG,Eleições estaduais em Minas Gerais em 2018,https://pt.wikipedia.org/wiki/Elei%C3%A7%C3%B5es_estaduais_em_Minas_Gerais_em_2018,1.0,3.0,12/09,IBOPE,±3%,3.0,duas_mencoes_agregadas,Lacerda (PPL),5.0,5%,Para senador | Para governador | Pesquisas | Candidatos a senador,wikipedia,,,,,,lacerda ppl,Lacerda (PPL),Coronel Lacerda (PPL),0.009198841916777,False,10.0
2018,MG,Eleições estaduais em Minas Gerais em 2018,https://pt.wikipedia.org/wiki/Elei%C3%A7%C3%B5es_estaduais_em_Minas_Gerais_em_2018,1.0,3.0,12/09,IBOPE,±3%,3.0,duas_mencoes_agregadas,Cherem (PDT),5.0,5%,Para senador | Para governador | Pesquisas | Candidatos a senador,wikipedia,,,,,,cherem pdt,Cherem (PDT),Fábio Cherem (PDT),0.0269447251402911,False,8.0
2018,MG,Eleições estaduais em Minas Gerais em 2018,https://pt.wikipedia.org/wiki/Elei%C3%A7%C3%B5es_estaduais_em_Minas_Gerais_em_2018,1.0,3.0,12/09,IBOPE,±3%,3.0,duas_mencoes_agregadas,Paiva (NOVO),5.0,5%,Para senador | Para governador | Pesquisas | Candidatos a senador,wikipedia,,,,,,paiva novo,Paiva (NOVO),Rodrigo Paiva (NOVO),0.0402047516914266,False,6.0
2018,MG,Eleições estaduais em Minas Gerais em 2018,https://pt.wikipedia.org/wiki/Elei%C3%A7%C3%B5es_estaduais_em_Minas_Gerais_em_2018,1.0,3.0,12/09,IBOPE,±3%,3.0,duas_mencoes_agregadas,Corrêa (PT),4.0,4%,Para senador | Para governador | Pesquisas | Candidatos a senador,wikipedia,,,,,,correa pt,Corrêa (PT),Miguel Corrêa (PT),0.0384170986102127,False,7.0
2018,MG,Eleições estaduais em Minas Gerais em 2018,https://pt.wikipedia.org/wiki/Elei%C3%A7%C3%B5es_estaduais_em_Minas_Gerais_em_2018,1.0,3.0,12/09,IBOPE,±3%,3.0,duas_mencoes_agregadas,Bispo (PPL),4.0,4%,Para senador | Para governador | Pesquisas | Candidatos a senador,wikipedia,,,,,,bispo ppl,Bispo (PPL),Bispo Damasceno (PPL),0.0016807514329462,False,13.0
2018,MG,Eleições estaduais em Minas Gerais em 2018,https://pt.wikipedia.org/wiki/Elei%C3%A7%C3%B5es_estaduais_em_Minas_Gerais_em_2018,1.0,3.0,12/09,IBOPE,±3%,3.0,duas_mencoes_agregadas,Lopes (PCB),4.0,4%,Para senador | Para governador | Pesquisas | Candidatos a senador,wikipedia,,,,,,lopes pcb,Lopes (PCB),Tulio Lopes (PCB),0.0027598292472249,False,11.0
2018,MG,Eleições estaduais em Minas Gerais em 2018,https://pt.wikipedia.org/wiki/Elei%C3%A7%C3%B5es_estaduais_em_Minas_Gerais_em_2018,1.0,3.0,12/09,IBOPE,±3%,3.0,duas_mencoes_agregadas,Vanessa (PSTU),4.0,4%,Para senador | Para governador | Pesquisas | Candidatos a senador,wikipedia,,,,,,vanessa pstu,Vanessa (PSTU),Vanessa Portugal (PSTU),0.0015952001698927,False,14.0
2018,MG,Eleições estaduais em Minas Gerais em 2018,https://pt.wikipedia.org/wiki/Elei%C3%A7%C3%B5es_estaduais_em_Minas_Gerais_em_2018,1.0,3.0,12/09,IBOPE,±3%,3.0,duas_mencoes_agregadas,Alves (PCO),3.0,3%,Para senador | Para governador | Pesquisas | Candidatos a senador,wikipedia,,,,,,alves pco,Alves (PCO),Ana Alves (PCO),0.000768823478788,False,16.0
2018,MG,Eleições estaduais em Minas Gerais em 2018,https://pt.wikipedia.org/wiki/Elei%C3%A7%C3%B5es_estaduais_em_Minas_Gerais_em_2018,1.0,3.0,12/09,IBOPE,±3%,3.0,duas_mencoes_agregadas,Duda (PSOL),2.0,2%,Para senador | Para governador | Pesquisas | Candidatos a senador,wikipedia,,,,,,duda psol,Duda (PSOL),Duda Salabert (PSOL),0.0105366696309665,False,9.0
2018,MG,Eleições estaduais em Minas Gerais em 2018,https://pt.wikipedia.org/wiki/Elei%C3%A7%C3%B5es_estaduais_em_Minas_Gerais_em_2018,1.0,3.0,12/09,IBOPE,±3%,3.0,duas_mencoes_agregadas,Kaká (REDE),2.0,2%,Para senador | Para governador | Pesquisas | Candidatos a senador,wikipedia,,,,,,kaka rede,Kaká (REDE),Kaka Menezes (REDE),0.002598308941691,False,12.0
2018,MG,Eleições estaduais em Minas Gerais em 2018,https://pt.wikipedia.org/wiki/Elei%C3%A7%C3%B5es_estaduais_em_Minas_Gerais_em_2018,1.0,3.0,12/09,IBOPE,±3%,3.0,duas_mencoes_agregadas,Reis (AVANTE),1.0,1%,Para senador | Para governador | Pesquisas | Candidatos a senador,wikipedia,,,,,,reis avante,Reis (AVANTE),,,,
2018,MG,Eleições estaduais em Minas Gerais em 2018,https://pt.wikipedia.org/wiki/Elei%C3%A7%C3%B5es_estaduais_em_Minas_Gerais_em_2018,1.0,3.0,12/09,IBOPE,±3%,3.0,duas_mencoes_agregadas,B/N,50.0,50%,Para senador | Para governador | Pesquisas | Candidatos a senador,wikipedia,,,,,,b/n,B/N,,,,
2018,MG,Eleições estaduais em Minas Gerais em 2018,https://pt.wikipedia.org/wiki/Elei%C3%A7%C3%B5es_estaduais_em_Minas_Gerais_em_2018,1.0,4.0,27/09,IBOPE,±3%,3.0,duas_mencoes_agregadas,Dilma (PT),26.0,26%,Para senador | Para governador | Pesquisas | Candidatos a senador,wikipedia,,,,,,dilma pt,Dilma (PT),Dilma Rousseff (PT),0.0811264630927898,False,5.0
2018,MG,Eleições estaduais em Minas Gerais em 2018,https://pt.wikipedia.org/wiki/Elei%C3%A7%C3%B5es_estaduais_em_Minas_Gerais_em_2018,1.0,4.0,27/09,IBOPE,±3%,3.0,duas_mencoes_agregadas,Viana (PHS),15.0,15%,Para senador | Para governador | Pesquisas | Candidatos a senador,wikipedia,,,,,,viana phs,Viana (PHS),Carlos Viana (PHS),0.1068614628301771,False,3.0
2018,MG,Eleições estaduais em Minas Gerais em 2018,https://pt.wikipedia.org/wiki/Elei%C3%A7%C3%B5es_estaduais_em_Minas_Gerais_em_2018,1.0,4.0,27/09,IBOPE,±3%,3.0,duas_mencoes_agregadas,Dinis (SD),15.0,15%,Para senador | Para governador | Pesquisas | Candidatos a senador,wikipedia,,,,,,dinis sd,Dinis (SD),Dinis Pinheiro (SD),0.0973546124108561,False,4.0
2018,MG,Eleições estaduais em Minas Gerais em 2018,https://pt.wikipedia.org/wiki/Elei%C3%A7%C3%B5es_estaduais_em_Minas_Gerais_em_2018,1.0,4.0,27/09,IBOPE,±3%,3.0,duas_mencoes_agregadas,Pacheco (DEM),14.0,14%,Para senador | Para governador | Pesquisas | Candidatos a senador,wikipedia,,,,,,pacheco dem,Pacheco (DEM),Rodrigo Pacheco (DEM),0.1083049644706233,True,2.0
2018,MG,Eleições estaduais em Minas Gerais em 2018,https://pt.wikipedia.org/wiki/Elei%C3%A7%C3%B5es_estaduais_em_Minas_Gerais_em_2018,1.0,4.0,27/09,IBOPE,±3%,3.0,duas_mencoes_agregadas,Lacerda (PPL),6.0,6%,Para senador | Para governador | Pesquisas | Candidatos a senador,wikipedia,,,,,,lacerda ppl,Lacerda (PPL),Coronel Lacerda (PPL),0.009198841916777,False,10.0
2018,MG,Eleições estaduais em Minas Gerais em 2018,https://pt.wikipedia.org/wiki/Elei%C3%A7%C3%B5es_estaduais_em_Minas_Gerais_em_2018,1.0,4.0,27/09,IBOPE,±3%,3.0,duas_mencoes_agregadas,Cherem (PDT),9.0,9%,Para senador | Para governador | Pesquisas | Candidatos a senador,wikipedia,,,,,,cherem pdt,Cherem (PDT),Fábio Cherem (PDT),0.0269447251402911,False,8.0
2018,MG,Eleições estaduais em Minas Gerais em 2018,https://pt.wikipedia.org/wiki/Elei%C3%A7%C3%B5es_estaduais_em_Minas_Gerais_em_2018,1.0,4.0,27/09,IBOPE,±3%,3.0,duas_mencoes_agregadas,Paiva (NOVO),7.0,7%,Para senador | Para governador | Pesquisas | Candidatos a senador,wikipedia,,,,,,paiva novo,Paiva (NOVO),Rodrigo Paiva (NOVO),0.0402047516914266,False,6.0
2018,MG,Eleições estaduais em Minas Gerais em 2018,https://pt.wikipedia.org/wiki/Elei%C3%A7%C3%B5es_estaduais_em_Minas_Gerais_em_2018,1.0,4.0,27/09,IBOPE,±3%,3.0,duas_mencoes_agregadas,Corrêa (PT),5.0,5%,Para senador | Para governador | Pesquisas | Candidatos a senador,wikipedia,,,,,,correa pt,Corrêa (PT),Miguel Corrêa (PT),0.0384170986102127,False,7.0
2018,MG,Eleições estaduais em Minas Gerais em 2018,https://pt.wikipedia.org/wiki/Elei%C3%A7%C3%B5es_estaduais_em_Minas_Gerais_em_2018,1.0,4.0,27/09,IBOPE,±3%,3.0,duas_mencoes_agregadas,Bispo (PPL),6.0,6%,Para senador | Para governador | Pesquisas | Candidatos a senador,wikipedia,,,,,,bispo ppl,Bispo (PPL),Bispo Damasceno (PPL),0.0016807514329462,False,13.0
2018,MG,Eleições estaduais em Minas Gerais em 2018,https://pt.wikipedia.org/wiki/Elei%C3%A7%C3%B5es_estaduais_em_Minas_Gerais_em_2018,1.0,4.0,27/09,IBOPE,±3%,3.0,duas_mencoes_agregadas,Lopes (PCB),3.0,3%,Para senador | Para governador | Pesquisas | Candidatos a senador,wikipedia,,,,,,lopes pcb,Lopes (PCB),Tulio Lopes (PCB),0.0027598292472249,False,11.0
2018,MG,Eleições estaduais em Minas Gerais em 2018,https://pt.wikipedia.org/wiki/Elei%C3%A7%C3%B5es_estaduais_em_Minas_Gerais_em_2018,1.0,4.0,27/09,IBOPE,±3%,3.0,duas_mencoes_agregadas,Vanessa (PSTU),3.0,3%,Para senador | Para governador | Pesquisas | Candidatos a senador,wikipedia,,,,,,vanessa pstu,Vanessa (PSTU),Vanessa Portugal (PSTU),0.0015952001698927,False,14.0
2018,MG,Eleições estaduais em Minas Gerais em 2018,https://pt.wikipedia.org/wiki/Elei%C3%A7%C3%B5es_estaduais_em_Minas_Gerais_em_2018,1.0,4.0,27/09,IBOPE,±3%,3.0,duas_mencoes_agregadas,Alves (PCO),2.0,2%,Para senador | Para governador | Pesquisas | Candidatos a senador,wikipedia,,,,,,alves pco,Alves (PCO),Ana Alves (PCO),0.000768823478788,False,16.0
2018,MG,Eleições estaduais em Minas Gerais em 2018,https://pt.wikipedia.org/wiki/Elei%C3%A7%C3%B5es_estaduais_em_Minas_Gerais_em_2018,1.0,4.0,27/09,IBOPE,±3%,3.0,duas_mencoes_agregadas,Duda (PSOL),3.0,3%,Para senador | Para governador | Pesquisas | Candidatos a senador,wikipedia,,,,,,duda psol,Duda (PSOL),Duda Salabert (PSOL),0.0105366696309665,False,9.0
2018,MG,Eleições estaduais em Minas Gerais em 2018,https://pt.wikipedia.org/wiki/Elei%C3%A7%C3%B5es_estaduais_em_Minas_Gerais_em_2018,1.0,4.0,27/09,IBOPE,±3%,3.0,duas_mencoes_agregadas,Kaká (REDE),2.0,2%,Para senador | Para governador | Pesquisas | Candidatos a senador,wikipedia,,,,,,kaka rede,Kaká (REDE),Kaka Menezes (REDE),0.002598308941691,False,12.0
2018,MG,Eleições estaduais em Minas Gerais em 2018,https://pt.wikipedia.org/wiki/Elei%C3%A7%C3%B5es_estaduais_em_Minas_Gerais_em_2018,1.0,4.0,27/09,IBOPE,±3%,3.0,duas_mencoes_agregadas,Reis (AVANTE),2.0,2%,Para senador | Para governador | Pesquisas | Candidatos a senador,wikipedia,,,,,,reis avante,Reis (AVANTE),,,,
2018,MG,Eleições estaduais em Minas Gerais em 2018,https://pt.wikipedia.org/wiki/Elei%C3%A7%C3%B5es_estaduais_em_Minas_Gerais_em_2018,1.0,4.0,27/09,IBOPE,±3%,3.0,duas_mencoes_agregadas,B/N,44.0,44%,Para senador | Para governador | Pesquisas | Candidatos a senador,wikipedia,,,,,,b/n,B/N,,,,
2018,MG,Eleições estaduais em Minas Gerais em 2018,https://pt.wikipedia.org/wiki/Elei%C3%A7%C3%B5es_estaduais_em_Minas_Gerais_em_2018,1.0,5.0,28/09,Datafolha,±3%,3.0,duas_mencoes_agregadas,Dilma (PT),28.0,28%,Para senador | Para governador | Pesquisas | Candidatos a senador,wikipedia,,,,,,dilma pt,Dilma (PT),Dilma Rousseff (PT),0.0811264630927898,False,5.0
2018,MG,Eleições estaduais em Minas Gerais em 2018,https://pt.wikipedia.org/wiki/Elei%C3%A7%C3%B5es_estaduais_em_Minas_Gerais_em_2018,1.0,5.0,28/09,Datafolha,±3%,3.0,duas_mencoes_agregadas,Viana (PHS),14.0,14%,Para senador | Para governador | Pesquisas | Candidatos a senador,wikipedia,,,,,,viana phs,Viana (PHS),Carlos Viana (PHS),0.1068614628301771,False,3.0
2018,MG,Eleições estaduais em Minas Gerais em 2018,https://pt.wikipedia.org/wiki/Elei%C3%A7%C3%B5es_estaduais_em_Minas_Gerais_em_2018,1.0,5.0,28/09,Datafolha,±3%,3.0,duas_mencoes_agregadas,Dinis (SD),10.0,10%,Para senador | Para governador | Pesquisas | Candidatos a senador,wikipedia,,,,,,dinis sd,Dinis (SD),Dinis Pinheiro (SD),0.0973546124108561,False,4.0
2018,MG,Eleições estaduais em Minas Gerais em 2018,https://pt.wikipedia.org/wiki/Elei%C3%A7%C3%B5es_estaduais_em_Minas_Gerais_em_2018,1.0,5.0,28/09,Datafolha,±3%,3.0,duas_mencoes_agregadas,Pacheco (DEM),17.0,17%,Para senador | Para governador | Pesquisas | Candidatos a senador,wikipedia,,,,,,pacheco dem,Pacheco (DEM),Rodrigo Pacheco (DEM),0.1083049644706233,True,2.0
2018,MG,Eleições estaduais em Minas Gerais em 2018,https://pt.wikipedia.org/wiki/Elei%C3%A7%C3%B5es_estaduais_em_Minas_Gerais_em_2018,1.0,5.0,28/09,Datafolha,±3%,3.0,duas_mencoes_agregadas,Lacerda (PPL),6.0,6%,Para senador | Para governador | Pesquisas | Candidatos a senador,wikipedia,,,,,,lacerda ppl,Lacerda (PPL),Coronel Lacerda (PPL),0.009198841916777,False,10.0
2018,MG,Eleições estaduais em Minas Gerais em 2018,https://pt.wikipedia.org/wiki/Elei%C3%A7%C3%B5es_estaduais_em_Minas_Gerais_em_2018,1.0,5.0,28/09,Datafolha,±3%,3.0,duas_mencoes_agregadas,Cherem (PDT),11.0,11%,Para senador | Para governador | Pesquisas | Candidatos a senador,wikipedia,,,,,,cherem pdt,Cherem (PDT),Fábio Cherem (PDT),0.0269447251402911,False,8.0
2018,MG,Eleições estaduais em Minas Gerais em 2018,https://pt.wikipedia.org/wiki/Elei%C3%A7%C3%B5es_estaduais_em_Minas_Gerais_em_2018,1.0,5.0,28/09,Datafolha,±3%,3.0,duas_mencoes_agregadas,Paiva (NOVO),8.0,8%,Para senador | Para governador | Pesquisas | Candidatos a senador,wikipedia,,,,,,paiva novo,Paiva (NOVO),Rodrigo Paiva (NOVO),0.0402047516914266,False,6.0
2018,MG,Eleições estaduais em Minas Gerais em 2018,https://pt.wikipedia.org/wiki/Elei%C3%A7%C3%B5es_estaduais_em_Minas_Gerais_em_2018,1.0,5.0,28/09,Datafolha,±3%,3.0,duas_mencoes_agregadas,Corrêa (PT),5.0,5%,Para senador | Para governador | Pesquisas | Candidatos a senador,wikipedia,,,,,,correa pt,Corrêa (PT),Miguel Corrêa (PT),0.0384170986102127,False,7.0
2018,MG,Eleições estaduais em Minas Gerais em 2018,https://pt.wikipedia.org/wiki/Elei%C3%A7%C3%B5es_estaduais_em_Minas_Gerais_em_2018,1.0,5.0,28/09,Datafolha,±3%,3.0,duas_mencoes_agregadas,Bispo (PPL),5.0,5%,Para senador | Para governador | Pesquisas | Candidatos a senador,wikipedia,,,,,,bispo ppl,Bispo (PPL),Bispo Damasceno (PPL),0.0016807514329462,False,13.0
2018,MG,Eleições estaduais em Minas Gerais em 2018,https://pt.wikipedia.org/wiki/Elei%C3%A7%C3%B5es_estaduais_em_Minas_Gerais_em_2018,1.0,5.0,28/09,Datafolha,±3%,3.0,duas_mencoes_agregadas,Lopes (PCB),4.0,4%,Para senador | Para governador | Pesquisas | Candidatos a senador,wikipedia,,,,,,lopes pcb,Lopes (PCB),Tulio Lopes (PCB),0.0027598292472249,False,11.0
2018,MG,Eleições estaduais em Minas Gerais em 2018,https://pt.wikipedia.org/wiki/Elei%C3%A7%C3%B5es_estaduais_em_Minas_Gerais_em_2018,1.0,5.0,28/09,Datafolha,±3%,3.0,duas_mencoes_agregadas,Vanessa (PSTU),3.0,3%,Para senador | Para governador | Pesquisas | Candidatos a senador,wikipedia,,,,,,vanessa pstu,Vanessa (PSTU),Vanessa Portugal (PSTU),0.0015952001698927,False,14.0
2018,MG,Eleições estaduais em Minas Gerais em 2018,https://pt.wikipedia.org/wiki/Elei%C3%A7%C3%B5es_estaduais_em_Minas_Gerais_em_2018,1.0,5.0,28/09,Datafolha,±3%,3.0,duas_mencoes_agregadas,Alves (PCO),3.0,3%,Para senador | Para governador | Pesquisas | Candidatos a senador,wikipedia,,,,,,alves pco,Alves (PCO),Ana Alves (PCO),0.000768823478788,False,16.0
2018,MG,Eleições estaduais em Minas Gerais em 2018,https://pt.wikipedia.org/wiki/Elei%C3%A7%C3%B5es_estaduais_em_Minas_Gerais_em_2018,1.0,5.0,28/09,Datafolha,±3%,3.0,duas_mencoes_agregadas,Duda (PSOL),4.0,4%,Para senador | Para governador | Pesquisas | Candidatos a senador,wikipedia,,,,,,duda psol,Duda (PSOL),Duda Salabert (PSOL),0.0105366696309665,False,9.0
2018,MG,Eleições estaduais em Minas Gerais em 2018,https://pt.wikipedia.org/wiki/Elei%C3%A7%C3%B5es_estaduais_em_Minas_Gerais_em_2018,1.0,5.0,28/09,Datafolha,±3%,3.0,duas_mencoes_agregadas,Kaká (REDE),2.0,2%,Para senador | Para governador | Pesquisas | Candidatos a senador,wikipedia,,,,,,kaka rede,Kaká (REDE),Kaka Menezes (REDE),0.002598308941691,False,12.0
2018,MG,Eleições estaduais em Minas Gerais em 2018,https://pt.wikipedia.org/wiki/Elei%C3%A7%C3%B5es_estaduais_em_Minas_Gerais_em_2018,1.0,5.0,28/09,Datafolha,±3%,3.0,duas_mencoes_agregadas,Reis (AVANTE),1.0,1%,Para senador | Para governador | Pesquisas | Candidatos a senador,wikipedia,,,,,,reis avante,Reis (AVANTE),,,,
2018,MG,Eleições estaduais em Minas Gerais em 2018,https://pt.wikipedia.org/wiki/Elei%C3%A7%C3%B5es_estaduais_em_Minas_Gerais_em_2018,1.0,5.0,28/09,Datafolha,±3%,3.0,duas_mencoes_agregadas,B/N,40.0,40%,Para senador | Para governador | Pesquisas | Candidatos a senador,wikipedia,,,,,,b/n,B/N,,,,
2018,PA,Eleições estaduais no Pará em 2018,https://pt.wikipedia.org/wiki/Elei%C3%A7%C3%B5es_estaduais_no_Par%C3%A1_em_2018,1.0,1.0,IBOPE (20 de agosto),IBOPE,,,duas_mencoes_agregadas,Jader (MDB),29.0,29%,Senado Federal | Votos Válidos | Votos totais | 2° turno | Senado Federal[editar | editar código],wikipedia,,,,,,jader mdb,Jader (MDB),Jader Barbalho (MDB),0.1974104845876211,True,1.0
2018,PA,Eleições estaduais no Pará em 2018,https://pt.wikipedia.org/wiki/Elei%C3%A7%C3%B5es_estaduais_no_Par%C3%A1_em_2018,1.0,2.0,DOXA (7 de setembro),DOXA,,,nao_identificado,Jader (MDB),11.9,"11,9%",Senado Federal | Votos Válidos | Votos totais | 2° turno | Senado Federal[editar | editar código],wikipedia,,,,,,jader mdb,Jader (MDB),Jader Barbalho (MDB),0.1974104845876211,True,1.0
2018,PA,Eleições estaduais no Pará em 2018,https://pt.wikipedia.org/wiki/Elei%C3%A7%C3%B5es_estaduais_no_Par%C3%A1_em_2018,1.0,3.0,DOXA (17 de setembro),DOXA,,,nao_identificado,Jader (MDB),12.3,"12,3%",Senado Federal | Votos Válidos | Votos totais | 2° turno | Senado Federal[editar | editar código],wikipedia,,,,,,jader mdb,Jader (MDB),Jader Barbalho (MDB),0.1974104845876211,True,1.0
2018,PA,Eleições estaduais no Pará em 2018,https://pt.wikipedia.org/wiki/Elei%C3%A7%C3%B5es_estaduais_no_Par%C3%A1_em_2018,1.0,4.0,IBOPE (18 de setembro),IBOPE,,,duas_mencoes_agregadas,Jader (MDB),37.0,37%,Senado Federal | Votos Válidos | Votos totais | 2° turno | Senado Federal[editar | editar código],wikipedia,,,,,,jader mdb,Jader (MDB),Jader Barbalho (MDB),0.1974104845876211,True,1.0
2018,PA,Eleições estaduais no Pará em 2018,https://pt.wikipedia.org/wiki/Elei%C3%A7%C3%B5es_estaduais_no_Par%C3%A1_em_2018,1.0,5.0,Real Time BigData (20 de setembro),Real Time BigData,,,duas_mencoes_agregadas,Jader (MDB),34.0,34%,Senado Federal | Votos Válidos | Votos totais | 2° turno | Senado Federal[editar | editar código],wikipedia,,,,,,jader mdb,Jader (MDB),Jader Barbalho (MDB),0.1974104845876211,True,1.0
2018,PA,Eleições estaduais no Pará em 2018,https://pt.wikipedia.org/wiki/Elei%C3%A7%C3%B5es_estaduais_no_Par%C3%A1_em_2018,1.0,6.0,Real Time BigData (2 de outubro),Real Time BigData,,,duas_mencoes_agregadas,Jader (MDB),40.0,40%,Senado Federal | Votos Válidos | Votos totais | 2° turno | Senado Federal[editar | editar código],wikipedia,,,,,,jader mdb,Jader (MDB),Jader Barbalho (MDB),0.1974104845876211,True,1.0
2018,PA,Eleições estaduais no Pará em 2018,https://pt.wikipedia.org/wiki/Elei%C3%A7%C3%B5es_estaduais_no_Par%C3%A1_em_2018,1.0,7.0,DOXA (6 de outubro),DOXA,,,nao_identificado,Jader (MDB),14.1,"14,1%",Senado Federal | Votos Válidos | Votos totais | 2° turno | Senado Federal[editar | editar código],wikipedia,,,,,,jader mdb,Jader (MDB),Jader Barbalho (MDB),0.1974104845876211,True,1.0
2018,PA,Eleições estaduais no Pará em 2018,https://pt.wikipedia.org/wiki/Elei%C3%A7%C3%B5es_estaduais_no_Par%C3%A1_em_2018,1.0,8.0,IBOPE (6 de outubro),IBOPE,,,duas_mencoes_agregadas,Jader (MDB),37.0,37%,Senado Federal | Votos Válidos | Votos totais | 2° turno | Senado Federal[editar | editar código],wikipedia,,,,,,jader mdb,Jader (MDB),Jader Barbalho (MDB),0.1974104845876211,True,1.0
2018,PA,Eleições estaduais no Pará em 2018,https://pt.wikipedia.org/wiki/Elei%C3%A7%C3%B5es_estaduais_no_Par%C3%A1_em_2018,1.0,1.0,IBOPE (20 de agosto),IBOPE,,,duas_mencoes_agregadas,Mário (PP) Impugnado,20.0,20%,Senado Federal | Votos Válidos | Votos totais | 2° turno | Senado Federal[editar | editar código],wikipedia,,,,,,mario pp impugnado,Mário (PP) Impugnado,Mário Couto (PP),2.854183883936325e-07,False,16.0
2018,PA,Eleições estaduais no Pará em 2018,https://pt.wikipedia.org/wiki/Elei%C3%A7%C3%B5es_estaduais_no_Par%C3%A1_em_2018,1.0,2.0,DOXA (7 de setembro),DOXA,,,nao_identificado,Mário (PP) Impugnado,11.5,"11,5%",Senado Federal | Votos Válidos | Votos totais | 2° turno | Senado Federal[editar | editar código],wikipedia,,,,,,mario pp impugnado,Mário (PP) Impugnado,Mário Couto (PP),2.854183883936325e-07,False,16.0
2018,PA,Eleições estaduais no Pará em 2018,https://pt.wikipedia.org/wiki/Elei%C3%A7%C3%B5es_estaduais_no_Par%C3%A1_em_2018,1.0,3.0,DOXA (17 de setembro),DOXA,,,nao_identificado,Mário (PP) Impugnado,11.7,"11,7%",Senado Federal | Votos Válidos | Votos totais | 2° turno | Senado Federal[editar | editar código],wikipedia,,,,,,mario pp impugnado,Mário (PP) Impugnado,Mário Couto (PP),2.854183883936325e-07,False,16.0
2018,PA,Eleições estaduais no Pará em 2018,https://pt.wikipedia.org/wiki/Elei%C3%A7%C3%B5es_estaduais_no_Par%C3%A1_em_2018,1.0,4.0,IBOPE (18 de setembro),IBOPE,,,duas_mencoes_agregadas,Mário (PP) Impugnado,13.0,13%,Senado Federal | Votos Válidos | Votos totais | 2° turno | Senado Federal[editar | editar código],wikipedia,,,,,,mario pp impugnado,Mário (PP) Impugnado,Mário Couto (PP),2.854183883936325e-07,False,16.0
2018,PA,Eleições estaduais no Pará em 2018,https://pt.wikipedia.org/wiki/Elei%C3%A7%C3%B5es_estaduais_no_Par%C3%A1_em_2018,1.0,5.0,Real Time BigData (20 de setembro),Real Time BigData,,,duas_mencoes_agregadas,Mário (PP) Impugnado,23.0,23%,Senado Federal | Votos Válidos | Votos totais | 2° turno | Senado Federal[editar | editar código],wikipedia,,,,,,mario pp impugnado,Mário (PP) Impugnado,Mário Couto (PP),2.854183883936325e-07,False,16.0
2018,PA,Eleições estaduais no Pará em 2018,https://pt.wikipedia.org/wiki/Elei%C3%A7%C3%B5es_estaduais_no_Par%C3%A1_em_2018,1.0,6.0,Real Time BigData (2 de outubro),Real Time BigData,,,duas_mencoes_agregadas,Mário (PP) Impugnado,16.0,16%,Senado Federal | Votos Válidos | Votos totais | 2° turno | Senado Federal[editar | editar código],wikipedia,,,,,,mario pp impugnado,Mário (PP) Impugnado,Mário Couto (PP),2.854183883936325e-07,False,16.0
2018,PA,Eleições estaduais no Pará em 2018,https://pt.wikipedia.org/wiki/Elei%C3%A7%C3%B5es_estaduais_no_Par%C3%A1_em_2018,1.0,7.0,DOXA (6 de outubro),DOXA,,,nao_identificado,Mário (PP) Impugnado,0.0,"0,0%",Senado Federal | Votos Válidos | Votos totais | 2° turno | Senado Federal[editar | editar código],wikipedia,,,,,,mario pp impugnado,Mário (PP) Impugnado,Mário Couto (PP),2.854183883936325e-07,False,16.0
2018,PA,Eleições estaduais no Pará em 2018,https://pt.wikipedia.org/wiki/Elei%C3%A7%C3%B5es_estaduais_no_Par%C3%A1_em_2018,1.0,8.0,IBOPE (6 de outubro),IBOPE,,,duas_mencoes_agregadas,Mário (PP) Impugnado,12.0,12%,Senado Federal | Votos Válidos | Votos totais | 2° turno | Senado Federal[editar | editar código],wikipedia,,,,,,mario pp impugnado,Mário (PP) Impugnado,Mário Couto (PP),2.854183883936325e-07,False,16.0
2018,PA,Eleições estaduais no Pará em 2018,https://pt.wikipedia.org/wiki/Elei%C3%A7%C3%B5es_estaduais_no_Par%C3%A1_em_2018,1.0,1.0,IBOPE (20 de agosto),IBOPE,,,duas_mencoes_agregadas,Flexa (PSDB),11.0,11%,Senado Federal | Votos Válidos | Votos totais | 2° turno | Senado Federal[editar | editar código],wikipedia,,,,,,flexa psdb,Flexa (PSDB),Flexa Ribeiro (PSDB),0.1624568643621891,False,3.0
2018,PA,Eleições estaduais no Pará em 2018,https://pt.wikipedia.org/wiki/Elei%C3%A7%C3%B5es_estaduais_no_Par%C3%A1_em_2018,1.0,2.0,DOXA (7 de setembro),DOXA,,,nao_identificado,Flexa (PSDB),10.3,"10,3%",Senado Federal | Votos Válidos | Votos totais | 2° turno | Senado Federal[editar | editar código],wikipedia,,,,,,flexa psdb,Flexa (PSDB),Flexa Ribeiro (PSDB),0.1624568643621891,False,3.0
2018,PA,Eleições estaduais no Pará em 2018,https://pt.wikipedia.org/wiki/Elei%C3%A7%C3%B5es_estaduais_no_Par%C3%A1_em_2018,1.0,3.0,DOXA (17 de setembro),DOXA,,,nao_identificado,Flexa (PSDB),10.8,"10,8%",Senado Federal | Votos Válidos | Votos totais | 2° turno | Senado Federal[editar | editar código],wikipedia,,,,,,flexa psdb,Flexa (PSDB),Flexa Ribeiro (PSDB),0.1624568643621891,False,3.0
2018,PA,Eleições estaduais no Pará em 2018,https://pt.wikipedia.org/wiki/Elei%C3%A7%C3%B5es_estaduais_no_Par%C3%A1_em_2018,1.0,4.0,IBOPE (18 de setembro),IBOPE,,,duas_mencoes_agregadas,Flexa (PSDB),16.0,16%,Senado Federal | Votos Válidos | Votos totais | 2° turno | Senado Federal[editar | editar código],wikipedia,,,,,,flexa psdb,Flexa (PSDB),Flexa Ribeiro (PSDB),0.1624568643621891,False,3.0
2018,PA,Eleições estaduais no Pará em 2018,https://pt.wikipedia.org/wiki/Elei%C3%A7%C3%B5es_estaduais_no_Par%C3%A1_em_2018,1.0,5.0,Real Time BigData (20 de setembro),Real Time BigData,,,duas_mencoes_agregadas,Flexa (PSDB),11.0,11%,Senado Federal | Votos Válidos | Votos totais | 2° turno | Senado Federal[editar | editar código],wikipedia,,,,,,flexa psdb,Flexa (PSDB),Flexa Ribeiro (PSDB),0.1624568643621891,False,3.0
2018,PA,Eleições estaduais no Pará em 2018,https://pt.wikipedia.org/wiki/Elei%C3%A7%C3%B5es_estaduais_no_Par%C3%A1_em_2018,1.0,6.0,Real Time BigData (2 de outubro),Real Time BigData,,,duas_mencoes_agregadas,Flexa (PSDB),21.0,21%,Senado Federal | Votos Válidos | Votos totais | 2° turno | Senado Federal[editar | editar código],wikipedia,,,,,,flexa psdb,Flexa (PSDB),Flexa Ribeiro (PSDB),0.1624568643621891,False,3.0
2018,PA,Eleições estaduais no Pará em 2018,https://pt.wikipedia.org/wiki/Elei%C3%A7%C3%B5es_estaduais_no_Par%C3%A1_em_2018,1.0,7.0,DOXA (6 de outubro),DOXA,,,nao_identificado,Flexa (PSDB),13.2,"13,2%",Senado Federal | Votos Válidos | Votos totais | 2° turno | Senado Federal[editar | editar código],wikipedia,,,,,,flexa psdb,Flexa (PSDB),Flexa Ribeiro (PSDB),0.1624568643621891,False,3.0
2018,PA,Eleições estaduais no Pará em 2018,https://pt.wikipedia.org/wiki/Elei%C3%A7%C3%B5es_estaduais_no_Par%C3%A1_em_2018,1.0,8.0,IBOPE (6 de outubro),IBOPE,,,duas_mencoes_agregadas,Flexa (PSDB),27.0,27%,Senado Federal | Votos Válidos | Votos totais | 2° turno | Senado Federal[editar | editar código],wikipedia,,,,,,flexa psdb,Flexa (PSDB),Flexa Ribeiro (PSDB),0.1624568643621891,False,3.0
2018,PA,Eleições estaduais no Pará em 2018,https://pt.wikipedia.org/wiki/Elei%C3%A7%C3%B5es_estaduais_no_Par%C3%A1_em_2018,1.0,1.0,IBOPE (20 de agosto),IBOPE,,,duas_mencoes_agregadas,Zé Geraldo (PT),13.0,13%,Senado Federal | Votos Válidos | Votos totais | 2° turno | Senado Federal[editar | editar código],wikipedia,,,,,,ze geraldo pt,Zé Geraldo (PT),Zé Geraldo (PT),0.1151454841744779,False,4.0
2018,PA,Eleições estaduais no Pará em 2018,https://pt.wikipedia.org/wiki/Elei%C3%A7%C3%B5es_estaduais_no_Par%C3%A1_em_2018,1.0,2.0,DOXA (7 de setembro),DOXA,,,nao_identificado,Zé Geraldo (PT),1.2,"1,2%",Senado Federal | Votos Válidos | Votos totais | 2° turno | Senado Federal[editar | editar código],wikipedia,,,,,,ze geraldo pt,Zé Geraldo (PT),Zé Geraldo (PT),0.1151454841744779,False,4.0
2018,PA,Eleições estaduais no Pará em 2018,https://pt.wikipedia.org/wiki/Elei%C3%A7%C3%B5es_estaduais_no_Par%C3%A1_em_2018,1.0,3.0,DOXA (17 de setembro),DOXA,,,nao_identificado,Zé Geraldo (PT),5.3,"5,3%",Senado Federal | Votos Válidos | Votos totais | 2° turno | Senado Federal[editar | editar código],wikipedia,,,,,,ze geraldo pt,Zé Geraldo (PT),Zé Geraldo (PT),0.1151454841744779,False,4.0
2018,PA,Eleições estaduais no Pará em 2018,https://pt.wikipedia.org/wiki/Elei%C3%A7%C3%B5es_estaduais_no_Par%C3%A1_em_2018,1.0,4.0,IBOPE (18 de setembro),IBOPE,,,duas_mencoes_agregadas,Zé Geraldo (PT),13.0,13%,Senado Federal | Votos Válidos | Votos totais | 2° turno | Senado Federal[editar | editar código],wikipedia,,,,,,ze geraldo pt,Zé Geraldo (PT),Zé Geraldo (PT),0.1151454841744779,False,4.0
2018,PA,Eleições estaduais no Pará em 2018,https://pt.wikipedia.org/wiki/Elei%C3%A7%C3%B5es_estaduais_no_Par%C3%A1_em_2018,1.0,5.0,Real Time BigData (20 de setembro),Real Time BigData,,,duas_mencoes_agregadas,Zé Geraldo (PT),11.0,11%,Senado Federal | Votos Válidos | Votos totais | 2° turno | Senado Federal[editar | editar código],wikipedia,,,,,,ze geraldo pt,Zé Geraldo (PT),Zé Geraldo (PT),0.1151454841744779,False,4.0
2018,PA,Eleições estaduais no Pará em 2018,https://pt.wikipedia.org/wiki/Elei%C3%A7%C3%B5es_estaduais_no_Par%C3%A1_em_2018,1.0,6.0,Real Time BigData (2 de outubro),Real Time BigData,,,duas_mencoes_agregadas,Zé Geraldo (PT),12.0,12%,Senado Federal | Votos Válidos | Votos totais | 2° turno | Senado Federal[editar | editar código],wikipedia,,,,,,ze geraldo pt,Zé Geraldo (PT),Zé Geraldo (PT),0.1151454841744779,False,4.0
2018,PA,Eleições estaduais no Pará em 2018,https://pt.wikipedia.org/wiki/Elei%C3%A7%C3%B5es_estaduais_no_Par%C3%A1_em_2018,1.0,7.0,DOXA (6 de outubro),DOXA,,,nao_identificado,Zé Geraldo (PT),5.5,"5,5%",Senado Federal | Votos Válidos | Votos totais | 2° turno | Senado Federal[editar | editar código],wikipedia,,,,,,ze geraldo pt,Zé Geraldo (PT),Zé Geraldo (PT),0.1151454841744779,False,4.0
2018,PA,Eleições estaduais no Pará em 2018,https://pt.wikipedia.org/wiki/Elei%C3%A7%C3%B5es_estaduais_no_Par%C3%A1_em_2018,1.0,8.0,IBOPE (6 de outubro),IBOPE,,,duas_mencoes_agregadas,Zé Geraldo (PT),15.0,15%,Senado Federal | Votos Válidos | Votos totais | 2° turno | Senado Federal[editar | editar código],wikipedia,,,,,,ze geraldo pt,Zé Geraldo (PT),Zé Geraldo (PT),0.1151454841744779,False,4.0
2018,PA,Eleições estaduais no Pará em 2018,https://pt.wikipedia.org/wiki/Elei%C3%A7%C3%B5es_estaduais_no_Par%C3%A1_em_2018,1.0,1.0,IBOPE (20 de agosto),IBOPE,,,duas_mencoes_agregadas,Zequinha (PSC),10.0,10%,Senado Federal | Votos Válidos | Votos totais | 2° turno | Senado Federal[editar | editar código],wikipedia,,,,,,zequinha psc,Zequinha (PSC),Zequinha Marinho (PSC),0.1962188628160776,True,2.0
2018,PA,Eleições estaduais no Pará em 2018,https://pt.wikipedia.org/wiki/Elei%C3%A7%C3%B5es_estaduais_no_Par%C3%A1_em_2018,1.0,2.0,DOXA (7 de setembro),DOXA,,,nao_identificado,Zequinha (PSC),2.7,"2,7%",Senado Federal | Votos Válidos | Votos totais | 2° turno | Senado Federal[editar | editar código],wikipedia,,,,,,zequinha psc,Zequinha (PSC),Zequinha Marinho (PSC),0.1962188628160776,True,2.0
2018,PA,Eleições estaduais no Pará em 2018,https://pt.wikipedia.org/wiki/Elei%C3%A7%C3%B5es_estaduais_no_Par%C3%A1_em_2018,1.0,3.0,DOXA (17 de setembro),DOXA,,,nao_identificado,Zequinha (PSC),2.2,"2,2%",Senado Federal | Votos Válidos | Votos totais | 2° turno | Senado Federal[editar | editar código],wikipedia,,,,,,zequinha psc,Zequinha (PSC),Zequinha Marinho (PSC),0.1962188628160776,True,2.0
2018,PA,Eleições estaduais no Pará em 2018,https://pt.wikipedia.org/wiki/Elei%C3%A7%C3%B5es_estaduais_no_Par%C3%A1_em_2018,1.0,4.0,IBOPE (18 de setembro),IBOPE,,,duas_mencoes_agregadas,Zequinha (PSC),14.0,14%,Senado Federal | Votos Válidos | Votos totais | 2° turno | Senado Federal[editar | editar código],wikipedia,,,,,,zequinha psc,Zequinha (PSC),Zequinha Marinho (PSC),0.1962188628160776,True,2.0
2018,PA,Eleições estaduais no Pará em 2018,https://pt.wikipedia.org/wiki/Elei%C3%A7%C3%B5es_estaduais_no_Par%C3%A1_em_2018,1.0,5.0,Real Time BigData (20 de setembro),Real Time BigData,,,duas_mencoes_agregadas,Zequinha (PSC),19.0,19%,Senado Federal | Votos Válidos | Votos totais | 2° turno | Senado Federal[editar | editar código],wikipedia,,,,,,zequinha psc,Zequinha (PSC),Zequinha Marinho (PSC),0.1962188628160776,True,2.0
2018,PA,Eleições estaduais no Pará em 2018,https://pt.wikipedia.org/wiki/Elei%C3%A7%C3%B5es_estaduais_no_Par%C3%A1_em_2018,1.0,6.0,Real Time BigData (2 de outubro),Real Time BigData,,,duas_mencoes_agregadas,Zequinha (PSC),23.0,23%,Senado Federal | Votos Válidos | Votos totais | 2° turno | Senado Federal[editar | editar código],wikipedia,,,,,,zequinha psc,Zequinha (PSC),Zequinha Marinho (PSC),0.1962188628160776,True,2.0
2018,PA,Eleições estaduais no Pará em 2018,https://pt.wikipedia.org/wiki/Elei%C3%A7%C3%B5es_estaduais_no_Par%C3%A1_em_2018,1.0,7.0,DOXA (6 de outubro),DOXA,,,nao_identificado,Zequinha (PSC),8.8,"8,8%",Senado Federal | Votos Válidos | Votos totais | 2° turno | Senado Federal[editar | editar código],wikipedia,,,,,,zequinha psc,Zequinha (PSC),Zequinha Marinho (PSC),0.1962188628160776,True,2.0
2018,PA,Eleições estaduais no Pará em 2018,https://pt.wikipedia.org/wiki/Elei%C3%A7%C3%B5es_estaduais_no_Par%C3%A1_em_2018,1.0,8.0,IBOPE (6 de outubro),IBOPE,,,duas_mencoes_agregadas,Zequinha (PSC),28.0,28%,Senado Federal | Votos Válidos | Votos totais | 2° turno | Senado Federal[editar | editar código],wikipedia,,,,,,zequinha psc,Zequinha (PSC),Zequinha Marinho (PSC),0.1962188628160776,True,2.0
2018,PA,Eleições estaduais no Pará em 2018,https://pt.wikipedia.org/wiki/Elei%C3%A7%C3%B5es_estaduais_no_Par%C3%A1_em_2018,1.0,1.0,IBOPE (20 de agosto),IBOPE,,,duas_mencoes_agregadas,Ursula (PSOL),9.0,9%,Senado Federal | Votos Válidos | Votos totais | 2° turno | Senado Federal[editar | editar código],wikipedia,,,,,,ursula psol,Ursula (PSOL),Ursula Vidal (PSOL),0.0835339705679412,False,6.0
2018,PA,Eleições estaduais no Pará em 2018,https://pt.wikipedia.org/wiki/Elei%C3%A7%C3%B5es_estaduais_no_Par%C3%A1_em_2018,1.0,2.0,DOXA (7 de setembro),DOXA,,,nao_identificado,Ursula (PSOL),5.2,"5,2%",Senado Federal | Votos Válidos | Votos totais | 2° turno | Senado Federal[editar | editar código],wikipedia,,,,,,ursula psol,Ursula (PSOL),Ursula Vidal (PSOL),0.0835339705679412,False,6.0
2018,PA,Eleições estaduais no Pará em 2018,https://pt.wikipedia.org/wiki/Elei%C3%A7%C3%B5es_estaduais_no_Par%C3%A1_em_2018,1.0,3.0,DOXA (17 de setembro),DOXA,,,nao_identificado,Ursula (PSOL),6.1,"6,1%",Senado Federal | Votos Válidos | Votos totais | 2° turno | Senado Federal[editar | editar código],wikipedia,,,,,,ursula psol,Ursula (PSOL),Ursula Vidal (PSOL),0.0835339705679412,False,6.0
2018,PA,Eleições estaduais no Pará em 2018,https://pt.wikipedia.org/wiki/Elei%C3%A7%C3%B5es_estaduais_no_Par%C3%A1_em_2018,1.0,4.0,IBOPE (18 de setembro),IBOPE,,,duas_mencoes_agregadas,Ursula (PSOL),12.0,12%,Senado Federal | Votos Válidos | Votos totais | 2° turno | Senado Federal[editar | editar código],wikipedia,,,,,,ursula psol,Ursula (PSOL),Ursula Vidal (PSOL),0.0835339705679412,False,6.0
2018,PA,Eleições estaduais no Pará em 2018,https://pt.wikipedia.org/wiki/Elei%C3%A7%C3%B5es_estaduais_no_Par%C3%A1_em_2018,1.0,5.0,Real Time BigData (20 de setembro),Real Time BigData,,,duas_mencoes_agregadas,Ursula (PSOL),13.0,13%,Senado Federal | Votos Válidos | Votos totais | 2° turno | Senado Federal[editar | editar código],wikipedia,,,,,,ursula psol,Ursula (PSOL),Ursula Vidal (PSOL),0.0835339705679412,False,6.0
2018,PA,Eleições estaduais no Pará em 2018,https://pt.wikipedia.org/wiki/Elei%C3%A7%C3%B5es_estaduais_no_Par%C3%A1_em_2018,1.0,6.0,Real Time BigData (2 de outubro),Real Time BigData,,,duas_mencoes_agregadas,Ursula (PSOL),11.0,11%,Senado Federal | Votos Válidos | Votos totais | 2° turno | Senado Federal[editar | editar código],wikipedia,,,,,,ursula psol,Ursula (PSOL),Ursula Vidal (PSOL),0.0835339705679412,False,6.0
2018,PA,Eleições estaduais no Pará em 2018,https://pt.wikipedia.org/wiki/Elei%C3%A7%C3%B5es_estaduais_no_Par%C3%A1_em_2018,1.0,7.0,DOXA (6 de outubro),DOXA,,,nao_identificado,Ursula (PSOL),8.0,"8,0%",Senado Federal | Votos Válidos | Votos totais | 2° turno | Senado Federal[editar | editar código],wikipedia,,,,,,ursula psol,Ursula (PSOL),Ursula Vidal (PSOL),0.0835339705679412,False,6.0
2018,PA,Eleições estaduais no Pará em 2018,https://pt.wikipedia.org/wiki/Elei%C3%A7%C3%B5es_estaduais_no_Par%C3%A1_em_2018,1.0,8.0,IBOPE (6 de outubro),IBOPE,,,duas_mencoes_agregadas,Ursula (PSOL),13.0,13%,Senado Federal | Votos Válidos | Votos totais | 2° turno | Senado Federal[editar | editar código],wikipedia,,,,,,ursula psol,Ursula (PSOL),Ursula Vidal (PSOL),0.0835339705679412,False,6.0
2018,PA,Eleições estaduais no Pará em 2018,https://pt.wikipedia.org/wiki/Elei%C3%A7%C3%B5es_estaduais_no_Par%C3%A1_em_2018,1.0,1.0,IBOPE (20 de agosto),IBOPE,,,duas_mencoes_agregadas,Sidney (PSB),7.0,7%,Senado Federal | Votos Válidos | Votos totais | 2° turno | Senado Federal[editar | editar código],wikipedia,,,,,,sidney psb,Sidney (PSB),Sidney Rosa (PSB),0.0916619727234208,False,5.0
2018,PA,Eleições estaduais no Pará em 2018,https://pt.wikipedia.org/wiki/Elei%C3%A7%C3%B5es_estaduais_no_Par%C3%A1_em_2018,1.0,2.0,DOXA (7 de setembro),DOXA,,,nao_identificado,Sidney (PSB),5.6,"5,6%",Senado Federal | Votos Válidos | Votos totais | 2° turno | Senado Federal[editar | editar código],wikipedia,,,,,,sidney psb,Sidney (PSB),Sidney Rosa (PSB),0.0916619727234208,False,5.0
2018,PA,Eleições estaduais no Pará em 2018,https://pt.wikipedia.org/wiki/Elei%C3%A7%C3%B5es_estaduais_no_Par%C3%A1_em_2018,1.0,3.0,DOXA (17 de setembro),DOXA,,,nao_identificado,Sidney (PSB),7.8,"7,8%",Senado Federal | Votos Válidos | Votos totais | 2° turno | Senado Federal[editar | editar código],wikipedia,,,,,,sidney psb,Sidney (PSB),Sidney Rosa (PSB),0.0916619727234208,False,5.0
2018,PA,Eleições estaduais no Pará em 2018,https://pt.wikipedia.org/wiki/Elei%C3%A7%C3%B5es_estaduais_no_Par%C3%A1_em_2018,1.0,4.0,IBOPE (18 de setembro),IBOPE,,,duas_mencoes_agregadas,Sidney (PSB),7.0,7%,Senado Federal | Votos Válidos | Votos totais | 2° turno | Senado Federal[editar | editar código],wikipedia,,,,,,sidney psb,Sidney (PSB),Sidney Rosa (PSB),0.0916619727234208,False,5.0
2018,PA,Eleições estaduais no Pará em 2018,https://pt.wikipedia.org/wiki/Elei%C3%A7%C3%B5es_estaduais_no_Par%C3%A1_em_2018,1.0,5.0,Real Time BigData (20 de setembro),Real Time BigData,,,duas_mencoes_agregadas,Sidney (PSB),9.0,9%,Senado Federal | Votos Válidos | Votos totais | 2° turno | Senado Federal[editar | editar código],wikipedia,,,,,,sidney psb,Sidney (PSB),Sidney Rosa (PSB),0.0916619727234208,False,5.0
2018,PA,Eleições estaduais no Pará em 2018,https://pt.wikipedia.org/wiki/Elei%C3%A7%C3%B5es_estaduais_no_Par%C3%A1_em_2018,1.0,6.0,Real Time BigData (2 de outubro),Real Time BigData,,,duas_mencoes_agregadas,Sidney (PSB),9.0,9%,Senado Federal | Votos Válidos | Votos totais | 2° turno | Senado Federal[editar | editar código],wikipedia,,,,,,sidney psb,Sidney (PSB),Sidney Rosa (PSB),0.0916619727234208,False,5.0
2018,PA,Eleições estaduais no Pará em 2018,https://pt.wikipedia.org/wiki/Elei%C3%A7%C3%B5es_estaduais_no_Par%C3%A1_em_2018,1.0,7.0,DOXA (6 de outubro),DOXA,,,nao_identificado,Sidney (PSB),5.6,"5,6%",Senado Federal | Votos Válidos | Votos totais | 2° turno | Senado Federal[editar | editar código],wikipedia,,,,,,sidney psb,Sidney (PSB),Sidney Rosa (PSB),0.0916619727234208,False,5.0
2018,PA,Eleições estaduais no Pará em 2018,https://pt.wikipedia.org/wiki/Elei%C3%A7%C3%B5es_estaduais_no_Par%C3%A1_em_2018,1.0,8.0,IBOPE (6 de outubro),IBOPE,,,duas_mencoes_agregadas,Sidney (PSB),8.0,8%,Senado Federal | Votos Válidos | Votos totais | 2° turno | Senado Federal[editar | editar código],wikipedia,,,,,,sidney psb,Sidney (PSB),Sidney Rosa (PSB),0.0916619727234208,False,5.0
2018,PA,Eleições estaduais no Pará em 2018,https://pt.wikipedia.org/wiki/Elei%C3%A7%C3%B5es_estaduais_no_Par%C3%A1_em_2018,1.0,1.0,IBOPE (20 de agosto),IBOPE,,,duas_mencoes_agregadas,Osmar (PDT),6.0,6%,Senado Federal | Votos Válidos | Votos totais | 2° turno | Senado Federal[editar | editar código],wikipedia,,,,,,osmar pdt,Osmar (PDT),Coronel Osmar (PDT),0.0462850156630476,False,8.0
2018,PA,Eleições estaduais no Pará em 2018,https://pt.wikipedia.org/wiki/Elei%C3%A7%C3%B5es_estaduais_no_Par%C3%A1_em_2018,1.0,2.0,DOXA (7 de setembro),DOXA,,,nao_identificado,Osmar (PDT),5.0,5%,Senado Federal | Votos Válidos | Votos totais | 2° turno | Senado Federal[editar | editar código],wikipedia,,,,,,osmar pdt,Osmar (PDT),Coronel Osmar (PDT),0.0462850156630476,False,8.0
2018,PA,Eleições estaduais no Pará em 2018,https://pt.wikipedia.org/wiki/Elei%C3%A7%C3%B5es_estaduais_no_Par%C3%A1_em_2018,1.0,3.0,DOXA (17 de setembro),DOXA,,,nao_identificado,Osmar (PDT),2.3,"2,3%",Senado Federal | Votos Válidos | Votos totais | 2° turno | Senado Federal[editar | editar código],wikipedia,,,,,,osmar pdt,Osmar (PDT),Coronel Osmar (PDT),0.0462850156630476,False,8.0
2018,PA,Eleições estaduais no Pará em 2018,https://pt.wikipedia.org/wiki/Elei%C3%A7%C3%B5es_estaduais_no_Par%C3%A1_em_2018,1.0,4.0,IBOPE (18 de setembro),IBOPE,,,duas_mencoes_agregadas,Osmar (PDT),4.0,4%,Senado Federal | Votos Válidos | Votos totais | 2° turno | Senado Federal[editar | editar código],wikipedia,,,,,,osmar pdt,Osmar (PDT),Coronel Osmar (PDT),0.0462850156630476,False,8.0
2018,PA,Eleições estaduais no Pará em 2018,https://pt.wikipedia.org/wiki/Elei%C3%A7%C3%B5es_estaduais_no_Par%C3%A1_em_2018,1.0,5.0,Real Time BigData (20 de setembro),Real Time BigData,,,duas_mencoes_agregadas,Osmar (PDT),6.0,6%,Senado Federal | Votos Válidos | Votos totais | 2° turno | Senado Federal[editar | editar código],wikipedia,,,,,,osmar pdt,Osmar (PDT),Coronel Osmar (PDT),0.0462850156630476,False,8.0
2018,PA,Eleições estaduais no Pará em 2018,https://pt.wikipedia.org/wiki/Elei%C3%A7%C3%B5es_estaduais_no_Par%C3%A1_em_2018,1.0,6.0,Real Time BigData (2 de outubro),Real Time BigData,,,duas_mencoes_agregadas,Osmar (PDT),6.0,6%,Senado Federal | Votos Válidos | Votos totais | 2° turno | Senado Federal[editar | editar código],wikipedia,,,,,,osmar pdt,Osmar (PDT),Coronel Osmar (PDT),0.0462850156630476,False,8.0
2018,PA,Eleições estaduais no Pará em 2018,https://pt.wikipedia.org/wiki/Elei%C3%A7%C3%B5es_estaduais_no_Par%C3%A1_em_2018,1.0,7.0,DOXA (6 de outubro),DOXA,,,nao_identificado,Osmar (PDT),3.3,"3,3%",Senado Federal | Votos Válidos | Votos totais | 2° turno | Senado Federal[editar | editar código],wikipedia,,,,,,osmar pdt,Osmar (PDT),Coronel Osmar (PDT),0.0462850156630476,False,8.0
2018,PA,Eleições estaduais no Pará em 2018,https://pt.wikipedia.org/wiki/Elei%C3%A7%C3%B5es_estaduais_no_Par%C3%A1_em_2018,1.0,8.0,IBOPE (6 de outubro),IBOPE,,,duas_mencoes_agregadas,Osmar (PDT),5.0,5%,Senado Federal | Votos Válidos | Votos totais | 2° turno | Senado Federal[editar | editar código],wikipedia,,,,,,osmar pdt,Osmar (PDT),Coronel Osmar (PDT),0.0462850156630476,False,8.0
2018,PA,Eleições estaduais no Pará em 2018,https://pt.wikipedia.org/wiki/Elei%C3%A7%C3%B5es_estaduais_no_Par%C3%A1_em_2018,1.0,1.0,IBOPE (20 de agosto),IBOPE,,,duas_mencoes_agregadas,Wlad (SD) Impugnado,6.0,6%,Senado Federal | Votos Válidos | Votos totais | 2° turno | Senado Federal[editar | editar código],wikipedia,,,,,,wlad sd impugnado,Wlad (SD) Impugnado,,,,
2018,PA,Eleições estaduais no Pará em 2018,https://pt.wikipedia.org/wiki/Elei%C3%A7%C3%B5es_estaduais_no_Par%C3%A1_em_2018,1.0,2.0,DOXA (7 de setembro),DOXA,,,nao_identificado,Wlad (SD) Impugnado,1.9,"1,9%",Senado Federal | Votos Válidos | Votos totais | 2° turno | Senado Federal[editar | editar código],wikipedia,,,,,,wlad sd impugnado,Wlad (SD) Impugnado,,,,
2018,PA,Eleições estaduais no Pará em 2018,https://pt.wikipedia.org/wiki/Elei%C3%A7%C3%B5es_estaduais_no_Par%C3%A1_em_2018,1.0,3.0,DOXA (17 de setembro),DOXA,,,nao_identificado,Wlad (SD) Impugnado,4.6,"4,6%",Senado Federal | Votos Válidos | Votos totais | 2° turno | Senado Federal[editar | editar código],wikipedia,,,,,,wlad sd impugnado,Wlad (SD) Impugnado,,,,
2018,PA,Eleições estaduais no Pará em 2018,https://pt.wikipedia.org/wiki/Elei%C3%A7%C3%B5es_estaduais_no_Par%C3%A1_em_2018,1.0,4.0,IBOPE (18 de setembro),IBOPE,,,duas_mencoes_agregadas,Wlad (SD) Impugnado,6.0,6%,Senado Federal | Votos Válidos | Votos totais | 2° turno | Senado Federal[editar | editar código],wikipedia,,,,,,wlad sd impugnado,Wlad (SD) Impugnado,,,,
2018,PA,Eleições estaduais no Pará em 2018,https://pt.wikipedia.org/wiki/Elei%C3%A7%C3%B5es_estaduais_no_Par%C3%A1_em_2018,1.0,5.0,Real Time BigData (20 de setembro),Real Time BigData,,,duas_mencoes_agregadas,Wlad (SD) Impugnado,4.0,4%,Senado Federal | Votos Válidos | Votos totais | 2° turno | Senado Federal[editar | editar código],wikipedia,,,,,,wlad sd impugnado,Wlad (SD) Impugnado,,,,
2018,PA,Eleições estaduais no Pará em 2018,https://pt.wikipedia.org/wiki/Elei%C3%A7%C3%B5es_estaduais_no_Par%C3%A1_em_2018,1.0,6.0,Real Time BigData (2 de outubro),Real Time BigData,,,duas_mencoes_agregadas,Wlad (SD) Impugnado,4.0,4%,Senado Federal | Votos Válidos | Votos totais | 2° turno | Senado Federal[editar | editar código],wikipedia,,,,,,wlad sd impugnado,Wlad (SD) Impugnado,,,,
2018,PA,Eleições estaduais no Pará em 2018,https://pt.wikipedia.org/wiki/Elei%C3%A7%C3%B5es_estaduais_no_Par%C3%A1_em_2018,1.0,7.0,DOXA (6 de outubro),DOXA,,,nao_identificado,Wlad (SD) Impugnado,2.8,"2,8%",Senado Federal | Votos Válidos | Votos totais | 2° turno | Senado Federal[editar | editar código],wikipedia,,,,,,wlad sd impugnado,Wlad (SD) Impugnado,,,,
2018,PA,Eleições estaduais no Pará em 2018,https://pt.wikipedia.org/wiki/Elei%C3%A7%C3%B5es_estaduais_no_Par%C3%A1_em_2018,1.0,8.0,IBOPE (6 de outubro),IBOPE,,,duas_mencoes_agregadas,Wlad (SD) Impugnado,3.0,3%,Senado Federal | Votos Válidos | Votos totais | 2° turno | Senado Federal[editar | editar código],wikipedia,,,,,,wlad sd impugnado,Wlad (SD) Impugnado,,,,
2018,PA,Eleições estaduais no Pará em 2018,https://pt.wikipedia.org/wiki/Elei%C3%A7%C3%B5es_estaduais_no_Par%C3%A1_em_2018,1.0,1.0,IBOPE (20 de agosto),IBOPE,,,duas_mencoes_agregadas,Gerson (PCdoB),6.0,6%,Senado Federal | Votos Válidos | Votos totais | 2° turno | Senado Federal[editar | editar código],wikipedia,,,,,,gerson pcdob,Gerson (PCdoB),Gerson Durão (PCdoB),0.0179924897859461,False,9.0
2018,PA,Eleições estaduais no Pará em 2018,https://pt.wikipedia.org/wiki/Elei%C3%A7%C3%B5es_estaduais_no_Par%C3%A1_em_2018,1.0,2.0,DOXA (7 de setembro),DOXA,,,nao_identificado,Gerson (PCdoB),1.1,"1,1%",Senado Federal | Votos Válidos | Votos totais | 2° turno | Senado Federal[editar | editar código],wikipedia,,,,,,gerson pcdob,Gerson (PCdoB),Gerson Durão (PCdoB),0.0179924897859461,False,9.0
2018,PA,Eleições estaduais no Pará em 2018,https://pt.wikipedia.org/wiki/Elei%C3%A7%C3%B5es_estaduais_no_Par%C3%A1_em_2018,1.0,3.0,DOXA (17 de setembro),DOXA,,,nao_identificado,Gerson (PCdoB),1.6,"1,6%",Senado Federal | Votos Válidos | Votos totais | 2° turno | Senado Federal[editar | editar código],wikipedia,,,,,,gerson pcdob,Gerson (PCdoB),Gerson Durão (PCdoB),0.0179924897859461,False,9.0
2018,PA,Eleições estaduais no Pará em 2018,https://pt.wikipedia.org/wiki/Elei%C3%A7%C3%B5es_estaduais_no_Par%C3%A1_em_2018,1.0,4.0,IBOPE (18 de setembro),IBOPE,,,duas_mencoes_agregadas,Gerson (PCdoB),4.0,4%,Senado Federal | Votos Válidos | Votos totais | 2° turno | Senado Federal[editar | editar código],wikipedia,,,,,,gerson pcdob,Gerson (PCdoB),Gerson Durão (PCdoB),0.0179924897859461,False,9.0
2018,PA,Eleições estaduais no Pará em 2018,https://pt.wikipedia.org/wiki/Elei%C3%A7%C3%B5es_estaduais_no_Par%C3%A1_em_2018,1.0,5.0,Real Time BigData (20 de setembro),Real Time BigData,,,duas_mencoes_agregadas,Gerson (PCdoB),2.0,2%,Senado Federal | Votos Válidos | Votos totais | 2° turno | Senado Federal[editar | editar código],wikipedia,,,,,,gerson pcdob,Gerson (PCdoB),Gerson Durão (PCdoB),0.0179924897859461,False,9.0
2018,PA,Eleições estaduais no Pará em 2018,https://pt.wikipedia.org/wiki/Elei%C3%A7%C3%B5es_estaduais_no_Par%C3%A1_em_2018,1.0,6.0,Real Time BigData (2 de outubro),Real Time BigData,,,duas_mencoes_agregadas,Gerson (PCdoB),2.0,2%,Senado Federal | Votos Válidos | Votos totais | 2° turno | Senado Federal[editar | editar código],wikipedia,,,,,,gerson pcdob,Gerson (PCdoB),Gerson Durão (PCdoB),0.0179924897859461,False,9.0
2018,PA,Eleições estaduais no Pará em 2018,https://pt.wikipedia.org/wiki/Elei%C3%A7%C3%B5es_estaduais_no_Par%C3%A1_em_2018,1.0,7.0,DOXA (6 de outubro),DOXA,,,nao_identificado,Gerson (PCdoB),3.4,"3,4%",Senado Federal | Votos Válidos | Votos totais | 2° turno | Senado Federal[editar | editar código],wikipedia,,,,,,gerson pcdob,Gerson (PCdoB),Gerson Durão (PCdoB),0.0179924897859461,False,9.0
2018,PA,Eleições estaduais no Pará em 2018,https://pt.wikipedia.org/wiki/Elei%C3%A7%C3%B5es_estaduais_no_Par%C3%A1_em_2018,1.0,8.0,IBOPE (6 de outubro),IBOPE,,,duas_mencoes_agregadas,Gerson (PCdoB),3.0,3%,Senado Federal | Votos Válidos | Votos totais | 2° turno | Senado Federal[editar | editar código],wikipedia,,,,,,gerson pcdob,Gerson (PCdoB),Gerson Durão (PCdoB),0.0179924897859461,False,9.0
2018,PA,Eleições estaduais no Pará em 2018,https://pt.wikipedia.org/wiki/Elei%C3%A7%C3%B5es_estaduais_no_Par%C3%A1_em_2018,1.0,1.0,IBOPE (20 de agosto),IBOPE,,,duas_mencoes_agregadas,Jarbas (PV),3.0,3%,Senado Federal | Votos Válidos | Votos totais | 2° turno | Senado Federal[editar | editar código],wikipedia,,,,,,jarbas pv,Jarbas (PV),Jarbas Vasconcelos (PV),0.0628772428355346,False,7.0
2018,PA,Eleições estaduais no Pará em 2018,https://pt.wikipedia.org/wiki/Elei%C3%A7%C3%B5es_estaduais_no_Par%C3%A1_em_2018,1.0,2.0,DOXA (7 de setembro),DOXA,,,nao_identificado,Jarbas (PV),5.1,"5,1%",Senado Federal | Votos Válidos | Votos totais | 2° turno | Senado Federal[editar | editar código],wikipedia,,,,,,jarbas pv,Jarbas (PV),Jarbas Vasconcelos (PV),0.0628772428355346,False,7.0
2018,PA,Eleições estaduais no Pará em 2018,https://pt.wikipedia.org/wiki/Elei%C3%A7%C3%B5es_estaduais_no_Par%C3%A1_em_2018,1.0,3.0,DOXA (17 de setembro),DOXA,,,nao_identificado,Jarbas (PV),8.6,"8,6%",Senado Federal | Votos Válidos | Votos totais | 2° turno | Senado Federal[editar | editar código],wikipedia,,,,,,jarbas pv,Jarbas (PV),Jarbas Vasconcelos (PV),0.0628772428355346,False,7.0
2018,PA,Eleições estaduais no Pará em 2018,https://pt.wikipedia.org/wiki/Elei%C3%A7%C3%B5es_estaduais_no_Par%C3%A1_em_2018,1.0,4.0,IBOPE (18 de setembro),IBOPE,,,duas_mencoes_agregadas,Jarbas (PV),3.0,3%,Senado Federal | Votos Válidos | Votos totais | 2° turno | Senado Federal[editar | editar código],wikipedia,,,,,,jarbas pv,Jarbas (PV),Jarbas Vasconcelos (PV),0.0628772428355346,False,7.0
2018,PA,Eleições estaduais no Pará em 2018,https://pt.wikipedia.org/wiki/Elei%C3%A7%C3%B5es_estaduais_no_Par%C3%A1_em_2018,1.0,5.0,Real Time BigData (20 de setembro),Real Time BigData,,,duas_mencoes_agregadas,Jarbas (PV),4.0,4%,Senado Federal | Votos Válidos | Votos totais | 2° turno | Senado Federal[editar | editar código],wikipedia,,,,,,jarbas pv,Jarbas (PV),Jarbas Vasconcelos (PV),0.0628772428355346,False,7.0
2018,PA,Eleições estaduais no Pará em 2018,https://pt.wikipedia.org/wiki/Elei%C3%A7%C3%B5es_estaduais_no_Par%C3%A1_em_2018,1.0,6.0,Real Time BigData (2 de outubro),Real Time BigData,,,duas_mencoes_agregadas,Jarbas (PV),5.0,5%,Senado Federal | Votos Válidos | Votos totais | 2° turno | Senado Federal[editar | editar código],wikipedia,,,,,,jarbas pv,Jarbas (PV),Jarbas Vasconcelos (PV),0.0628772428355346,False,7.0
2018,PA,Eleições estaduais no Pará em 2018,https://pt.wikipedia.org/wiki/Elei%C3%A7%C3%B5es_estaduais_no_Par%C3%A1_em_2018,1.0,7.0,DOXA (6 de outubro),DOXA,,,nao_identificado,Jarbas (PV),8.9,"8,9%",Senado Federal | Votos Válidos | Votos totais | 2° turno | Senado Federal[editar | editar código],wikipedia,,,,,,jarbas pv,Jarbas (PV),Jarbas Vasconcelos (PV),0.0628772428355346,False,7.0
2018,PA,Eleições estaduais no Pará em 2018,https://pt.wikipedia.org/wiki/Elei%C3%A7%C3%B5es_estaduais_no_Par%C3%A1_em_2018,1.0,8.0,IBOPE (6 de outubro),IBOPE,,,duas_mencoes_agregadas,Jarbas (PV),7.0,7%,Senado Federal | Votos Válidos | Votos totais | 2° turno | Senado Federal[editar | editar código],wikipedia,,,,,,jarbas pv,Jarbas (PV),Jarbas Vasconcelos (PV),0.0628772428355346,False,7.0
2018,PA,Eleições estaduais no Pará em 2018,https://pt.wikipedia.org/wiki/Elei%C3%A7%C3%B5es_estaduais_no_Par%C3%A1_em_2018,1.0,1.0,IBOPE (20 de agosto),IBOPE,,,duas_mencoes_agregadas,Benedita (PSTU),4.0,4%,Senado Federal | Votos Válidos | Votos totais | 2° turno | Senado Federal[editar | editar código],wikipedia,,,,,,benedita pstu,Benedita (PSTU),Benedita do Amaral (PSTU),0.005449065162017,False,11.0
2018,PA,Eleições estaduais no Pará em 2018,https://pt.wikipedia.org/wiki/Elei%C3%A7%C3%B5es_estaduais_no_Par%C3%A1_em_2018,1.0,2.0,DOXA (7 de setembro),DOXA,,,nao_identificado,Benedita (PSTU),1.9,"1,9%",Senado Federal | Votos Válidos | Votos totais | 2° turno | Senado Federal[editar | editar código],wikipedia,,,,,,benedita pstu,Benedita (PSTU),Benedita do Amaral (PSTU),0.005449065162017,False,11.0
2018,PA,Eleições estaduais no Pará em 2018,https://pt.wikipedia.org/wiki/Elei%C3%A7%C3%B5es_estaduais_no_Par%C3%A1_em_2018,1.0,3.0,DOXA (17 de setembro),DOXA,,,nao_identificado,Benedita (PSTU),0.0,"0,0%",Senado Federal | Votos Válidos | Votos totais | 2° turno | Senado Federal[editar | editar código],wikipedia,,,,,,benedita pstu,Benedita (PSTU),Benedita do Amaral (PSTU),0.005449065162017,False,11.0
2018,PA,Eleições estaduais no Pará em 2018,https://pt.wikipedia.org/wiki/Elei%C3%A7%C3%B5es_estaduais_no_Par%C3%A1_em_2018,1.0,4.0,IBOPE (18 de setembro),IBOPE,,,duas_mencoes_agregadas,Benedita (PSTU),0.0,0%,Senado Federal | Votos Válidos | Votos totais | 2° turno | Senado Federal[editar | editar código],wikipedia,,,,,,benedita pstu,Benedita (PSTU),Benedita do Amaral (PSTU),0.005449065162017,False,11.0
2018,PA,Eleições estaduais no Pará em 2018,https://pt.wikipedia.org/wiki/Elei%C3%A7%C3%B5es_estaduais_no_Par%C3%A1_em_2018,1.0,5.0,Real Time BigData (20 de setembro),Real Time BigData,,,duas_mencoes_agregadas,Benedita (PSTU),0.0,0%,Senado Federal | Votos Válidos | Votos totais | 2° turno | Senado Federal[editar | editar código],wikipedia,,,,,,benedita pstu,Benedita (PSTU),Benedita do Amaral (PSTU),0.005449065162017,False,11.0
2018,PA,Eleições estaduais no Pará em 2018,https://pt.wikipedia.org/wiki/Elei%C3%A7%C3%B5es_estaduais_no_Par%C3%A1_em_2018,1.0,6.0,Real Time BigData (2 de outubro),Real Time BigData,,,duas_mencoes_agregadas,Benedita (PSTU),0.0,0%,Senado Federal | Votos Válidos | Votos totais | 2° turno | Senado Federal[editar | editar código],wikipedia,,,,,,benedita pstu,Benedita (PSTU),Benedita do Amaral (PSTU),0.005449065162017,False,11.0
2018,PA,Eleições estaduais no Pará em 2018,https://pt.wikipedia.org/wiki/Elei%C3%A7%C3%B5es_estaduais_no_Par%C3%A1_em_2018,1.0,7.0,DOXA (6 de outubro),DOXA,,,nao_identificado,Benedita (PSTU),1.6,"1,6%",Senado Federal | Votos Válidos | Votos totais | 2° turno | Senado Federal[editar | editar código],wikipedia,,,,,,benedita pstu,Benedita (PSTU),Benedita do Amaral (PSTU),0.005449065162017,False,11.0
2018,PA,Eleições estaduais no Pará em 2018,https://pt.wikipedia.org/wiki/Elei%C3%A7%C3%B5es_estaduais_no_Par%C3%A1_em_2018,1.0,8.0,IBOPE (6 de outubro),IBOPE,,,duas_mencoes_agregadas,Benedita (PSTU),1.0,1%,Senado Federal | Votos Válidos | Votos totais | 2° turno | Senado Federal[editar | editar código],wikipedia,,,,,,benedita pstu,Benedita (PSTU),Benedita do Amaral (PSTU),0.005449065162017,False,11.0
2018,PA,Eleições estaduais no Pará em 2018,https://pt.wikipedia.org/wiki/Elei%C3%A7%C3%B5es_estaduais_no_Par%C3%A1_em_2018,1.0,1.0,IBOPE (20 de agosto),IBOPE,,,duas_mencoes_agregadas,Anivaldo (PR) Impugnado,3.0,3%,Senado Federal | Votos Válidos | Votos totais | 2° turno | Senado Federal[editar | editar código],wikipedia,,,,,,anivaldo pr impugnado,Anivaldo (PR) Impugnado,Anivaldo Vale (PR),4.2812758259044875e-07,False,13.0
2018,PA,Eleições estaduais no Pará em 2018,https://pt.wikipedia.org/wiki/Elei%C3%A7%C3%B5es_estaduais_no_Par%C3%A1_em_2018,1.0,2.0,DOXA (7 de setembro),DOXA,,,nao_identificado,Anivaldo (PR) Impugnado,0.6,"0,6%",Senado Federal | Votos Válidos | Votos totais | 2° turno | Senado Federal[editar | editar código],wikipedia,,,,,,anivaldo pr impugnado,Anivaldo (PR) Impugnado,Anivaldo Vale (PR),4.2812758259044875e-07,False,13.0
2018,PA,Eleições estaduais no Pará em 2018,https://pt.wikipedia.org/wiki/Elei%C3%A7%C3%B5es_estaduais_no_Par%C3%A1_em_2018,1.0,3.0,DOXA (17 de setembro),DOXA,,,nao_identificado,Anivaldo (PR) Impugnado,1.1,"1,1%",Senado Federal | Votos Válidos | Votos totais | 2° turno | Senado Federal[editar | editar código],wikipedia,,,,,,anivaldo pr impugnado,Anivaldo (PR) Impugnado,Anivaldo Vale (PR),4.2812758259044875e-07,False,13.0
2018,PA,Eleições estaduais no Pará em 2018,https://pt.wikipedia.org/wiki/Elei%C3%A7%C3%B5es_estaduais_no_Par%C3%A1_em_2018,1.0,4.0,IBOPE (18 de setembro),IBOPE,,,duas_mencoes_agregadas,Anivaldo (PR) Impugnado,2.0,2%,Senado Federal | Votos Válidos | Votos totais | 2° turno | Senado Federal[editar | editar código],wikipedia,,,,,,anivaldo pr impugnado,Anivaldo (PR) Impugnado,Anivaldo Vale (PR),4.2812758259044875e-07,False,13.0
2018,PA,Eleições estaduais no Pará em 2018,https://pt.wikipedia.org/wiki/Elei%C3%A7%C3%B5es_estaduais_no_Par%C3%A1_em_2018,1.0,5.0,Real Time BigData (20 de setembro),Real Time BigData,,,duas_mencoes_agregadas,Anivaldo (PR) Impugnado,2.0,2%,Senado Federal | Votos Válidos | Votos totais | 2° turno | Senado Federal[editar | editar código],wikipedia,,,,,,anivaldo pr impugnado,Anivaldo (PR) Impugnado,Anivaldo Vale (PR),4.2812758259044875e-07,False,13.0
2018,PA,Eleições estaduais no Pará em 2018,https://pt.wikipedia.org/wiki/Elei%C3%A7%C3%B5es_estaduais_no_Par%C3%A1_em_2018,1.0,6.0,Real Time BigData (2 de outubro),Real Time BigData,,,duas_mencoes_agregadas,Anivaldo (PR) Impugnado,2.0,2%,Senado Federal | Votos Válidos | Votos totais | 2° turno | Senado Federal[editar | editar código],wikipedia,,,,,,anivaldo pr impugnado,Anivaldo (PR) Impugnado,Anivaldo Vale (PR),4.2812758259044875e-07,False,13.0
2018,PA,Eleições estaduais no Pará em 2018,https://pt.wikipedia.org/wiki/Elei%C3%A7%C3%B5es_estaduais_no_Par%C3%A1_em_2018,1.0,7.0,DOXA (6 de outubro),DOXA,,,nao_identificado,Anivaldo (PR) Impugnado,0.0,"0,0%",Senado Federal | Votos Válidos | Votos totais | 2° turno | Senado Federal[editar | editar código],wikipedia,,,,,,anivaldo pr impugnado,Anivaldo (PR) Impugnado,Anivaldo Vale (PR),4.2812758259044875e-07,False,13.0
2018,PA,Eleições estaduais no Pará em 2018,https://pt.wikipedia.org/wiki/Elei%C3%A7%C3%B5es_estaduais_no_Par%C3%A1_em_2018,1.0,8.0,IBOPE (6 de outubro),IBOPE,,,duas_mencoes_agregadas,Anivaldo (PR) Impugnado,0.0,0%,Senado Federal | Votos Válidos | Votos totais | 2° turno | Senado Federal[editar | editar código],wikipedia,,,,,,anivaldo pr impugnado,Anivaldo (PR) Impugnado,Anivaldo Vale (PR),4.2812758259044875e-07,False,13.0
2018,PA,Eleições estaduais no Pará em 2018,https://pt.wikipedia.org/wiki/Elei%C3%A7%C3%B5es_estaduais_no_Par%C3%A1_em_2018,1.0,1.0,IBOPE (20 de agosto),IBOPE,,,duas_mencoes_agregadas,Bogo (PRP),0.0,0%,Senado Federal | Votos Válidos | Votos totais | 2° turno | Senado Federal[editar | editar código],wikipedia,,,,,,bogo prp,Bogo (PRP),Elléri Bogo (PRP),0.0178276606666488,False,10.0
2018,PA,Eleições estaduais no Pará em 2018,https://pt.wikipedia.org/wiki/Elei%C3%A7%C3%B5es_estaduais_no_Par%C3%A1_em_2018,1.0,2.0,DOXA (7 de setembro),DOXA,,,nao_identificado,Bogo (PRP),2.3,"2,3%",Senado Federal | Votos Válidos | Votos totais | 2° turno | Senado Federal[editar | editar código],wikipedia,,,,,,bogo prp,Bogo (PRP),Elléri Bogo (PRP),0.0178276606666488,False,10.0
2018,PA,Eleições estaduais no Pará em 2018,https://pt.wikipedia.org/wiki/Elei%C3%A7%C3%B5es_estaduais_no_Par%C3%A1_em_2018,1.0,3.0,DOXA (17 de setembro),DOXA,,,nao_identificado,Bogo (PRP),2.1,"2,1%",Senado Federal | Votos Válidos | Votos totais | 2° turno | Senado Federal[editar | editar código],wikipedia,,,,,,bogo prp,Bogo (PRP),Elléri Bogo (PRP),0.0178276606666488,False,10.0
2018,PA,Eleições estaduais no Pará em 2018,https://pt.wikipedia.org/wiki/Elei%C3%A7%C3%B5es_estaduais_no_Par%C3%A1_em_2018,1.0,4.0,IBOPE (18 de setembro),IBOPE,,,duas_mencoes_agregadas,Bogo (PRP),1.0,1%,Senado Federal | Votos Válidos | Votos totais | 2° turno | Senado Federal[editar | editar código],wikipedia,,,,,,bogo prp,Bogo (PRP),Elléri Bogo (PRP),0.0178276606666488,False,10.0
2018,PA,Eleições estaduais no Pará em 2018,https://pt.wikipedia.org/wiki/Elei%C3%A7%C3%B5es_estaduais_no_Par%C3%A1_em_2018,1.0,5.0,Real Time BigData (20 de setembro),Real Time BigData,,,duas_mencoes_agregadas,Bogo (PRP),0.0,0%,Senado Federal | Votos Válidos | Votos totais | 2° turno | Senado Federal[editar | editar código],wikipedia,,,,,,bogo prp,Bogo (PRP),Elléri Bogo (PRP),0.0178276606666488,False,10.0
2018,PA,Eleições estaduais no Pará em 2018,https://pt.wikipedia.org/wiki/Elei%C3%A7%C3%B5es_estaduais_no_Par%C3%A1_em_2018,1.0,6.0,Real Time BigData (2 de outubro),Real Time BigData,,,duas_mencoes_agregadas,Bogo (PRP),0.0,0%,Senado Federal | Votos Válidos | Votos totais | 2° turno | Senado Federal[editar | editar código],wikipedia,,,,,,bogo prp,Bogo (PRP),Elléri Bogo (PRP),0.0178276606666488,False,10.0
2018,PA,Eleições estaduais no Pará em 2018,https://pt.wikipedia.org/wiki/Elei%C3%A7%C3%B5es_estaduais_no_Par%C3%A1_em_2018,1.0,7.0,DOXA (6 de outubro),DOXA,,,nao_identificado,Bogo (PRP),2.2,"2,2%",Senado Federal | Votos Válidos | Votos totais | 2° turno | Senado Federal[editar | editar código],wikipedia,,,,,,bogo prp,Bogo (PRP),Elléri Bogo (PRP),0.0178276606666488,False,10.0
2018,PA,Eleições estaduais no Pará em 2018,https://pt.wikipedia.org/wiki/Elei%C3%A7%C3%B5es_estaduais_no_Par%C3%A1_em_2018,1.0,8.0,IBOPE (6 de outubro),IBOPE,,,duas_mencoes_agregadas,Bogo (PRP),2.0,2%,Senado Federal | Votos Válidos | Votos totais | 2° turno | Senado Federal[editar | editar código],wikipedia,,,,,,bogo prp,Bogo (PRP),Elléri Bogo (PRP),0.0178276606666488,False,10.0
2018,PA,Eleições estaduais no Pará em 2018,https://pt.wikipedia.org/wiki/Elei%C3%A7%C3%B5es_estaduais_no_Par%C3%A1_em_2018,1.0,1.0,IBOPE (20 de agosto),IBOPE,,,duas_mencoes_agregadas,Ibanês (PTC) Impugnado,1.0,1%,Senado Federal | Votos Válidos | Votos totais | 2° turno | Senado Federal[editar | editar código],wikipedia,,,,,,ibanes ptc impugnado,Ibanês (PTC) Impugnado,Ibanês Taveira (PTC),4.2812758259044875e-07,False,15.0
2018,PA,Eleições estaduais no Pará em 2018,https://pt.wikipedia.org/wiki/Elei%C3%A7%C3%B5es_estaduais_no_Par%C3%A1_em_2018,1.0,2.0,DOXA (7 de setembro),DOXA,,,nao_identificado,Ibanês (PTC) Impugnado,2.3,"2,3%",Senado Federal | Votos Válidos | Votos totais | 2° turno | Senado Federal[editar | editar código],wikipedia,,,,,,ibanes ptc impugnado,Ibanês (PTC) Impugnado,Ibanês Taveira (PTC),4.2812758259044875e-07,False,15.0
2018,PA,Eleições estaduais no Pará em 2018,https://pt.wikipedia.org/wiki/Elei%C3%A7%C3%B5es_estaduais_no_Par%C3%A1_em_2018,1.0,3.0,DOXA (17 de setembro),DOXA,,,nao_identificado,Ibanês (PTC) Impugnado,1.2,"1,2%",Senado Federal | Votos Válidos | Votos totais | 2° turno | Senado Federal[editar | editar código],wikipedia,,,,,,ibanes ptc impugnado,Ibanês (PTC) Impugnado,Ibanês Taveira (PTC),4.2812758259044875e-07,False,15.0
2018,PA,Eleições estaduais no Pará em 2018,https://pt.wikipedia.org/wiki/Elei%C3%A7%C3%B5es_estaduais_no_Par%C3%A1_em_2018,1.0,4.0,IBOPE (18 de setembro),IBOPE,,,duas_mencoes_agregadas,Ibanês (PTC) Impugnado,1.0,1%,Senado Federal | Votos Válidos | Votos totais | 2° turno | Senado Federal[editar | editar código],wikipedia,,,,,,ibanes ptc impugnado,Ibanês (PTC) Impugnado,Ibanês Taveira (PTC),4.2812758259044875e-07,False,15.0
2018,PA,Eleições estaduais no Pará em 2018,https://pt.wikipedia.org/wiki/Elei%C3%A7%C3%B5es_estaduais_no_Par%C3%A1_em_2018,1.0,5.0,Real Time BigData (20 de setembro),Real Time BigData,,,duas_mencoes_agregadas,Ibanês (PTC) Impugnado,0.0,0%,Senado Federal | Votos Válidos | Votos totais | 2° turno | Senado Federal[editar | editar código],wikipedia,,,,,,ibanes ptc impugnado,Ibanês (PTC) Impugnado,Ibanês Taveira (PTC),4.2812758259044875e-07,False,15.0
2018,PA,Eleições estaduais no Pará em 2018,https://pt.wikipedia.org/wiki/Elei%C3%A7%C3%B5es_estaduais_no_Par%C3%A1_em_2018,1.0,6.0,Real Time BigData (2 de outubro),Real Time BigData,,,duas_mencoes_agregadas,Ibanês (PTC) Impugnado,0.0,0%,Senado Federal | Votos Válidos | Votos totais | 2° turno | Senado Federal[editar | editar código],wikipedia,,,,,,ibanes ptc impugnado,Ibanês (PTC) Impugnado,Ibanês Taveira (PTC),4.2812758259044875e-07,False,15.0
2018,PA,Eleições estaduais no Pará em 2018,https://pt.wikipedia.org/wiki/Elei%C3%A7%C3%B5es_estaduais_no_Par%C3%A1_em_2018,1.0,7.0,DOXA (6 de outubro),DOXA,,,nao_identificado,Ibanês (PTC) Impugnado,0.0,"0,0%",Senado Federal | Votos Válidos | Votos totais | 2° turno | Senado Federal[editar | editar código],wikipedia,,,,,,ibanes ptc impugnado,Ibanês (PTC) Impugnado,Ibanês Taveira (PTC),4.2812758259044875e-07,False,15.0
2018,PA,Eleições estaduais no Pará em 2018,https://pt.wikipedia.org/wiki/Elei%C3%A7%C3%B5es_estaduais_no_Par%C3%A1_em_2018,1.0,8.0,IBOPE (6 de outubro),IBOPE,,,duas_mencoes_agregadas,Ibanês (PTC) Impugnado,1.0,1%,Senado Federal | Votos Válidos | Votos totais | 2° turno | Senado Federal[editar | editar código],wikipedia,,,,,,ibanes ptc impugnado,Ibanês (PTC) Impugnado,Ibanês Taveira (PTC),4.2812758259044875e-07,False,15.0
2018,PA,Eleições estaduais no Pará em 2018,https://pt.wikipedia.org/wiki/Elei%C3%A7%C3%B5es_estaduais_no_Par%C3%A1_em_2018,1.0,1.0,IBOPE (20 de agosto),IBOPE,,,duas_mencoes_agregadas,Xaropinho (PPL),1.0,1%,Senado Federal | Votos Válidos | Votos totais | 2° turno | Senado Federal[editar | editar código],wikipedia,,,,,,xaropinho ppl,Xaropinho (PPL),Xaropinho do Povo (PPL),0.0031390314355531,False,12.0
2018,PA,Eleições estaduais no Pará em 2018,https://pt.wikipedia.org/wiki/Elei%C3%A7%C3%B5es_estaduais_no_Par%C3%A1_em_2018,1.0,2.0,DOXA (7 de setembro),DOXA,,,nao_identificado,Xaropinho (PPL),0.9,"0,9%",Senado Federal | Votos Válidos | Votos totais | 2° turno | Senado Federal[editar | editar código],wikipedia,,,,,,xaropinho ppl,Xaropinho (PPL),Xaropinho do Povo (PPL),0.0031390314355531,False,12.0
2018,PA,Eleições estaduais no Pará em 2018,https://pt.wikipedia.org/wiki/Elei%C3%A7%C3%B5es_estaduais_no_Par%C3%A1_em_2018,1.0,3.0,DOXA (17 de setembro),DOXA,,,nao_identificado,Xaropinho (PPL),1.2,"1,2%",Senado Federal | Votos Válidos | Votos totais | 2° turno | Senado Federal[editar | editar código],wikipedia,,,,,,xaropinho ppl,Xaropinho (PPL),Xaropinho do Povo (PPL),0.0031390314355531,False,12.0
2018,PA,Eleições estaduais no Pará em 2018,https://pt.wikipedia.org/wiki/Elei%C3%A7%C3%B5es_estaduais_no_Par%C3%A1_em_2018,1.0,4.0,IBOPE (18 de setembro),IBOPE,,,duas_mencoes_agregadas,Xaropinho (PPL),0.0,0%,Senado Federal | Votos Válidos | Votos totais | 2° turno | Senado Federal[editar | editar código],wikipedia,,,,,,xaropinho ppl,Xaropinho (PPL),Xaropinho do Povo (PPL),0.0031390314355531,False,12.0
2018,PA,Eleições estaduais no Pará em 2018,https://pt.wikipedia.org/wiki/Elei%C3%A7%C3%B5es_estaduais_no_Par%C3%A1_em_2018,1.0,5.0,Real Time BigData (20 de setembro),Real Time BigData,,,duas_mencoes_agregadas,Xaropinho (PPL),0.0,0%,Senado Federal | Votos Válidos | Votos totais | 2° turno | Senado Federal[editar | editar código],wikipedia,,,,,,xaropinho ppl,Xaropinho (PPL),Xaropinho do Povo (PPL),0.0031390314355531,False,12.0
2018,PA,Eleições estaduais no Pará em 2018,https://pt.wikipedia.org/wiki/Elei%C3%A7%C3%B5es_estaduais_no_Par%C3%A1_em_2018,1.0,6.0,Real Time BigData (2 de outubro),Real Time BigData,,,duas_mencoes_agregadas,Xaropinho (PPL),0.0,0%,Senado Federal | Votos Válidos | Votos totais | 2° turno | Senado Federal[editar | editar código],wikipedia,,,,,,xaropinho ppl,Xaropinho (PPL),Xaropinho do Povo (PPL),0.0031390314355531,False,12.0
2018,PA,Eleições estaduais no Pará em 2018,https://pt.wikipedia.org/wiki/Elei%C3%A7%C3%B5es_estaduais_no_Par%C3%A1_em_2018,1.0,7.0,DOXA (6 de outubro),DOXA,,,nao_identificado,Xaropinho (PPL),1.1,"1,1%",Senado Federal | Votos Válidos | Votos totais | 2° turno | Senado Federal[editar | editar código],wikipedia,,,,,,xaropinho ppl,Xaropinho (PPL),Xaropinho do Povo (PPL),0.0031390314355531,False,12.0
2018,PA,Eleições estaduais no Pará em 2018,https://pt.wikipedia.org/wiki/Elei%C3%A7%C3%B5es_estaduais_no_Par%C3%A1_em_2018,1.0,8.0,IBOPE (6 de outubro),IBOPE,,,duas_mencoes_agregadas,Xaropinho (PPL),1.0,1%,Senado Federal | Votos Válidos | Votos totais | 2° turno | Senado Federal[editar | editar código],wikipedia,,,,,,xaropinho ppl,Xaropinho (PPL),Xaropinho do Povo (PPL),0.0031390314355531,False,12.0
2018,PA,Eleições estaduais no Pará em 2018,https://pt.wikipedia.org/wiki/Elei%C3%A7%C3%B5es_estaduais_no_Par%C3%A1_em_2018,1.0,2.0,DOXA (7 de setembro),DOXA,,,nao_identificado,Francisco (PRB) Impugnado,1.1,"1,1%",Senado Federal | Votos Válidos | Votos totais | 2° turno | Senado Federal[editar | editar código],wikipedia,,,,,,francisco prb impugnado,Francisco (PRB) Impugnado,Francisco Alves (PRB),4.2812758259044875e-07,False,14.0
2018,PA,Eleições estaduais no Pará em 2018,https://pt.wikipedia.org/wiki/Elei%C3%A7%C3%B5es_estaduais_no_Par%C3%A1_em_2018,1.0,3.0,DOXA (17 de setembro),DOXA,,,nao_identificado,Francisco (PRB) Impugnado,1.5,"1,5%",Senado Federal | Votos Válidos | Votos totais | 2° turno | Senado Federal[editar | editar código],wikipedia,,,,,,francisco prb impugnado,Francisco (PRB) Impugnado,Francisco Alves (PRB),4.2812758259044875e-07,False,14.0
2018,PA,Eleições estaduais no Pará em 2018,https://pt.wikipedia.org/wiki/Elei%C3%A7%C3%B5es_estaduais_no_Par%C3%A1_em_2018,1.0,4.0,IBOPE (18 de setembro),IBOPE,,,duas_mencoes_agregadas,Francisco (PRB) Impugnado,3.0,3%,Senado Federal | Votos Válidos | Votos totais | 2° turno | Senado Federal[editar | editar código],wikipedia,,,,,,francisco prb impugnado,Francisco (PRB) Impugnado,Francisco Alves (PRB),4.2812758259044875e-07,False,14.0
2018,PA,Eleições estaduais no Pará em 2018,https://pt.wikipedia.org/wiki/Elei%C3%A7%C3%B5es_estaduais_no_Par%C3%A1_em_2018,1.0,5.0,Real Time BigData (20 de setembro),Real Time BigData,,,duas_mencoes_agregadas,Francisco (PRB) Impugnado,0.0,0%,Senado Federal | Votos Válidos | Votos totais | 2° turno | Senado Federal[editar | editar código],wikipedia,,,,,,francisco prb impugnado,Francisco (PRB) Impugnado,Francisco Alves (PRB),4.2812758259044875e-07,False,14.0
2018,PA,Eleições estaduais no Pará em 2018,https://pt.wikipedia.org/wiki/Elei%C3%A7%C3%B5es_estaduais_no_Par%C3%A1_em_2018,1.0,6.0,Real Time BigData (2 de outubro),Real Time BigData,,,duas_mencoes_agregadas,Francisco (PRB) Impugnado,2.0,2%,Senado Federal | Votos Válidos | Votos totais | 2° turno | Senado Federal[editar | editar código],wikipedia,,,,,,francisco prb impugnado,Francisco (PRB) Impugnado,Francisco Alves (PRB),4.2812758259044875e-07,False,14.0
2018,PA,Eleições estaduais no Pará em 2018,https://pt.wikipedia.org/wiki/Elei%C3%A7%C3%B5es_estaduais_no_Par%C3%A1_em_2018,1.0,7.0,DOXA (6 de outubro),DOXA,,,nao_identificado,Francisco (PRB) Impugnado,0.0,"0,0%",Senado Federal | Votos Válidos | Votos totais | 2° turno | Senado Federal[editar | editar código],wikipedia,,,,,,francisco prb impugnado,Francisco (PRB) Impugnado,Francisco Alves (PRB),4.2812758259044875e-07,False,14.0
2018,PA,Eleições estaduais no Pará em 2018,https://pt.wikipedia.org/wiki/Elei%C3%A7%C3%B5es_estaduais_no_Par%C3%A1_em_2018,1.0,8.0,IBOPE (6 de outubro),IBOPE,,,duas_mencoes_agregadas,Francisco (PRB) Impugnado,2.0,2%,Senado Federal | Votos Válidos | Votos totais | 2° turno | Senado Federal[editar | editar código],wikipedia,,,,,,francisco prb impugnado,Francisco (PRB) Impugnado,Francisco Alves (PRB),4.2812758259044875e-07,False,14.0
2018,PA,Eleições estaduais no Pará em 2018,https://pt.wikipedia.org/wiki/Elei%C3%A7%C3%B5es_estaduais_no_Par%C3%A1_em_2018,1.0,2.0,DOXA (7 de setembro),DOXA,,,nao_identificado,Prado Sá (PSB) Impugnado,0.6,"0,6%",Senado Federal | Votos Válidos | Votos totais | 2° turno | Senado Federal[editar | editar código],wikipedia,,,,,,prado sa psb impugnado,Prado Sá (PSB) Impugnado,Prado Sá (PSB),1.4270919419681626e-07,False,17.0
2018,PA,Eleições estaduais no Pará em 2018,https://pt.wikipedia.org/wiki/Elei%C3%A7%C3%B5es_estaduais_no_Par%C3%A1_em_2018,1.0,3.0,DOXA (17 de setembro),DOXA,,,nao_identificado,Prado Sá (PSB) Impugnado,0.0,"0,0%",Senado Federal | Votos Válidos | Votos totais | 2° turno | Senado Federal[editar | editar código],wikipedia,,,,,,prado sa psb impugnado,Prado Sá (PSB) Impugnado,Prado Sá (PSB),1.4270919419681626e-07,False,17.0
2018,PA,Eleições estaduais no Pará em 2018,https://pt.wikipedia.org/wiki/Elei%C3%A7%C3%B5es_estaduais_no_Par%C3%A1_em_2018,1.0,4.0,IBOPE (18 de setembro),IBOPE,,,duas_mencoes_agregadas,Prado Sá (PSB) Impugnado,0.0,0%,Senado Federal | Votos Válidos | Votos totais | 2° turno | Senado Federal[editar | editar código],wikipedia,,,,,,prado sa psb impugnado,Prado Sá (PSB) Impugnado,Prado Sá (PSB),1.4270919419681626e-07,False,17.0
2018,PA,Eleições estaduais no Pará em 2018,https://pt.wikipedia.org/wiki/Elei%C3%A7%C3%B5es_estaduais_no_Par%C3%A1_em_2018,1.0,5.0,Real Time BigData (20 de setembro),Real Time BigData,,,duas_mencoes_agregadas,Prado Sá (PSB) Impugnado,0.0,0%,Senado Federal | Votos Válidos | Votos totais | 2° turno | Senado Federal[editar | editar código],wikipedia,,,,,,prado sa psb impugnado,Prado Sá (PSB) Impugnado,Prado Sá (PSB),1.4270919419681626e-07,False,17.0
2018,PA,Eleições estaduais no Pará em 2018,https://pt.wikipedia.org/wiki/Elei%C3%A7%C3%B5es_estaduais_no_Par%C3%A1_em_2018,1.0,6.0,Real Time BigData (2 de outubro),Real Time BigData,,,duas_mencoes_agregadas,Prado Sá (PSB) Impugnado,0.0,0%,Senado Federal | Votos Válidos | Votos totais | 2° turno | Senado Federal[editar | editar código],wikipedia,,,,,,prado sa psb impugnado,Prado Sá (PSB) Impugnado,Prado Sá (PSB),1.4270919419681626e-07,False,17.0
2018,PA,Eleições estaduais no Pará em 2018,https://pt.wikipedia.org/wiki/Elei%C3%A7%C3%B5es_estaduais_no_Par%C3%A1_em_2018,1.0,7.0,DOXA (6 de outubro),DOXA,,,nao_identificado,Prado Sá (PSB) Impugnado,0.0,"0,0%",Senado Federal | Votos Válidos | Votos totais | 2° turno | Senado Federal[editar | editar código],wikipedia,,,,,,prado sa psb impugnado,Prado Sá (PSB) Impugnado,Prado Sá (PSB),1.4270919419681626e-07,False,17.0
2018,PA,Eleições estaduais no Pará em 2018,https://pt.wikipedia.org/wiki/Elei%C3%A7%C3%B5es_estaduais_no_Par%C3%A1_em_2018,1.0,8.0,IBOPE (6 de outubro),IBOPE,,,duas_mencoes_agregadas,Prado Sá (PSB) Impugnado,1.0,1%,Senado Federal | Votos Válidos | Votos totais | 2° turno | Senado Federal[editar | editar código],wikipedia,,,,,,prado sa psb impugnado,Prado Sá (PSB) Impugnado,Prado Sá (PSB),1.4270919419681626e-07,False,17.0
2018,PA,Eleições estaduais no Pará em 2018,https://pt.wikipedia.org/wiki/Elei%C3%A7%C3%B5es_estaduais_no_Par%C3%A1_em_2018,1.0,1.0,IBOPE (20 de agosto),IBOPE,,,duas_mencoes_agregadas,Margem de erro,3.0,±3%,Senado Federal | Votos Válidos | Votos totais | 2° turno | Senado Federal[editar | editar código],wikipedia,,,,,,margem de erro,Margem de erro,,,,
2018,PA,Eleições estaduais no Pará em 2018,https://pt.wikipedia.org/wiki/Elei%C3%A7%C3%B5es_estaduais_no_Par%C3%A1_em_2018,1.0,2.0,DOXA (7 de setembro),DOXA,,,nao_identificado,Margem de erro,2.25,"±2,25%",Senado Federal | Votos Válidos | Votos totais | 2° turno | Senado Federal[editar | editar código],wikipedia,,,,,,margem de erro,Margem de erro,,,,
2018,PA,Eleições estaduais no Pará em 2018,https://pt.wikipedia.org/wiki/Elei%C3%A7%C3%B5es_estaduais_no_Par%C3%A1_em_2018,1.0,3.0,DOXA (17 de setembro),DOXA,,,nao_identificado,Margem de erro,2.25,"±2,25%",Senado Federal | Votos Válidos | Votos totais | 2° turno | Senado Federal[editar | editar código],wikipedia,,,,,,margem de erro,Margem de erro,,,,
2018,PA,Eleições estaduais no Pará em 2018,https://pt.wikipedia.org/wiki/Elei%C3%A7%C3%B5es_estaduais_no_Par%C3%A1_em_2018,1.0,4.0,IBOPE (18 de setembro),IBOPE,,,duas_mencoes_agregadas,Margem de erro,3.0,±3%,Senado Federal | Votos Válidos | Votos totais | 2° turno | Senado Federal[editar | editar código],wikipedia,,,,,,margem de erro,Margem de erro,,,,
2018,PA,Eleições estaduais no Pará em 2018,https://pt.wikipedia.org/wiki/Elei%C3%A7%C3%B5es_estaduais_no_Par%C3%A1_em_2018,1.0,5.0,Real Time BigData (20 de setembro),Real Time BigData,,,duas_mencoes_agregadas,Margem de erro,3.0,±3%,Senado Federal | Votos Válidos | Votos totais | 2° turno | Senado Federal[editar | editar código],wikipedia,,,,,,margem de erro,Margem de erro,,,,
2018,PA,Eleições estaduais no Pará em 2018,https://pt.wikipedia.org/wiki/Elei%C3%A7%C3%B5es_estaduais_no_Par%C3%A1_em_2018,1.0,6.0,Real Time BigData (2 de outubro),Real Time BigData,,,duas_mencoes_agregadas,Margem de erro,3.0,±3%,Senado Federal | Votos Válidos | Votos totais | 2° turno | Senado Federal[editar | editar código],wikipedia,,,,,,margem de erro,Margem de erro,,,,
2018,PA,Eleições estaduais no Pará em 2018,https://pt.wikipedia.org/wiki/Elei%C3%A7%C3%B5es_estaduais_no_Par%C3%A1_em_2018,1.0,7.0,DOXA (6 de outubro),DOXA,,,nao_identificado,Margem de erro,2.25,"±2,25%",Senado Federal | Votos Válidos | Votos totais | 2° turno | Senado Federal[editar | editar código],wikipedia,,,,,,margem de erro,Margem de erro,,,,
2018,PA,Eleições estaduais no Pará em 2018,https://pt.wikipedia.org/wiki/Elei%C3%A7%C3%B5es_estaduais_no_Par%C3%A1_em_2018,1.0,8.0,IBOPE (6 de outubro),IBOPE,,,duas_mencoes_agregadas,Margem de erro,3.0,±3%,Senado Federal | Votos Válidos | Votos totais | 2° turno | Senado Federal[editar | editar código],wikipedia,,,,,,margem de erro,Margem de erro,,,,
2018,PB,Eleições estaduais na Paraíba em 2018,https://pt.wikipedia.org/wiki/Elei%C3%A7%C3%B5es_estaduais_na_Para%C3%ADba_em_2018,1.0,1.0,16/09 a 18/09/2018,Ibope,±3%,3.0,duas_mencoes_agregadas,Cássio (PSDB),40.0,40%,"Senado Federal | Governo do Estado | Primeiro turno | Pesquisas de intenção de voto | Levando em conta que para o senado o eleitor irá votar duas vezes, as pesquisas possuem um universo de 200% | Senado Federal[editar | editar código]",wikipedia,,,,,,cassio psdb,Cássio (PSDB),Cássio Cunha Lima PSDB,0.2213518392275288,False,3.0
2018,PB,Eleições estaduais na Paraíba em 2018,https://pt.wikipedia.org/wiki/Elei%C3%A7%C3%B5es_estaduais_na_Para%C3%ADba_em_2018,1.0,1.0,16/09 a 18/09/2018,Ibope,±3%,3.0,duas_mencoes_agregadas,Veneziano (PSB),34.0,34%,"Senado Federal | Governo do Estado | Primeiro turno | Pesquisas de intenção de voto | Levando em conta que para o senado o eleitor irá votar duas vezes, as pesquisas possuem um universo de 200% | Senado Federal[editar | editar código]",wikipedia,,,,,,veneziano psb,Veneziano (PSB),Veneziano Vital[nota 4] PSB,0.3109621877259188,True,1.0
2018,PB,Eleições estaduais na Paraíba em 2018,https://pt.wikipedia.org/wiki/Elei%C3%A7%C3%B5es_estaduais_na_Para%C3%ADba_em_2018,1.0,1.0,16/09 a 18/09/2018,Ibope,±3%,3.0,duas_mencoes_agregadas,Couto (PT),26.0,26%,"Senado Federal | Governo do Estado | Primeiro turno | Pesquisas de intenção de voto | Levando em conta que para o senado o eleitor irá votar duas vezes, as pesquisas possuem um universo de 200% | Senado Federal[editar | editar código]",wikipedia,,,,,,couto pt,Couto (PT),Luiz Couto PT,0.0291686482491154,False,6.0
2018,PB,Eleições estaduais na Paraíba em 2018,https://pt.wikipedia.org/wiki/Elei%C3%A7%C3%B5es_estaduais_na_Para%C3%ADba_em_2018,1.0,1.0,16/09 a 18/09/2018,Ibope,±3%,3.0,duas_mencoes_agregadas,Daniella (PP),20.0,20%,"Senado Federal | Governo do Estado | Primeiro turno | Pesquisas de intenção de voto | Levando em conta que para o senado o eleitor irá votar duas vezes, as pesquisas possuem um universo de 200% | Senado Federal[editar | editar código]",wikipedia,,,,,,daniella pp,Daniella (PP),Daniella Ribeiro[nota 5] PP,0.3061456540399987,True,2.0
2018,PB,Eleições estaduais na Paraíba em 2018,https://pt.wikipedia.org/wiki/Elei%C3%A7%C3%B5es_estaduais_na_Para%C3%ADba_em_2018,1.0,1.0,16/09 a 18/09/2018,Ibope,±3%,3.0,duas_mencoes_agregadas,Paulino (MDB),12.0,12%,"Senado Federal | Governo do Estado | Primeiro turno | Pesquisas de intenção de voto | Levando em conta que para o senado o eleitor irá votar duas vezes, as pesquisas possuem um universo de 200% | Senado Federal[editar | editar código]",wikipedia,,,,,,paulino mdb,Paulino (MDB),Roberto Paulino MDB,0.0968084620809781,False,4.0
2018,PB,Eleições estaduais na Paraíba em 2018,https://pt.wikipedia.org/wiki/Elei%C3%A7%C3%B5es_estaduais_na_Para%C3%ADba_em_2018,1.0,1.0,16/09 a 18/09/2018,Ibope,±3%,3.0,duas_mencoes_agregadas,Nélson (PSOL),2.0,2%,"Senado Federal | Governo do Estado | Primeiro turno | Pesquisas de intenção de voto | Levando em conta que para o senado o eleitor irá votar duas vezes, as pesquisas possuem um universo de 200% | Senado Federal[editar | editar código]",wikipedia,,,,,,nelson psol,Nélson (PSOL),Nelson Júnior PSOL,0.0302401751547106,False,5.0
2018,PB,Eleições estaduais na Paraíba em 2018,https://pt.wikipedia.org/wiki/Elei%C3%A7%C3%B5es_estaduais_na_Para%C3%ADba_em_2018,1.0,1.0,16/09 a 18/09/2018,Ibope,±3%,3.0,duas_mencoes_agregadas,Nivaldo (PSOL),2.0,2%,"Senado Federal | Governo do Estado | Primeiro turno | Pesquisas de intenção de voto | Levando em conta que para o senado o eleitor irá votar duas vezes, as pesquisas possuem um universo de 200% | Senado Federal[editar | editar código]",wikipedia,,,,,,nivaldo psol,Nivaldo (PSOL),Nivaldo Mangueira PSOL,0.0053230335217493,False,7.0
2018,PR,Eleições estaduais no Paraná em 2018,https://pt.wikipedia.org/wiki/Elei%C3%A7%C3%B5es_estaduais_no_Paran%C3%A1_em_2018,1.0,1.0,22/08/2018,Ibope,±3%,3.0,duas_mencoes_agregadas,Requião (MDB),40.0,40%,Senador | Governo do Estado | Pesquisas de opinião | Deputados estaduais,wikipedia,,,,,,requiao mdb,Requião (MDB),Roberto Requião,0.0753822875687202,False,4.0
2018,PR,Eleições estaduais no Paraná em 2018,https://pt.wikipedia.org/wiki/Elei%C3%A7%C3%B5es_estaduais_no_Paran%C3%A1_em_2018,1.0,1.0,22/08/2018,Ibope,±3%,3.0,duas_mencoes_agregadas,Richa (PSDB),30.0,30%,Senador | Governo do Estado | Pesquisas de opinião | Deputados estaduais,wikipedia,,,,,,richa psdb,Richa (PSDB),Beto Richa,0.0186383717290538,False,7.0
2018,PR,Eleições estaduais no Paraná em 2018,https://pt.wikipedia.org/wiki/Elei%C3%A7%C3%B5es_estaduais_no_Paran%C3%A1_em_2018,1.0,1.0,22/08/2018,Ibope,±3%,3.0,duas_mencoes_agregadas,Arns (REDE),17.0,17%,Senador | Governo do Estado | Pesquisas de opinião | Deputados estaduais,wikipedia,,,,,,arns rede,Arns (REDE),Flávio Arns,0.1150120593627049,False,3.0
2018,PR,Eleições estaduais no Paraná em 2018,https://pt.wikipedia.org/wiki/Elei%C3%A7%C3%B5es_estaduais_no_Paran%C3%A1_em_2018,1.0,1.0,22/08/2018,Ibope,±3%,3.0,duas_mencoes_agregadas,Canziani (PTB),9.0,9%,Senador | Governo do Estado | Pesquisas de opinião | Deputados estaduais,wikipedia,,,,,,canziani ptb,Canziani (PTB),Alex Canziani,0.0643546960980422,False,5.0
2018,PR,Eleições estaduais no Paraná em 2018,https://pt.wikipedia.org/wiki/Elei%C3%A7%C3%B5es_estaduais_no_Paran%C3%A1_em_2018,1.0,1.0,22/08/2018,Ibope,±3%,3.0,duas_mencoes_agregadas,Mirian (PT),4.0,4%,Senador | Governo do Estado | Pesquisas de opinião | Deputados estaduais,wikipedia,,,,,,mirian pt,Mirian (PT),Mirian Gonçalves,0.0295924202744872,False,6.0
2018,PR,Eleições estaduais no Paraná em 2018,https://pt.wikipedia.org/wiki/Elei%C3%A7%C3%B5es_estaduais_no_Paran%C3%A1_em_2018,1.0,1.0,22/08/2018,Ibope,±3%,3.0,duas_mencoes_agregadas,Nelton (PDT),1.0,1%,Senador | Governo do Estado | Pesquisas de opinião | Deputados estaduais,wikipedia,,,,,,nelton pdt,Nelton (PDT),Nelton Friedrich,0.013280836213148,False,8.0
2018,PR,Eleições estaduais no Paraná em 2018,https://pt.wikipedia.org/wiki/Elei%C3%A7%C3%B5es_estaduais_no_Paran%C3%A1_em_2018,1.0,1.0,22/08/2018,Ibope,±3%,3.0,duas_mencoes_agregadas,Oriovisto (PODE),3.0,3%,Senador | Governo do Estado | Pesquisas de opinião | Deputados estaduais,wikipedia,,,,,,oriovisto pode,Oriovisto (PODE),Oriovisto Guimarães,0.1458645249546288,True,2.0
2018,PR,Eleições estaduais no Paraná em 2018,https://pt.wikipedia.org/wiki/Elei%C3%A7%C3%B5es_estaduais_no_Paran%C3%A1_em_2018,1.0,1.0,22/08/2018,Ibope,±3%,3.0,duas_mencoes_agregadas,NS / NR,39.0,39%,Senador | Governo do Estado | Pesquisas de opinião | Deputados estaduais,wikipedia,,,,,,ns / nr,NS / NR,,,,
2018,PR,Eleições estaduais no Paraná em 2018,https://pt.wikipedia.org/wiki/Elei%C3%A7%C3%B5es_estaduais_no_Paran%C3%A1_em_2018,1.0,2.0,04/09/2018,Ibope,±3%,3.0,duas_mencoes_agregadas,Requião (MDB),43.0,43%,Senador | Governo do Estado | Pesquisas de opinião | Deputados estaduais,wikipedia,,,,,,requiao mdb,Requião (MDB),Roberto Requião,0.0753822875687202,False,4.0
2018,PR,Eleições estaduais no Paraná em 2018,https://pt.wikipedia.org/wiki/Elei%C3%A7%C3%B5es_estaduais_no_Paran%C3%A1_em_2018,1.0,2.0,04/09/2018,Ibope,±3%,3.0,duas_mencoes_agregadas,Richa (PSDB),28.0,28%,Senador | Governo do Estado | Pesquisas de opinião | Deputados estaduais,wikipedia,,,,,,richa psdb,Richa (PSDB),Beto Richa,0.0186383717290538,False,7.0
2018,PR,Eleições estaduais no Paraná em 2018,https://pt.wikipedia.org/wiki/Elei%C3%A7%C3%B5es_estaduais_no_Paran%C3%A1_em_2018,1.0,2.0,04/09/2018,Ibope,±3%,3.0,duas_mencoes_agregadas,Arns (REDE),17.0,17%,Senador | Governo do Estado | Pesquisas de opinião | Deputados estaduais,wikipedia,,,,,,arns rede,Arns (REDE),Flávio Arns,0.1150120593627049,False,3.0
2018,PR,Eleições estaduais no Paraná em 2018,https://pt.wikipedia.org/wiki/Elei%C3%A7%C3%B5es_estaduais_no_Paran%C3%A1_em_2018,1.0,2.0,04/09/2018,Ibope,±3%,3.0,duas_mencoes_agregadas,Canziani (PTB),11.0,11%,Senador | Governo do Estado | Pesquisas de opinião | Deputados estaduais,wikipedia,,,,,,canziani ptb,Canziani (PTB),Alex Canziani,0.0643546960980422,False,5.0
2018,PR,Eleições estaduais no Paraná em 2018,https://pt.wikipedia.org/wiki/Elei%C3%A7%C3%B5es_estaduais_no_Paran%C3%A1_em_2018,1.0,2.0,04/09/2018,Ibope,±3%,3.0,duas_mencoes_agregadas,Pickler (PSL),4.0,4%,Senador | Governo do Estado | Pesquisas de opinião | Deputados estaduais,wikipedia,,,,,,pickler psl,Pickler (PSL),,,,
2018,PR,Eleições estaduais no Paraná em 2018,https://pt.wikipedia.org/wiki/Elei%C3%A7%C3%B5es_estaduais_no_Paran%C3%A1_em_2018,1.0,2.0,04/09/2018,Ibope,±3%,3.0,duas_mencoes_agregadas,Mirian (PT),3.0,3%,Senador | Governo do Estado | Pesquisas de opinião | Deputados estaduais,wikipedia,,,,,,mirian pt,Mirian (PT),Mirian Gonçalves,0.0295924202744872,False,6.0
2018,PR,Eleições estaduais no Paraná em 2018,https://pt.wikipedia.org/wiki/Elei%C3%A7%C3%B5es_estaduais_no_Paran%C3%A1_em_2018,1.0,2.0,04/09/2018,Ibope,±3%,3.0,duas_mencoes_agregadas,Nelton (PDT),3.0,3%,Senador | Governo do Estado | Pesquisas de opinião | Deputados estaduais,wikipedia,,,,,,nelton pdt,Nelton (PDT),Nelton Friedrich,0.013280836213148,False,8.0
2018,PR,Eleições estaduais no Paraná em 2018,https://pt.wikipedia.org/wiki/Elei%C3%A7%C3%B5es_estaduais_no_Paran%C3%A1_em_2018,1.0,2.0,04/09/2018,Ibope,±3%,3.0,duas_mencoes_agregadas,Oriovisto (PODE),3.0,3%,Senador | Governo do Estado | Pesquisas de opinião | Deputados estaduais,wikipedia,,,,,,oriovisto pode,Oriovisto (PODE),Oriovisto Guimarães,0.1458645249546288,True,2.0
2018,PR,Eleições estaduais no Paraná em 2018,https://pt.wikipedia.org/wiki/Elei%C3%A7%C3%B5es_estaduais_no_Paran%C3%A1_em_2018,1.0,2.0,04/09/2018,Ibope,±3%,3.0,duas_mencoes_agregadas,NS / NR,31.0,31%,Senador | Governo do Estado | Pesquisas de opinião | Deputados estaduais,wikipedia,,,,,,ns / nr,NS / NR,,,,
2018,PR,Eleições estaduais no Paraná em 2018,https://pt.wikipedia.org/wiki/Elei%C3%A7%C3%B5es_estaduais_no_Paran%C3%A1_em_2018,1.0,3.0,19/09/2018,Radar,±3%,3.0,duas_mencoes_agregadas,Requião (MDB),31.0,31%,Senador | Governo do Estado | Pesquisas de opinião | Deputados estaduais,wikipedia,,,,,,requiao mdb,Requião (MDB),Roberto Requião,0.0753822875687202,False,4.0
2018,PR,Eleições estaduais no Paraná em 2018,https://pt.wikipedia.org/wiki/Elei%C3%A7%C3%B5es_estaduais_no_Paran%C3%A1_em_2018,1.0,3.0,19/09/2018,Radar,±3%,3.0,duas_mencoes_agregadas,Richa (PSDB),13.0,13%,Senador | Governo do Estado | Pesquisas de opinião | Deputados estaduais,wikipedia,,,,,,richa psdb,Richa (PSDB),Beto Richa,0.0186383717290538,False,7.0
2018,PR,Eleições estaduais no Paraná em 2018,https://pt.wikipedia.org/wiki/Elei%C3%A7%C3%B5es_estaduais_no_Paran%C3%A1_em_2018,1.0,3.0,19/09/2018,Radar,±3%,3.0,duas_mencoes_agregadas,Arns (REDE),16.0,16%,Senador | Governo do Estado | Pesquisas de opinião | Deputados estaduais,wikipedia,,,,,,arns rede,Arns (REDE),Flávio Arns,0.1150120593627049,False,3.0
2018,PR,Eleições estaduais no Paraná em 2018,https://pt.wikipedia.org/wiki/Elei%C3%A7%C3%B5es_estaduais_no_Paran%C3%A1_em_2018,1.0,3.0,19/09/2018,Radar,±3%,3.0,duas_mencoes_agregadas,Canziani (PTB),13.0,13%,Senador | Governo do Estado | Pesquisas de opinião | Deputados estaduais,wikipedia,,,,,,canziani ptb,Canziani (PTB),Alex Canziani,0.0643546960980422,False,5.0
2018,PR,Eleições estaduais no Paraná em 2018,https://pt.wikipedia.org/wiki/Elei%C3%A7%C3%B5es_estaduais_no_Paran%C3%A1_em_2018,1.0,3.0,19/09/2018,Radar,±3%,3.0,duas_mencoes_agregadas,Mirian (PT),4.0,4%,Senador | Governo do Estado | Pesquisas de opinião | Deputados estaduais,wikipedia,,,,,,mirian pt,Mirian (PT),Mirian Gonçalves,0.0295924202744872,False,6.0
2018,PR,Eleições estaduais no Paraná em 2018,https://pt.wikipedia.org/wiki/Elei%C3%A7%C3%B5es_estaduais_no_Paran%C3%A1_em_2018,1.0,3.0,19/09/2018,Radar,±3%,3.0,duas_mencoes_agregadas,Nelton (PDT),2.0,2%,Senador | Governo do Estado | Pesquisas de opinião | Deputados estaduais,wikipedia,,,,,,nelton pdt,Nelton (PDT),Nelton Friedrich,0.013280836213148,False,8.0
2018,PR,Eleições estaduais no Paraná em 2018,https://pt.wikipedia.org/wiki/Elei%C3%A7%C3%B5es_estaduais_no_Paran%C3%A1_em_2018,1.0,3.0,19/09/2018,Radar,±3%,3.0,duas_mencoes_agregadas,Oriovisto (PODE),9.0,9%,Senador | Governo do Estado | Pesquisas de opinião | Deputados estaduais,wikipedia,,,,,,oriovisto pode,Oriovisto (PODE),Oriovisto Guimarães,0.1458645249546288,True,2.0
2018,PR,Eleições estaduais no Paraná em 2018,https://pt.wikipedia.org/wiki/Elei%C3%A7%C3%B5es_estaduais_no_Paran%C3%A1_em_2018,1.0,3.0,19/09/2018,Radar,±3%,3.0,duas_mencoes_agregadas,NS / NR,76.0,76%,Senador | Governo do Estado | Pesquisas de opinião | Deputados estaduais,wikipedia,,,,,,ns / nr,NS / NR,,,,
2018,PR,Eleições estaduais no Paraná em 2018,https://pt.wikipedia.org/wiki/Elei%C3%A7%C3%B5es_estaduais_no_Paran%C3%A1_em_2018,1.0,4.0,27/09/2018,Ibope,±3%,3.0,duas_mencoes_agregadas,Requião (MDB),39.0,39%,Senador | Governo do Estado | Pesquisas de opinião | Deputados estaduais,wikipedia,,,,,,requiao mdb,Requião (MDB),Roberto Requião,0.0753822875687202,False,4.0
2018,PR,Eleições estaduais no Paraná em 2018,https://pt.wikipedia.org/wiki/Elei%C3%A7%C3%B5es_estaduais_no_Paran%C3%A1_em_2018,1.0,4.0,27/09/2018,Ibope,±3%,3.0,duas_mencoes_agregadas,Richa (PSDB),17.0,17%,Senador | Governo do Estado | Pesquisas de opinião | Deputados estaduais,wikipedia,,,,,,richa psdb,Richa (PSDB),Beto Richa,0.0186383717290538,False,7.0
2018,PR,Eleições estaduais no Paraná em 2018,https://pt.wikipedia.org/wiki/Elei%C3%A7%C3%B5es_estaduais_no_Paran%C3%A1_em_2018,1.0,4.0,27/09/2018,Ibope,±3%,3.0,duas_mencoes_agregadas,Arns (REDE),16.0,16%,Senador | Governo do Estado | Pesquisas de opinião | Deputados estaduais,wikipedia,,,,,,arns rede,Arns (REDE),Flávio Arns,0.1150120593627049,False,3.0
2018,PR,Eleições estaduais no Paraná em 2018,https://pt.wikipedia.org/wiki/Elei%C3%A7%C3%B5es_estaduais_no_Paran%C3%A1_em_2018,1.0,4.0,27/09/2018,Ibope,±3%,3.0,duas_mencoes_agregadas,Canziani (PTB),14.0,14%,Senador | Governo do Estado | Pesquisas de opinião | Deputados estaduais,wikipedia,,,,,,canziani ptb,Canziani (PTB),Alex Canziani,0.0643546960980422,False,5.0
2018,PR,Eleições estaduais no Paraná em 2018,https://pt.wikipedia.org/wiki/Elei%C3%A7%C3%B5es_estaduais_no_Paran%C3%A1_em_2018,1.0,4.0,27/09/2018,Ibope,±3%,3.0,duas_mencoes_agregadas,Mirian (PT),7.0,7%,Senador | Governo do Estado | Pesquisas de opinião | Deputados estaduais,wikipedia,,,,,,mirian pt,Mirian (PT),Mirian Gonçalves,0.0295924202744872,False,6.0
2018,PR,Eleições estaduais no Paraná em 2018,https://pt.wikipedia.org/wiki/Elei%C3%A7%C3%B5es_estaduais_no_Paran%C3%A1_em_2018,1.0,4.0,27/09/2018,Ibope,±3%,3.0,duas_mencoes_agregadas,Nelton (PDT),3.0,3%,Senador | Governo do Estado | Pesquisas de opinião | Deputados estaduais,wikipedia,,,,,,nelton pdt,Nelton (PDT),Nelton Friedrich,0.013280836213148,False,8.0
2018,PR,Eleições estaduais no Paraná em 2018,https://pt.wikipedia.org/wiki/Elei%C3%A7%C3%B5es_estaduais_no_Paran%C3%A1_em_2018,1.0,4.0,27/09/2018,Ibope,±3%,3.0,duas_mencoes_agregadas,Oriovisto (PODE),15.0,15%,Senador | Governo do Estado | Pesquisas de opinião | Deputados estaduais,wikipedia,,,,,,oriovisto pode,Oriovisto (PODE),Oriovisto Guimarães,0.1458645249546288,True,2.0
2018,PR,Eleições estaduais no Paraná em 2018,https://pt.wikipedia.org/wiki/Elei%C3%A7%C3%B5es_estaduais_no_Paran%C3%A1_em_2018,1.0,4.0,27/09/2018,Ibope,±3%,3.0,duas_mencoes_agregadas,NS / NR,44.0,44%,Senador | Governo do Estado | Pesquisas de opinião | Deputados estaduais,wikipedia,,,,,,ns / nr,NS / NR,,,,
2018,PR,Eleições estaduais no Paraná em 2018,https://pt.wikipedia.org/wiki/Elei%C3%A7%C3%B5es_estaduais_no_Paran%C3%A1_em_2018,1.0,5.0,06/10/2018,Ibope,±3%,3.0,duas_mencoes_agregadas,Requião (MDB),26.0,26%,Senador | Governo do Estado | Pesquisas de opinião | Deputados estaduais,wikipedia,,,,,,requiao mdb,Requião (MDB),Roberto Requião,0.0753822875687202,False,4.0
2018,PR,Eleições estaduais no Paraná em 2018,https://pt.wikipedia.org/wiki/Elei%C3%A7%C3%B5es_estaduais_no_Paran%C3%A1_em_2018,1.0,5.0,06/10/2018,Ibope,±3%,3.0,duas_mencoes_agregadas,Richa (PSDB),14.0,14%,Senador | Governo do Estado | Pesquisas de opinião | Deputados estaduais,wikipedia,,,,,,richa psdb,Richa (PSDB),Beto Richa,0.0186383717290538,False,7.0
2018,PR,Eleições estaduais no Paraná em 2018,https://pt.wikipedia.org/wiki/Elei%C3%A7%C3%B5es_estaduais_no_Paran%C3%A1_em_2018,1.0,5.0,06/10/2018,Ibope,±3%,3.0,duas_mencoes_agregadas,Arns (REDE),14.0,14%,Senador | Governo do Estado | Pesquisas de opinião | Deputados estaduais,wikipedia,,,,,,arns rede,Arns (REDE),Flávio Arns,0.1150120593627049,False,3.0
2018,PR,Eleições estaduais no Paraná em 2018,https://pt.wikipedia.org/wiki/Elei%C3%A7%C3%B5es_estaduais_no_Paran%C3%A1_em_2018,1.0,5.0,06/10/2018,Ibope,±3%,3.0,duas_mencoes_agregadas,Canziani (PTB),13.0,13%,Senador | Governo do Estado | Pesquisas de opinião | Deputados estaduais,wikipedia,,,,,,canziani ptb,Canziani (PTB),Alex Canziani,0.0643546960980422,False,5.0
2018,PR,Eleições estaduais no Paraná em 2018,https://pt.wikipedia.org/wiki/Elei%C3%A7%C3%B5es_estaduais_no_Paran%C3%A1_em_2018,1.0,5.0,06/10/2018,Ibope,±3%,3.0,duas_mencoes_agregadas,Mirian (PT),8.0,8%,Senador | Governo do Estado | Pesquisas de opinião | Deputados estaduais,wikipedia,,,,,,mirian pt,Mirian (PT),Mirian Gonçalves,0.0295924202744872,False,6.0
2018,PR,Eleições estaduais no Paraná em 2018,https://pt.wikipedia.org/wiki/Elei%C3%A7%C3%B5es_estaduais_no_Paran%C3%A1_em_2018,1.0,5.0,06/10/2018,Ibope,±3%,3.0,duas_mencoes_agregadas,Nelton (PDT),2.0,2%,Senador | Governo do Estado | Pesquisas de opinião | Deputados estaduais,wikipedia,,,,,,nelton pdt,Nelton (PDT),Nelton Friedrich,0.013280836213148,False,8.0
2018,PR,Eleições estaduais no Paraná em 2018,https://pt.wikipedia.org/wiki/Elei%C3%A7%C3%B5es_estaduais_no_Paran%C3%A1_em_2018,1.0,5.0,06/10/2018,Ibope,±3%,3.0,duas_mencoes_agregadas,Oriovisto (PODE),16.0,16%,Senador | Governo do Estado | Pesquisas de opinião | Deputados estaduais,wikipedia,,,,,,oriovisto pode,Oriovisto (PODE),Oriovisto Guimarães,0.1458645249546288,True,2.0
2018,PR,Eleições estaduais no Paraná em 2018,https://pt.wikipedia.org/wiki/Elei%C3%A7%C3%B5es_estaduais_no_Paran%C3%A1_em_2018,1.0,5.0,06/10/2018,Ibope,±3%,3.0,duas_mencoes_agregadas,NS / NR,27.0,27%,Senador | Governo do Estado | Pesquisas de opinião | Deputados estaduais,wikipedia,,,,,,ns / nr,NS / NR,,,,
2018,PE,Eleições estaduais em Pernambuco em 2018,https://pt.wikipedia.org/wiki/Elei%C3%A7%C3%B5es_estaduais_em_Pernambuco_em_2018,1.0,1.0,24/09 a 26/09/2018,Ibope,±3%,3.0,duas_mencoes_agregadas,Costa (PT),32.0,32%,"Senado Federal | Governo do Estado | Primeiro turno | Pesquisas de intenção de voto | Levando em conta que para o senado o eleitor irá votar duas vezes, as pesquisas possuem um universo de 200% | Senado Federal[editar | editar código]",wikipedia,,,,,,costa pt,Costa (PT),Humberto Costa PT,0.257294900874274,True,1.0
2018,PE,Eleições estaduais em Pernambuco em 2018,https://pt.wikipedia.org/wiki/Elei%C3%A7%C3%B5es_estaduais_em_Pernambuco_em_2018,1.0,1.0,24/09 a 26/09/2018,Ibope,±3%,3.0,duas_mencoes_agregadas,Jarbas (MDB),31.0,31%,"Senado Federal | Governo do Estado | Primeiro turno | Pesquisas de intenção de voto | Levando em conta que para o senado o eleitor irá votar duas vezes, as pesquisas possuem um universo de 200% | Senado Federal[editar | editar código]",wikipedia,,,,,,jarbas mdb,Jarbas (MDB),Jarbas Vasconcelos MDB,0.2148375222187153,True,2.0
2018,PE,Eleições estaduais em Pernambuco em 2018,https://pt.wikipedia.org/wiki/Elei%C3%A7%C3%B5es_estaduais_em_Pernambuco_em_2018,1.0,1.0,24/09 a 26/09/2018,Ibope,±3%,3.0,duas_mencoes_agregadas,Mendonça (DEM),22.0,22%,"Senado Federal | Governo do Estado | Primeiro turno | Pesquisas de intenção de voto | Levando em conta que para o senado o eleitor irá votar duas vezes, as pesquisas possuem um universo de 200% | Senado Federal[editar | editar código]",wikipedia,,,,,,mendonca dem,Mendonça (DEM),Mendonça Filho DEM,0.1955646354028558,False,3.0
2018,PE,Eleições estaduais em Pernambuco em 2018,https://pt.wikipedia.org/wiki/Elei%C3%A7%C3%B5es_estaduais_em_Pernambuco_em_2018,1.0,1.0,24/09 a 26/09/2018,Ibope,±3%,3.0,duas_mencoes_agregadas,Silvio (AVANTE),12.0,12%,"Senado Federal | Governo do Estado | Primeiro turno | Pesquisas de intenção de voto | Levando em conta que para o senado o eleitor irá votar duas vezes, as pesquisas possuem um universo de 200% | Senado Federal[editar | editar código]",wikipedia,,,,,,silvio avante,Silvio (AVANTE),Silvio Costa AVANTE,0.1021685526235576,False,5.0
2018,PE,Eleições estaduais em Pernambuco em 2018,https://pt.wikipedia.org/wiki/Elei%C3%A7%C3%B5es_estaduais_em_Pernambuco_em_2018,1.0,1.0,24/09 a 26/09/2018,Ibope,±3%,3.0,duas_mencoes_agregadas,Araújo (PSDB),9.0,9%,"Senado Federal | Governo do Estado | Primeiro turno | Pesquisas de intenção de voto | Levando em conta que para o senado o eleitor irá votar duas vezes, as pesquisas possuem um universo de 200% | Senado Federal[editar | editar código]",wikipedia,,,,,,araujo psdb,Araújo (PSDB),Bruno Araújo PSDB,0.1389461384405772,False,4.0
2018,PE,Eleições estaduais em Pernambuco em 2018,https://pt.wikipedia.org/wiki/Elei%C3%A7%C3%B5es_estaduais_em_Pernambuco_em_2018,1.0,1.0,24/09 a 26/09/2018,Ibope,±3%,3.0,duas_mencoes_agregadas,Jairinho (REDE),5.0,5%,"Senado Federal | Governo do Estado | Primeiro turno | Pesquisas de intenção de voto | Levando em conta que para o senado o eleitor irá votar duas vezes, as pesquisas possuem um universo de 200% | Senado Federal[editar | editar código]",wikipedia,,,,,,jairinho rede,Jairinho (REDE),Pastor Jairinho REDE,0.0286878562914963,False,6.0
2018,PE,Eleições estaduais em Pernambuco em 2018,https://pt.wikipedia.org/wiki/Elei%C3%A7%C3%B5es_estaduais_em_Pernambuco_em_2018,1.0,1.0,24/09 a 26/09/2018,Ibope,±3%,3.0,duas_mencoes_agregadas,Rocha (REDE),3.0,3%,"Senado Federal | Governo do Estado | Primeiro turno | Pesquisas de intenção de voto | Levando em conta que para o senado o eleitor irá votar duas vezes, as pesquisas possuem um universo de 200% | Senado Federal[editar | editar código]",wikipedia,,,,,,rocha rede,Rocha (REDE),Adriana Rocha REDE,0.0138051083450476,False,9.0
2018,PE,Eleições estaduais em Pernambuco em 2018,https://pt.wikipedia.org/wiki/Elei%C3%A7%C3%B5es_estaduais_em_Pernambuco_em_2018,1.0,1.0,24/09 a 26/09/2018,Ibope,±3%,3.0,duas_mencoes_agregadas,Eugênia (PSOL),2.0,2%,"Senado Federal | Governo do Estado | Primeiro turno | Pesquisas de intenção de voto | Levando em conta que para o senado o eleitor irá votar duas vezes, as pesquisas possuem um universo de 200% | Senado Federal[editar | editar código]",wikipedia,,,,,,eugenia psol,Eugênia (PSOL),Eugênia Lima PSOL,0.0170727122193249,False,8.0
2018,PE,Eleições estaduais em Pernambuco em 2018,https://pt.wikipedia.org/wiki/Elei%C3%A7%C3%B5es_estaduais_em_Pernambuco_em_2018,1.0,1.0,24/09 a 26/09/2018,Ibope,±3%,3.0,duas_mencoes_agregadas,Cabral (PSTU),2.0,2%,"Senado Federal | Governo do Estado | Primeiro turno | Pesquisas de intenção de voto | Levando em conta que para o senado o eleitor irá votar duas vezes, as pesquisas possuem um universo de 200% | Senado Federal[editar | editar código]",wikipedia,,,,,,cabral pstu,Cabral (PSTU),Hélio Cabral PSTU,0.0025174453890328,False,11.0
2018,PE,Eleições estaduais em Pernambuco em 2018,https://pt.wikipedia.org/wiki/Elei%C3%A7%C3%B5es_estaduais_em_Pernambuco_em_2018,1.0,1.0,24/09 a 26/09/2018,Ibope,±3%,3.0,duas_mencoes_agregadas,Pires (PSOL),2.0,2%,"Senado Federal | Governo do Estado | Primeiro turno | Pesquisas de intenção de voto | Levando em conta que para o senado o eleitor irá votar duas vezes, as pesquisas possuem um universo de 200% | Senado Federal[editar | editar código]",wikipedia,,,,,,pires psol,Pires (PSOL),,,,
2018,PE,Eleições estaduais em Pernambuco em 2018,https://pt.wikipedia.org/wiki/Elei%C3%A7%C3%B5es_estaduais_em_Pernambuco_em_2018,1.0,1.0,24/09 a 26/09/2018,Ibope,±3%,3.0,duas_mencoes_agregadas,Brunes (PROS),1.0,1%,"Senado Federal | Governo do Estado | Primeiro turno | Pesquisas de intenção de voto | Levando em conta que para o senado o eleitor irá votar duas vezes, as pesquisas possuem um universo de 200% | Senado Federal[editar | editar código]",wikipedia,,,,,,brunes pros,Brunes (PROS),Lídia Brunes PROS,0.0067158403862145,False,10.0
2018,PE,Eleições estaduais em Pernambuco em 2018,https://pt.wikipedia.org/wiki/Elei%C3%A7%C3%B5es_estaduais_em_Pernambuco_em_2018,1.0,1.0,24/09 a 26/09/2018,Ibope,±3%,3.0,duas_mencoes_agregadas,Rola (PCO),1.0,1%,"Senado Federal | Governo do Estado | Primeiro turno | Pesquisas de intenção de voto | Levando em conta que para o senado o eleitor irá votar duas vezes, as pesquisas possuem um universo de 200% | Senado Federal[editar | editar código]",wikipedia,,,,,,rola pco,Rola (PCO),,,,
2018,PI,Eleições estaduais no Piauí em 2018,https://pt.wikipedia.org/wiki/Elei%C3%A7%C3%B5es_estaduais_no_Piau%C3%AD_em_2018,1.0,1.0,18/08 a 21/08/2018,Ibope,±3%,3.0,duas_mencoes_agregadas,Ciro (PP),36.0,36%,"Senado Federal | Governo do Estado | Pesquisas de intenção de voto | Conteúdos | Levando em conta que para o senado o eleitor irá votar duas vezes, as pesquisas possuem um universo de 200% | Senado Federal[editar | editar código]",wikipedia,,,,,,ciro pp,Ciro (PP),Ciro Nogueira PP,0.2992066662823673,True,1.0
2018,PI,Eleições estaduais no Piauí em 2018,https://pt.wikipedia.org/wiki/Elei%C3%A7%C3%B5es_estaduais_no_Piau%C3%AD_em_2018,1.0,1.0,18/08 a 21/08/2018,Ibope,±3%,3.0,duas_mencoes_agregadas,Martins (PSB),32.0,32%,"Senado Federal | Governo do Estado | Pesquisas de intenção de voto | Conteúdos | Levando em conta que para o senado o eleitor irá votar duas vezes, as pesquisas possuem um universo de 200% | Senado Federal[editar | editar código]",wikipedia,,,,,,martins psb,Martins (PSB),Wilson Martins PSB,0.1899499289101816,False,3.0
2018,PI,Eleições estaduais no Piauí em 2018,https://pt.wikipedia.org/wiki/Elei%C3%A7%C3%B5es_estaduais_no_Piau%C3%AD_em_2018,1.0,1.0,18/08 a 21/08/2018,Ibope,±3%,3.0,duas_mencoes_agregadas,Castro (MDB),17.0,17%,"Senado Federal | Governo do Estado | Pesquisas de intenção de voto | Conteúdos | Levando em conta que para o senado o eleitor irá votar duas vezes, as pesquisas possuem um universo de 200% | Senado Federal[editar | editar código]",wikipedia,,,,,,castro mdb,Castro (MDB),Marcelo Castro MDB,0.2706354566758621,True,2.0
2018,PI,Eleições estaduais no Piauí em 2018,https://pt.wikipedia.org/wiki/Elei%C3%A7%C3%B5es_estaduais_no_Piau%C3%AD_em_2018,1.0,1.0,18/08 a 21/08/2018,Ibope,±3%,3.0,duas_mencoes_agregadas,Frank (PRB),17.0,17%,"Senado Federal | Governo do Estado | Pesquisas de intenção de voto | Conteúdos | Levando em conta que para o senado o eleitor irá votar duas vezes, as pesquisas possuem um universo de 200% | Senado Federal[editar | editar código]",wikipedia,,,,,,frank prb,Frank (PRB),Frank Aguiar PRB,0.0504039641028904,False,5.0
2018,PI,Eleições estaduais no Piauí em 2018,https://pt.wikipedia.org/wiki/Elei%C3%A7%C3%B5es_estaduais_no_Piau%C3%AD_em_2018,1.0,1.0,18/08 a 21/08/2018,Ibope,±3%,3.0,duas_mencoes_agregadas,Robert (DEM),13.0,13%,"Senado Federal | Governo do Estado | Pesquisas de intenção de voto | Conteúdos | Levando em conta que para o senado o eleitor irá votar duas vezes, as pesquisas possuem um universo de 200% | Senado Federal[editar | editar código]",wikipedia,,,,,,robert dem,Robert (DEM),Robert Rios DEM,0.0827097632794014,False,4.0
2018,PI,Eleições estaduais no Piauí em 2018,https://pt.wikipedia.org/wiki/Elei%C3%A7%C3%B5es_estaduais_no_Piau%C3%AD_em_2018,1.0,1.0,18/08 a 21/08/2018,Ibope,±3%,3.0,duas_mencoes_agregadas,Marcos (PTC),4.0,4%,"Senado Federal | Governo do Estado | Pesquisas de intenção de voto | Conteúdos | Levando em conta que para o senado o eleitor irá votar duas vezes, as pesquisas possuem um universo de 200% | Senado Federal[editar | editar código]",wikipedia,,,,,,marcos ptc,Marcos (PTC),Marcelo Castro MDB,0.2706354566758621,True,2.0
2018,PI,Eleições estaduais no Piauí em 2018,https://pt.wikipedia.org/wiki/Elei%C3%A7%C3%B5es_estaduais_no_Piau%C3%AD_em_2018,1.0,1.0,18/08 a 21/08/2018,Ibope,±3%,3.0,duas_mencoes_agregadas,Elizeu (PSL),3.0,3%,"Senado Federal | Governo do Estado | Pesquisas de intenção de voto | Conteúdos | Levando em conta que para o senado o eleitor irá votar duas vezes, as pesquisas possuem um universo de 200% | Senado Federal[editar | editar código]",wikipedia,,,,,,elizeu psl,Elizeu (PSL),,,,
2018,PI,Eleições estaduais no Piauí em 2018,https://pt.wikipedia.org/wiki/Elei%C3%A7%C3%B5es_estaduais_no_Piau%C3%AD_em_2018,1.0,1.0,18/08 a 21/08/2018,Ibope,±3%,3.0,duas_mencoes_agregadas,Saraiva (DC),2.0,2%,"Senado Federal | Governo do Estado | Pesquisas de intenção de voto | Conteúdos | Levando em conta que para o senado o eleitor irá votar duas vezes, as pesquisas possuem um universo de 200% | Senado Federal[editar | editar código]",wikipedia,,,,,,saraiva dc,Saraiva (DC),Joaquim Saraiva DC,0.0019299377934933,False,15.0
2018,PI,Eleições estaduais no Piauí em 2018,https://pt.wikipedia.org/wiki/Elei%C3%A7%C3%B5es_estaduais_no_Piau%C3%AD_em_2018,1.0,1.0,18/08 a 21/08/2018,Ibope,±3%,3.0,duas_mencoes_agregadas,Lira (PSL),2.0,2%,"Senado Federal | Governo do Estado | Pesquisas de intenção de voto | Conteúdos | Levando em conta que para o senado o eleitor irá votar duas vezes, as pesquisas possuem um universo de 200% | Senado Federal[editar | editar código]",wikipedia,,,,,,lira psl,Lira (PSL),Antônio José Lira PSL,0.0194379922515929,False,8.0
2018,PI,Eleições estaduais no Piauí em 2018,https://pt.wikipedia.org/wiki/Elei%C3%A7%C3%B5es_estaduais_no_Piau%C3%AD_em_2018,1.0,1.0,18/08 a 21/08/2018,Ibope,±3%,3.0,duas_mencoes_agregadas,Henrique (REDE),2.0,2%,"Senado Federal | Governo do Estado | Pesquisas de intenção de voto | Conteúdos | Levando em conta que para o senado o eleitor irá votar duas vezes, as pesquisas possuem um universo de 200% | Senado Federal[editar | editar código]",wikipedia,,,,,,henrique rede,Henrique (REDE),Paulo Henrique Pinheiro REDE,0.0091555422568743,False,9.0
2018,PI,Eleições estaduais no Piauí em 2018,https://pt.wikipedia.org/wiki/Elei%C3%A7%C3%B5es_estaduais_no_Piau%C3%AD_em_2018,1.0,1.0,18/08 a 21/08/2018,Ibope,±3%,3.0,duas_mencoes_agregadas,Jesus (PSOL),1.0,1%,"Senado Federal | Governo do Estado | Pesquisas de intenção de voto | Conteúdos | Levando em conta que para o senado o eleitor irá votar duas vezes, as pesquisas possuem um universo de 200% | Senado Federal[editar | editar código]",wikipedia,,,,,,jesus psol,Jesus (PSOL),Jesus Rodrigues PSOL,0.024242511078316,False,6.0
2018,PI,Eleições estaduais no Piauí em 2018,https://pt.wikipedia.org/wiki/Elei%C3%A7%C3%B5es_estaduais_no_Piau%C3%AD_em_2018,1.0,1.0,18/08 a 21/08/2018,Ibope,±3%,3.0,duas_mencoes_agregadas,Quem (AVANTE),1.0,1%,"Senado Federal | Governo do Estado | Pesquisas de intenção de voto | Conteúdos | Levando em conta que para o senado o eleitor irá votar duas vezes, as pesquisas possuem um universo de 200% | Senado Federal[editar | editar código]",wikipedia,,,,,,quem avante,Quem (AVANTE),Quem-Quem AVANTE,0.0070223478932789,False,11.0
2018,PI,Eleições estaduais no Piauí em 2018,https://pt.wikipedia.org/wiki/Elei%C3%A7%C3%B5es_estaduais_no_Piau%C3%AD_em_2018,1.0,1.0,18/08 a 21/08/2018,Ibope,±3%,3.0,duas_mencoes_agregadas,Flávia (PRP),1.0,1%,"Senado Federal | Governo do Estado | Pesquisas de intenção de voto | Conteúdos | Levando em conta que para o senado o eleitor irá votar duas vezes, as pesquisas possuem um universo de 200% | Senado Federal[editar | editar código]",wikipedia,,,,,,flavia prp,Flávia (PRP),Flávia Barbosa PRP,0.0078786911476432,False,10.0
2018,PI,Eleições estaduais no Piauí em 2018,https://pt.wikipedia.org/wiki/Elei%C3%A7%C3%B5es_estaduais_no_Piau%C3%AD_em_2018,1.0,1.0,18/08 a 21/08/2018,Ibope,±3%,3.0,duas_mencoes_agregadas,Genival (PSC),1.0,1%,"Senado Federal | Governo do Estado | Pesquisas de intenção de voto | Conteúdos | Levando em conta que para o senado o eleitor irá votar duas vezes, as pesquisas possuem um universo de 200% | Senado Federal[editar | editar código]",wikipedia,,,,,,genival psc,Genival (PSC),Genival Oliveira PSC,0.0054409451363868,False,12.0
2018,PI,Eleições estaduais no Piauí em 2018,https://pt.wikipedia.org/wiki/Elei%C3%A7%C3%B5es_estaduais_no_Piau%C3%AD_em_2018,1.0,1.0,18/08 a 21/08/2018,Ibope,±3%,3.0,duas_mencoes_agregadas,Santos (PSTU),1.0,1%,"Senado Federal | Governo do Estado | Pesquisas de intenção de voto | Conteúdos | Levando em conta que para o senado o eleitor irá votar duas vezes, as pesquisas possuem um universo de 200% | Senado Federal[editar | editar código]",wikipedia,,,,,,santos pstu,Santos (PSTU),Gervásio Santos PSTU,0.001435457875409,False,17.0
2018,PI,Eleições estaduais no Piauí em 2018,https://pt.wikipedia.org/wiki/Elei%C3%A7%C3%B5es_estaduais_no_Piau%C3%AD_em_2018,1.0,1.0,18/08 a 21/08/2018,Ibope,±3%,3.0,duas_mencoes_agregadas,Fausto (PCB),1.0,1%,"Senado Federal | Governo do Estado | Pesquisas de intenção de voto | Conteúdos | Levando em conta que para o senado o eleitor irá votar duas vezes, as pesquisas possuem um universo de 200% | Senado Federal[editar | editar código]",wikipedia,,,,,,fausto pcb,Fausto (PCB),Fausto Ripardo PCB,0.0023097943343397,False,13.0
2018,PI,Eleições estaduais no Piauí em 2018,https://pt.wikipedia.org/wiki/Elei%C3%A7%C3%B5es_estaduais_no_Piau%C3%AD_em_2018,1.0,1.0,18/08 a 21/08/2018,Ibope,±3%,3.0,duas_mencoes_agregadas,Albetiza (PCO),0.0,0%,"Senado Federal | Governo do Estado | Pesquisas de intenção de voto | Conteúdos | Levando em conta que para o senado o eleitor irá votar duas vezes, as pesquisas possuem um universo de 200% | Senado Federal[editar | editar código]",wikipedia,,,,,,albetiza pco,Albetiza (PCO),Albetiza Araújo PCO,0.0022221607639514,False,14.0
2018,PI,Eleições estaduais no Piauí em 2018,https://pt.wikipedia.org/wiki/Elei%C3%A7%C3%B5es_estaduais_no_Piau%C3%AD_em_2018,1.0,1.0,18/08 a 21/08/2018,Ibope,±3%,3.0,duas_mencoes_agregadas,Andrade (DC),0.0,0%,"Senado Federal | Governo do Estado | Pesquisas de intenção de voto | Conteúdos | Levando em conta que para o senado o eleitor irá votar duas vezes, as pesquisas possuem um universo de 200% | Senado Federal[editar | editar código]",wikipedia,,,,,,andrade dc,Andrade (DC),Lafayette Andrade DC,0.0018792902547138,False,16.0
2018,PI,Eleições estaduais no Piauí em 2018,https://pt.wikipedia.org/wiki/Elei%C3%A7%C3%B5es_estaduais_no_Piau%C3%AD_em_2018,1.0,2.0,03/10 a 05/10/2018,Ibope,±2%,2.0,duas_mencoes_agregadas,Ciro (PP),42.0,42%,"Senado Federal | Governo do Estado | Pesquisas de intenção de voto | Conteúdos | Levando em conta que para o senado o eleitor irá votar duas vezes, as pesquisas possuem um universo de 200% | Senado Federal[editar | editar código]",wikipedia,,,,,,ciro pp,Ciro (PP),Ciro Nogueira PP,0.2992066662823673,True,1.0
2018,PI,Eleições estaduais no Piauí em 2018,https://pt.wikipedia.org/wiki/Elei%C3%A7%C3%B5es_estaduais_no_Piau%C3%AD_em_2018,1.0,2.0,03/10 a 05/10/2018,Ibope,±2%,2.0,duas_mencoes_agregadas,Martins (PSB),34.0,34%,"Senado Federal | Governo do Estado | Pesquisas de intenção de voto | Conteúdos | Levando em conta que para o senado o eleitor irá votar duas vezes, as pesquisas possuem um universo de 200% | Senado Federal[editar | editar código]",wikipedia,,,,,,martins psb,Martins (PSB),Wilson Martins PSB,0.1899499289101816,False,3.0
2018,PI,Eleições estaduais no Piauí em 2018,https://pt.wikipedia.org/wiki/Elei%C3%A7%C3%B5es_estaduais_no_Piau%C3%AD_em_2018,1.0,2.0,03/10 a 05/10/2018,Ibope,±2%,2.0,duas_mencoes_agregadas,Castro (MDB),26.0,26%,"Senado Federal | Governo do Estado | Pesquisas de intenção de voto | Conteúdos | Levando em conta que para o senado o eleitor irá votar duas vezes, as pesquisas possuem um universo de 200% | Senado Federal[editar | editar código]",wikipedia,,,,,,castro mdb,Castro (MDB),Marcelo Castro MDB,0.2706354566758621,True,2.0
2018,PI,Eleições estaduais no Piauí em 2018,https://pt.wikipedia.org/wiki/Elei%C3%A7%C3%B5es_estaduais_no_Piau%C3%AD_em_2018,1.0,2.0,03/10 a 05/10/2018,Ibope,±2%,2.0,duas_mencoes_agregadas,Frank (PRB),17.0,17%,"Senado Federal | Governo do Estado | Pesquisas de intenção de voto | Conteúdos | Levando em conta que para o senado o eleitor irá votar duas vezes, as pesquisas possuem um universo de 200% | Senado Federal[editar | editar código]",wikipedia,,,,,,frank prb,Frank (PRB),Frank Aguiar PRB,0.0504039641028904,False,5.0
2018,PI,Eleições estaduais no Piauí em 2018,https://pt.wikipedia.org/wiki/Elei%C3%A7%C3%B5es_estaduais_no_Piau%C3%AD_em_2018,1.0,2.0,03/10 a 05/10/2018,Ibope,±2%,2.0,duas_mencoes_agregadas,Robert (DEM),17.0,17%,"Senado Federal | Governo do Estado | Pesquisas de intenção de voto | Conteúdos | Levando em conta que para o senado o eleitor irá votar duas vezes, as pesquisas possuem um universo de 200% | Senado Federal[editar | editar código]",wikipedia,,,,,,robert dem,Robert (DEM),Robert Rios DEM,0.0827097632794014,False,4.0
2018,PI,Eleições estaduais no Piauí em 2018,https://pt.wikipedia.org/wiki/Elei%C3%A7%C3%B5es_estaduais_no_Piau%C3%AD_em_2018,1.0,2.0,03/10 a 05/10/2018,Ibope,±2%,2.0,duas_mencoes_agregadas,Marcos (PTC),5.0,5%,"Senado Federal | Governo do Estado | Pesquisas de intenção de voto | Conteúdos | Levando em conta que para o senado o eleitor irá votar duas vezes, as pesquisas possuem um universo de 200% | Senado Federal[editar | editar código]",wikipedia,,,,,,marcos ptc,Marcos (PTC),Marcelo Castro MDB,0.2706354566758621,True,2.0
2018,PI,Eleições estaduais no Piauí em 2018,https://pt.wikipedia.org/wiki/Elei%C3%A7%C3%B5es_estaduais_no_Piau%C3%AD_em_2018,1.0,2.0,03/10 a 05/10/2018,Ibope,±2%,2.0,duas_mencoes_agregadas,Elizeu (PSL),2.0,2%,"Senado Federal | Governo do Estado | Pesquisas de intenção de voto | Conteúdos | Levando em conta que para o senado o eleitor irá votar duas vezes, as pesquisas possuem um universo de 200% | Senado Federal[editar | editar código]",wikipedia,,,,,,elizeu psl,Elizeu (PSL),,,,
2018,PI,Eleições estaduais no Piauí em 2018,https://pt.wikipedia.org/wiki/Elei%C3%A7%C3%B5es_estaduais_no_Piau%C3%AD_em_2018,1.0,2.0,03/10 a 05/10/2018,Ibope,±2%,2.0,duas_mencoes_agregadas,Saraiva (DC),1.0,1%,"Senado Federal | Governo do Estado | Pesquisas de intenção de voto | Conteúdos | Levando em conta que para o senado o eleitor irá votar duas vezes, as pesquisas possuem um universo de 200% | Senado Federal[editar | editar código]",wikipedia,,,,,,saraiva dc,Saraiva (DC),Joaquim Saraiva DC,0.0019299377934933,False,15.0
2018,PI,Eleições estaduais no Piauí em 2018,https://pt.wikipedia.org/wiki/Elei%C3%A7%C3%B5es_estaduais_no_Piau%C3%AD_em_2018,1.0,2.0,03/10 a 05/10/2018,Ibope,±2%,2.0,duas_mencoes_agregadas,Lira (PSL),2.0,2%,"Senado Federal | Governo do Estado | Pesquisas de intenção de voto | Conteúdos | Levando em conta que para o senado o eleitor irá votar duas vezes, as pesquisas possuem um universo de 200% | Senado Federal[editar | editar código]",wikipedia,,,,,,lira psl,Lira (PSL),Antônio José Lira PSL,0.0194379922515929,False,8.0
2018,PI,Eleições estaduais no Piauí em 2018,https://pt.wikipedia.org/wiki/Elei%C3%A7%C3%B5es_estaduais_no_Piau%C3%AD_em_2018,1.0,2.0,03/10 a 05/10/2018,Ibope,±2%,2.0,duas_mencoes_agregadas,Henrique (REDE),2.0,2%,"Senado Federal | Governo do Estado | Pesquisas de intenção de voto | Conteúdos | Levando em conta que para o senado o eleitor irá votar duas vezes, as pesquisas possuem um universo de 200% | Senado Federal[editar | editar código]",wikipedia,,,,,,henrique rede,Henrique (REDE),Paulo Henrique Pinheiro REDE,0.0091555422568743,False,9.0
2018,PI,Eleições estaduais no Piauí em 2018,https://pt.wikipedia.org/wiki/Elei%C3%A7%C3%B5es_estaduais_no_Piau%C3%AD_em_2018,1.0,2.0,03/10 a 05/10/2018,Ibope,±2%,2.0,duas_mencoes_agregadas,Jesus (PSOL),2.0,2%,"Senado Federal | Governo do Estado | Pesquisas de intenção de voto | Conteúdos | Levando em conta que para o senado o eleitor irá votar duas vezes, as pesquisas possuem um universo de 200% | Senado Federal[editar | editar código]",wikipedia,,,,,,jesus psol,Jesus (PSOL),Jesus Rodrigues PSOL,0.024242511078316,False,6.0
2018,PI,Eleições estaduais no Piauí em 2018,https://pt.wikipedia.org/wiki/Elei%C3%A7%C3%B5es_estaduais_no_Piau%C3%AD_em_2018,1.0,2.0,03/10 a 05/10/2018,Ibope,±2%,2.0,duas_mencoes_agregadas,Quem (AVANTE),1.0,1%,"Senado Federal | Governo do Estado | Pesquisas de intenção de voto | Conteúdos | Levando em conta que para o senado o eleitor irá votar duas vezes, as pesquisas possuem um universo de 200% | Senado Federal[editar | editar código]",wikipedia,,,,,,quem avante,Quem (AVANTE),Quem-Quem AVANTE,0.0070223478932789,False,11.0
2018,PI,Eleições estaduais no Piauí em 2018,https://pt.wikipedia.org/wiki/Elei%C3%A7%C3%B5es_estaduais_no_Piau%C3%AD_em_2018,1.0,2.0,03/10 a 05/10/2018,Ibope,±2%,2.0,duas_mencoes_agregadas,Flávia (PRP),2.0,2%,"Senado Federal | Governo do Estado | Pesquisas de intenção de voto | Conteúdos | Levando em conta que para o senado o eleitor irá votar duas vezes, as pesquisas possuem um universo de 200% | Senado Federal[editar | editar código]",wikipedia,,,,,,flavia prp,Flávia (PRP),Flávia Barbosa PRP,0.0078786911476432,False,10.0
2018,PI,Eleições estaduais no Piauí em 2018,https://pt.wikipedia.org/wiki/Elei%C3%A7%C3%B5es_estaduais_no_Piau%C3%AD_em_2018,1.0,2.0,03/10 a 05/10/2018,Ibope,±2%,2.0,duas_mencoes_agregadas,Genival (PSC),1.0,1%,"Senado Federal | Governo do Estado | Pesquisas de intenção de voto | Conteúdos | Levando em conta que para o senado o eleitor irá votar duas vezes, as pesquisas possuem um universo de 200% | Senado Federal[editar | editar código]",wikipedia,,,,,,genival psc,Genival (PSC),Genival Oliveira PSC,0.0054409451363868,False,12.0
2018,PI,Eleições estaduais no Piauí em 2018,https://pt.wikipedia.org/wiki/Elei%C3%A7%C3%B5es_estaduais_no_Piau%C3%AD_em_2018,1.0,2.0,03/10 a 05/10/2018,Ibope,±2%,2.0,duas_mencoes_agregadas,Santos (PSTU),1.0,1%,"Senado Federal | Governo do Estado | Pesquisas de intenção de voto | Conteúdos | Levando em conta que para o senado o eleitor irá votar duas vezes, as pesquisas possuem um universo de 200% | Senado Federal[editar | editar código]",wikipedia,,,,,,santos pstu,Santos (PSTU),Gervásio Santos PSTU,0.001435457875409,False,17.0
2018,PI,Eleições estaduais no Piauí em 2018,https://pt.wikipedia.org/wiki/Elei%C3%A7%C3%B5es_estaduais_no_Piau%C3%AD_em_2018,1.0,2.0,03/10 a 05/10/2018,Ibope,±2%,2.0,duas_mencoes_agregadas,Fausto (PCB),1.0,1%,"Senado Federal | Governo do Estado | Pesquisas de intenção de voto | Conteúdos | Levando em conta que para o senado o eleitor irá votar duas vezes, as pesquisas possuem um universo de 200% | Senado Federal[editar | editar código]",wikipedia,,,,,,fausto pcb,Fausto (PCB),Fausto Ripardo PCB,0.0023097943343397,False,13.0
2018,PI,Eleições estaduais no Piauí em 2018,https://pt.wikipedia.org/wiki/Elei%C3%A7%C3%B5es_estaduais_no_Piau%C3%AD_em_2018,1.0,2.0,03/10 a 05/10/2018,Ibope,±2%,2.0,duas_mencoes_agregadas,Albetiza (PCO),0.0,0%,"Senado Federal | Governo do Estado | Pesquisas de intenção de voto | Conteúdos | Levando em conta que para o senado o eleitor irá votar duas vezes, as pesquisas possuem um universo de 200% | Senado Federal[editar | editar código]",wikipedia,,,,,,albetiza pco,Albetiza (PCO),Albetiza Araújo PCO,0.0022221607639514,False,14.0
2018,PI,Eleições estaduais no Piauí em 2018,https://pt.wikipedia.org/wiki/Elei%C3%A7%C3%B5es_estaduais_no_Piau%C3%AD_em_2018,1.0,2.0,03/10 a 05/10/2018,Ibope,±2%,2.0,duas_mencoes_agregadas,Andrade (DC),0.0,0%,"Senado Federal | Governo do Estado | Pesquisas de intenção de voto | Conteúdos | Levando em conta que para o senado o eleitor irá votar duas vezes, as pesquisas possuem um universo de 200% | Senado Federal[editar | editar código]",wikipedia,,,,,,andrade dc,Andrade (DC),Lafayette Andrade DC,0.0018792902547138,False,16.0
2018,RJ,Eleições estaduais no Rio de Janeiro em 2018,https://pt.wikipedia.org/wiki/Elei%C3%A7%C3%B5es_estaduais_no_Rio_de_Janeiro_em_2018,1.0,1.0,Datafolha (22 de agosto),Datafolha,,,duas_mencoes_agregadas,Maia (DEM),18.0,18%,Senador | 1º turno | Governo do Estado | Pesquisas de opinião | Senador[editar | editar código],wikipedia,,,,,,maia dem,Maia (DEM),Cesar Maia,0.1662761990484762,False,3.0
2018,RJ,Eleições estaduais no Rio de Janeiro em 2018,https://pt.wikipedia.org/wiki/Elei%C3%A7%C3%B5es_estaduais_no_Rio_de_Janeiro_em_2018,1.0,2.0,Datafolha (6 de setembro),Datafolha,,,duas_mencoes_agregadas,Maia (DEM),21.0,21%,Senador | 1º turno | Governo do Estado | Pesquisas de opinião | Senador[editar | editar código],wikipedia,,,,,,maia dem,Maia (DEM),Cesar Maia,0.1662761990484762,False,3.0
2018,RJ,Eleições estaduais no Rio de Janeiro em 2018,https://pt.wikipedia.org/wiki/Elei%C3%A7%C3%B5es_estaduais_no_Rio_de_Janeiro_em_2018,1.0,3.0,Datafolha (28 de setembro),Datafolha,,,duas_mencoes_agregadas,Maia (DEM),26.0,26%,Senador | 1º turno | Governo do Estado | Pesquisas de opinião | Senador[editar | editar código],wikipedia,,,,,,maia dem,Maia (DEM),Cesar Maia,0.1662761990484762,False,3.0
2018,RJ,Eleições estaduais no Rio de Janeiro em 2018,https://pt.wikipedia.org/wiki/Elei%C3%A7%C3%B5es_estaduais_no_Rio_de_Janeiro_em_2018,1.0,1.0,Datafolha (22 de agosto),Datafolha,,,duas_mencoes_agregadas,Lindbergh (PT),18.0,18%,Senador | 1º turno | Governo do Estado | Pesquisas de opinião | Senador[editar | editar código],wikipedia,,,,,,lindbergh pt,Lindbergh (PT),Lindbergh Farias,0.1014155701284414,False,4.0
2018,RJ,Eleições estaduais no Rio de Janeiro em 2018,https://pt.wikipedia.org/wiki/Elei%C3%A7%C3%B5es_estaduais_no_Rio_de_Janeiro_em_2018,1.0,2.0,Datafolha (6 de setembro),Datafolha,,,duas_mencoes_agregadas,Lindbergh (PT),18.0,18%,Senador | 1º turno | Governo do Estado | Pesquisas de opinião | Senador[editar | editar código],wikipedia,,,,,,lindbergh pt,Lindbergh (PT),Lindbergh Farias,0.1014155701284414,False,4.0
2018,RJ,Eleições estaduais no Rio de Janeiro em 2018,https://pt.wikipedia.org/wiki/Elei%C3%A7%C3%B5es_estaduais_no_Rio_de_Janeiro_em_2018,1.0,3.0,Datafolha (28 de setembro),Datafolha,,,duas_mencoes_agregadas,Lindbergh (PT),22.0,22%,Senador | 1º turno | Governo do Estado | Pesquisas de opinião | Senador[editar | editar código],wikipedia,,,,,,lindbergh pt,Lindbergh (PT),Lindbergh Farias,0.1014155701284414,False,4.0
2018,RJ,Eleições estaduais no Rio de Janeiro em 2018,https://pt.wikipedia.org/wiki/Elei%C3%A7%C3%B5es_estaduais_no_Rio_de_Janeiro_em_2018,1.0,1.0,Datafolha (22 de agosto),Datafolha,,,duas_mencoes_agregadas,Bolsonaro (PSL),18.0,18%,Senador | 1º turno | Governo do Estado | Pesquisas de opinião | Senador[editar | editar código],wikipedia,,,,,,bolsonaro psl,Bolsonaro (PSL),Flávio Bolsonaro,0.3129182918291829,True,1.0
2018,RJ,Eleições estaduais no Rio de Janeiro em 2018,https://pt.wikipedia.org/wiki/Elei%C3%A7%C3%B5es_estaduais_no_Rio_de_Janeiro_em_2018,1.0,2.0,Datafolha (6 de setembro),Datafolha,,,duas_mencoes_agregadas,Bolsonaro (PSL),17.0,17%,Senador | 1º turno | Governo do Estado | Pesquisas de opinião | Senador[editar | editar código],wikipedia,,,,,,bolsonaro psl,Bolsonaro (PSL),Flávio Bolsonaro,0.3129182918291829,True,1.0
2018,RJ,Eleições estaduais no Rio de Janeiro em 2018,https://pt.wikipedia.org/wiki/Elei%C3%A7%C3%B5es_estaduais_no_Rio_de_Janeiro_em_2018,1.0,3.0,Datafolha (28 de setembro),Datafolha,,,duas_mencoes_agregadas,Bolsonaro (PSL),25.0,25%,Senador | 1º turno | Governo do Estado | Pesquisas de opinião | Senador[editar | editar código],wikipedia,,,,,,bolsonaro psl,Bolsonaro (PSL),Flávio Bolsonaro,0.3129182918291829,True,1.0
2018,RJ,Eleições estaduais no Rio de Janeiro em 2018,https://pt.wikipedia.org/wiki/Elei%C3%A7%C3%B5es_estaduais_no_Rio_de_Janeiro_em_2018,1.0,1.0,Datafolha (22 de agosto),Datafolha,,,duas_mencoes_agregadas,Alencar (PSOL),17.0,17%,Senador | 1º turno | Governo do Estado | Pesquisas de opinião | Senador[editar | editar código],wikipedia,,,,,,alencar psol,Alencar (PSOL),Chico Alencar,0.0915357964367865,False,5.0
2018,RJ,Eleições estaduais no Rio de Janeiro em 2018,https://pt.wikipedia.org/wiki/Elei%C3%A7%C3%B5es_estaduais_no_Rio_de_Janeiro_em_2018,1.0,2.0,Datafolha (6 de setembro),Datafolha,,,duas_mencoes_agregadas,Alencar (PSOL),14.0,14%,Senador | 1º turno | Governo do Estado | Pesquisas de opinião | Senador[editar | editar código],wikipedia,,,,,,alencar psol,Alencar (PSOL),Chico Alencar,0.0915357964367865,False,5.0
2018,RJ,Eleições estaduais no Rio de Janeiro em 2018,https://pt.wikipedia.org/wiki/Elei%C3%A7%C3%B5es_estaduais_no_Rio_de_Janeiro_em_2018,1.0,3.0,Datafolha (28 de setembro),Datafolha,,,duas_mencoes_agregadas,Alencar (PSOL),14.0,14%,Senador | 1º turno | Governo do Estado | Pesquisas de opinião | Senador[editar | editar código],wikipedia,,,,,,alencar psol,Alencar (PSOL),Chico Alencar,0.0915357964367865,False,5.0
2018,RJ,Eleições estaduais no Rio de Janeiro em 2018,https://pt.wikipedia.org/wiki/Elei%C3%A7%C3%B5es_estaduais_no_Rio_de_Janeiro_em_2018,1.0,1.0,Datafolha (22 de agosto),Datafolha,,,duas_mencoes_agregadas,Teixeira (REDE),11.0,11%,Senador | 1º turno | Governo do Estado | Pesquisas de opinião | Senador[editar | editar código],wikipedia,,,,,,teixeira rede,Teixeira (REDE),Miro Teixeira,0.0307811495435257,False,7.0
2018,RJ,Eleições estaduais no Rio de Janeiro em 2018,https://pt.wikipedia.org/wiki/Elei%C3%A7%C3%B5es_estaduais_no_Rio_de_Janeiro_em_2018,1.0,2.0,Datafolha (6 de setembro),Datafolha,,,duas_mencoes_agregadas,Teixeira (REDE),12.0,12%,Senador | 1º turno | Governo do Estado | Pesquisas de opinião | Senador[editar | editar código],wikipedia,,,,,,teixeira rede,Teixeira (REDE),Miro Teixeira,0.0307811495435257,False,7.0
2018,RJ,Eleições estaduais no Rio de Janeiro em 2018,https://pt.wikipedia.org/wiki/Elei%C3%A7%C3%B5es_estaduais_no_Rio_de_Janeiro_em_2018,1.0,3.0,Datafolha (28 de setembro),Datafolha,,,duas_mencoes_agregadas,Teixeira (REDE),11.0,11%,Senador | 1º turno | Governo do Estado | Pesquisas de opinião | Senador[editar | editar código],wikipedia,,,,,,teixeira rede,Teixeira (REDE),Miro Teixeira,0.0307811495435257,False,7.0
2018,RJ,Eleições estaduais no Rio de Janeiro em 2018,https://pt.wikipedia.org/wiki/Elei%C3%A7%C3%B5es_estaduais_no_Rio_de_Janeiro_em_2018,1.0,1.0,Datafolha (22 de agosto),Datafolha,,,duas_mencoes_agregadas,Everaldo (PSC),8.0,8%,Senador | 1º turno | Governo do Estado | Pesquisas de opinião | Senador[editar | editar código],wikipedia,,,,,,everaldo psc,Everaldo (PSC),Pastor Everaldo,0.0257660051719457,False,8.0
2018,RJ,Eleições estaduais no Rio de Janeiro em 2018,https://pt.wikipedia.org/wiki/Elei%C3%A7%C3%B5es_estaduais_no_Rio_de_Janeiro_em_2018,1.0,2.0,Datafolha (6 de setembro),Datafolha,,,duas_mencoes_agregadas,Everaldo (PSC),6.0,6%,Senador | 1º turno | Governo do Estado | Pesquisas de opinião | Senador[editar | editar código],wikipedia,,,,,,everaldo psc,Everaldo (PSC),Pastor Everaldo,0.0257660051719457,False,8.0
2018,RJ,Eleições estaduais no Rio de Janeiro em 2018,https://pt.wikipedia.org/wiki/Elei%C3%A7%C3%B5es_estaduais_no_Rio_de_Janeiro_em_2018,1.0,3.0,Datafolha (28 de setembro),Datafolha,,,duas_mencoes_agregadas,Everaldo (PSC),6.0,6%,Senador | 1º turno | Governo do Estado | Pesquisas de opinião | Senador[editar | editar código],wikipedia,,,,,,everaldo psc,Everaldo (PSC),Pastor Everaldo,0.0257660051719457,False,8.0
2018,RJ,Eleições estaduais no Rio de Janeiro em 2018,https://pt.wikipedia.org/wiki/Elei%C3%A7%C3%B5es_estaduais_no_Rio_de_Janeiro_em_2018,1.0,1.0,Datafolha (22 de agosto),Datafolha,,,duas_mencoes_agregadas,Arolde (PSD),6.0,6%,Senador | 1º turno | Governo do Estado | Pesquisas de opinião | Senador[editar | editar código],wikipedia,,,,,,arolde psd,Arolde (PSD),Arolde de Oliveira,0.1701788035946451,True,2.0
2018,RJ,Eleições estaduais no Rio de Janeiro em 2018,https://pt.wikipedia.org/wiki/Elei%C3%A7%C3%B5es_estaduais_no_Rio_de_Janeiro_em_2018,1.0,2.0,Datafolha (6 de setembro),Datafolha,,,duas_mencoes_agregadas,Arolde (PSD),6.0,6%,Senador | 1º turno | Governo do Estado | Pesquisas de opinião | Senador[editar | editar código],wikipedia,,,,,,arolde psd,Arolde (PSD),Arolde de Oliveira,0.1701788035946451,True,2.0
2018,RJ,Eleições estaduais no Rio de Janeiro em 2018,https://pt.wikipedia.org/wiki/Elei%C3%A7%C3%B5es_estaduais_no_Rio_de_Janeiro_em_2018,1.0,3.0,Datafolha (28 de setembro),Datafolha,,,duas_mencoes_agregadas,Arolde (PSD),9.0,9%,Senador | 1º turno | Governo do Estado | Pesquisas de opinião | Senador[editar | editar código],wikipedia,,,,,,arolde psd,Arolde (PSD),Arolde de Oliveira,0.1701788035946451,True,2.0
2018,RJ,Eleições estaduais no Rio de Janeiro em 2018,https://pt.wikipedia.org/wiki/Elei%C3%A7%C3%B5es_estaduais_no_Rio_de_Janeiro_em_2018,1.0,1.0,Datafolha (22 de agosto),Datafolha,,,duas_mencoes_agregadas,Garcia (PSTU),6.0,6%,Senador | 1º turno | Governo do Estado | Pesquisas de opinião | Senador[editar | editar código],wikipedia,,,,,,garcia pstu,Garcia (PSTU),Cyro Garcia,0.0032566113754232,False,13.0
2018,RJ,Eleições estaduais no Rio de Janeiro em 2018,https://pt.wikipedia.org/wiki/Elei%C3%A7%C3%B5es_estaduais_no_Rio_de_Janeiro_em_2018,1.0,2.0,Datafolha (6 de setembro),Datafolha,,,duas_mencoes_agregadas,Garcia (PSTU),5.0,5%,Senador | 1º turno | Governo do Estado | Pesquisas de opinião | Senador[editar | editar código],wikipedia,,,,,,garcia pstu,Garcia (PSTU),Cyro Garcia,0.0032566113754232,False,13.0
2018,RJ,Eleições estaduais no Rio de Janeiro em 2018,https://pt.wikipedia.org/wiki/Elei%C3%A7%C3%B5es_estaduais_no_Rio_de_Janeiro_em_2018,1.0,3.0,Datafolha (28 de setembro),Datafolha,,,duas_mencoes_agregadas,Garcia (PSTU),3.0,3%,Senador | 1º turno | Governo do Estado | Pesquisas de opinião | Senador[editar | editar código],wikipedia,,,,,,garcia pstu,Garcia (PSTU),Cyro Garcia,0.0032566113754232,False,13.0
2018,RJ,Eleições estaduais no Rio de Janeiro em 2018,https://pt.wikipedia.org/wiki/Elei%C3%A7%C3%B5es_estaduais_no_Rio_de_Janeiro_em_2018,1.0,1.0,Datafolha (22 de agosto),Datafolha,,,duas_mencoes_agregadas,Nascimento (PRTB),5.0,5%,Senador | 1º turno | Governo do Estado | Pesquisas de opinião | Senador[editar | editar código],wikipedia,,,,,,nascimento prtb,Nascimento (PRTB),Mattos Nascimento,0.0124275284671324,False,11.0
2018,RJ,Eleições estaduais no Rio de Janeiro em 2018,https://pt.wikipedia.org/wiki/Elei%C3%A7%C3%B5es_estaduais_no_Rio_de_Janeiro_em_2018,1.0,2.0,Datafolha (6 de setembro),Datafolha,,,duas_mencoes_agregadas,Nascimento (PRTB),3.0,3%,Senador | 1º turno | Governo do Estado | Pesquisas de opinião | Senador[editar | editar código],wikipedia,,,,,,nascimento prtb,Nascimento (PRTB),Mattos Nascimento,0.0124275284671324,False,11.0
2018,RJ,Eleições estaduais no Rio de Janeiro em 2018,https://pt.wikipedia.org/wiki/Elei%C3%A7%C3%B5es_estaduais_no_Rio_de_Janeiro_em_2018,1.0,3.0,Datafolha (28 de setembro),Datafolha,,,duas_mencoes_agregadas,Nascimento (PRTB),3.0,3%,Senador | 1º turno | Governo do Estado | Pesquisas de opinião | Senador[editar | editar código],wikipedia,,,,,,nascimento prtb,Nascimento (PRTB),Mattos Nascimento,0.0124275284671324,False,11.0
2018,RJ,Eleições estaduais no Rio de Janeiro em 2018,https://pt.wikipedia.org/wiki/Elei%C3%A7%C3%B5es_estaduais_no_Rio_de_Janeiro_em_2018,1.0,1.0,Datafolha (22 de agosto),Datafolha,,,duas_mencoes_agregadas,Lopes (PRB),5.0,5%,Senador | 1º turno | Governo do Estado | Pesquisas de opinião | Senador[editar | editar código],wikipedia,,,,,,lopes prb,Lopes (PRB),Eduardo Lopes,0.0362786278627862,False,6.0
2018,RJ,Eleições estaduais no Rio de Janeiro em 2018,https://pt.wikipedia.org/wiki/Elei%C3%A7%C3%B5es_estaduais_no_Rio_de_Janeiro_em_2018,1.0,2.0,Datafolha (6 de setembro),Datafolha,,,duas_mencoes_agregadas,Lopes (PRB),3.0,3%,Senador | 1º turno | Governo do Estado | Pesquisas de opinião | Senador[editar | editar código],wikipedia,,,,,,lopes prb,Lopes (PRB),Eduardo Lopes,0.0362786278627862,False,6.0
2018,RJ,Eleições estaduais no Rio de Janeiro em 2018,https://pt.wikipedia.org/wiki/Elei%C3%A7%C3%B5es_estaduais_no_Rio_de_Janeiro_em_2018,1.0,3.0,Datafolha (28 de setembro),Datafolha,,,duas_mencoes_agregadas,Lopes (PRB),4.0,4%,Senador | 1º turno | Governo do Estado | Pesquisas de opinião | Senador[editar | editar código],wikipedia,,,,,,lopes prb,Lopes (PRB),Eduardo Lopes,0.0362786278627862,False,6.0
2018,RJ,Eleições estaduais no Rio de Janeiro em 2018,https://pt.wikipedia.org/wiki/Elei%C3%A7%C3%B5es_estaduais_no_Rio_de_Janeiro_em_2018,1.0,1.0,Datafolha (22 de agosto),Datafolha,,,duas_mencoes_agregadas,Bonifácio (PDT),4.0,4%,Senador | 1º turno | Governo do Estado | Pesquisas de opinião | Senador[editar | editar código],wikipedia,,,,,,bonifacio pdt,Bonifácio (PDT),José Bonifácio,0.0223783092594973,False,9.0
2018,RJ,Eleições estaduais no Rio de Janeiro em 2018,https://pt.wikipedia.org/wiki/Elei%C3%A7%C3%B5es_estaduais_no_Rio_de_Janeiro_em_2018,1.0,2.0,Datafolha (6 de setembro),Datafolha,,,duas_mencoes_agregadas,Bonifácio (PDT),3.0,3%,Senador | 1º turno | Governo do Estado | Pesquisas de opinião | Senador[editar | editar código],wikipedia,,,,,,bonifacio pdt,Bonifácio (PDT),José Bonifácio,0.0223783092594973,False,9.0
2018,RJ,Eleições estaduais no Rio de Janeiro em 2018,https://pt.wikipedia.org/wiki/Elei%C3%A7%C3%B5es_estaduais_no_Rio_de_Janeiro_em_2018,1.0,3.0,Datafolha (28 de setembro),Datafolha,,,duas_mencoes_agregadas,Bonifácio (PDT),5.0,5%,Senador | 1º turno | Governo do Estado | Pesquisas de opinião | Senador[editar | editar código],wikipedia,,,,,,bonifacio pdt,Bonifácio (PDT),José Bonifácio,0.0223783092594973,False,9.0
2018,RJ,Eleições estaduais no Rio de Janeiro em 2018,https://pt.wikipedia.org/wiki/Elei%C3%A7%C3%B5es_estaduais_no_Rio_de_Janeiro_em_2018,1.0,1.0,Datafolha (22 de agosto),Datafolha,,,duas_mencoes_agregadas,Aspásia (PSDB),3.0,3%,Senador | 1º turno | Governo do Estado | Pesquisas de opinião | Senador[editar | editar código],wikipedia,,,,,,aspasia psdb,Aspásia (PSDB),Aspásia Camargo,0.0177780635206377,False,10.0
2018,RJ,Eleições estaduais no Rio de Janeiro em 2018,https://pt.wikipedia.org/wiki/Elei%C3%A7%C3%B5es_estaduais_no_Rio_de_Janeiro_em_2018,1.0,2.0,Datafolha (6 de setembro),Datafolha,,,duas_mencoes_agregadas,Aspásia (PSDB),3.0,3%,Senador | 1º turno | Governo do Estado | Pesquisas de opinião | Senador[editar | editar código],wikipedia,,,,,,aspasia psdb,Aspásia (PSDB),Aspásia Camargo,0.0177780635206377,False,10.0
2018,RJ,Eleições estaduais no Rio de Janeiro em 2018,https://pt.wikipedia.org/wiki/Elei%C3%A7%C3%B5es_estaduais_no_Rio_de_Janeiro_em_2018,1.0,3.0,Datafolha (28 de setembro),Datafolha,,,duas_mencoes_agregadas,Aspásia (PSDB),4.0,4%,Senador | 1º turno | Governo do Estado | Pesquisas de opinião | Senador[editar | editar código],wikipedia,,,,,,aspasia psdb,Aspásia (PSDB),Aspásia Camargo,0.0177780635206377,False,10.0
2018,RJ,Eleições estaduais no Rio de Janeiro em 2018,https://pt.wikipedia.org/wiki/Elei%C3%A7%C3%B5es_estaduais_no_Rio_de_Janeiro_em_2018,1.0,1.0,Datafolha (22 de agosto),Datafolha,,,duas_mencoes_agregadas,Barçante (PCB),3.0,3%,Senador | 1º turno | Governo do Estado | Pesquisas de opinião | Senador[editar | editar código],wikipedia,,,,,,barcante pcb,Barçante (PCB),Marta Barçante,0.0037670909948137,False,12.0
2018,RJ,Eleições estaduais no Rio de Janeiro em 2018,https://pt.wikipedia.org/wiki/Elei%C3%A7%C3%B5es_estaduais_no_Rio_de_Janeiro_em_2018,1.0,2.0,Datafolha (6 de setembro),Datafolha,,,duas_mencoes_agregadas,Barçante (PCB),2.0,2%,Senador | 1º turno | Governo do Estado | Pesquisas de opinião | Senador[editar | editar código],wikipedia,,,,,,barcante pcb,Barçante (PCB),Marta Barçante,0.0037670909948137,False,12.0
2018,RJ,Eleições estaduais no Rio de Janeiro em 2018,https://pt.wikipedia.org/wiki/Elei%C3%A7%C3%B5es_estaduais_no_Rio_de_Janeiro_em_2018,1.0,3.0,Datafolha (28 de setembro),Datafolha,,,duas_mencoes_agregadas,Barçante (PCB),1.0,1%,Senador | 1º turno | Governo do Estado | Pesquisas de opinião | Senador[editar | editar código],wikipedia,,,,,,barcante pcb,Barçante (PCB),Marta Barçante,0.0037670909948137,False,12.0
2018,RJ,Eleições estaduais no Rio de Janeiro em 2018,https://pt.wikipedia.org/wiki/Elei%C3%A7%C3%B5es_estaduais_no_Rio_de_Janeiro_em_2018,1.0,1.0,Datafolha (22 de agosto),Datafolha,,,duas_mencoes_agregadas,Fagundes (PCO),2.0,2%,Senador | 1º turno | Governo do Estado | Pesquisas de opinião | Senador[editar | editar código],wikipedia,,,,,,fagundes pco,Fagundes (PCO),Fernando Fagundes,0.0006297772634406,False,17.0
2018,RJ,Eleições estaduais no Rio de Janeiro em 2018,https://pt.wikipedia.org/wiki/Elei%C3%A7%C3%B5es_estaduais_no_Rio_de_Janeiro_em_2018,1.0,2.0,Datafolha (6 de setembro),Datafolha,,,duas_mencoes_agregadas,Fagundes (PCO),1.0,1%,Senador | 1º turno | Governo do Estado | Pesquisas de opinião | Senador[editar | editar código],wikipedia,,,,,,fagundes pco,Fagundes (PCO),Fernando Fagundes,0.0006297772634406,False,17.0
2018,RJ,Eleições estaduais no Rio de Janeiro em 2018,https://pt.wikipedia.org/wiki/Elei%C3%A7%C3%B5es_estaduais_no_Rio_de_Janeiro_em_2018,1.0,3.0,Datafolha (28 de setembro),Datafolha,,,duas_mencoes_agregadas,Fagundes (PCO),1.0,1%,Senador | 1º turno | Governo do Estado | Pesquisas de opinião | Senador[editar | editar código],wikipedia,,,,,,fagundes pco,Fagundes (PCO),Fernando Fagundes,0.0006297772634406,False,17.0
2018,RJ,Eleições estaduais no Rio de Janeiro em 2018,https://pt.wikipedia.org/wiki/Elei%C3%A7%C3%B5es_estaduais_no_Rio_de_Janeiro_em_2018,1.0,1.0,Datafolha (22 de agosto),Datafolha,,,duas_mencoes_agregadas,Guedes (PSTU),2.0,2%,Senador | 1º turno | Governo do Estado | Pesquisas de opinião | Senador[editar | editar código],wikipedia,,,,,,guedes pstu,Guedes (PSTU),Samantha Guedes,0.0009772405812009,False,16.0
2018,RJ,Eleições estaduais no Rio de Janeiro em 2018,https://pt.wikipedia.org/wiki/Elei%C3%A7%C3%B5es_estaduais_no_Rio_de_Janeiro_em_2018,1.0,2.0,Datafolha (6 de setembro),Datafolha,,,duas_mencoes_agregadas,Guedes (PSTU),1.0,1%,Senador | 1º turno | Governo do Estado | Pesquisas de opinião | Senador[editar | editar código],wikipedia,,,,,,guedes pstu,Guedes (PSTU),Samantha Guedes,0.0009772405812009,False,16.0
2018,RJ,Eleições estaduais no Rio de Janeiro em 2018,https://pt.wikipedia.org/wiki/Elei%C3%A7%C3%B5es_estaduais_no_Rio_de_Janeiro_em_2018,1.0,3.0,Datafolha (28 de setembro),Datafolha,,,duas_mencoes_agregadas,Guedes (PSTU),1.0,1%,Senador | 1º turno | Governo do Estado | Pesquisas de opinião | Senador[editar | editar código],wikipedia,,,,,,guedes pstu,Guedes (PSTU),Samantha Guedes,0.0009772405812009,False,16.0
2018,RJ,Eleições estaduais no Rio de Janeiro em 2018,https://pt.wikipedia.org/wiki/Elei%C3%A7%C3%B5es_estaduais_no_Rio_de_Janeiro_em_2018,1.0,2.0,Datafolha (6 de setembro),Datafolha,,,duas_mencoes_agregadas,Burcci (PMB),1.0,1%,Senador | 1º turno | Governo do Estado | Pesquisas de opinião | Senador[editar | editar código],wikipedia,,,,,,burcci pmb,Burcci (PMB),Gabrielle Burcci,0.0019345505979169,False,14.0
2018,RJ,Eleições estaduais no Rio de Janeiro em 2018,https://pt.wikipedia.org/wiki/Elei%C3%A7%C3%B5es_estaduais_no_Rio_de_Janeiro_em_2018,1.0,3.0,Datafolha (28 de setembro),Datafolha,,,duas_mencoes_agregadas,Burcci (PMB),0.0,0%,Senador | 1º turno | Governo do Estado | Pesquisas de opinião | Senador[editar | editar código],wikipedia,,,,,,burcci pmb,Burcci (PMB),Gabrielle Burcci,0.0019345505979169,False,14.0
2018,RJ,Eleições estaduais no Rio de Janeiro em 2018,https://pt.wikipedia.org/wiki/Elei%C3%A7%C3%B5es_estaduais_no_Rio_de_Janeiro_em_2018,1.0,1.0,Datafolha (22 de agosto),Datafolha,,,duas_mencoes_agregadas,Cristie (PATRI),0.0,0%,Senador | 1º turno | Governo do Estado | Pesquisas de opinião | Senador[editar | editar código],wikipedia,,,,,,cristie patri,Cristie (PATRI),Walter Cristie,0.0017003843241467,False,15.0
2018,RJ,Eleições estaduais no Rio de Janeiro em 2018,https://pt.wikipedia.org/wiki/Elei%C3%A7%C3%B5es_estaduais_no_Rio_de_Janeiro_em_2018,1.0,2.0,Datafolha (6 de setembro),Datafolha,,,duas_mencoes_agregadas,Cristie (PATRI),0.0,0%,Senador | 1º turno | Governo do Estado | Pesquisas de opinião | Senador[editar | editar código],wikipedia,,,,,,cristie patri,Cristie (PATRI),Walter Cristie,0.0017003843241467,False,15.0
2018,RJ,Eleições estaduais no Rio de Janeiro em 2018,https://pt.wikipedia.org/wiki/Elei%C3%A7%C3%B5es_estaduais_no_Rio_de_Janeiro_em_2018,1.0,3.0,Datafolha (28 de setembro),Datafolha,,,duas_mencoes_agregadas,Cristie (PATRI),0.0,0%,Senador | 1º turno | Governo do Estado | Pesquisas de opinião | Senador[editar | editar código],wikipedia,,,,,,cristie patri,Cristie (PATRI),Walter Cristie,0.0017003843241467,False,15.0
2018,RN,Eleições estaduais no Rio Grande do Norte em 2018,https://pt.wikipedia.org/wiki/Elei%C3%A7%C3%B5es_estaduais_no_Rio_Grande_do_Norte_em_2018,1.0,1.0,31/07 a 2 de agosto de 2018,Seta,"±3,5%",3.5,duas_mencoes_agregadas,Styvenson (REDE),13.3,"13,3%","Senado Federal | Governo do estado | Senadores | Governador(a) | Levando em conta que para o senado o eleitor irá votar duas vezes, as pesquisas possuem um universo de 200% | Senado Federal[editar | editar código]",wikipedia,,,,,,styvenson rede,Styvenson (REDE),Styvenson Valentim REDE,0.2569235602570383,True,1.0
2018,RN,Eleições estaduais no Rio Grande do Norte em 2018,https://pt.wikipedia.org/wiki/Elei%C3%A7%C3%B5es_estaduais_no_Rio_Grande_do_Norte_em_2018,1.0,1.0,31/07 a 2 de agosto de 2018,Seta,"±3,5%",3.5,duas_mencoes_agregadas,Maia (PHS),14.0,"14,0%","Senado Federal | Governo do estado | Senadores | Governador(a) | Levando em conta que para o senado o eleitor irá votar duas vezes, as pesquisas possuem um universo de 200% | Senado Federal[editar | editar código]",wikipedia,,,,,,maia phs,Maia (PHS),Zenaide Maia PHS,0.2274662632100021,True,2.0
2018,RN,Eleições estaduais no Rio Grande do Norte em 2018,https://pt.wikipedia.org/wiki/Elei%C3%A7%C3%B5es_estaduais_no_Rio_Grande_do_Norte_em_2018,1.0,1.0,31/07 a 2 de agosto de 2018,Seta,"±3,5%",3.5,duas_mencoes_agregadas,Garibaldi (MDB),14.2,"14,2%","Senado Federal | Governo do estado | Senadores | Governador(a) | Levando em conta que para o senado o eleitor irá votar duas vezes, as pesquisas possuem um universo de 200% | Senado Federal[editar | editar código]",wikipedia,,,,,,garibaldi mdb,Garibaldi (MDB),Garibaldi Alves Filho MDB,0.129593573905393,False,4.0
2018,RN,Eleições estaduais no Rio Grande do Norte em 2018,https://pt.wikipedia.org/wiki/Elei%C3%A7%C3%B5es_estaduais_no_Rio_Grande_do_Norte_em_2018,1.0,1.0,31/07 a 2 de agosto de 2018,Seta,"±3,5%",3.5,duas_mencoes_agregadas,Melo (PSDB),6.1,"6,1%","Senado Federal | Governo do estado | Senadores | Governador(a) | Levando em conta que para o senado o eleitor irá votar duas vezes, as pesquisas possuem um universo de 200% | Senado Federal[editar | editar código]",wikipedia,,,,,,melo psdb,Melo (PSDB),Geraldo Melo PSDB,0.1316776866279883,False,3.0
2018,RN,Eleições estaduais no Rio Grande do Norte em 2018,https://pt.wikipedia.org/wiki/Elei%C3%A7%C3%B5es_estaduais_no_Rio_Grande_do_Norte_em_2018,1.0,1.0,31/07 a 2 de agosto de 2018,Seta,"±3,5%",3.5,duas_mencoes_agregadas,Jácome (PODE),4.5,"4,5%","Senado Federal | Governo do estado | Senadores | Governador(a) | Levando em conta que para o senado o eleitor irá votar duas vezes, as pesquisas possuem um universo de 200% | Senado Federal[editar | editar código]",wikipedia,,,,,,jacome pode,Jácome (PODE),Antônio Jácome PODE,0.1058932507129043,False,5.0
2018,RN,Eleições estaduais no Rio Grande do Norte em 2018,https://pt.wikipedia.org/wiki/Elei%C3%A7%C3%B5es_estaduais_no_Rio_Grande_do_Norte_em_2018,1.0,1.0,31/07 a 2 de agosto de 2018,Seta,"±3,5%",3.5,duas_mencoes_agregadas,Motta (PT),0.5,"0,5%","Senado Federal | Governo do estado | Senadores | Governador(a) | Levando em conta que para o senado o eleitor irá votar duas vezes, as pesquisas possuem um universo de 200% | Senado Federal[editar | editar código]",wikipedia,,,,,,motta pt,Motta (PT),Alexandre Motta PT,0.0835246927742261,False,6.0
2018,RN,Eleições estaduais no Rio Grande do Norte em 2018,https://pt.wikipedia.org/wiki/Elei%C3%A7%C3%B5es_estaduais_no_Rio_Grande_do_Norte_em_2018,1.0,1.0,31/07 a 2 de agosto de 2018,Seta,"±3,5%",3.5,duas_mencoes_agregadas,Magnólia (SD),1.5,"1,5%","Senado Federal | Governo do estado | Senadores | Governador(a) | Levando em conta que para o senado o eleitor irá votar duas vezes, as pesquisas possuem um universo de 200% | Senado Federal[editar | editar código]",wikipedia,,,,,,magnolia sd,Magnólia (SD),Magnólia Figueiredo SD,0.0392898308389432,False,7.0
2018,RN,Eleições estaduais no Rio Grande do Norte em 2018,https://pt.wikipedia.org/wiki/Elei%C3%A7%C3%B5es_estaduais_no_Rio_Grande_do_Norte_em_2018,1.0,1.0,31/07 a 2 de agosto de 2018,Seta,"±3,5%",3.5,duas_mencoes_agregadas,Célia (PSTU),3.1,"3,1%","Senado Federal | Governo do estado | Senadores | Governador(a) | Levando em conta que para o senado o eleitor irá votar duas vezes, as pesquisas possuem um universo de 200% | Senado Federal[editar | editar código]",wikipedia,,,,,,celia pstu,Célia (PSTU),Ana Celia PSTU,0.0028361157099383,False,11.0
2018,RN,Eleições estaduais no Rio Grande do Norte em 2018,https://pt.wikipedia.org/wiki/Elei%C3%A7%C3%B5es_estaduais_no_Rio_Grande_do_Norte_em_2018,1.0,1.0,31/07 a 2 de agosto de 2018,Seta,"±3,5%",3.5,duas_mencoes_agregadas,Gurgel (PSOL),2.6,"2,6%","Senado Federal | Governo do estado | Senadores | Governador(a) | Levando em conta que para o senado o eleitor irá votar duas vezes, as pesquisas possuem um universo de 200% | Senado Federal[editar | editar código]",wikipedia,,,,,,gurgel psol,Gurgel (PSOL),Telma Gurgel PSOL,0.0082145044600012,False,8.0
2018,RN,Eleições estaduais no Rio Grande do Norte em 2018,https://pt.wikipedia.org/wiki/Elei%C3%A7%C3%B5es_estaduais_no_Rio_Grande_do_Norte_em_2018,1.0,1.0,31/07 a 2 de agosto de 2018,Seta,"±3,5%",3.5,duas_mencoes_agregadas,Morais (PSTU),1.8,"1,8%","Senado Federal | Governo do estado | Senadores | Governador(a) | Levando em conta que para o senado o eleitor irá votar duas vezes, as pesquisas possuem um universo de 200% | Senado Federal[editar | editar código]",wikipedia,,,,,,morais pstu,Morais (PSTU),João Morais PSTU,0.0014781698665547,False,13.0
2018,RN,Eleições estaduais no Rio Grande do Norte em 2018,https://pt.wikipedia.org/wiki/Elei%C3%A7%C3%B5es_estaduais_no_Rio_Grande_do_Norte_em_2018,1.0,1.0,31/07 a 2 de agosto de 2018,Seta,"±3,5%",3.5,duas_mencoes_agregadas,Marinho (PRTB),5.5,"5,5%","Senado Federal | Governo do estado | Senadores | Governador(a) | Levando em conta que para o senado o eleitor irá votar duas vezes, as pesquisas possuem um universo de 200% | Senado Federal[editar | editar código]",wikipedia,,,,,,marinho prtb,Marinho (PRTB),Jurandir Marinho PRTB,0.0,False,15.0
2018,RN,Eleições estaduais no Rio Grande do Norte em 2018,https://pt.wikipedia.org/wiki/Elei%C3%A7%C3%B5es_estaduais_no_Rio_Grande_do_Norte_em_2018,1.0,1.0,31/07 a 2 de agosto de 2018,Seta,"±3,5%",3.5,duas_mencoes_agregadas,Costa (PRTB),1.9,"1,9%","Senado Federal | Governo do estado | Senadores | Governador(a) | Levando em conta que para o senado o eleitor irá votar duas vezes, as pesquisas possuem um universo de 200% | Senado Federal[editar | editar código]",wikipedia,,,,,,costa prtb,Costa (PRTB),Levi Costa PRTB,0.0050669775267197,False,10.0
2018,RN,Eleições estaduais no Rio Grande do Norte em 2018,https://pt.wikipedia.org/wiki/Elei%C3%A7%C3%B5es_estaduais_no_Rio_Grande_do_Norte_em_2018,1.0,1.0,31/07 a 2 de agosto de 2018,Seta,"±3,5%",3.5,duas_mencoes_agregadas,Napoleão (REDE),2.3,"2,3%","Senado Federal | Governo do estado | Senadores | Governador(a) | Levando em conta que para o senado o eleitor irá votar duas vezes, as pesquisas possuem um universo de 200% | Senado Federal[editar | editar código]",wikipedia,,,,,,napoleao rede,Napoleão (REDE),João Napoleão REDE,0.0024685540115897,False,12.0
2018,RN,Eleições estaduais no Rio Grande do Norte em 2018,https://pt.wikipedia.org/wiki/Elei%C3%A7%C3%B5es_estaduais_no_Rio_Grande_do_Norte_em_2018,1.0,1.0,31/07 a 2 de agosto de 2018,Seta,"±3,5%",3.5,duas_mencoes_agregadas,Joanilson (DC),0.2,"0,2%","Senado Federal | Governo do estado | Senadores | Governador(a) | Levando em conta que para o senado o eleitor irá votar duas vezes, as pesquisas possuem um universo de 200% | Senado Federal[editar | editar código]",wikipedia,,,,,,joanilson dc,Joanilson (DC),Joanílson Rêgo DC,0.0053112148689213,False,9.0
2018,RN,Eleições estaduais no Rio Grande do Norte em 2018,https://pt.wikipedia.org/wiki/Elei%C3%A7%C3%B5es_estaduais_no_Rio_Grande_do_Norte_em_2018,1.0,1.0,31/07 a 2 de agosto de 2018,Seta,"±3,5%",3.5,duas_mencoes_agregadas,Lailson (PSOL),1.2,"1,2%","Senado Federal | Governo do estado | Senadores | Governador(a) | Levando em conta que para o senado o eleitor irá votar duas vezes, as pesquisas possuem um universo de 200% | Senado Federal[editar | editar código]",wikipedia,,,,,,lailson psol,Lailson (PSOL),Laílson Almeida PSOL,0.0002556052297794,False,14.0
2018,RN,Eleições estaduais no Rio Grande do Norte em 2018,https://pt.wikipedia.org/wiki/Elei%C3%A7%C3%B5es_estaduais_no_Rio_Grande_do_Norte_em_2018,1.0,2.0,14/08 a 16 de agosto de 2018,Ibope,±3%,3.0,duas_mencoes_agregadas,Styvenson (REDE),23.0,23%,"Senado Federal | Governo do estado | Senadores | Governador(a) | Levando em conta que para o senado o eleitor irá votar duas vezes, as pesquisas possuem um universo de 200% | Senado Federal[editar | editar código]",wikipedia,,,,,,styvenson rede,Styvenson (REDE),Styvenson Valentim REDE,0.2569235602570383,True,1.0
2018,RN,Eleições estaduais no Rio Grande do Norte em 2018,https://pt.wikipedia.org/wiki/Elei%C3%A7%C3%B5es_estaduais_no_Rio_Grande_do_Norte_em_2018,1.0,2.0,14/08 a 16 de agosto de 2018,Ibope,±3%,3.0,duas_mencoes_agregadas,Maia (PHS),12.0,12%,"Senado Federal | Governo do estado | Senadores | Governador(a) | Levando em conta que para o senado o eleitor irá votar duas vezes, as pesquisas possuem um universo de 200% | Senado Federal[editar | editar código]",wikipedia,,,,,,maia phs,Maia (PHS),Zenaide Maia PHS,0.2274662632100021,True,2.0
2018,RN,Eleições estaduais no Rio Grande do Norte em 2018,https://pt.wikipedia.org/wiki/Elei%C3%A7%C3%B5es_estaduais_no_Rio_Grande_do_Norte_em_2018,1.0,2.0,14/08 a 16 de agosto de 2018,Ibope,±3%,3.0,duas_mencoes_agregadas,Garibaldi (MDB),21.0,21%,"Senado Federal | Governo do estado | Senadores | Governador(a) | Levando em conta que para o senado o eleitor irá votar duas vezes, as pesquisas possuem um universo de 200% | Senado Federal[editar | editar código]",wikipedia,,,,,,garibaldi mdb,Garibaldi (MDB),Garibaldi Alves Filho MDB,0.129593573905393,False,4.0
2018,RN,Eleições estaduais no Rio Grande do Norte em 2018,https://pt.wikipedia.org/wiki/Elei%C3%A7%C3%B5es_estaduais_no_Rio_Grande_do_Norte_em_2018,1.0,2.0,14/08 a 16 de agosto de 2018,Ibope,±3%,3.0,duas_mencoes_agregadas,Melo (PSDB),14.0,14%,"Senado Federal | Governo do estado | Senadores | Governador(a) | Levando em conta que para o senado o eleitor irá votar duas vezes, as pesquisas possuem um universo de 200% | Senado Federal[editar | editar código]",wikipedia,,,,,,melo psdb,Melo (PSDB),Geraldo Melo PSDB,0.1316776866279883,False,3.0
2018,RN,Eleições estaduais no Rio Grande do Norte em 2018,https://pt.wikipedia.org/wiki/Elei%C3%A7%C3%B5es_estaduais_no_Rio_Grande_do_Norte_em_2018,1.0,2.0,14/08 a 16 de agosto de 2018,Ibope,±3%,3.0,duas_mencoes_agregadas,Jácome (PODE),7.0,7%,"Senado Federal | Governo do estado | Senadores | Governador(a) | Levando em conta que para o senado o eleitor irá votar duas vezes, as pesquisas possuem um universo de 200% | Senado Federal[editar | editar código]",wikipedia,,,,,,jacome pode,Jácome (PODE),Antônio Jácome PODE,0.1058932507129043,False,5.0
2018,RN,Eleições estaduais no Rio Grande do Norte em 2018,https://pt.wikipedia.org/wiki/Elei%C3%A7%C3%B5es_estaduais_no_Rio_Grande_do_Norte_em_2018,1.0,2.0,14/08 a 16 de agosto de 2018,Ibope,±3%,3.0,duas_mencoes_agregadas,Motta (PT),4.0,4%,"Senado Federal | Governo do estado | Senadores | Governador(a) | Levando em conta que para o senado o eleitor irá votar duas vezes, as pesquisas possuem um universo de 200% | Senado Federal[editar | editar código]",wikipedia,,,,,,motta pt,Motta (PT),Alexandre Motta PT,0.0835246927742261,False,6.0
2018,RN,Eleições estaduais no Rio Grande do Norte em 2018,https://pt.wikipedia.org/wiki/Elei%C3%A7%C3%B5es_estaduais_no_Rio_Grande_do_Norte_em_2018,1.0,2.0,14/08 a 16 de agosto de 2018,Ibope,±3%,3.0,duas_mencoes_agregadas,Magnólia (SD),2.0,2%,"Senado Federal | Governo do estado | Senadores | Governador(a) | Levando em conta que para o senado o eleitor irá votar duas vezes, as pesquisas possuem um universo de 200% | Senado Federal[editar | editar código]",wikipedia,,,,,,magnolia sd,Magnólia (SD),Magnólia Figueiredo SD,0.0392898308389432,False,7.0
2018,RN,Eleições estaduais no Rio Grande do Norte em 2018,https://pt.wikipedia.org/wiki/Elei%C3%A7%C3%B5es_estaduais_no_Rio_Grande_do_Norte_em_2018,1.0,2.0,14/08 a 16 de agosto de 2018,Ibope,±3%,3.0,duas_mencoes_agregadas,Célia (PSTU),4.0,4%,"Senado Federal | Governo do estado | Senadores | Governador(a) | Levando em conta que para o senado o eleitor irá votar duas vezes, as pesquisas possuem um universo de 200% | Senado Federal[editar | editar código]",wikipedia,,,,,,celia pstu,Célia (PSTU),Ana Celia PSTU,0.0028361157099383,False,11.0
2018,RN,Eleições estaduais no Rio Grande do Norte em 2018,https://pt.wikipedia.org/wiki/Elei%C3%A7%C3%B5es_estaduais_no_Rio_Grande_do_Norte_em_2018,1.0,2.0,14/08 a 16 de agosto de 2018,Ibope,±3%,3.0,duas_mencoes_agregadas,Gurgel (PSOL),1.0,1%,"Senado Federal | Governo do estado | Senadores | Governador(a) | Levando em conta que para o senado o eleitor irá votar duas vezes, as pesquisas possuem um universo de 200% | Senado Federal[editar | editar código]",wikipedia,,,,,,gurgel psol,Gurgel (PSOL),Telma Gurgel PSOL,0.0082145044600012,False,8.0
2018,RN,Eleições estaduais no Rio Grande do Norte em 2018,https://pt.wikipedia.org/wiki/Elei%C3%A7%C3%B5es_estaduais_no_Rio_Grande_do_Norte_em_2018,1.0,2.0,14/08 a 16 de agosto de 2018,Ibope,±3%,3.0,duas_mencoes_agregadas,Morais (PSTU),2.0,2%,"Senado Federal | Governo do estado | Senadores | Governador(a) | Levando em conta que para o senado o eleitor irá votar duas vezes, as pesquisas possuem um universo de 200% | Senado Federal[editar | editar código]",wikipedia,,,,,,morais pstu,Morais (PSTU),João Morais PSTU,0.0014781698665547,False,13.0
2018,RN,Eleições estaduais no Rio Grande do Norte em 2018,https://pt.wikipedia.org/wiki/Elei%C3%A7%C3%B5es_estaduais_no_Rio_Grande_do_Norte_em_2018,1.0,2.0,14/08 a 16 de agosto de 2018,Ibope,±3%,3.0,duas_mencoes_agregadas,Marinho (PRTB),1.0,1%,"Senado Federal | Governo do estado | Senadores | Governador(a) | Levando em conta que para o senado o eleitor irá votar duas vezes, as pesquisas possuem um universo de 200% | Senado Federal[editar | editar código]",wikipedia,,,,,,marinho prtb,Marinho (PRTB),Jurandir Marinho PRTB,0.0,False,15.0
2018,RN,Eleições estaduais no Rio Grande do Norte em 2018,https://pt.wikipedia.org/wiki/Elei%C3%A7%C3%B5es_estaduais_no_Rio_Grande_do_Norte_em_2018,1.0,2.0,14/08 a 16 de agosto de 2018,Ibope,±3%,3.0,duas_mencoes_agregadas,Costa (PRTB),3.0,3%,"Senado Federal | Governo do estado | Senadores | Governador(a) | Levando em conta que para o senado o eleitor irá votar duas vezes, as pesquisas possuem um universo de 200% | Senado Federal[editar | editar código]",wikipedia,,,,,,costa prtb,Costa (PRTB),Levi Costa PRTB,0.0050669775267197,False,10.0
2018,RN,Eleições estaduais no Rio Grande do Norte em 2018,https://pt.wikipedia.org/wiki/Elei%C3%A7%C3%B5es_estaduais_no_Rio_Grande_do_Norte_em_2018,1.0,2.0,14/08 a 16 de agosto de 2018,Ibope,±3%,3.0,duas_mencoes_agregadas,Napoleão (REDE),2.0,2%,"Senado Federal | Governo do estado | Senadores | Governador(a) | Levando em conta que para o senado o eleitor irá votar duas vezes, as pesquisas possuem um universo de 200% | Senado Federal[editar | editar código]",wikipedia,,,,,,napoleao rede,Napoleão (REDE),João Napoleão REDE,0.0024685540115897,False,12.0
2018,RN,Eleições estaduais no Rio Grande do Norte em 2018,https://pt.wikipedia.org/wiki/Elei%C3%A7%C3%B5es_estaduais_no_Rio_Grande_do_Norte_em_2018,1.0,2.0,14/08 a 16 de agosto de 2018,Ibope,±3%,3.0,duas_mencoes_agregadas,Joanilson (DC),1.0,1%,"Senado Federal | Governo do estado | Senadores | Governador(a) | Levando em conta que para o senado o eleitor irá votar duas vezes, as pesquisas possuem um universo de 200% | Senado Federal[editar | editar código]",wikipedia,,,,,,joanilson dc,Joanilson (DC),Joanílson Rêgo DC,0.0053112148689213,False,9.0
2018,RN,Eleições estaduais no Rio Grande do Norte em 2018,https://pt.wikipedia.org/wiki/Elei%C3%A7%C3%B5es_estaduais_no_Rio_Grande_do_Norte_em_2018,1.0,2.0,14/08 a 16 de agosto de 2018,Ibope,±3%,3.0,duas_mencoes_agregadas,Lailson (PSOL),1.0,1%,"Senado Federal | Governo do estado | Senadores | Governador(a) | Levando em conta que para o senado o eleitor irá votar duas vezes, as pesquisas possuem um universo de 200% | Senado Federal[editar | editar código]",wikipedia,,,,,,lailson psol,Lailson (PSOL),Laílson Almeida PSOL,0.0002556052297794,False,14.0
2018,RN,Eleições estaduais no Rio Grande do Norte em 2018,https://pt.wikipedia.org/wiki/Elei%C3%A7%C3%B5es_estaduais_no_Rio_Grande_do_Norte_em_2018,1.0,3.0,18/09 a 20 de setembro de 2018,Ibope,±3%,3.0,duas_mencoes_agregadas,Styvenson (REDE),27.0,27%,"Senado Federal | Governo do estado | Senadores | Governador(a) | Levando em conta que para o senado o eleitor irá votar duas vezes, as pesquisas possuem um universo de 200% | Senado Federal[editar | editar código]",wikipedia,,,,,,styvenson rede,Styvenson (REDE),Styvenson Valentim REDE,0.2569235602570383,True,1.0
2018,RN,Eleições estaduais no Rio Grande do Norte em 2018,https://pt.wikipedia.org/wiki/Elei%C3%A7%C3%B5es_estaduais_no_Rio_Grande_do_Norte_em_2018,1.0,3.0,18/09 a 20 de setembro de 2018,Ibope,±3%,3.0,duas_mencoes_agregadas,Maia (PHS),25.0,25%,"Senado Federal | Governo do estado | Senadores | Governador(a) | Levando em conta que para o senado o eleitor irá votar duas vezes, as pesquisas possuem um universo de 200% | Senado Federal[editar | editar código]",wikipedia,,,,,,maia phs,Maia (PHS),Zenaide Maia PHS,0.2274662632100021,True,2.0
2018,RN,Eleições estaduais no Rio Grande do Norte em 2018,https://pt.wikipedia.org/wiki/Elei%C3%A7%C3%B5es_estaduais_no_Rio_Grande_do_Norte_em_2018,1.0,3.0,18/09 a 20 de setembro de 2018,Ibope,±3%,3.0,duas_mencoes_agregadas,Garibaldi (MDB),21.0,21%,"Senado Federal | Governo do estado | Senadores | Governador(a) | Levando em conta que para o senado o eleitor irá votar duas vezes, as pesquisas possuem um universo de 200% | Senado Federal[editar | editar código]",wikipedia,,,,,,garibaldi mdb,Garibaldi (MDB),Garibaldi Alves Filho MDB,0.129593573905393,False,4.0
2018,RN,Eleições estaduais no Rio Grande do Norte em 2018,https://pt.wikipedia.org/wiki/Elei%C3%A7%C3%B5es_estaduais_no_Rio_Grande_do_Norte_em_2018,1.0,3.0,18/09 a 20 de setembro de 2018,Ibope,±3%,3.0,duas_mencoes_agregadas,Melo (PSDB),20.0,20%,"Senado Federal | Governo do estado | Senadores | Governador(a) | Levando em conta que para o senado o eleitor irá votar duas vezes, as pesquisas possuem um universo de 200% | Senado Federal[editar | editar código]",wikipedia,,,,,,melo psdb,Melo (PSDB),Geraldo Melo PSDB,0.1316776866279883,False,3.0
2018,RN,Eleições estaduais no Rio Grande do Norte em 2018,https://pt.wikipedia.org/wiki/Elei%C3%A7%C3%B5es_estaduais_no_Rio_Grande_do_Norte_em_2018,1.0,3.0,18/09 a 20 de setembro de 2018,Ibope,±3%,3.0,duas_mencoes_agregadas,Jácome (PODE),13.0,13%,"Senado Federal | Governo do estado | Senadores | Governador(a) | Levando em conta que para o senado o eleitor irá votar duas vezes, as pesquisas possuem um universo de 200% | Senado Federal[editar | editar código]",wikipedia,,,,,,jacome pode,Jácome (PODE),Antônio Jácome PODE,0.1058932507129043,False,5.0
2018,RN,Eleições estaduais no Rio Grande do Norte em 2018,https://pt.wikipedia.org/wiki/Elei%C3%A7%C3%B5es_estaduais_no_Rio_Grande_do_Norte_em_2018,1.0,3.0,18/09 a 20 de setembro de 2018,Ibope,±3%,3.0,duas_mencoes_agregadas,Motta (PT),5.0,5%,"Senado Federal | Governo do estado | Senadores | Governador(a) | Levando em conta que para o senado o eleitor irá votar duas vezes, as pesquisas possuem um universo de 200% | Senado Federal[editar | editar código]",wikipedia,,,,,,motta pt,Motta (PT),Alexandre Motta PT,0.0835246927742261,False,6.0
2018,RN,Eleições estaduais no Rio Grande do Norte em 2018,https://pt.wikipedia.org/wiki/Elei%C3%A7%C3%B5es_estaduais_no_Rio_Grande_do_Norte_em_2018,1.0,3.0,18/09 a 20 de setembro de 2018,Ibope,±3%,3.0,duas_mencoes_agregadas,Magnólia (SD),4.0,4%,"Senado Federal | Governo do estado | Senadores | Governador(a) | Levando em conta que para o senado o eleitor irá votar duas vezes, as pesquisas possuem um universo de 200% | Senado Federal[editar | editar código]",wikipedia,,,,,,magnolia sd,Magnólia (SD),Magnólia Figueiredo SD,0.0392898308389432,False,7.0
2018,RN,Eleições estaduais no Rio Grande do Norte em 2018,https://pt.wikipedia.org/wiki/Elei%C3%A7%C3%B5es_estaduais_no_Rio_Grande_do_Norte_em_2018,1.0,3.0,18/09 a 20 de setembro de 2018,Ibope,±3%,3.0,duas_mencoes_agregadas,Célia (PSTU),2.0,2%,"Senado Federal | Governo do estado | Senadores | Governador(a) | Levando em conta que para o senado o eleitor irá votar duas vezes, as pesquisas possuem um universo de 200% | Senado Federal[editar | editar código]",wikipedia,,,,,,celia pstu,Célia (PSTU),Ana Celia PSTU,0.0028361157099383,False,11.0
2018,RN,Eleições estaduais no Rio Grande do Norte em 2018,https://pt.wikipedia.org/wiki/Elei%C3%A7%C3%B5es_estaduais_no_Rio_Grande_do_Norte_em_2018,1.0,3.0,18/09 a 20 de setembro de 2018,Ibope,±3%,3.0,duas_mencoes_agregadas,Gurgel (PSOL),2.0,2%,"Senado Federal | Governo do estado | Senadores | Governador(a) | Levando em conta que para o senado o eleitor irá votar duas vezes, as pesquisas possuem um universo de 200% | Senado Federal[editar | editar código]",wikipedia,,,,,,gurgel psol,Gurgel (PSOL),Telma Gurgel PSOL,0.0082145044600012,False,8.0
2018,RN,Eleições estaduais no Rio Grande do Norte em 2018,https://pt.wikipedia.org/wiki/Elei%C3%A7%C3%B5es_estaduais_no_Rio_Grande_do_Norte_em_2018,1.0,3.0,18/09 a 20 de setembro de 2018,Ibope,±3%,3.0,duas_mencoes_agregadas,Morais (PSTU),2.0,2%,"Senado Federal | Governo do estado | Senadores | Governador(a) | Levando em conta que para o senado o eleitor irá votar duas vezes, as pesquisas possuem um universo de 200% | Senado Federal[editar | editar código]",wikipedia,,,,,,morais pstu,Morais (PSTU),João Morais PSTU,0.0014781698665547,False,13.0
2018,RN,Eleições estaduais no Rio Grande do Norte em 2018,https://pt.wikipedia.org/wiki/Elei%C3%A7%C3%B5es_estaduais_no_Rio_Grande_do_Norte_em_2018,1.0,3.0,18/09 a 20 de setembro de 2018,Ibope,±3%,3.0,duas_mencoes_agregadas,Marinho (PRTB),2.0,2%,"Senado Federal | Governo do estado | Senadores | Governador(a) | Levando em conta que para o senado o eleitor irá votar duas vezes, as pesquisas possuem um universo de 200% | Senado Federal[editar | editar código]",wikipedia,,,,,,marinho prtb,Marinho (PRTB),Jurandir Marinho PRTB,0.0,False,15.0
2018,RN,Eleições estaduais no Rio Grande do Norte em 2018,https://pt.wikipedia.org/wiki/Elei%C3%A7%C3%B5es_estaduais_no_Rio_Grande_do_Norte_em_2018,1.0,3.0,18/09 a 20 de setembro de 2018,Ibope,±3%,3.0,duas_mencoes_agregadas,Costa (PRTB),1.0,1%,"Senado Federal | Governo do estado | Senadores | Governador(a) | Levando em conta que para o senado o eleitor irá votar duas vezes, as pesquisas possuem um universo de 200% | Senado Federal[editar | editar código]",wikipedia,,,,,,costa prtb,Costa (PRTB),Levi Costa PRTB,0.0050669775267197,False,10.0
2018,RN,Eleições estaduais no Rio Grande do Norte em 2018,https://pt.wikipedia.org/wiki/Elei%C3%A7%C3%B5es_estaduais_no_Rio_Grande_do_Norte_em_2018,1.0,3.0,18/09 a 20 de setembro de 2018,Ibope,±3%,3.0,duas_mencoes_agregadas,Napoleão (REDE),1.0,1%,"Senado Federal | Governo do estado | Senadores | Governador(a) | Levando em conta que para o senado o eleitor irá votar duas vezes, as pesquisas possuem um universo de 200% | Senado Federal[editar | editar código]",wikipedia,,,,,,napoleao rede,Napoleão (REDE),João Napoleão REDE,0.0024685540115897,False,12.0
2018,RN,Eleições estaduais no Rio Grande do Norte em 2018,https://pt.wikipedia.org/wiki/Elei%C3%A7%C3%B5es_estaduais_no_Rio_Grande_do_Norte_em_2018,1.0,3.0,18/09 a 20 de setembro de 2018,Ibope,±3%,3.0,duas_mencoes_agregadas,Joanilson (DC),1.0,1%,"Senado Federal | Governo do estado | Senadores | Governador(a) | Levando em conta que para o senado o eleitor irá votar duas vezes, as pesquisas possuem um universo de 200% | Senado Federal[editar | editar código]",wikipedia,,,,,,joanilson dc,Joanilson (DC),Joanílson Rêgo DC,0.0053112148689213,False,9.0
2018,RN,Eleições estaduais no Rio Grande do Norte em 2018,https://pt.wikipedia.org/wiki/Elei%C3%A7%C3%B5es_estaduais_no_Rio_Grande_do_Norte_em_2018,1.0,3.0,18/09 a 20 de setembro de 2018,Ibope,±3%,3.0,duas_mencoes_agregadas,Lailson (PSOL),1.0,1%,"Senado Federal | Governo do estado | Senadores | Governador(a) | Levando em conta que para o senado o eleitor irá votar duas vezes, as pesquisas possuem um universo de 200% | Senado Federal[editar | editar código]",wikipedia,,,,,,lailson psol,Lailson (PSOL),Laílson Almeida PSOL,0.0002556052297794,False,14.0
2018,RS,Eleições estaduais no Rio Grande do Sul em 2018,https://pt.wikipedia.org/wiki/Elei%C3%A7%C3%B5es_estaduais_no_Rio_Grande_do_Sul_em_2018,1.0,1.0,12 de junho de 2018,Paraná Pesquisas,"±2,5%",2.5,duas_mencoes_agregadas,Ana Amélia (PP),44.5,"44,5%",Senador | Governador | Pesquisas de opinião | Candidatos ao Senado Federal,wikipedia,,,,,,ana amelia pp,Ana Amélia (PP),Ana Varela (PODE),0.0096154055651395,False,9.0
2018,RS,Eleições estaduais no Rio Grande do Sul em 2018,https://pt.wikipedia.org/wiki/Elei%C3%A7%C3%B5es_estaduais_no_Rio_Grande_do_Sul_em_2018,1.0,1.0,12 de junho de 2018,Paraná Pesquisas,"±2,5%",2.5,duas_mencoes_agregadas,Beto (PSB),10.5,"10,5%",Senador | Governador | Pesquisas de opinião | Candidatos ao Senado Federal,wikipedia,,,,,,beto psb,Beto (PSB),Beto Albuquerque (PSB),0.1623463620575702,False,3.0
2018,RS,Eleições estaduais no Rio Grande do Sul em 2018,https://pt.wikipedia.org/wiki/Elei%C3%A7%C3%B5es_estaduais_no_Rio_Grande_do_Sul_em_2018,1.0,1.0,12 de junho de 2018,Paraná Pesquisas,"±2,5%",2.5,duas_mencoes_agregadas,Paim (PT),28.7,"28,7%",Senador | Governador | Pesquisas de opinião | Candidatos ao Senado Federal,wikipedia,,,,,,paim pt,Paim (PT),Paulo Paim (PT),0.1776406960218324,True,2.0
2018,RS,Eleições estaduais no Rio Grande do Sul em 2018,https://pt.wikipedia.org/wiki/Elei%C3%A7%C3%B5es_estaduais_no_Rio_Grande_do_Sul_em_2018,1.0,1.0,12 de junho de 2018,Paraná Pesquisas,"±2,5%",2.5,duas_mencoes_agregadas,Vais (NOVO),3.0,3%,Senador | Governador | Pesquisas de opinião | Candidatos ao Senado Federal,wikipedia,,,,,,vais novo,Vais (NOVO),,,,
2018,RS,Eleições estaduais no Rio Grande do Sul em 2018,https://pt.wikipedia.org/wiki/Elei%C3%A7%C3%B5es_estaduais_no_Rio_Grande_do_Sul_em_2018,1.0,1.0,12 de junho de 2018,Paraná Pesquisas,"±2,5%",2.5,duas_mencoes_agregadas,NS / NR,20.7,"20,7%",Senador | Governador | Pesquisas de opinião | Candidatos ao Senado Federal,wikipedia,,,,,,ns / nr,NS / NR,,,,
2018,RS,Eleições estaduais no Rio Grande do Sul em 2018,https://pt.wikipedia.org/wiki/Elei%C3%A7%C3%B5es_estaduais_no_Rio_Grande_do_Sul_em_2018,1.0,2.0,29 de junho de 2018,Instituto Methodus,±3%,3.0,duas_mencoes_agregadas,Ana Amélia (PP),35.7,"35,7%",Senador | Governador | Pesquisas de opinião | Candidatos ao Senado Federal,wikipedia,,,,,,ana amelia pp,Ana Amélia (PP),Ana Varela (PODE),0.0096154055651395,False,9.0
2018,RS,Eleições estaduais no Rio Grande do Sul em 2018,https://pt.wikipedia.org/wiki/Elei%C3%A7%C3%B5es_estaduais_no_Rio_Grande_do_Sul_em_2018,1.0,2.0,29 de junho de 2018,Instituto Methodus,±3%,3.0,duas_mencoes_agregadas,Beto (PSB),20.1,"20,1%",Senador | Governador | Pesquisas de opinião | Candidatos ao Senado Federal,wikipedia,,,,,,beto psb,Beto (PSB),Beto Albuquerque (PSB),0.1623463620575702,False,3.0
2018,RS,Eleições estaduais no Rio Grande do Sul em 2018,https://pt.wikipedia.org/wiki/Elei%C3%A7%C3%B5es_estaduais_no_Rio_Grande_do_Sul_em_2018,1.0,2.0,29 de junho de 2018,Instituto Methodus,±3%,3.0,duas_mencoes_agregadas,Paim (PT),32.2,"32,2%",Senador | Governador | Pesquisas de opinião | Candidatos ao Senado Federal,wikipedia,,,,,,paim pt,Paim (PT),Paulo Paim (PT),0.1776406960218324,True,2.0
2018,RS,Eleições estaduais no Rio Grande do Sul em 2018,https://pt.wikipedia.org/wiki/Elei%C3%A7%C3%B5es_estaduais_no_Rio_Grande_do_Sul_em_2018,1.0,2.0,29 de junho de 2018,Instituto Methodus,±3%,3.0,duas_mencoes_agregadas,Vais (NOVO),6.3,"6,3%",Senador | Governador | Pesquisas de opinião | Candidatos ao Senado Federal,wikipedia,,,,,,vais novo,Vais (NOVO),,,,
2018,RS,Eleições estaduais no Rio Grande do Sul em 2018,https://pt.wikipedia.org/wiki/Elei%C3%A7%C3%B5es_estaduais_no_Rio_Grande_do_Sul_em_2018,1.0,2.0,29 de junho de 2018,Instituto Methodus,±3%,3.0,duas_mencoes_agregadas,NS / NR,31.1,"31,1%",Senador | Governador | Pesquisas de opinião | Candidatos ao Senado Federal,wikipedia,,,,,,ns / nr,NS / NR,,,,
2018,RS,Eleições estaduais no Rio Grande do Sul em 2018,https://pt.wikipedia.org/wiki/Elei%C3%A7%C3%B5es_estaduais_no_Rio_Grande_do_Sul_em_2018,2.0,2.0,17 de agosto de 2018,Ibope,±3%,3.0,duas_mencoes_agregadas,Abigail (PCdoB),3.0,3%,Senador | Governador | Pesquisas de opinião | Candidatos ao Senado Federal,wikipedia,,,,,,abigail pcdob,Abigail (PCdoB),Abigail Pereira (PCdoB),0.0919145393696502,False,6.0
2018,RS,Eleições estaduais no Rio Grande do Sul em 2018,https://pt.wikipedia.org/wiki/Elei%C3%A7%C3%B5es_estaduais_no_Rio_Grande_do_Sul_em_2018,2.0,2.0,17 de agosto de 2018,Ibope,±3%,3.0,duas_mencoes_agregadas,Beto (PSB),15.0,15%,Senador | Governador | Pesquisas de opinião | Candidatos ao Senado Federal,wikipedia,,,,,,beto psb,Beto (PSB),Beto Albuquerque (PSB),0.1623463620575702,False,3.0
2018,RS,Eleições estaduais no Rio Grande do Sul em 2018,https://pt.wikipedia.org/wiki/Elei%C3%A7%C3%B5es_estaduais_no_Rio_Grande_do_Sul_em_2018,2.0,2.0,17 de agosto de 2018,Ibope,±3%,3.0,duas_mencoes_agregadas,Carmen (PSL),6.0,6%,Senador | Governador | Pesquisas de opinião | Candidatos ao Senado Federal,wikipedia,,,,,,carmen psl,Carmen (PSL),Carmen Flores (PSL),0.1429609526663132,False,4.0
2018,RS,Eleições estaduais no Rio Grande do Sul em 2018,https://pt.wikipedia.org/wiki/Elei%C3%A7%C3%B5es_estaduais_no_Rio_Grande_do_Sul_em_2018,2.0,2.0,17 de agosto de 2018,Ibope,±3%,3.0,duas_mencoes_agregadas,Fogaça (MDB),27.0,27%,Senador | Governador | Pesquisas de opinião | Candidatos ao Senado Federal,wikipedia,,,,,,fogaca mdb,Fogaça (MDB),José Fogaça (MDB),0.1388447739677747,False,5.0
2018,RS,Eleições estaduais no Rio Grande do Sul em 2018,https://pt.wikipedia.org/wiki/Elei%C3%A7%C3%B5es_estaduais_no_Rio_Grande_do_Sul_em_2018,2.0,2.0,17 de agosto de 2018,Ibope,±3%,3.0,duas_mencoes_agregadas,Heinze (PP),7.0,7%,Senador | Governador | Pesquisas de opinião | Candidatos ao Senado Federal,wikipedia,,,,,,heinze pp,Heinze (PP),Luiz Carlos Heinze (PP),0.2194276965626422,True,1.0
2018,RS,Eleições estaduais no Rio Grande do Sul em 2018,https://pt.wikipedia.org/wiki/Elei%C3%A7%C3%B5es_estaduais_no_Rio_Grande_do_Sul_em_2018,2.0,2.0,17 de agosto de 2018,Ibope,±3%,3.0,duas_mencoes_agregadas,Bernd (PPS),1.0,1%,Senador | Governador | Pesquisas de opinião | Candidatos ao Senado Federal,wikipedia,,,,,,bernd pps,Bernd (PPS),Mario Bernd (PPS),0.0221426959000105,False,8.0
2018,RS,Eleições estaduais no Rio Grande do Sul em 2018,https://pt.wikipedia.org/wiki/Elei%C3%A7%C3%B5es_estaduais_no_Rio_Grande_do_Sul_em_2018,2.0,2.0,17 de agosto de 2018,Ibope,±3%,3.0,duas_mencoes_agregadas,Paim (PT),27.0,27%,Senador | Governador | Pesquisas de opinião | Candidatos ao Senado Federal,wikipedia,,,,,,paim pt,Paim (PT),Paulo Paim (PT),0.1776406960218324,True,2.0
2018,RS,Eleições estaduais no Rio Grande do Sul em 2018,https://pt.wikipedia.org/wiki/Elei%C3%A7%C3%B5es_estaduais_no_Rio_Grande_do_Sul_em_2018,2.0,2.0,17 de agosto de 2018,Ibope,±3%,3.0,duas_mencoes_agregadas,Sandra (SD),4.0,4%,Senador | Governador | Pesquisas de opinião | Candidatos ao Senado Federal,wikipedia,,,,,,sandra sd,Sandra (SD),Sandra Weber (SD),0.0249527466436689,False,7.0
2018,RS,Eleições estaduais no Rio Grande do Sul em 2018,https://pt.wikipedia.org/wiki/Elei%C3%A7%C3%B5es_estaduais_no_Rio_Grande_do_Sul_em_2018,2.0,2.0,17 de agosto de 2018,Ibope,±3%,3.0,duas_mencoes_agregadas,NS / NR,55.0,55%,Senador | Governador | Pesquisas de opinião | Candidatos ao Senado Federal,wikipedia,,,,,,ns / nr,NS / NR,,,,
2018,RS,Eleições estaduais no Rio Grande do Sul em 2018,https://pt.wikipedia.org/wiki/Elei%C3%A7%C3%B5es_estaduais_no_Rio_Grande_do_Sul_em_2018,2.0,3.0,7 de setembro de 2018,Ibope,±3%,3.0,duas_mencoes_agregadas,Abigail (PCdoB),5.0,5%,Senador | Governador | Pesquisas de opinião | Candidatos ao Senado Federal,wikipedia,,,,,,abigail pcdob,Abigail (PCdoB),Abigail Pereira (PCdoB),0.0919145393696502,False,6.0
2018,RS,Eleições estaduais no Rio Grande do Sul em 2018,https://pt.wikipedia.org/wiki/Elei%C3%A7%C3%B5es_estaduais_no_Rio_Grande_do_Sul_em_2018,2.0,3.0,7 de setembro de 2018,Ibope,±3%,3.0,duas_mencoes_agregadas,Beto (PSB),17.0,17%,Senador | Governador | Pesquisas de opinião | Candidatos ao Senado Federal,wikipedia,,,,,,beto psb,Beto (PSB),Beto Albuquerque (PSB),0.1623463620575702,False,3.0
2018,RS,Eleições estaduais no Rio Grande do Sul em 2018,https://pt.wikipedia.org/wiki/Elei%C3%A7%C3%B5es_estaduais_no_Rio_Grande_do_Sul_em_2018,2.0,3.0,7 de setembro de 2018,Ibope,±3%,3.0,duas_mencoes_agregadas,Carmen (PSL),7.0,7%,Senador | Governador | Pesquisas de opinião | Candidatos ao Senado Federal,wikipedia,,,,,,carmen psl,Carmen (PSL),Carmen Flores (PSL),0.1429609526663132,False,4.0
2018,RS,Eleições estaduais no Rio Grande do Sul em 2018,https://pt.wikipedia.org/wiki/Elei%C3%A7%C3%B5es_estaduais_no_Rio_Grande_do_Sul_em_2018,2.0,3.0,7 de setembro de 2018,Ibope,±3%,3.0,duas_mencoes_agregadas,Fogaça (MDB),33.0,33%,Senador | Governador | Pesquisas de opinião | Candidatos ao Senado Federal,wikipedia,,,,,,fogaca mdb,Fogaça (MDB),José Fogaça (MDB),0.1388447739677747,False,5.0
2018,RS,Eleições estaduais no Rio Grande do Sul em 2018,https://pt.wikipedia.org/wiki/Elei%C3%A7%C3%B5es_estaduais_no_Rio_Grande_do_Sul_em_2018,2.0,3.0,7 de setembro de 2018,Ibope,±3%,3.0,duas_mencoes_agregadas,Heinze (PP),8.0,8%,Senador | Governador | Pesquisas de opinião | Candidatos ao Senado Federal,wikipedia,,,,,,heinze pp,Heinze (PP),Luiz Carlos Heinze (PP),0.2194276965626422,True,1.0
2018,RS,Eleições estaduais no Rio Grande do Sul em 2018,https://pt.wikipedia.org/wiki/Elei%C3%A7%C3%B5es_estaduais_no_Rio_Grande_do_Sul_em_2018,2.0,3.0,7 de setembro de 2018,Ibope,±3%,3.0,duas_mencoes_agregadas,Bernd (PPS),1.0,1%,Senador | Governador | Pesquisas de opinião | Candidatos ao Senado Federal,wikipedia,,,,,,bernd pps,Bernd (PPS),Mario Bernd (PPS),0.0221426959000105,False,8.0
2018,RS,Eleições estaduais no Rio Grande do Sul em 2018,https://pt.wikipedia.org/wiki/Elei%C3%A7%C3%B5es_estaduais_no_Rio_Grande_do_Sul_em_2018,2.0,3.0,7 de setembro de 2018,Ibope,±3%,3.0,duas_mencoes_agregadas,Paim (PT),31.0,31%,Senador | Governador | Pesquisas de opinião | Candidatos ao Senado Federal,wikipedia,,,,,,paim pt,Paim (PT),Paulo Paim (PT),0.1776406960218324,True,2.0
2018,RS,Eleições estaduais no Rio Grande do Sul em 2018,https://pt.wikipedia.org/wiki/Elei%C3%A7%C3%B5es_estaduais_no_Rio_Grande_do_Sul_em_2018,2.0,3.0,7 de setembro de 2018,Ibope,±3%,3.0,duas_mencoes_agregadas,Sandra (SD),4.0,4%,Senador | Governador | Pesquisas de opinião | Candidatos ao Senado Federal,wikipedia,,,,,,sandra sd,Sandra (SD),Sandra Weber (SD),0.0249527466436689,False,7.0
2018,RS,Eleições estaduais no Rio Grande do Sul em 2018,https://pt.wikipedia.org/wiki/Elei%C3%A7%C3%B5es_estaduais_no_Rio_Grande_do_Sul_em_2018,2.0,3.0,7 de setembro de 2018,Ibope,±3%,3.0,duas_mencoes_agregadas,NS / NR,46.0,46%,Senador | Governador | Pesquisas de opinião | Candidatos ao Senado Federal,wikipedia,,,,,,ns / nr,NS / NR,,,,
2018,RS,Eleições estaduais no Rio Grande do Sul em 2018,https://pt.wikipedia.org/wiki/Elei%C3%A7%C3%B5es_estaduais_no_Rio_Grande_do_Sul_em_2018,2.0,4.0,13 de setembro de 2018,Ibope,±3%,3.0,duas_mencoes_agregadas,Abigail (PCdoB),5.0,5%,Senador | Governador | Pesquisas de opinião | Candidatos ao Senado Federal,wikipedia,,,,,,abigail pcdob,Abigail (PCdoB),Abigail Pereira (PCdoB),0.0919145393696502,False,6.0
2018,RS,Eleições estaduais no Rio Grande do Sul em 2018,https://pt.wikipedia.org/wiki/Elei%C3%A7%C3%B5es_estaduais_no_Rio_Grande_do_Sul_em_2018,2.0,4.0,13 de setembro de 2018,Ibope,±3%,3.0,duas_mencoes_agregadas,Beto (PSB),21.0,21%,Senador | Governador | Pesquisas de opinião | Candidatos ao Senado Federal,wikipedia,,,,,,beto psb,Beto (PSB),Beto Albuquerque (PSB),0.1623463620575702,False,3.0
2018,RS,Eleições estaduais no Rio Grande do Sul em 2018,https://pt.wikipedia.org/wiki/Elei%C3%A7%C3%B5es_estaduais_no_Rio_Grande_do_Sul_em_2018,2.0,4.0,13 de setembro de 2018,Ibope,±3%,3.0,duas_mencoes_agregadas,Carmen (PSL),7.0,7%,Senador | Governador | Pesquisas de opinião | Candidatos ao Senado Federal,wikipedia,,,,,,carmen psl,Carmen (PSL),Carmen Flores (PSL),0.1429609526663132,False,4.0
2018,RS,Eleições estaduais no Rio Grande do Sul em 2018,https://pt.wikipedia.org/wiki/Elei%C3%A7%C3%B5es_estaduais_no_Rio_Grande_do_Sul_em_2018,2.0,4.0,13 de setembro de 2018,Ibope,±3%,3.0,duas_mencoes_agregadas,Fogaça (MDB),31.0,31%,Senador | Governador | Pesquisas de opinião | Candidatos ao Senado Federal,wikipedia,,,,,,fogaca mdb,Fogaça (MDB),José Fogaça (MDB),0.1388447739677747,False,5.0
2018,RS,Eleições estaduais no Rio Grande do Sul em 2018,https://pt.wikipedia.org/wiki/Elei%C3%A7%C3%B5es_estaduais_no_Rio_Grande_do_Sul_em_2018,2.0,4.0,13 de setembro de 2018,Ibope,±3%,3.0,duas_mencoes_agregadas,Heinze (PP),8.0,8%,Senador | Governador | Pesquisas de opinião | Candidatos ao Senado Federal,wikipedia,,,,,,heinze pp,Heinze (PP),Luiz Carlos Heinze (PP),0.2194276965626422,True,1.0
2018,RS,Eleições estaduais no Rio Grande do Sul em 2018,https://pt.wikipedia.org/wiki/Elei%C3%A7%C3%B5es_estaduais_no_Rio_Grande_do_Sul_em_2018,2.0,4.0,13 de setembro de 2018,Ibope,±3%,3.0,duas_mencoes_agregadas,Bernd (PPS),1.0,1%,Senador | Governador | Pesquisas de opinião | Candidatos ao Senado Federal,wikipedia,,,,,,bernd pps,Bernd (PPS),Mario Bernd (PPS),0.0221426959000105,False,8.0
2018,RS,Eleições estaduais no Rio Grande do Sul em 2018,https://pt.wikipedia.org/wiki/Elei%C3%A7%C3%B5es_estaduais_no_Rio_Grande_do_Sul_em_2018,2.0,4.0,13 de setembro de 2018,Ibope,±3%,3.0,duas_mencoes_agregadas,Paim (PT),27.0,27%,Senador | Governador | Pesquisas de opinião | Candidatos ao Senado Federal,wikipedia,,,,,,paim pt,Paim (PT),Paulo Paim (PT),0.1776406960218324,True,2.0
2018,RS,Eleições estaduais no Rio Grande do Sul em 2018,https://pt.wikipedia.org/wiki/Elei%C3%A7%C3%B5es_estaduais_no_Rio_Grande_do_Sul_em_2018,2.0,4.0,13 de setembro de 2018,Ibope,±3%,3.0,duas_mencoes_agregadas,Sandra (SD),5.0,5%,Senador | Governador | Pesquisas de opinião | Candidatos ao Senado Federal,wikipedia,,,,,,sandra sd,Sandra (SD),Sandra Weber (SD),0.0249527466436689,False,7.0
2018,RS,Eleições estaduais no Rio Grande do Sul em 2018,https://pt.wikipedia.org/wiki/Elei%C3%A7%C3%B5es_estaduais_no_Rio_Grande_do_Sul_em_2018,2.0,4.0,13 de setembro de 2018,Ibope,±3%,3.0,duas_mencoes_agregadas,NS / NR,47.0,47%,Senador | Governador | Pesquisas de opinião | Candidatos ao Senado Federal,wikipedia,,,,,,ns / nr,NS / NR,,,,
2018,RS,Eleições estaduais no Rio Grande do Sul em 2018,https://pt.wikipedia.org/wiki/Elei%C3%A7%C3%B5es_estaduais_no_Rio_Grande_do_Sul_em_2018,2.0,5.0,21 de setembro de 2018,Ibope,±3%,3.0,duas_mencoes_agregadas,Abigail (PCdoB),6.0,6%,Senador | Governador | Pesquisas de opinião | Candidatos ao Senado Federal,wikipedia,,,,,,abigail pcdob,Abigail (PCdoB),Abigail Pereira (PCdoB),0.0919145393696502,False,6.0
2018,RS,Eleições estaduais no Rio Grande do Sul em 2018,https://pt.wikipedia.org/wiki/Elei%C3%A7%C3%B5es_estaduais_no_Rio_Grande_do_Sul_em_2018,2.0,5.0,21 de setembro de 2018,Ibope,±3%,3.0,duas_mencoes_agregadas,Beto (PSB),19.0,19%,Senador | Governador | Pesquisas de opinião | Candidatos ao Senado Federal,wikipedia,,,,,,beto psb,Beto (PSB),Beto Albuquerque (PSB),0.1623463620575702,False,3.0
2018,RS,Eleições estaduais no Rio Grande do Sul em 2018,https://pt.wikipedia.org/wiki/Elei%C3%A7%C3%B5es_estaduais_no_Rio_Grande_do_Sul_em_2018,2.0,5.0,21 de setembro de 2018,Ibope,±3%,3.0,duas_mencoes_agregadas,Carmen (PSL),9.0,9%,Senador | Governador | Pesquisas de opinião | Candidatos ao Senado Federal,wikipedia,,,,,,carmen psl,Carmen (PSL),Carmen Flores (PSL),0.1429609526663132,False,4.0
2018,RS,Eleições estaduais no Rio Grande do Sul em 2018,https://pt.wikipedia.org/wiki/Elei%C3%A7%C3%B5es_estaduais_no_Rio_Grande_do_Sul_em_2018,2.0,5.0,21 de setembro de 2018,Ibope,±3%,3.0,duas_mencoes_agregadas,Fogaça (MDB),31.0,31%,Senador | Governador | Pesquisas de opinião | Candidatos ao Senado Federal,wikipedia,,,,,,fogaca mdb,Fogaça (MDB),José Fogaça (MDB),0.1388447739677747,False,5.0
2018,RS,Eleições estaduais no Rio Grande do Sul em 2018,https://pt.wikipedia.org/wiki/Elei%C3%A7%C3%B5es_estaduais_no_Rio_Grande_do_Sul_em_2018,2.0,5.0,21 de setembro de 2018,Ibope,±3%,3.0,duas_mencoes_agregadas,Heinze (PP),8.0,8%,Senador | Governador | Pesquisas de opinião | Candidatos ao Senado Federal,wikipedia,,,,,,heinze pp,Heinze (PP),Luiz Carlos Heinze (PP),0.2194276965626422,True,1.0
2018,RS,Eleições estaduais no Rio Grande do Sul em 2018,https://pt.wikipedia.org/wiki/Elei%C3%A7%C3%B5es_estaduais_no_Rio_Grande_do_Sul_em_2018,2.0,5.0,21 de setembro de 2018,Ibope,±3%,3.0,duas_mencoes_agregadas,Bernd (PPS),1.0,1%,Senador | Governador | Pesquisas de opinião | Candidatos ao Senado Federal,wikipedia,,,,,,bernd pps,Bernd (PPS),Mario Bernd (PPS),0.0221426959000105,False,8.0
2018,RS,Eleições estaduais no Rio Grande do Sul em 2018,https://pt.wikipedia.org/wiki/Elei%C3%A7%C3%B5es_estaduais_no_Rio_Grande_do_Sul_em_2018,2.0,5.0,21 de setembro de 2018,Ibope,±3%,3.0,duas_mencoes_agregadas,Paim (PT),30.0,30%,Senador | Governador | Pesquisas de opinião | Candidatos ao Senado Federal,wikipedia,,,,,,paim pt,Paim (PT),Paulo Paim (PT),0.1776406960218324,True,2.0
2018,RS,Eleições estaduais no Rio Grande do Sul em 2018,https://pt.wikipedia.org/wiki/Elei%C3%A7%C3%B5es_estaduais_no_Rio_Grande_do_Sul_em_2018,2.0,5.0,21 de setembro de 2018,Ibope,±3%,3.0,duas_mencoes_agregadas,Sandra (SD),4.0,4%,Senador | Governador | Pesquisas de opinião | Candidatos ao Senado Federal,wikipedia,,,,,,sandra sd,Sandra (SD),Sandra Weber (SD),0.0249527466436689,False,7.0
2018,RS,Eleições estaduais no Rio Grande do Sul em 2018,https://pt.wikipedia.org/wiki/Elei%C3%A7%C3%B5es_estaduais_no_Rio_Grande_do_Sul_em_2018,2.0,5.0,21 de setembro de 2018,Ibope,±3%,3.0,duas_mencoes_agregadas,NS / NR,45.0,45%,Senador | Governador | Pesquisas de opinião | Candidatos ao Senado Federal,wikipedia,,,,,,ns / nr,NS / NR,,,,
2018,RS,Eleições estaduais no Rio Grande do Sul em 2018,https://pt.wikipedia.org/wiki/Elei%C3%A7%C3%B5es_estaduais_no_Rio_Grande_do_Sul_em_2018,2.0,6.0,27 de setembro de 2018,Ibope,±3%,3.0,duas_mencoes_agregadas,Abigail (PCdoB),8.0,8%,Senador | Governador | Pesquisas de opinião | Candidatos ao Senado Federal,wikipedia,,,,,,abigail pcdob,Abigail (PCdoB),Abigail Pereira (PCdoB),0.0919145393696502,False,6.0
2018,RS,Eleições estaduais no Rio Grande do Sul em 2018,https://pt.wikipedia.org/wiki/Elei%C3%A7%C3%B5es_estaduais_no_Rio_Grande_do_Sul_em_2018,2.0,6.0,27 de setembro de 2018,Ibope,±3%,3.0,duas_mencoes_agregadas,Beto (PSB),22.0,22%,Senador | Governador | Pesquisas de opinião | Candidatos ao Senado Federal,wikipedia,,,,,,beto psb,Beto (PSB),Beto Albuquerque (PSB),0.1623463620575702,False,3.0
2018,RS,Eleições estaduais no Rio Grande do Sul em 2018,https://pt.wikipedia.org/wiki/Elei%C3%A7%C3%B5es_estaduais_no_Rio_Grande_do_Sul_em_2018,2.0,6.0,27 de setembro de 2018,Ibope,±3%,3.0,duas_mencoes_agregadas,Carmen (PSL),8.0,8%,Senador | Governador | Pesquisas de opinião | Candidatos ao Senado Federal,wikipedia,,,,,,carmen psl,Carmen (PSL),Carmen Flores (PSL),0.1429609526663132,False,4.0
2018,RS,Eleições estaduais no Rio Grande do Sul em 2018,https://pt.wikipedia.org/wiki/Elei%C3%A7%C3%B5es_estaduais_no_Rio_Grande_do_Sul_em_2018,2.0,6.0,27 de setembro de 2018,Ibope,±3%,3.0,duas_mencoes_agregadas,Fogaça (MDB),33.0,33%,Senador | Governador | Pesquisas de opinião | Candidatos ao Senado Federal,wikipedia,,,,,,fogaca mdb,Fogaça (MDB),José Fogaça (MDB),0.1388447739677747,False,5.0
2018,RS,Eleições estaduais no Rio Grande do Sul em 2018,https://pt.wikipedia.org/wiki/Elei%C3%A7%C3%B5es_estaduais_no_Rio_Grande_do_Sul_em_2018,2.0,6.0,27 de setembro de 2018,Ibope,±3%,3.0,duas_mencoes_agregadas,Heinze (PP),11.0,11%,Senador | Governador | Pesquisas de opinião | Candidatos ao Senado Federal,wikipedia,,,,,,heinze pp,Heinze (PP),Luiz Carlos Heinze (PP),0.2194276965626422,True,1.0
2018,RS,Eleições estaduais no Rio Grande do Sul em 2018,https://pt.wikipedia.org/wiki/Elei%C3%A7%C3%B5es_estaduais_no_Rio_Grande_do_Sul_em_2018,2.0,6.0,27 de setembro de 2018,Ibope,±3%,3.0,duas_mencoes_agregadas,Bernd (PPS),1.0,1%,Senador | Governador | Pesquisas de opinião | Candidatos ao Senado Federal,wikipedia,,,,,,bernd pps,Bernd (PPS),Mario Bernd (PPS),0.0221426959000105,False,8.0
2018,RS,Eleições estaduais no Rio Grande do Sul em 2018,https://pt.wikipedia.org/wiki/Elei%C3%A7%C3%B5es_estaduais_no_Rio_Grande_do_Sul_em_2018,2.0,6.0,27 de setembro de 2018,Ibope,±3%,3.0,duas_mencoes_agregadas,Paim (PT),32.0,32%,Senador | Governador | Pesquisas de opinião | Candidatos ao Senado Federal,wikipedia,,,,,,paim pt,Paim (PT),Paulo Paim (PT),0.1776406960218324,True,2.0
2018,RS,Eleições estaduais no Rio Grande do Sul em 2018,https://pt.wikipedia.org/wiki/Elei%C3%A7%C3%B5es_estaduais_no_Rio_Grande_do_Sul_em_2018,2.0,6.0,27 de setembro de 2018,Ibope,±3%,3.0,duas_mencoes_agregadas,Sandra (SD),4.0,4%,Senador | Governador | Pesquisas de opinião | Candidatos ao Senado Federal,wikipedia,,,,,,sandra sd,Sandra (SD),Sandra Weber (SD),0.0249527466436689,False,7.0
2018,RS,Eleições estaduais no Rio Grande do Sul em 2018,https://pt.wikipedia.org/wiki/Elei%C3%A7%C3%B5es_estaduais_no_Rio_Grande_do_Sul_em_2018,2.0,6.0,27 de setembro de 2018,Ibope,±3%,3.0,duas_mencoes_agregadas,NS / NR,40.0,40%,Senador | Governador | Pesquisas de opinião | Candidatos ao Senado Federal,wikipedia,,,,,,ns / nr,NS / NR,,,,
2018,RS,Eleições estaduais no Rio Grande do Sul em 2018,https://pt.wikipedia.org/wiki/Elei%C3%A7%C3%B5es_estaduais_no_Rio_Grande_do_Sul_em_2018,2.0,7.0,6 de outubro de 2018,Ibope,±3%,3.0,duas_mencoes_agregadas,Abigail (PCdoB),12.0,12%,Senador | Governador | Pesquisas de opinião | Candidatos ao Senado Federal,wikipedia,,,,,,abigail pcdob,Abigail (PCdoB),Abigail Pereira (PCdoB),0.0919145393696502,False,6.0
2018,RS,Eleições estaduais no Rio Grande do Sul em 2018,https://pt.wikipedia.org/wiki/Elei%C3%A7%C3%B5es_estaduais_no_Rio_Grande_do_Sul_em_2018,2.0,7.0,6 de outubro de 2018,Ibope,±3%,3.0,duas_mencoes_agregadas,Beto (PSB),24.0,24%,Senador | Governador | Pesquisas de opinião | Candidatos ao Senado Federal,wikipedia,,,,,,beto psb,Beto (PSB),Beto Albuquerque (PSB),0.1623463620575702,False,3.0
2018,RS,Eleições estaduais no Rio Grande do Sul em 2018,https://pt.wikipedia.org/wiki/Elei%C3%A7%C3%B5es_estaduais_no_Rio_Grande_do_Sul_em_2018,2.0,7.0,6 de outubro de 2018,Ibope,±3%,3.0,duas_mencoes_agregadas,Carmen (PSL),13.0,13%,Senador | Governador | Pesquisas de opinião | Candidatos ao Senado Federal,wikipedia,,,,,,carmen psl,Carmen (PSL),Carmen Flores (PSL),0.1429609526663132,False,4.0
2018,RS,Eleições estaduais no Rio Grande do Sul em 2018,https://pt.wikipedia.org/wiki/Elei%C3%A7%C3%B5es_estaduais_no_Rio_Grande_do_Sul_em_2018,2.0,7.0,6 de outubro de 2018,Ibope,±3%,3.0,duas_mencoes_agregadas,Fogaça (MDB),31.0,31%,Senador | Governador | Pesquisas de opinião | Candidatos ao Senado Federal,wikipedia,,,,,,fogaca mdb,Fogaça (MDB),José Fogaça (MDB),0.1388447739677747,False,5.0
2018,RS,Eleições estaduais no Rio Grande do Sul em 2018,https://pt.wikipedia.org/wiki/Elei%C3%A7%C3%B5es_estaduais_no_Rio_Grande_do_Sul_em_2018,2.0,7.0,6 de outubro de 2018,Ibope,±3%,3.0,duas_mencoes_agregadas,Heinze (PP),18.0,18%,Senador | Governador | Pesquisas de opinião | Candidatos ao Senado Federal,wikipedia,,,,,,heinze pp,Heinze (PP),Luiz Carlos Heinze (PP),0.2194276965626422,True,1.0
2018,RS,Eleições estaduais no Rio Grande do Sul em 2018,https://pt.wikipedia.org/wiki/Elei%C3%A7%C3%B5es_estaduais_no_Rio_Grande_do_Sul_em_2018,2.0,7.0,6 de outubro de 2018,Ibope,±3%,3.0,duas_mencoes_agregadas,Bernd (PPS),2.0,2%,Senador | Governador | Pesquisas de opinião | Candidatos ao Senado Federal,wikipedia,,,,,,bernd pps,Bernd (PPS),Mario Bernd (PPS),0.0221426959000105,False,8.0
2018,RS,Eleições estaduais no Rio Grande do Sul em 2018,https://pt.wikipedia.org/wiki/Elei%C3%A7%C3%B5es_estaduais_no_Rio_Grande_do_Sul_em_2018,2.0,7.0,6 de outubro de 2018,Ibope,±3%,3.0,duas_mencoes_agregadas,Paim (PT),35.0,35%,Senador | Governador | Pesquisas de opinião | Candidatos ao Senado Federal,wikipedia,,,,,,paim pt,Paim (PT),Paulo Paim (PT),0.1776406960218324,True,2.0
2018,RS,Eleições estaduais no Rio Grande do Sul em 2018,https://pt.wikipedia.org/wiki/Elei%C3%A7%C3%B5es_estaduais_no_Rio_Grande_do_Sul_em_2018,2.0,7.0,6 de outubro de 2018,Ibope,±3%,3.0,duas_mencoes_agregadas,Sandra (SD),4.0,4%,Senador | Governador | Pesquisas de opinião | Candidatos ao Senado Federal,wikipedia,,,,,,sandra sd,Sandra (SD),Sandra Weber (SD),0.0249527466436689,False,7.0
2018,RS,Eleições estaduais no Rio Grande do Sul em 2018,https://pt.wikipedia.org/wiki/Elei%C3%A7%C3%B5es_estaduais_no_Rio_Grande_do_Sul_em_2018,2.0,7.0,6 de outubro de 2018,Ibope,±3%,3.0,duas_mencoes_agregadas,NS / NR,26.0,26%,Senador | Governador | Pesquisas de opinião | Candidatos ao Senado Federal,wikipedia,,,,,,ns / nr,NS / NR,,,,
2018,RO,Eleições estaduais em Rondônia em 2018,https://pt.wikipedia.org/wiki/Elei%C3%A7%C3%B5es_estaduais_em_Rond%C3%B4nia_em_2018,1.0,1.0,16/08 a 21/08/2018,Ibope,±3%,3.0,duas_mencoes_agregadas,Moura (MDB),34.0,34%,"Senado Federal | 1º turno | Governo do Estado | Pesquisas de opinião | Levando em conta que para o senado o eleitor irá votar duas vezes, as pesquisas possuem um universo de 200% | Senado Federal[editar | editar código]",wikipedia,,,,,,moura mdb,Moura (MDB),Confúcio Moura MDB,0.1847413423923242,True,2.0
2018,RO,Eleições estaduais em Rondônia em 2018,https://pt.wikipedia.org/wiki/Elei%C3%A7%C3%B5es_estaduais_em_Rond%C3%B4nia_em_2018,1.0,1.0,16/08 a 21/08/2018,Ibope,±3%,3.0,duas_mencoes_agregadas,Cleide (PT),25.0,25%,"Senado Federal | 1º turno | Governo do Estado | Pesquisas de opinião | Levando em conta que para o senado o eleitor irá votar duas vezes, as pesquisas possuem um universo de 200% | Senado Federal[editar | editar código]",wikipedia,,,,,,cleide pt,Cleide (PT),Fátima Cleide PT,0.0,False,13.0
2018,RO,Eleições estaduais em Rondônia em 2018,https://pt.wikipedia.org/wiki/Elei%C3%A7%C3%B5es_estaduais_em_Rond%C3%B4nia_em_2018,1.0,1.0,16/08 a 21/08/2018,Ibope,±3%,3.0,duas_mencoes_agregadas,Raupp (MDB),21.0,21%,"Senado Federal | 1º turno | Governo do Estado | Pesquisas de opinião | Levando em conta que para o senado o eleitor irá votar duas vezes, as pesquisas possuem um universo de 200% | Senado Federal[editar | editar código]",wikipedia,,,,,,raupp mdb,Raupp (MDB),Valdir Raupp MDB,0.0064453886239732,False,9.0
2018,RO,Eleições estaduais em Rondônia em 2018,https://pt.wikipedia.org/wiki/Elei%C3%A7%C3%B5es_estaduais_em_Rond%C3%B4nia_em_2018,1.0,1.0,16/08 a 21/08/2018,Ibope,±3%,3.0,duas_mencoes_agregadas,Rogério (DEM),11.0,11%,"Senado Federal | 1º turno | Governo do Estado | Pesquisas de opinião | Levando em conta que para o senado o eleitor irá votar duas vezes, as pesquisas possuem um universo de 200% | Senado Federal[editar | editar código]",wikipedia,,,,,,rogerio dem,Rogério (DEM),Marcos Rogério DEM,0.2605895401375209,True,1.0
2018,RO,Eleições estaduais em Rondônia em 2018,https://pt.wikipedia.org/wiki/Elei%C3%A7%C3%B5es_estaduais_em_Rond%C3%B4nia_em_2018,1.0,1.0,16/08 a 21/08/2018,Ibope,±3%,3.0,duas_mencoes_agregadas,Magno (PP),10.0,10%,"Senado Federal | 1º turno | Governo do Estado | Pesquisas de opinião | Levando em conta que para o senado o eleitor irá votar duas vezes, as pesquisas possuem um universo de 200% | Senado Federal[editar | editar código]",wikipedia,,,,,,magno pp,Magno (PP),Carlos Magno PP,0.1314090997307003,False,5.0
2018,RO,Eleições estaduais em Rondônia em 2018,https://pt.wikipedia.org/wiki/Elei%C3%A7%C3%B5es_estaduais_em_Rond%C3%B4nia_em_2018,1.0,1.0,16/08 a 21/08/2018,Ibope,±3%,3.0,duas_mencoes_agregadas,Edésio (PRB),7.0,7%,"Senado Federal | 1º turno | Governo do Estado | Pesquisas de opinião | Levando em conta que para o senado o eleitor irá votar duas vezes, as pesquisas possuem um universo de 200% | Senado Federal[editar | editar código]",wikipedia,,,,,,edesio prb,Edésio (PRB),Edésio Fernandes PRB,0.0349167320267727,False,7.0
2018,RO,Eleições estaduais em Rondônia em 2018,https://pt.wikipedia.org/wiki/Elei%C3%A7%C3%B5es_estaduais_em_Rond%C3%B4nia_em_2018,1.0,1.0,16/08 a 21/08/2018,Ibope,±3%,3.0,duas_mencoes_agregadas,Vidal (REDE),6.0,6%,"Senado Federal | 1º turno | Governo do Estado | Pesquisas de opinião | Levando em conta que para o senado o eleitor irá votar duas vezes, as pesquisas possuem um universo de 200% | Senado Federal[editar | editar código]",wikipedia,,,,,,vidal rede,Vidal (REDE),Aluízio Vidal Flor REDE,0.0416355905425931,False,6.0
2018,RO,Eleições estaduais em Rondônia em 2018,https://pt.wikipedia.org/wiki/Elei%C3%A7%C3%B5es_estaduais_em_Rond%C3%B4nia_em_2018,1.0,1.0,16/08 a 21/08/2018,Ibope,±3%,3.0,duas_mencoes_agregadas,Pires (PSB),6.0,6%,"Senado Federal | 1º turno | Governo do Estado | Pesquisas de opinião | Levando em conta que para o senado o eleitor irá votar duas vezes, as pesquisas possuem um universo de 200% | Senado Federal[editar | editar código]",wikipedia,,,,,,pires psb,Pires (PSB),Jesualdo Pires PSB,0.1568971352224409,False,4.0
2018,RO,Eleições estaduais em Rondônia em 2018,https://pt.wikipedia.org/wiki/Elei%C3%A7%C3%B5es_estaduais_em_Rond%C3%B4nia_em_2018,1.0,1.0,16/08 a 21/08/2018,Ibope,±3%,3.0,duas_mencoes_agregadas,Jaime (PSL),3.0,3%,"Senado Federal | 1º turno | Governo do Estado | Pesquisas de opinião | Levando em conta que para o senado o eleitor irá votar duas vezes, as pesquisas possuem um universo de 200% | Senado Federal[editar | editar código]",wikipedia,,,,,,jaime psl,Jaime (PSL),Jaime Bagattoli PSL,0.1700782236165711,False,3.0
2018,RO,Eleições estaduais em Rondônia em 2018,https://pt.wikipedia.org/wiki/Elei%C3%A7%C3%B5es_estaduais_em_Rond%C3%B4nia_em_2018,1.0,1.0,16/08 a 21/08/2018,Ibope,±3%,3.0,duas_mencoes_agregadas,Paz (PSTU),3.0,3%,"Senado Federal | 1º turno | Governo do Estado | Pesquisas de opinião | Levando em conta que para o senado o eleitor irá votar duas vezes, as pesquisas possuem um universo de 200% | Senado Federal[editar | editar código]",wikipedia,,,,,,paz pstu,Paz (PSTU),,,,
2018,RO,Eleições estaduais em Rondônia em 2018,https://pt.wikipedia.org/wiki/Elei%C3%A7%C3%B5es_estaduais_em_Rond%C3%B4nia_em_2018,1.0,1.0,16/08 a 21/08/2018,Ibope,±3%,3.0,duas_mencoes_agregadas,Bosco (PPS),2.0,2%,"Senado Federal | 1º turno | Governo do Estado | Pesquisas de opinião | Levando em conta que para o senado o eleitor irá votar duas vezes, as pesquisas possuem um universo de 200% | Senado Federal[editar | editar código]",wikipedia,,,,,,bosco pps,Bosco (PPS),João Bosco Costa PPS,0.0,False,11.0
2018,RO,Eleições estaduais em Rondônia em 2018,https://pt.wikipedia.org/wiki/Elei%C3%A7%C3%B5es_estaduais_em_Rond%C3%B4nia_em_2018,1.0,1.0,16/08 a 21/08/2018,Ibope,±3%,3.0,duas_mencoes_agregadas,Jurado (NOVO),2.0,2%,"Senado Federal | 1º turno | Governo do Estado | Pesquisas de opinião | Levando em conta que para o senado o eleitor irá votar duas vezes, as pesquisas possuem um universo de 200% | Senado Federal[editar | editar código]",wikipedia,,,,,,jurado novo,Jurado (NOVO),Fabrício Jurado NOVO,0.0027884305394494,False,10.0
2018,RO,Eleições estaduais em Rondônia em 2018,https://pt.wikipedia.org/wiki/Elei%C3%A7%C3%B5es_estaduais_em_Rond%C3%B4nia_em_2018,1.0,1.0,16/08 a 21/08/2018,Ibope,±3%,3.0,duas_mencoes_agregadas,Cadillac (PSTU),2.0,2%,"Senado Federal | 1º turno | Governo do Estado | Pesquisas de opinião | Levando em conta que para o senado o eleitor irá votar duas vezes, as pesquisas possuem um universo de 200% | Senado Federal[editar | editar código]",wikipedia,,,,,,cadillac pstu,Cadillac (PSTU),,,,
2018,RO,Eleições estaduais em Rondônia em 2018,https://pt.wikipedia.org/wiki/Elei%C3%A7%C3%B5es_estaduais_em_Rond%C3%B4nia_em_2018,1.0,1.0,16/08 a 21/08/2018,Ibope,±3%,3.0,duas_mencoes_agregadas,Wilson (PRTB),2.0,2%,"Senado Federal | 1º turno | Governo do Estado | Pesquisas de opinião | Levando em conta que para o senado o eleitor irá votar duas vezes, as pesquisas possuem um universo de 200% | Senado Federal[editar | editar código]",wikipedia,,,,,,wilson prtb,Wilson (PRTB),Ted Wilson PRTB,0.0104985171676538,False,8.0
2018,RO,Eleições estaduais em Rondônia em 2018,https://pt.wikipedia.org/wiki/Elei%C3%A7%C3%B5es_estaduais_em_Rond%C3%B4nia_em_2018,1.0,1.0,16/08 a 21/08/2018,Ibope,±3%,3.0,duas_mencoes_agregadas,Terrinha (PMB),2.0,2%,"Senado Federal | 1º turno | Governo do Estado | Pesquisas de opinião | Levando em conta que para o senado o eleitor irá votar duas vezes, as pesquisas possuem um universo de 200% | Senado Federal[editar | editar código]",wikipedia,,,,,,terrinha pmb,Terrinha (PMB),,,,
2018,RO,Eleições estaduais em Rondônia em 2018,https://pt.wikipedia.org/wiki/Elei%C3%A7%C3%B5es_estaduais_em_Rond%C3%B4nia_em_2018,1.0,1.0,16/08 a 21/08/2018,Ibope,±3%,3.0,duas_mencoes_agregadas,Dettoni (PMB),1.0,1%,"Senado Federal | 1º turno | Governo do Estado | Pesquisas de opinião | Levando em conta que para o senado o eleitor irá votar duas vezes, as pesquisas possuem um universo de 200% | Senado Federal[editar | editar código]",wikipedia,,,,,,dettoni pmb,Dettoni (PMB),Josemir Dettoni PMB,0.0,False,16.0
2018,RO,Eleições estaduais em Rondônia em 2018,https://pt.wikipedia.org/wiki/Elei%C3%A7%C3%B5es_estaduais_em_Rond%C3%B4nia_em_2018,1.0,2.0,14/09 a 19/09/2018,Ibope,±3%,3.0,duas_mencoes_agregadas,Moura (MDB),33.0,33%,"Senado Federal | 1º turno | Governo do Estado | Pesquisas de opinião | Levando em conta que para o senado o eleitor irá votar duas vezes, as pesquisas possuem um universo de 200% | Senado Federal[editar | editar código]",wikipedia,,,,,,moura mdb,Moura (MDB),Confúcio Moura MDB,0.1847413423923242,True,2.0
2018,RO,Eleições estaduais em Rondônia em 2018,https://pt.wikipedia.org/wiki/Elei%C3%A7%C3%B5es_estaduais_em_Rond%C3%B4nia_em_2018,1.0,2.0,14/09 a 19/09/2018,Ibope,±3%,3.0,duas_mencoes_agregadas,Cleide (PT),16.0,16%,"Senado Federal | 1º turno | Governo do Estado | Pesquisas de opinião | Levando em conta que para o senado o eleitor irá votar duas vezes, as pesquisas possuem um universo de 200% | Senado Federal[editar | editar código]",wikipedia,,,,,,cleide pt,Cleide (PT),Fátima Cleide PT,0.0,False,13.0
2018,RO,Eleições estaduais em Rondônia em 2018,https://pt.wikipedia.org/wiki/Elei%C3%A7%C3%B5es_estaduais_em_Rond%C3%B4nia_em_2018,1.0,2.0,14/09 a 19/09/2018,Ibope,±3%,3.0,duas_mencoes_agregadas,Raupp (MDB),20.0,20%,"Senado Federal | 1º turno | Governo do Estado | Pesquisas de opinião | Levando em conta que para o senado o eleitor irá votar duas vezes, as pesquisas possuem um universo de 200% | Senado Federal[editar | editar código]",wikipedia,,,,,,raupp mdb,Raupp (MDB),Valdir Raupp MDB,0.0064453886239732,False,9.0
2018,RO,Eleições estaduais em Rondônia em 2018,https://pt.wikipedia.org/wiki/Elei%C3%A7%C3%B5es_estaduais_em_Rond%C3%B4nia_em_2018,1.0,2.0,14/09 a 19/09/2018,Ibope,±3%,3.0,duas_mencoes_agregadas,Rogério (DEM),13.0,13%,"Senado Federal | 1º turno | Governo do Estado | Pesquisas de opinião | Levando em conta que para o senado o eleitor irá votar duas vezes, as pesquisas possuem um universo de 200% | Senado Federal[editar | editar código]",wikipedia,,,,,,rogerio dem,Rogério (DEM),Marcos Rogério DEM,0.2605895401375209,True,1.0
2018,RO,Eleições estaduais em Rondônia em 2018,https://pt.wikipedia.org/wiki/Elei%C3%A7%C3%B5es_estaduais_em_Rond%C3%B4nia_em_2018,1.0,2.0,14/09 a 19/09/2018,Ibope,±3%,3.0,duas_mencoes_agregadas,Magno (PP),11.0,11%,"Senado Federal | 1º turno | Governo do Estado | Pesquisas de opinião | Levando em conta que para o senado o eleitor irá votar duas vezes, as pesquisas possuem um universo de 200% | Senado Federal[editar | editar código]",wikipedia,,,,,,magno pp,Magno (PP),Carlos Magno PP,0.1314090997307003,False,5.0
2018,RO,Eleições estaduais em Rondônia em 2018,https://pt.wikipedia.org/wiki/Elei%C3%A7%C3%B5es_estaduais_em_Rond%C3%B4nia_em_2018,1.0,2.0,14/09 a 19/09/2018,Ibope,±3%,3.0,duas_mencoes_agregadas,Edésio (PRB),5.0,5%,"Senado Federal | 1º turno | Governo do Estado | Pesquisas de opinião | Levando em conta que para o senado o eleitor irá votar duas vezes, as pesquisas possuem um universo de 200% | Senado Federal[editar | editar código]",wikipedia,,,,,,edesio prb,Edésio (PRB),Edésio Fernandes PRB,0.0349167320267727,False,7.0
2018,RO,Eleições estaduais em Rondônia em 2018,https://pt.wikipedia.org/wiki/Elei%C3%A7%C3%B5es_estaduais_em_Rond%C3%B4nia_em_2018,1.0,2.0,14/09 a 19/09/2018,Ibope,±3%,3.0,duas_mencoes_agregadas,Vidal (REDE),5.0,5%,"Senado Federal | 1º turno | Governo do Estado | Pesquisas de opinião | Levando em conta que para o senado o eleitor irá votar duas vezes, as pesquisas possuem um universo de 200% | Senado Federal[editar | editar código]",wikipedia,,,,,,vidal rede,Vidal (REDE),Aluízio Vidal Flor REDE,0.0416355905425931,False,6.0
2018,RO,Eleições estaduais em Rondônia em 2018,https://pt.wikipedia.org/wiki/Elei%C3%A7%C3%B5es_estaduais_em_Rond%C3%B4nia_em_2018,1.0,2.0,14/09 a 19/09/2018,Ibope,±3%,3.0,duas_mencoes_agregadas,Pires (PSB),8.0,8%,"Senado Federal | 1º turno | Governo do Estado | Pesquisas de opinião | Levando em conta que para o senado o eleitor irá votar duas vezes, as pesquisas possuem um universo de 200% | Senado Federal[editar | editar código]",wikipedia,,,,,,pires psb,Pires (PSB),Jesualdo Pires PSB,0.1568971352224409,False,4.0
2018,RO,Eleições estaduais em Rondônia em 2018,https://pt.wikipedia.org/wiki/Elei%C3%A7%C3%B5es_estaduais_em_Rond%C3%B4nia_em_2018,1.0,2.0,14/09 a 19/09/2018,Ibope,±3%,3.0,duas_mencoes_agregadas,Jaime (PSL),3.0,3%,"Senado Federal | 1º turno | Governo do Estado | Pesquisas de opinião | Levando em conta que para o senado o eleitor irá votar duas vezes, as pesquisas possuem um universo de 200% | Senado Federal[editar | editar código]",wikipedia,,,,,,jaime psl,Jaime (PSL),Jaime Bagattoli PSL,0.1700782236165711,False,3.0
2018,RO,Eleições estaduais em Rondônia em 2018,https://pt.wikipedia.org/wiki/Elei%C3%A7%C3%B5es_estaduais_em_Rond%C3%B4nia_em_2018,1.0,2.0,14/09 a 19/09/2018,Ibope,±3%,3.0,duas_mencoes_agregadas,Paz (PSTU),1.0,1%,"Senado Federal | 1º turno | Governo do Estado | Pesquisas de opinião | Levando em conta que para o senado o eleitor irá votar duas vezes, as pesquisas possuem um universo de 200% | Senado Federal[editar | editar código]",wikipedia,,,,,,paz pstu,Paz (PSTU),,,,
2018,RO,Eleições estaduais em Rondônia em 2018,https://pt.wikipedia.org/wiki/Elei%C3%A7%C3%B5es_estaduais_em_Rond%C3%B4nia_em_2018,1.0,2.0,14/09 a 19/09/2018,Ibope,±3%,3.0,duas_mencoes_agregadas,Bosco (PPS),2.0,2%,"Senado Federal | 1º turno | Governo do Estado | Pesquisas de opinião | Levando em conta que para o senado o eleitor irá votar duas vezes, as pesquisas possuem um universo de 200% | Senado Federal[editar | editar código]",wikipedia,,,,,,bosco pps,Bosco (PPS),João Bosco Costa PPS,0.0,False,11.0
2018,RO,Eleições estaduais em Rondônia em 2018,https://pt.wikipedia.org/wiki/Elei%C3%A7%C3%B5es_estaduais_em_Rond%C3%B4nia_em_2018,1.0,2.0,14/09 a 19/09/2018,Ibope,±3%,3.0,duas_mencoes_agregadas,Jurado (NOVO),1.0,1%,"Senado Federal | 1º turno | Governo do Estado | Pesquisas de opinião | Levando em conta que para o senado o eleitor irá votar duas vezes, as pesquisas possuem um universo de 200% | Senado Federal[editar | editar código]",wikipedia,,,,,,jurado novo,Jurado (NOVO),Fabrício Jurado NOVO,0.0027884305394494,False,10.0
2018,RO,Eleições estaduais em Rondônia em 2018,https://pt.wikipedia.org/wiki/Elei%C3%A7%C3%B5es_estaduais_em_Rond%C3%B4nia_em_2018,1.0,2.0,14/09 a 19/09/2018,Ibope,±3%,3.0,duas_mencoes_agregadas,Cadillac (PSTU),1.0,1%,"Senado Federal | 1º turno | Governo do Estado | Pesquisas de opinião | Levando em conta que para o senado o eleitor irá votar duas vezes, as pesquisas possuem um universo de 200% | Senado Federal[editar | editar código]",wikipedia,,,,,,cadillac pstu,Cadillac (PSTU),,,,
2018,RO,Eleições estaduais em Rondônia em 2018,https://pt.wikipedia.org/wiki/Elei%C3%A7%C3%B5es_estaduais_em_Rond%C3%B4nia_em_2018,1.0,2.0,14/09 a 19/09/2018,Ibope,±3%,3.0,duas_mencoes_agregadas,Wilson (PRTB),1.0,1%,"Senado Federal | 1º turno | Governo do Estado | Pesquisas de opinião | Levando em conta que para o senado o eleitor irá votar duas vezes, as pesquisas possuem um universo de 200% | Senado Federal[editar | editar código]",wikipedia,,,,,,wilson prtb,Wilson (PRTB),Ted Wilson PRTB,0.0104985171676538,False,8.0
2018,RO,Eleições estaduais em Rondônia em 2018,https://pt.wikipedia.org/wiki/Elei%C3%A7%C3%B5es_estaduais_em_Rond%C3%B4nia_em_2018,1.0,2.0,14/09 a 19/09/2018,Ibope,±3%,3.0,duas_mencoes_agregadas,Terrinha (PMB),2.0,2%,"Senado Federal | 1º turno | Governo do Estado | Pesquisas de opinião | Levando em conta que para o senado o eleitor irá votar duas vezes, as pesquisas possuem um universo de 200% | Senado Federal[editar | editar código]",wikipedia,,,,,,terrinha pmb,Terrinha (PMB),,,,
2018,RO,Eleições estaduais em Rondônia em 2018,https://pt.wikipedia.org/wiki/Elei%C3%A7%C3%B5es_estaduais_em_Rond%C3%B4nia_em_2018,1.0,2.0,14/09 a 19/09/2018,Ibope,±3%,3.0,duas_mencoes_agregadas,Dettoni (PMB),1.0,1%,"Senado Federal | 1º turno | Governo do Estado | Pesquisas de opinião | Levando em conta que para o senado o eleitor irá votar duas vezes, as pesquisas possuem um universo de 200% | Senado Federal[editar | editar código]",wikipedia,,,,,,dettoni pmb,Dettoni (PMB),Josemir Dettoni PMB,0.0,False,16.0
2018,RR,Eleições estaduais em Roraima em 2018,https://pt.wikipedia.org/wiki/Elei%C3%A7%C3%B5es_estaduais_em_Roraima_em_2018,1.0,1.0,13/08 a 16 de agosto de 2018,Ibope,±3%,3.0,duas_mencoes_agregadas,Mecias (PRB),26.0,26%,"Senado Federal | Governo do Estado | Pesquisas de opinião | Deputados estaduais eleitos | Levando em conta que para o senado o eleitor irá votar duas vezes, as pesquisas possuem um universo de 200% | Senado Federal[editar | editar código]",wikipedia,,,,,,mecias prb,Mecias (PRB),Mecias de Jesus PRB,0.2065103272097422,True,2.0
2018,RR,Eleições estaduais em Roraima em 2018,https://pt.wikipedia.org/wiki/Elei%C3%A7%C3%B5es_estaduais_em_Roraima_em_2018,1.0,1.0,13/08 a 16 de agosto de 2018,Ibope,±3%,3.0,duas_mencoes_agregadas,Portela (PDT),30.0,30%,"Senado Federal | Governo do Estado | Pesquisas de opinião | Deputados estaduais eleitos | Levando em conta que para o senado o eleitor irá votar duas vezes, as pesquisas possuem um universo de 200% | Senado Federal[editar | editar código]",wikipedia,,,,,,portela pdt,Portela (PDT),Ângela Portela PDT,0.1552202122049282,False,3.0
2018,RR,Eleições estaduais em Roraima em 2018,https://pt.wikipedia.org/wiki/Elei%C3%A7%C3%B5es_estaduais_em_Roraima_em_2018,1.0,1.0,13/08 a 16 de agosto de 2018,Ibope,±3%,3.0,duas_mencoes_agregadas,Chico (DEM),21.0,21%,"Senado Federal | Governo do Estado | Pesquisas de opinião | Deputados estaduais eleitos | Levando em conta que para o senado o eleitor irá votar duas vezes, as pesquisas possuem um universo de 200% | Senado Federal[editar | editar código]",wikipedia,,,,,,chico dem,Chico (DEM),Chico Rodrigues DEM,0.2696492764421564,True,1.0
2018,RR,Eleições estaduais em Roraima em 2018,https://pt.wikipedia.org/wiki/Elei%C3%A7%C3%B5es_estaduais_em_Roraima_em_2018,1.0,1.0,13/08 a 16 de agosto de 2018,Ibope,±3%,3.0,duas_mencoes_agregadas,Jucá (MDB),25.0,25%,"Senado Federal | Governo do Estado | Pesquisas de opinião | Deputados estaduais eleitos | Levando em conta que para o senado o eleitor irá votar duas vezes, as pesquisas possuem um universo de 200% | Senado Federal[editar | editar código]",wikipedia,,,,,,juca mdb,Jucá (MDB),Romero Jucá MDB,0.0205479783440661,False,8.0
2018,RR,Eleições estaduais em Roraima em 2018,https://pt.wikipedia.org/wiki/Elei%C3%A7%C3%B5es_estaduais_em_Roraima_em_2018,1.0,1.0,13/08 a 16 de agosto de 2018,Ibope,±3%,3.0,duas_mencoes_agregadas,Castro (PR),21.0,21%,"Senado Federal | Governo do Estado | Pesquisas de opinião | Deputados estaduais eleitos | Levando em conta que para o senado o eleitor irá votar duas vezes, as pesquisas possuem um universo de 200% | Senado Federal[editar | editar código]",wikipedia,,,,,,castro pr,Castro (PR),Luciano Castro PR,0.1358261525882131,False,4.0
2018,RR,Eleições estaduais em Roraima em 2018,https://pt.wikipedia.org/wiki/Elei%C3%A7%C3%B5es_estaduais_em_Roraima_em_2018,1.0,1.0,13/08 a 16 de agosto de 2018,Ibope,±3%,3.0,duas_mencoes_agregadas,Ramalho (PSL),11.0,11%,"Senado Federal | Governo do Estado | Pesquisas de opinião | Deputados estaduais eleitos | Levando em conta que para o senado o eleitor irá votar duas vezes, as pesquisas possuem um universo de 200% | Senado Federal[editar | editar código]",wikipedia,,,,,,ramalho psl,Ramalho (PSL),Pastor Isamar Ramalho PSL,0.12586181037027,False,5.0
2018,RR,Eleições estaduais em Roraima em 2018,https://pt.wikipedia.org/wiki/Elei%C3%A7%C3%B5es_estaduais_em_Roraima_em_2018,1.0,1.0,13/08 a 16 de agosto de 2018,Ibope,±3%,3.0,duas_mencoes_agregadas,Martins (PTB),4.0,4%,"Senado Federal | Governo do Estado | Pesquisas de opinião | Deputados estaduais eleitos | Levando em conta que para o senado o eleitor irá votar duas vezes, as pesquisas possuem um universo de 200% | Senado Federal[editar | editar código]",wikipedia,,,,,,martins ptb,Martins (PTB),Júlio Martins PTB,0.0483920130438779,False,6.0
2018,RR,Eleições estaduais em Roraima em 2018,https://pt.wikipedia.org/wiki/Elei%C3%A7%C3%B5es_estaduais_em_Roraima_em_2018,1.0,1.0,13/08 a 16 de agosto de 2018,Ibope,±3%,3.0,duas_mencoes_agregadas,Santos (PATRI),2.0,2%,"Senado Federal | Governo do Estado | Pesquisas de opinião | Deputados estaduais eleitos | Levando em conta que para o senado o eleitor irá votar duas vezes, as pesquisas possuem um universo de 200% | Senado Federal[editar | editar código]",wikipedia,,,,,,santos patri,Santos (PATRI),Christian Santos PATRI,0.0,False,11.0
2018,RR,Eleições estaduais em Roraima em 2018,https://pt.wikipedia.org/wiki/Elei%C3%A7%C3%B5es_estaduais_em_Roraima_em_2018,1.0,1.0,13/08 a 16 de agosto de 2018,Ibope,±3%,3.0,duas_mencoes_agregadas,Telma (PCB),2.0,2%,"Senado Federal | Governo do Estado | Pesquisas de opinião | Deputados estaduais eleitos | Levando em conta que para o senado o eleitor irá votar duas vezes, as pesquisas possuem um universo de 200% | Senado Federal[editar | editar código]",wikipedia,,,,,,telma pcb,Telma (PCB),Telma Taurepang PCB,0.0334781577941525,False,7.0
2018,RR,Eleições estaduais em Roraima em 2018,https://pt.wikipedia.org/wiki/Elei%C3%A7%C3%B5es_estaduais_em_Roraima_em_2018,1.0,1.0,13/08 a 16 de agosto de 2018,Ibope,±3%,3.0,duas_mencoes_agregadas,Leite (PV),1.0,1%,"Senado Federal | Governo do Estado | Pesquisas de opinião | Deputados estaduais eleitos | Levando em conta que para o senado o eleitor irá votar duas vezes, as pesquisas possuem um universo de 200% | Senado Federal[editar | editar código]",wikipedia,,,,,,leite pv,Leite (PV),Rudson Leite PV,0.0,False,10.0
2018,RR,Eleições estaduais em Roraima em 2018,https://pt.wikipedia.org/wiki/Elei%C3%A7%C3%B5es_estaduais_em_Roraima_em_2018,1.0,1.0,13/08 a 16 de agosto de 2018,Ibope,±3%,3.0,duas_mencoes_agregadas,Lourival (PSTU),1.0,1%,"Senado Federal | Governo do Estado | Pesquisas de opinião | Deputados estaduais eleitos | Levando em conta que para o senado o eleitor irá votar duas vezes, as pesquisas possuem um universo de 200% | Senado Federal[editar | editar código]",wikipedia,,,,,,lourival pstu,Lourival (PSTU),Lourival PSTU,0.0045140720025932,False,9.0
2018,RR,Eleições estaduais em Roraima em 2018,https://pt.wikipedia.org/wiki/Elei%C3%A7%C3%B5es_estaduais_em_Roraima_em_2018,1.0,2.0,13/09 a 16 de setembro de 2018,Ibope,±3%,3.0,duas_mencoes_agregadas,Mecias (PRB),30.0,30%,"Senado Federal | Governo do Estado | Pesquisas de opinião | Deputados estaduais eleitos | Levando em conta que para o senado o eleitor irá votar duas vezes, as pesquisas possuem um universo de 200% | Senado Federal[editar | editar código]",wikipedia,,,,,,mecias prb,Mecias (PRB),Mecias de Jesus PRB,0.2065103272097422,True,2.0
2018,RR,Eleições estaduais em Roraima em 2018,https://pt.wikipedia.org/wiki/Elei%C3%A7%C3%B5es_estaduais_em_Roraima_em_2018,1.0,2.0,13/09 a 16 de setembro de 2018,Ibope,±3%,3.0,duas_mencoes_agregadas,Portela (PDT),29.0,29%,"Senado Federal | Governo do Estado | Pesquisas de opinião | Deputados estaduais eleitos | Levando em conta que para o senado o eleitor irá votar duas vezes, as pesquisas possuem um universo de 200% | Senado Federal[editar | editar código]",wikipedia,,,,,,portela pdt,Portela (PDT),Ângela Portela PDT,0.1552202122049282,False,3.0
2018,RR,Eleições estaduais em Roraima em 2018,https://pt.wikipedia.org/wiki/Elei%C3%A7%C3%B5es_estaduais_em_Roraima_em_2018,1.0,2.0,13/09 a 16 de setembro de 2018,Ibope,±3%,3.0,duas_mencoes_agregadas,Chico (DEM),29.0,29%,"Senado Federal | Governo do Estado | Pesquisas de opinião | Deputados estaduais eleitos | Levando em conta que para o senado o eleitor irá votar duas vezes, as pesquisas possuem um universo de 200% | Senado Federal[editar | editar código]",wikipedia,,,,,,chico dem,Chico (DEM),Chico Rodrigues DEM,0.2696492764421564,True,1.0
2018,RR,Eleições estaduais em Roraima em 2018,https://pt.wikipedia.org/wiki/Elei%C3%A7%C3%B5es_estaduais_em_Roraima_em_2018,1.0,2.0,13/09 a 16 de setembro de 2018,Ibope,±3%,3.0,duas_mencoes_agregadas,Jucá (MDB),28.0,28%,"Senado Federal | Governo do Estado | Pesquisas de opinião | Deputados estaduais eleitos | Levando em conta que para o senado o eleitor irá votar duas vezes, as pesquisas possuem um universo de 200% | Senado Federal[editar | editar código]",wikipedia,,,,,,juca mdb,Jucá (MDB),Romero Jucá MDB,0.0205479783440661,False,8.0
2018,RR,Eleições estaduais em Roraima em 2018,https://pt.wikipedia.org/wiki/Elei%C3%A7%C3%B5es_estaduais_em_Roraima_em_2018,1.0,2.0,13/09 a 16 de setembro de 2018,Ibope,±3%,3.0,duas_mencoes_agregadas,Castro (PR),25.0,25%,"Senado Federal | Governo do Estado | Pesquisas de opinião | Deputados estaduais eleitos | Levando em conta que para o senado o eleitor irá votar duas vezes, as pesquisas possuem um universo de 200% | Senado Federal[editar | editar código]",wikipedia,,,,,,castro pr,Castro (PR),Luciano Castro PR,0.1358261525882131,False,4.0
2018,RR,Eleições estaduais em Roraima em 2018,https://pt.wikipedia.org/wiki/Elei%C3%A7%C3%B5es_estaduais_em_Roraima_em_2018,1.0,2.0,13/09 a 16 de setembro de 2018,Ibope,±3%,3.0,duas_mencoes_agregadas,Ramalho (PSL),10.0,10%,"Senado Federal | Governo do Estado | Pesquisas de opinião | Deputados estaduais eleitos | Levando em conta que para o senado o eleitor irá votar duas vezes, as pesquisas possuem um universo de 200% | Senado Federal[editar | editar código]",wikipedia,,,,,,ramalho psl,Ramalho (PSL),Pastor Isamar Ramalho PSL,0.12586181037027,False,5.0
2018,RR,Eleições estaduais em Roraima em 2018,https://pt.wikipedia.org/wiki/Elei%C3%A7%C3%B5es_estaduais_em_Roraima_em_2018,1.0,2.0,13/09 a 16 de setembro de 2018,Ibope,±3%,3.0,duas_mencoes_agregadas,Martins (PTB),3.0,3%,"Senado Federal | Governo do Estado | Pesquisas de opinião | Deputados estaduais eleitos | Levando em conta que para o senado o eleitor irá votar duas vezes, as pesquisas possuem um universo de 200% | Senado Federal[editar | editar código]",wikipedia,,,,,,martins ptb,Martins (PTB),Júlio Martins PTB,0.0483920130438779,False,6.0
2018,RR,Eleições estaduais em Roraima em 2018,https://pt.wikipedia.org/wiki/Elei%C3%A7%C3%B5es_estaduais_em_Roraima_em_2018,1.0,2.0,13/09 a 16 de setembro de 2018,Ibope,±3%,3.0,duas_mencoes_agregadas,Santos (PATRI),3.0,3%,"Senado Federal | Governo do Estado | Pesquisas de opinião | Deputados estaduais eleitos | Levando em conta que para o senado o eleitor irá votar duas vezes, as pesquisas possuem um universo de 200% | Senado Federal[editar | editar código]",wikipedia,,,,,,santos patri,Santos (PATRI),Christian Santos PATRI,0.0,False,11.0
2018,RR,Eleições estaduais em Roraima em 2018,https://pt.wikipedia.org/wiki/Elei%C3%A7%C3%B5es_estaduais_em_Roraima_em_2018,1.0,2.0,13/09 a 16 de setembro de 2018,Ibope,±3%,3.0,duas_mencoes_agregadas,Telma (PCB),2.0,2%,"Senado Federal | Governo do Estado | Pesquisas de opinião | Deputados estaduais eleitos | Levando em conta que para o senado o eleitor irá votar duas vezes, as pesquisas possuem um universo de 200% | Senado Federal[editar | editar código]",wikipedia,,,,,,telma pcb,Telma (PCB),Telma Taurepang PCB,0.0334781577941525,False,7.0
2018,RR,Eleições estaduais em Roraima em 2018,https://pt.wikipedia.org/wiki/Elei%C3%A7%C3%B5es_estaduais_em_Roraima_em_2018,1.0,2.0,13/09 a 16 de setembro de 2018,Ibope,±3%,3.0,duas_mencoes_agregadas,Leite (PV),2.0,2%,"Senado Federal | Governo do Estado | Pesquisas de opinião | Deputados estaduais eleitos | Levando em conta que para o senado o eleitor irá votar duas vezes, as pesquisas possuem um universo de 200% | Senado Federal[editar | editar código]",wikipedia,,,,,,leite pv,Leite (PV),Rudson Leite PV,0.0,False,10.0
2018,RR,Eleições estaduais em Roraima em 2018,https://pt.wikipedia.org/wiki/Elei%C3%A7%C3%B5es_estaduais_em_Roraima_em_2018,1.0,2.0,13/09 a 16 de setembro de 2018,Ibope,±3%,3.0,duas_mencoes_agregadas,Lourival (PSTU),1.0,1%,"Senado Federal | Governo do Estado | Pesquisas de opinião | Deputados estaduais eleitos | Levando em conta que para o senado o eleitor irá votar duas vezes, as pesquisas possuem um universo de 200% | Senado Federal[editar | editar código]",wikipedia,,,,,,lourival pstu,Lourival (PSTU),Lourival PSTU,0.0045140720025932,False,9.0
2018,SC,Eleições estaduais em Santa Catarina em 2018,https://pt.wikipedia.org/wiki/Elei%C3%A7%C3%B5es_estaduais_em_Santa_Catarina_em_2018,1.0,1.0,10/08 a 15 de agosto de 2018,Instituto Mapa,"±3,1%",3.1,duas_mencoes_agregadas,Raimundo Colombo (PSD),17.0,"17,0%","Senado Federal | Governo do Estado | Pesquisas de intenção de voto | Votações nominais | Levando em conta que para o senado o eleitor irá votar duas vezes, as pesquisas possuem um universo de 200%. | Senado Federal[editar | editar código]",wikipedia,,,,,,raimundo colombo psd,Raimundo Colombo (PSD),Raimundo Colombo PSD,0.0861328613329241,False,5.0
2018,SC,Eleições estaduais em Santa Catarina em 2018,https://pt.wikipedia.org/wiki/Elei%C3%A7%C3%B5es_estaduais_em_Santa_Catarina_em_2018,1.0,1.0,10/08 a 15 de agosto de 2018,Instituto Mapa,"±3,1%",3.1,duas_mencoes_agregadas,Esperidião Amin (PP),16.6,"16,6%","Senado Federal | Governo do Estado | Pesquisas de intenção de voto | Votações nominais | Levando em conta que para o senado o eleitor irá votar duas vezes, as pesquisas possuem um universo de 200%. | Senado Federal[editar | editar código]",wikipedia,,,,,,esperidiao amin pp,Esperidião Amin (PP),Esperidião Amin PP,0.1057055607188982,True,2.0
2018,SC,Eleições estaduais em Santa Catarina em 2018,https://pt.wikipedia.org/wiki/Elei%C3%A7%C3%B5es_estaduais_em_Santa_Catarina_em_2018,1.0,1.0,10/08 a 15 de agosto de 2018,Instituto Mapa,"±3,1%",3.1,duas_mencoes_agregadas,Paulo Bauer (PSDB),10.8,"10,8%","Senado Federal | Governo do Estado | Pesquisas de intenção de voto | Votações nominais | Levando em conta que para o senado o eleitor irá votar duas vezes, as pesquisas possuem um universo de 200%. | Senado Federal[editar | editar código]",wikipedia,,,,,,paulo bauer psdb,Paulo Bauer (PSDB),Paulo Bauer PSDB,0.0691479162607359,False,6.0
2018,SC,Eleições estaduais em Santa Catarina em 2018,https://pt.wikipedia.org/wiki/Elei%C3%A7%C3%B5es_estaduais_em_Santa_Catarina_em_2018,1.0,1.0,10/08 a 15 de agosto de 2018,Instituto Mapa,"±3,1%",3.1,duas_mencoes_agregadas,Jorginho Mello (PR),5.2,"5,2%","Senado Federal | Governo do Estado | Pesquisas de intenção de voto | Votações nominais | Levando em conta que para o senado o eleitor irá votar duas vezes, as pesquisas possuem um universo de 200%. | Senado Federal[editar | editar código]",wikipedia,,,,,,jorginho mello pr,Jorginho Mello (PR),Jorginho Mello PR,0.1017131856061716,False,3.0
2018,SC,Eleições estaduais em Santa Catarina em 2018,https://pt.wikipedia.org/wiki/Elei%C3%A7%C3%B5es_estaduais_em_Santa_Catarina_em_2018,1.0,1.0,10/08 a 15 de agosto de 2018,Instituto Mapa,"±3,1%",3.1,duas_mencoes_agregadas,Ideli Salvatti (PT),4.1,"4,1%","Senado Federal | Governo do Estado | Pesquisas de intenção de voto | Votações nominais | Levando em conta que para o senado o eleitor irá votar duas vezes, as pesquisas possuem um universo de 200%. | Senado Federal[editar | editar código]",wikipedia,,,,,,ideli salvatti pt,Ideli Salvatti (PT),Ideli Salvatti PT,0.0290070748332163,False,7.0
2018,SC,Eleições estaduais em Santa Catarina em 2018,https://pt.wikipedia.org/wiki/Elei%C3%A7%C3%B5es_estaduais_em_Santa_Catarina_em_2018,1.0,1.0,10/08 a 15 de agosto de 2018,Instituto Mapa,"±3,1%",3.1,duas_mencoes_agregadas,Roberto Salum (PMN),2.0,"2,0%","Senado Federal | Governo do Estado | Pesquisas de intenção de voto | Votações nominais | Levando em conta que para o senado o eleitor irá votar duas vezes, as pesquisas possuem um universo de 200%. | Senado Federal[editar | editar código]",wikipedia,,,,,,roberto salum pmn,Roberto Salum (PMN),Roberto Salum PMN,0.0212681246260408,False,9.0
2018,SC,Eleições estaduais em Santa Catarina em 2018,https://pt.wikipedia.org/wiki/Elei%C3%A7%C3%B5es_estaduais_em_Santa_Catarina_em_2018,1.0,1.0,10/08 a 15 de agosto de 2018,Instituto Mapa,"±3,1%",3.1,duas_mencoes_agregadas,Antônio Campos (PSOL),1.7,"1,7%","Senado Federal | Governo do Estado | Pesquisas de intenção de voto | Votações nominais | Levando em conta que para o senado o eleitor irá votar duas vezes, as pesquisas possuem um universo de 200%. | Senado Federal[editar | editar código]",wikipedia,,,,,,antonio campos psol,Antônio Campos (PSOL),Antônio Campos PSOL,0.0044134509770787,False,12.0
2018,SC,Eleições estaduais em Santa Catarina em 2018,https://pt.wikipedia.org/wiki/Elei%C3%A7%C3%B5es_estaduais_em_Santa_Catarina_em_2018,1.0,1.0,10/08 a 15 de agosto de 2018,Instituto Mapa,"±3,1%",3.1,duas_mencoes_agregadas,Pedro Cabral (PSOL),1.9,"1,9%","Senado Federal | Governo do Estado | Pesquisas de intenção de voto | Votações nominais | Levando em conta que para o senado o eleitor irá votar duas vezes, as pesquisas possuem um universo de 200%. | Senado Federal[editar | editar código]",wikipedia,,,,,,pedro cabral psol,Pedro Cabral (PSOL),Pedro Cabral PSOL,0.0054766589130311,False,11.0
2018,SC,Eleições estaduais em Santa Catarina em 2018,https://pt.wikipedia.org/wiki/Elei%C3%A7%C3%B5es_estaduais_em_Santa_Catarina_em_2018,1.0,1.0,10/08 a 15 de agosto de 2018,Instituto Mapa,"±3,1%",3.1,duas_mencoes_agregadas,Andréa Carvalho (PCO),1.2,"1,2%","Senado Federal | Governo do Estado | Pesquisas de intenção de voto | Votações nominais | Levando em conta que para o senado o eleitor irá votar duas vezes, as pesquisas possuem um universo de 200%. | Senado Federal[editar | editar código]",wikipedia,,,,,,andrea carvalho pco,Andréa Carvalho (PCO),Pedro Cabral PSOL,0.0054766589130311,False,11.0
2018,SC,Eleições estaduais em Santa Catarina em 2018,https://pt.wikipedia.org/wiki/Elei%C3%A7%C3%B5es_estaduais_em_Santa_Catarina_em_2018,1.0,1.0,10/08 a 15 de agosto de 2018,Instituto Mapa,"±3,1%",3.1,duas_mencoes_agregadas,Lucas Esmeraldino (PSL),1.7,"1,7%","Senado Federal | Governo do Estado | Pesquisas de intenção de voto | Votações nominais | Levando em conta que para o senado o eleitor irá votar duas vezes, as pesquisas possuem um universo de 200%. | Senado Federal[editar | editar código]",wikipedia,,,,,,lucas esmeraldino psl,Lucas Esmeraldino (PSL),Lucas Esmeraldino PSL,0.100153118496128,False,4.0
2018,SC,Eleições estaduais em Santa Catarina em 2018,https://pt.wikipedia.org/wiki/Elei%C3%A7%C3%B5es_estaduais_em_Santa_Catarina_em_2018,1.0,1.0,10/08 a 15 de agosto de 2018,Instituto Mapa,"±3,1%",3.1,duas_mencoes_agregadas,Lédio Rosa (PT),1.9,"1,9%","Senado Federal | Governo do Estado | Pesquisas de intenção de voto | Votações nominais | Levando em conta que para o senado o eleitor irá votar duas vezes, as pesquisas possuem um universo de 200%. | Senado Federal[editar | editar código]",wikipedia,,,,,,ledio rosa pt,Lédio Rosa (PT),Lédio Andrade PT,0.0282119104808576,False,8.0
2018,SC,Eleições estaduais em Santa Catarina em 2018,https://pt.wikipedia.org/wiki/Elei%C3%A7%C3%B5es_estaduais_em_Santa_Catarina_em_2018,1.0,1.0,10/08 a 15 de agosto de 2018,Instituto Mapa,"±3,1%",3.1,duas_mencoes_agregadas,Ricardo Lautert (PSTU),0.4,"0,4%","Senado Federal | Governo do Estado | Pesquisas de intenção de voto | Votações nominais | Levando em conta que para o senado o eleitor irá votar duas vezes, as pesquisas possuem um universo de 200%. | Senado Federal[editar | editar código]",wikipedia,,,,,,ricardo lautert pstu,Ricardo Lautert (PSTU),Ricardo Lautert PSTU,0.0011936517899172,False,14.0
2018,SC,Eleições estaduais em Santa Catarina em 2018,https://pt.wikipedia.org/wiki/Elei%C3%A7%C3%B5es_estaduais_em_Santa_Catarina_em_2018,1.0,1.0,10/08 a 15 de agosto de 2018,Instituto Mapa,"±3,1%",3.1,duas_mencoes_agregadas,Diego Mezzogiorno (REDE),0.8,"0,8%","Senado Federal | Governo do Estado | Pesquisas de intenção de voto | Votações nominais | Levando em conta que para o senado o eleitor irá votar duas vezes, as pesquisas possuem um universo de 200%. | Senado Federal[editar | editar código]",wikipedia,,,,,,diego mezzogiorno rede,Diego Mezzogiorno (REDE),Diego Mezzogiorno REDE,0.0033167052624137,False,13.0
2018,SC,Eleições estaduais em Santa Catarina em 2018,https://pt.wikipedia.org/wiki/Elei%C3%A7%C3%B5es_estaduais_em_Santa_Catarina_em_2018,1.0,1.0,10/08 a 15 de agosto de 2018,Instituto Mapa,"±3,1%",3.1,duas_mencoes_agregadas,Miriam Prochnow (REDE),0.7,"0,7%","Senado Federal | Governo do Estado | Pesquisas de intenção de voto | Votações nominais | Levando em conta que para o senado o eleitor irá votar duas vezes, as pesquisas possuem um universo de 200%. | Senado Federal[editar | editar código]",wikipedia,,,,,,miriam prochnow rede,Miriam Prochnow (REDE),Miriam Prochnow REDE,0.0072839917026328,False,10.0
2018,SC,Eleições estaduais em Santa Catarina em 2018,https://pt.wikipedia.org/wiki/Elei%C3%A7%C3%B5es_estaduais_em_Santa_Catarina_em_2018,1.0,2.0,14/08 a 16 de agosto de 2018,Ibope,±3%,3.0,duas_mencoes_agregadas,Raimundo Colombo (PSD),27.0,27%,"Senado Federal | Governo do Estado | Pesquisas de intenção de voto | Votações nominais | Levando em conta que para o senado o eleitor irá votar duas vezes, as pesquisas possuem um universo de 200%. | Senado Federal[editar | editar código]",wikipedia,,,,,,raimundo colombo psd,Raimundo Colombo (PSD),Raimundo Colombo PSD,0.0861328613329241,False,5.0
2018,SC,Eleições estaduais em Santa Catarina em 2018,https://pt.wikipedia.org/wiki/Elei%C3%A7%C3%B5es_estaduais_em_Santa_Catarina_em_2018,1.0,2.0,14/08 a 16 de agosto de 2018,Ibope,±3%,3.0,duas_mencoes_agregadas,Esperidião Amin (PP),23.0,23%,"Senado Federal | Governo do Estado | Pesquisas de intenção de voto | Votações nominais | Levando em conta que para o senado o eleitor irá votar duas vezes, as pesquisas possuem um universo de 200%. | Senado Federal[editar | editar código]",wikipedia,,,,,,esperidiao amin pp,Esperidião Amin (PP),Esperidião Amin PP,0.1057055607188982,True,2.0
2018,SC,Eleições estaduais em Santa Catarina em 2018,https://pt.wikipedia.org/wiki/Elei%C3%A7%C3%B5es_estaduais_em_Santa_Catarina_em_2018,1.0,2.0,14/08 a 16 de agosto de 2018,Ibope,±3%,3.0,duas_mencoes_agregadas,Paulo Bauer (PSDB),19.0,19%,"Senado Federal | Governo do Estado | Pesquisas de intenção de voto | Votações nominais | Levando em conta que para o senado o eleitor irá votar duas vezes, as pesquisas possuem um universo de 200%. | Senado Federal[editar | editar código]",wikipedia,,,,,,paulo bauer psdb,Paulo Bauer (PSDB),Paulo Bauer PSDB,0.0691479162607359,False,6.0
2018,SC,Eleições estaduais em Santa Catarina em 2018,https://pt.wikipedia.org/wiki/Elei%C3%A7%C3%B5es_estaduais_em_Santa_Catarina_em_2018,1.0,2.0,14/08 a 16 de agosto de 2018,Ibope,±3%,3.0,duas_mencoes_agregadas,Jorginho Mello (PR),8.0,8%,"Senado Federal | Governo do Estado | Pesquisas de intenção de voto | Votações nominais | Levando em conta que para o senado o eleitor irá votar duas vezes, as pesquisas possuem um universo de 200%. | Senado Federal[editar | editar código]",wikipedia,,,,,,jorginho mello pr,Jorginho Mello (PR),Jorginho Mello PR,0.1017131856061716,False,3.0
2018,SC,Eleições estaduais em Santa Catarina em 2018,https://pt.wikipedia.org/wiki/Elei%C3%A7%C3%B5es_estaduais_em_Santa_Catarina_em_2018,1.0,2.0,14/08 a 16 de agosto de 2018,Ibope,±3%,3.0,duas_mencoes_agregadas,Ideli Salvatti (PT),7.0,7%,"Senado Federal | Governo do Estado | Pesquisas de intenção de voto | Votações nominais | Levando em conta que para o senado o eleitor irá votar duas vezes, as pesquisas possuem um universo de 200%. | Senado Federal[editar | editar código]",wikipedia,,,,,,ideli salvatti pt,Ideli Salvatti (PT),Ideli Salvatti PT,0.0290070748332163,False,7.0
2018,SC,Eleições estaduais em Santa Catarina em 2018,https://pt.wikipedia.org/wiki/Elei%C3%A7%C3%B5es_estaduais_em_Santa_Catarina_em_2018,1.0,2.0,14/08 a 16 de agosto de 2018,Ibope,±3%,3.0,duas_mencoes_agregadas,Roberto Salum (PMN),6.0,6%,"Senado Federal | Governo do Estado | Pesquisas de intenção de voto | Votações nominais | Levando em conta que para o senado o eleitor irá votar duas vezes, as pesquisas possuem um universo de 200%. | Senado Federal[editar | editar código]",wikipedia,,,,,,roberto salum pmn,Roberto Salum (PMN),Roberto Salum PMN,0.0212681246260408,False,9.0
2018,SC,Eleições estaduais em Santa Catarina em 2018,https://pt.wikipedia.org/wiki/Elei%C3%A7%C3%B5es_estaduais_em_Santa_Catarina_em_2018,1.0,2.0,14/08 a 16 de agosto de 2018,Ibope,±3%,3.0,duas_mencoes_agregadas,Antônio Campos (PSOL),5.0,5%,"Senado Federal | Governo do Estado | Pesquisas de intenção de voto | Votações nominais | Levando em conta que para o senado o eleitor irá votar duas vezes, as pesquisas possuem um universo de 200%. | Senado Federal[editar | editar código]",wikipedia,,,,,,antonio campos psol,Antônio Campos (PSOL),Antônio Campos PSOL,0.0044134509770787,False,12.0
2018,SC,Eleições estaduais em Santa Catarina em 2018,https://pt.wikipedia.org/wiki/Elei%C3%A7%C3%B5es_estaduais_em_Santa_Catarina_em_2018,1.0,2.0,14/08 a 16 de agosto de 2018,Ibope,±3%,3.0,duas_mencoes_agregadas,Pedro Cabral (PSOL),5.0,5%,"Senado Federal | Governo do Estado | Pesquisas de intenção de voto | Votações nominais | Levando em conta que para o senado o eleitor irá votar duas vezes, as pesquisas possuem um universo de 200%. | Senado Federal[editar | editar código]",wikipedia,,,,,,pedro cabral psol,Pedro Cabral (PSOL),Pedro Cabral PSOL,0.0054766589130311,False,11.0
2018,SC,Eleições estaduais em Santa Catarina em 2018,https://pt.wikipedia.org/wiki/Elei%C3%A7%C3%B5es_estaduais_em_Santa_Catarina_em_2018,1.0,2.0,14/08 a 16 de agosto de 2018,Ibope,±3%,3.0,duas_mencoes_agregadas,Andréa Carvalho (PCO),4.0,4%,"Senado Federal | Governo do Estado | Pesquisas de intenção de voto | Votações nominais | Levando em conta que para o senado o eleitor irá votar duas vezes, as pesquisas possuem um universo de 200%. | Senado Federal[editar | editar código]",wikipedia,,,,,,andrea carvalho pco,Andréa Carvalho (PCO),Pedro Cabral PSOL,0.0054766589130311,False,11.0
2018,SC,Eleições estaduais em Santa Catarina em 2018,https://pt.wikipedia.org/wiki/Elei%C3%A7%C3%B5es_estaduais_em_Santa_Catarina_em_2018,1.0,2.0,14/08 a 16 de agosto de 2018,Ibope,±3%,3.0,duas_mencoes_agregadas,Lucas Esmeraldino (PSL),3.0,3%,"Senado Federal | Governo do Estado | Pesquisas de intenção de voto | Votações nominais | Levando em conta que para o senado o eleitor irá votar duas vezes, as pesquisas possuem um universo de 200%. | Senado Federal[editar | editar código]",wikipedia,,,,,,lucas esmeraldino psl,Lucas Esmeraldino (PSL),Lucas Esmeraldino PSL,0.100153118496128,False,4.0
2018,SC,Eleições estaduais em Santa Catarina em 2018,https://pt.wikipedia.org/wiki/Elei%C3%A7%C3%B5es_estaduais_em_Santa_Catarina_em_2018,1.0,2.0,14/08 a 16 de agosto de 2018,Ibope,±3%,3.0,duas_mencoes_agregadas,Lédio Rosa (PT),2.0,2%,"Senado Federal | Governo do Estado | Pesquisas de intenção de voto | Votações nominais | Levando em conta que para o senado o eleitor irá votar duas vezes, as pesquisas possuem um universo de 200%. | Senado Federal[editar | editar código]",wikipedia,,,,,,ledio rosa pt,Lédio Rosa (PT),Lédio Andrade PT,0.0282119104808576,False,8.0
2018,SC,Eleições estaduais em Santa Catarina em 2018,https://pt.wikipedia.org/wiki/Elei%C3%A7%C3%B5es_estaduais_em_Santa_Catarina_em_2018,1.0,2.0,14/08 a 16 de agosto de 2018,Ibope,±3%,3.0,duas_mencoes_agregadas,Ricardo Lautert (PSTU),2.0,2%,"Senado Federal | Governo do Estado | Pesquisas de intenção de voto | Votações nominais | Levando em conta que para o senado o eleitor irá votar duas vezes, as pesquisas possuem um universo de 200%. | Senado Federal[editar | editar código]",wikipedia,,,,,,ricardo lautert pstu,Ricardo Lautert (PSTU),Ricardo Lautert PSTU,0.0011936517899172,False,14.0
2018,SC,Eleições estaduais em Santa Catarina em 2018,https://pt.wikipedia.org/wiki/Elei%C3%A7%C3%B5es_estaduais_em_Santa_Catarina_em_2018,1.0,2.0,14/08 a 16 de agosto de 2018,Ibope,±3%,3.0,duas_mencoes_agregadas,Diego Mezzogiorno (REDE),1.0,1%,"Senado Federal | Governo do Estado | Pesquisas de intenção de voto | Votações nominais | Levando em conta que para o senado o eleitor irá votar duas vezes, as pesquisas possuem um universo de 200%. | Senado Federal[editar | editar código]",wikipedia,,,,,,diego mezzogiorno rede,Diego Mezzogiorno (REDE),Diego Mezzogiorno REDE,0.0033167052624137,False,13.0
2018,SC,Eleições estaduais em Santa Catarina em 2018,https://pt.wikipedia.org/wiki/Elei%C3%A7%C3%B5es_estaduais_em_Santa_Catarina_em_2018,1.0,2.0,14/08 a 16 de agosto de 2018,Ibope,±3%,3.0,duas_mencoes_agregadas,Miriam Prochnow (REDE),1.0,1%,"Senado Federal | Governo do Estado | Pesquisas de intenção de voto | Votações nominais | Levando em conta que para o senado o eleitor irá votar duas vezes, as pesquisas possuem um universo de 200%. | Senado Federal[editar | editar código]",wikipedia,,,,,,miriam prochnow rede,Miriam Prochnow (REDE),Miriam Prochnow REDE,0.0072839917026328,False,10.0
2018,SC,Eleições estaduais em Santa Catarina em 2018,https://pt.wikipedia.org/wiki/Elei%C3%A7%C3%B5es_estaduais_em_Santa_Catarina_em_2018,1.0,3.0,01/09 a 3 de setembro de 2018,Grupo RIC,±3%,3.0,duas_mencoes_agregadas,Raimundo Colombo (PSD),29.0,29%,"Senado Federal | Governo do Estado | Pesquisas de intenção de voto | Votações nominais | Levando em conta que para o senado o eleitor irá votar duas vezes, as pesquisas possuem um universo de 200%. | Senado Federal[editar | editar código]",wikipedia,,,,,,raimundo colombo psd,Raimundo Colombo (PSD),Raimundo Colombo PSD,0.0861328613329241,False,5.0
2018,SC,Eleições estaduais em Santa Catarina em 2018,https://pt.wikipedia.org/wiki/Elei%C3%A7%C3%B5es_estaduais_em_Santa_Catarina_em_2018,1.0,3.0,01/09 a 3 de setembro de 2018,Grupo RIC,±3%,3.0,duas_mencoes_agregadas,Esperidião Amin (PP),31.0,31%,"Senado Federal | Governo do Estado | Pesquisas de intenção de voto | Votações nominais | Levando em conta que para o senado o eleitor irá votar duas vezes, as pesquisas possuem um universo de 200%. | Senado Federal[editar | editar código]",wikipedia,,,,,,esperidiao amin pp,Esperidião Amin (PP),Esperidião Amin PP,0.1057055607188982,True,2.0
2018,SC,Eleições estaduais em Santa Catarina em 2018,https://pt.wikipedia.org/wiki/Elei%C3%A7%C3%B5es_estaduais_em_Santa_Catarina_em_2018,1.0,3.0,01/09 a 3 de setembro de 2018,Grupo RIC,±3%,3.0,duas_mencoes_agregadas,Paulo Bauer (PSDB),24.0,24%,"Senado Federal | Governo do Estado | Pesquisas de intenção de voto | Votações nominais | Levando em conta que para o senado o eleitor irá votar duas vezes, as pesquisas possuem um universo de 200%. | Senado Federal[editar | editar código]",wikipedia,,,,,,paulo bauer psdb,Paulo Bauer (PSDB),Paulo Bauer PSDB,0.0691479162607359,False,6.0
2018,SC,Eleições estaduais em Santa Catarina em 2018,https://pt.wikipedia.org/wiki/Elei%C3%A7%C3%B5es_estaduais_em_Santa_Catarina_em_2018,1.0,3.0,01/09 a 3 de setembro de 2018,Grupo RIC,±3%,3.0,duas_mencoes_agregadas,Jorginho Mello (PR),6.0,6%,"Senado Federal | Governo do Estado | Pesquisas de intenção de voto | Votações nominais | Levando em conta que para o senado o eleitor irá votar duas vezes, as pesquisas possuem um universo de 200%. | Senado Federal[editar | editar código]",wikipedia,,,,,,jorginho mello pr,Jorginho Mello (PR),Jorginho Mello PR,0.1017131856061716,False,3.0
2018,SC,Eleições estaduais em Santa Catarina em 2018,https://pt.wikipedia.org/wiki/Elei%C3%A7%C3%B5es_estaduais_em_Santa_Catarina_em_2018,1.0,3.0,01/09 a 3 de setembro de 2018,Grupo RIC,±3%,3.0,duas_mencoes_agregadas,Ideli Salvatti (PT),6.0,6%,"Senado Federal | Governo do Estado | Pesquisas de intenção de voto | Votações nominais | Levando em conta que para o senado o eleitor irá votar duas vezes, as pesquisas possuem um universo de 200%. | Senado Federal[editar | editar código]",wikipedia,,,,,,ideli salvatti pt,Ideli Salvatti (PT),Ideli Salvatti PT,0.0290070748332163,False,7.0
2018,SC,Eleições estaduais em Santa Catarina em 2018,https://pt.wikipedia.org/wiki/Elei%C3%A7%C3%B5es_estaduais_em_Santa_Catarina_em_2018,1.0,3.0,01/09 a 3 de setembro de 2018,Grupo RIC,±3%,3.0,duas_mencoes_agregadas,Roberto Salum (PMN),7.0,7%,"Senado Federal | Governo do Estado | Pesquisas de intenção de voto | Votações nominais | Levando em conta que para o senado o eleitor irá votar duas vezes, as pesquisas possuem um universo de 200%. | Senado Federal[editar | editar código]",wikipedia,,,,,,roberto salum pmn,Roberto Salum (PMN),Roberto Salum PMN,0.0212681246260408,False,9.0
2018,SC,Eleições estaduais em Santa Catarina em 2018,https://pt.wikipedia.org/wiki/Elei%C3%A7%C3%B5es_estaduais_em_Santa_Catarina_em_2018,1.0,3.0,01/09 a 3 de setembro de 2018,Grupo RIC,±3%,3.0,duas_mencoes_agregadas,Antônio Campos (PSOL),3.0,3%,"Senado Federal | Governo do Estado | Pesquisas de intenção de voto | Votações nominais | Levando em conta que para o senado o eleitor irá votar duas vezes, as pesquisas possuem um universo de 200%. | Senado Federal[editar | editar código]",wikipedia,,,,,,antonio campos psol,Antônio Campos (PSOL),Antônio Campos PSOL,0.0044134509770787,False,12.0
2018,SC,Eleições estaduais em Santa Catarina em 2018,https://pt.wikipedia.org/wiki/Elei%C3%A7%C3%B5es_estaduais_em_Santa_Catarina_em_2018,1.0,3.0,01/09 a 3 de setembro de 2018,Grupo RIC,±3%,3.0,duas_mencoes_agregadas,Pedro Cabral (PSOL),3.0,3%,"Senado Federal | Governo do Estado | Pesquisas de intenção de voto | Votações nominais | Levando em conta que para o senado o eleitor irá votar duas vezes, as pesquisas possuem um universo de 200%. | Senado Federal[editar | editar código]",wikipedia,,,,,,pedro cabral psol,Pedro Cabral (PSOL),Pedro Cabral PSOL,0.0054766589130311,False,11.0
2018,SC,Eleições estaduais em Santa Catarina em 2018,https://pt.wikipedia.org/wiki/Elei%C3%A7%C3%B5es_estaduais_em_Santa_Catarina_em_2018,1.0,3.0,01/09 a 3 de setembro de 2018,Grupo RIC,±3%,3.0,duas_mencoes_agregadas,Andréa Carvalho (PCO),1.0,1%,"Senado Federal | Governo do Estado | Pesquisas de intenção de voto | Votações nominais | Levando em conta que para o senado o eleitor irá votar duas vezes, as pesquisas possuem um universo de 200%. | Senado Federal[editar | editar código]",wikipedia,,,,,,andrea carvalho pco,Andréa Carvalho (PCO),Pedro Cabral PSOL,0.0054766589130311,False,11.0
2018,SC,Eleições estaduais em Santa Catarina em 2018,https://pt.wikipedia.org/wiki/Elei%C3%A7%C3%B5es_estaduais_em_Santa_Catarina_em_2018,1.0,3.0,01/09 a 3 de setembro de 2018,Grupo RIC,±3%,3.0,duas_mencoes_agregadas,Lucas Esmeraldino (PSL),4.0,4%,"Senado Federal | Governo do Estado | Pesquisas de intenção de voto | Votações nominais | Levando em conta que para o senado o eleitor irá votar duas vezes, as pesquisas possuem um universo de 200%. | Senado Federal[editar | editar código]",wikipedia,,,,,,lucas esmeraldino psl,Lucas Esmeraldino (PSL),Lucas Esmeraldino PSL,0.100153118496128,False,4.0
2018,SC,Eleições estaduais em Santa Catarina em 2018,https://pt.wikipedia.org/wiki/Elei%C3%A7%C3%B5es_estaduais_em_Santa_Catarina_em_2018,1.0,3.0,01/09 a 3 de setembro de 2018,Grupo RIC,±3%,3.0,duas_mencoes_agregadas,Lédio Rosa (PT),3.0,3%,"Senado Federal | Governo do Estado | Pesquisas de intenção de voto | Votações nominais | Levando em conta que para o senado o eleitor irá votar duas vezes, as pesquisas possuem um universo de 200%. | Senado Federal[editar | editar código]",wikipedia,,,,,,ledio rosa pt,Lédio Rosa (PT),Lédio Andrade PT,0.0282119104808576,False,8.0
2018,SC,Eleições estaduais em Santa Catarina em 2018,https://pt.wikipedia.org/wiki/Elei%C3%A7%C3%B5es_estaduais_em_Santa_Catarina_em_2018,1.0,3.0,01/09 a 3 de setembro de 2018,Grupo RIC,±3%,3.0,duas_mencoes_agregadas,Ricardo Lautert (PSTU),0.0,0%,"Senado Federal | Governo do Estado | Pesquisas de intenção de voto | Votações nominais | Levando em conta que para o senado o eleitor irá votar duas vezes, as pesquisas possuem um universo de 200%. | Senado Federal[editar | editar código]",wikipedia,,,,,,ricardo lautert pstu,Ricardo Lautert (PSTU),Ricardo Lautert PSTU,0.0011936517899172,False,14.0
2018,SC,Eleições estaduais em Santa Catarina em 2018,https://pt.wikipedia.org/wiki/Elei%C3%A7%C3%B5es_estaduais_em_Santa_Catarina_em_2018,1.0,3.0,01/09 a 3 de setembro de 2018,Grupo RIC,±3%,3.0,duas_mencoes_agregadas,Diego Mezzogiorno (REDE),1.0,1%,"Senado Federal | Governo do Estado | Pesquisas de intenção de voto | Votações nominais | Levando em conta que para o senado o eleitor irá votar duas vezes, as pesquisas possuem um universo de 200%. | Senado Federal[editar | editar código]",wikipedia,,,,,,diego mezzogiorno rede,Diego Mezzogiorno (REDE),Diego Mezzogiorno REDE,0.0033167052624137,False,13.0
2018,SC,Eleições estaduais em Santa Catarina em 2018,https://pt.wikipedia.org/wiki/Elei%C3%A7%C3%B5es_estaduais_em_Santa_Catarina_em_2018,1.0,3.0,01/09 a 3 de setembro de 2018,Grupo RIC,±3%,3.0,duas_mencoes_agregadas,Miriam Prochnow (REDE),1.0,1%,"Senado Federal | Governo do Estado | Pesquisas de intenção de voto | Votações nominais | Levando em conta que para o senado o eleitor irá votar duas vezes, as pesquisas possuem um universo de 200%. | Senado Federal[editar | editar código]",wikipedia,,,,,,miriam prochnow rede,Miriam Prochnow (REDE),Miriam Prochnow REDE,0.0072839917026328,False,10.0
2018,SE,Eleições estaduais em Sergipe em 2018,https://pt.wikipedia.org/wiki/Elei%C3%A7%C3%B5es_estaduais_em_Sergipe_em_2018,1.0,1.0,14 a 16/08/2018,Ibope,±3%,3.0,duas_mencoes_agregadas,Valadares (PSB),28.0,28%,"Senado Federal | Potencial de voto e rejeição | Intenção de voto | Governador do Estado - 2º turno | Levando em conta que para o senado o eleitor irá votar duas vezes, as pesquisas possuem um universo de 200% | Senado Federal[editar | editar código]",wikipedia,,,,,,valadares psb,Valadares (PSB),Valadares,0.0479067154463361,False,6.0
2018,SE,Eleições estaduais em Sergipe em 2018,https://pt.wikipedia.org/wiki/Elei%C3%A7%C3%B5es_estaduais_em_Sergipe_em_2018,1.0,1.0,14 a 16/08/2018,Ibope,±3%,3.0,duas_mencoes_agregadas,André Moura (PSC),21.0,21%,"Senado Federal | Potencial de voto e rejeição | Intenção de voto | Governador do Estado - 2º turno | Levando em conta que para o senado o eleitor irá votar duas vezes, as pesquisas possuem um universo de 200% | Senado Federal[editar | editar código]",wikipedia,,,,,,andre moura psc,André Moura (PSC),André,0.0687093700289483,False,4.0
2018,SE,Eleições estaduais em Sergipe em 2018,https://pt.wikipedia.org/wiki/Elei%C3%A7%C3%B5es_estaduais_em_Sergipe_em_2018,1.0,1.0,14 a 16/08/2018,Ibope,±3%,3.0,duas_mencoes_agregadas,Jackson Barreto (MDB),16.0,16%,"Senado Federal | Potencial de voto e rejeição | Intenção de voto | Governador do Estado - 2º turno | Levando em conta que para o senado o eleitor irá votar duas vezes, as pesquisas possuem um universo de 200% | Senado Federal[editar | editar código]",wikipedia,,,,,,jackson barreto mdb,Jackson Barreto (MDB),Jackson,0.0559812897000356,False,5.0
2018,SE,Eleições estaduais em Sergipe em 2018,https://pt.wikipedia.org/wiki/Elei%C3%A7%C3%B5es_estaduais_em_Sergipe_em_2018,1.0,1.0,14 a 16/08/2018,Ibope,±3%,3.0,duas_mencoes_agregadas,Pastor Heleno (PRB),7.0,7%,"Senado Federal | Potencial de voto e rejeição | Intenção de voto | Governador do Estado - 2º turno | Levando em conta que para o senado o eleitor irá votar duas vezes, as pesquisas possuem um universo de 200% | Senado Federal[editar | editar código]",wikipedia,,,,,,pastor heleno prb,Pastor Heleno (PRB),Heleno,0.0451398841628721,False,7.0
2018,SE,Eleições estaduais em Sergipe em 2018,https://pt.wikipedia.org/wiki/Elei%C3%A7%C3%B5es_estaduais_em_Sergipe_em_2018,1.0,1.0,14 a 16/08/2018,Ibope,±3%,3.0,duas_mencoes_agregadas,Rogério Carvalho (PT),12.0,12%,"Senado Federal | Potencial de voto e rejeição | Intenção de voto | Governador do Estado - 2º turno | Levando em conta que para o senado o eleitor irá votar duas vezes, as pesquisas possuem um universo de 200% | Senado Federal[editar | editar código]",wikipedia,,,,,,rogerio carvalho pt,Rogério Carvalho (PT),Rogério,0.0821206793560908,False,3.0
2018,SE,Eleições estaduais em Sergipe em 2018,https://pt.wikipedia.org/wiki/Elei%C3%A7%C3%B5es_estaduais_em_Sergipe_em_2018,1.0,1.0,14 a 16/08/2018,Ibope,±3%,3.0,duas_mencoes_agregadas,Delegado Alessandro (REDE),7.0,7%,"Senado Federal | Potencial de voto e rejeição | Intenção de voto | Governador do Estado - 2º turno | Levando em conta que para o senado o eleitor irá votar duas vezes, as pesquisas possuem um universo de 200% | Senado Federal[editar | editar código]",wikipedia,,,,,,delegado alessandro rede,Delegado Alessandro (REDE),Alessandro,0.129766739383967,True,2.0
2018,SE,Eleições estaduais em Sergipe em 2018,https://pt.wikipedia.org/wiki/Elei%C3%A7%C3%B5es_estaduais_em_Sergipe_em_2018,1.0,1.0,14 a 16/08/2018,Ibope,±3%,3.0,duas_mencoes_agregadas,Sônia Meire (PSOL),9.0,9%,"Senado Federal | Potencial de voto e rejeição | Intenção de voto | Governador do Estado - 2º turno | Levando em conta que para o senado o eleitor irá votar duas vezes, as pesquisas possuem um universo de 200% | Senado Federal[editar | editar código]",wikipedia,,,,,,sonia meire psol,Sônia Meire (PSOL),Sônia,0.0171682482861837,False,9.0
2018,SE,Eleições estaduais em Sergipe em 2018,https://pt.wikipedia.org/wiki/Elei%C3%A7%C3%B5es_estaduais_em_Sergipe_em_2018,1.0,1.0,14 a 16/08/2018,Ibope,±3%,3.0,duas_mencoes_agregadas,Henry Clay (PPL),2.0,2%,"Senado Federal | Potencial de voto e rejeição | Intenção de voto | Governador do Estado - 2º turno | Levando em conta que para o senado o eleitor irá votar duas vezes, as pesquisas possuem um universo de 200% | Senado Federal[editar | editar código]",wikipedia,,,,,,henry clay ppl,Henry Clay (PPL),,,,
2018,SE,Eleições estaduais em Sergipe em 2018,https://pt.wikipedia.org/wiki/Elei%C3%A7%C3%B5es_estaduais_em_Sergipe_em_2018,1.0,1.0,14 a 16/08/2018,Ibope,±3%,3.0,duas_mencoes_agregadas,Professor Jossimário (PSOL),4.0,4%,"Senado Federal | Potencial de voto e rejeição | Intenção de voto | Governador do Estado - 2º turno | Levando em conta que para o senado o eleitor irá votar duas vezes, as pesquisas possuem um universo de 200% | Senado Federal[editar | editar código]",wikipedia,,,,,,professor jossimario psol,Professor Jossimário (PSOL),Jossimário,0.00318639624875,False,12.0
2018,SE,Eleições estaduais em Sergipe em 2018,https://pt.wikipedia.org/wiki/Elei%C3%A7%C3%B5es_estaduais_em_Sergipe_em_2018,1.0,1.0,14 a 16/08/2018,Ibope,±3%,3.0,duas_mencoes_agregadas,Adelson Alves (PATRI),3.0,3%,"Senado Federal | Potencial de voto e rejeição | Intenção de voto | Governador do Estado - 2º turno | Levando em conta que para o senado o eleitor irá votar duas vezes, as pesquisas possuem um universo de 200% | Senado Federal[editar | editar código]",wikipedia,,,,,,adelson alves patri,Adelson Alves (PATRI),,,,
2018,SE,Eleições estaduais em Sergipe em 2018,https://pt.wikipedia.org/wiki/Elei%C3%A7%C3%B5es_estaduais_em_Sergipe_em_2018,1.0,1.0,14 a 16/08/2018,Ibope,±3%,3.0,duas_mencoes_agregadas,Cadu Silva (PSL),2.0,2%,"Senado Federal | Potencial de voto e rejeição | Intenção de voto | Governador do Estado - 2º turno | Levando em conta que para o senado o eleitor irá votar duas vezes, as pesquisas possuem um universo de 200% | Senado Federal[editar | editar código]",wikipedia,,,,,,cadu silva psl,Cadu Silva (PSL),Cadu,0.0118197522652131,False,10.0
2018,SE,Eleições estaduais em Sergipe em 2018,https://pt.wikipedia.org/wiki/Elei%C3%A7%C3%B5es_estaduais_em_Sergipe_em_2018,1.0,1.0,14 a 16/08/2018,Ibope,±3%,3.0,duas_mencoes_agregadas,Reynaldo Nunes (PV),2.0,2%,"Senado Federal | Potencial de voto e rejeição | Intenção de voto | Governador do Estado - 2º turno | Levando em conta que para o senado o eleitor irá votar duas vezes, as pesquisas possuem um universo de 200% | Senado Federal[editar | editar código]",wikipedia,,,,,,reynaldo nunes pv,Reynaldo Nunes (PV),Reynaldo,0.0074249870356066,False,11.0
2018,SE,Eleições estaduais em Sergipe em 2018,https://pt.wikipedia.org/wiki/Elei%C3%A7%C3%B5es_estaduais_em_Sergipe_em_2018,1.0,1.0,14 a 16/08/2018,Ibope,±3%,3.0,duas_mencoes_agregadas,Clarckson Messias (PSTU),1.0,1%,"Senado Federal | Potencial de voto e rejeição | Intenção de voto | Governador do Estado - 2º turno | Levando em conta que para o senado o eleitor irá votar duas vezes, as pesquisas possuem um universo de 200% | Senado Federal[editar | editar código]",wikipedia,,,,,,clarckson messias pstu,Clarckson Messias (PSTU),Clarckson,0.0008095908065493,False,13.0
2018,SE,Eleições estaduais em Sergipe em 2018,https://pt.wikipedia.org/wiki/Elei%C3%A7%C3%B5es_estaduais_em_Sergipe_em_2018,1.0,2.0,17 a 19/09/2018,Ibope,±3%,3.0,duas_mencoes_agregadas,Valadares (PSB),26.0,26%,"Senado Federal | Potencial de voto e rejeição | Intenção de voto | Governador do Estado - 2º turno | Levando em conta que para o senado o eleitor irá votar duas vezes, as pesquisas possuem um universo de 200% | Senado Federal[editar | editar código]",wikipedia,,,,,,valadares psb,Valadares (PSB),Valadares,0.0479067154463361,False,6.0
2018,SE,Eleições estaduais em Sergipe em 2018,https://pt.wikipedia.org/wiki/Elei%C3%A7%C3%B5es_estaduais_em_Sergipe_em_2018,1.0,2.0,17 a 19/09/2018,Ibope,±3%,3.0,duas_mencoes_agregadas,André Moura (PSC),21.0,21%,"Senado Federal | Potencial de voto e rejeição | Intenção de voto | Governador do Estado - 2º turno | Levando em conta que para o senado o eleitor irá votar duas vezes, as pesquisas possuem um universo de 200% | Senado Federal[editar | editar código]",wikipedia,,,,,,andre moura psc,André Moura (PSC),André,0.0687093700289483,False,4.0
2018,SE,Eleições estaduais em Sergipe em 2018,https://pt.wikipedia.org/wiki/Elei%C3%A7%C3%B5es_estaduais_em_Sergipe_em_2018,1.0,2.0,17 a 19/09/2018,Ibope,±3%,3.0,duas_mencoes_agregadas,Jackson Barreto (MDB),18.0,18%,"Senado Federal | Potencial de voto e rejeição | Intenção de voto | Governador do Estado - 2º turno | Levando em conta que para o senado o eleitor irá votar duas vezes, as pesquisas possuem um universo de 200% | Senado Federal[editar | editar código]",wikipedia,,,,,,jackson barreto mdb,Jackson Barreto (MDB),Jackson,0.0559812897000356,False,5.0
2018,SE,Eleições estaduais em Sergipe em 2018,https://pt.wikipedia.org/wiki/Elei%C3%A7%C3%B5es_estaduais_em_Sergipe_em_2018,1.0,2.0,17 a 19/09/2018,Ibope,±3%,3.0,duas_mencoes_agregadas,Pastor Heleno (PRB),15.0,15%,"Senado Federal | Potencial de voto e rejeição | Intenção de voto | Governador do Estado - 2º turno | Levando em conta que para o senado o eleitor irá votar duas vezes, as pesquisas possuem um universo de 200% | Senado Federal[editar | editar código]",wikipedia,,,,,,pastor heleno prb,Pastor Heleno (PRB),Heleno,0.0451398841628721,False,7.0
2018,SE,Eleições estaduais em Sergipe em 2018,https://pt.wikipedia.org/wiki/Elei%C3%A7%C3%B5es_estaduais_em_Sergipe_em_2018,1.0,2.0,17 a 19/09/2018,Ibope,±3%,3.0,duas_mencoes_agregadas,Rogério Carvalho (PT),12.0,12%,"Senado Federal | Potencial de voto e rejeição | Intenção de voto | Governador do Estado - 2º turno | Levando em conta que para o senado o eleitor irá votar duas vezes, as pesquisas possuem um universo de 200% | Senado Federal[editar | editar código]",wikipedia,,,,,,rogerio carvalho pt,Rogério Carvalho (PT),Rogério,0.0821206793560908,False,3.0
2018,SE,Eleições estaduais em Sergipe em 2018,https://pt.wikipedia.org/wiki/Elei%C3%A7%C3%B5es_estaduais_em_Sergipe_em_2018,1.0,2.0,17 a 19/09/2018,Ibope,±3%,3.0,duas_mencoes_agregadas,Delegado Alessandro (REDE),10.0,10%,"Senado Federal | Potencial de voto e rejeição | Intenção de voto | Governador do Estado - 2º turno | Levando em conta que para o senado o eleitor irá votar duas vezes, as pesquisas possuem um universo de 200% | Senado Federal[editar | editar código]",wikipedia,,,,,,delegado alessandro rede,Delegado Alessandro (REDE),Alessandro,0.129766739383967,True,2.0
2018,SE,Eleições estaduais em Sergipe em 2018,https://pt.wikipedia.org/wiki/Elei%C3%A7%C3%B5es_estaduais_em_Sergipe_em_2018,1.0,2.0,17 a 19/09/2018,Ibope,±3%,3.0,duas_mencoes_agregadas,Sônia Meire (PSOL),5.0,5%,"Senado Federal | Potencial de voto e rejeição | Intenção de voto | Governador do Estado - 2º turno | Levando em conta que para o senado o eleitor irá votar duas vezes, as pesquisas possuem um universo de 200% | Senado Federal[editar | editar código]",wikipedia,,,,,,sonia meire psol,Sônia Meire (PSOL),Sônia,0.0171682482861837,False,9.0
2018,SE,Eleições estaduais em Sergipe em 2018,https://pt.wikipedia.org/wiki/Elei%C3%A7%C3%B5es_estaduais_em_Sergipe_em_2018,1.0,2.0,17 a 19/09/2018,Ibope,±3%,3.0,duas_mencoes_agregadas,Henry Clay (PPL),4.0,4%,"Senado Federal | Potencial de voto e rejeição | Intenção de voto | Governador do Estado - 2º turno | Levando em conta que para o senado o eleitor irá votar duas vezes, as pesquisas possuem um universo de 200% | Senado Federal[editar | editar código]",wikipedia,,,,,,henry clay ppl,Henry Clay (PPL),,,,
2018,SE,Eleições estaduais em Sergipe em 2018,https://pt.wikipedia.org/wiki/Elei%C3%A7%C3%B5es_estaduais_em_Sergipe_em_2018,1.0,2.0,17 a 19/09/2018,Ibope,±3%,3.0,duas_mencoes_agregadas,Professor Jossimário (PSOL),2.0,2%,"Senado Federal | Potencial de voto e rejeição | Intenção de voto | Governador do Estado - 2º turno | Levando em conta que para o senado o eleitor irá votar duas vezes, as pesquisas possuem um universo de 200% | Senado Federal[editar | editar código]",wikipedia,,,,,,professor jossimario psol,Professor Jossimário (PSOL),Jossimário,0.00318639624875,False,12.0
2018,SE,Eleições estaduais em Sergipe em 2018,https://pt.wikipedia.org/wiki/Elei%C3%A7%C3%B5es_estaduais_em_Sergipe_em_2018,1.0,2.0,17 a 19/09/2018,Ibope,±3%,3.0,duas_mencoes_agregadas,Adelson Alves (PATRI),2.0,2%,"Senado Federal | Potencial de voto e rejeição | Intenção de voto | Governador do Estado - 2º turno | Levando em conta que para o senado o eleitor irá votar duas vezes, as pesquisas possuem um universo de 200% | Senado Federal[editar | editar código]",wikipedia,,,,,,adelson alves patri,Adelson Alves (PATRI),,,,
2018,SE,Eleições estaduais em Sergipe em 2018,https://pt.wikipedia.org/wiki/Elei%C3%A7%C3%B5es_estaduais_em_Sergipe_em_2018,1.0,2.0,17 a 19/09/2018,Ibope,±3%,3.0,duas_mencoes_agregadas,Cadu Silva (PSL),1.0,1%,"Senado Federal | Potencial de voto e rejeição | Intenção de voto | Governador do Estado - 2º turno | Levando em conta que para o senado o eleitor irá votar duas vezes, as pesquisas possuem um universo de 200% | Senado Federal[editar | editar código]",wikipedia,,,,,,cadu silva psl,Cadu Silva (PSL),Cadu,0.0118197522652131,False,10.0
2018,SE,Eleições estaduais em Sergipe em 2018,https://pt.wikipedia.org/wiki/Elei%C3%A7%C3%B5es_estaduais_em_Sergipe_em_2018,1.0,2.0,17 a 19/09/2018,Ibope,±3%,3.0,duas_mencoes_agregadas,Reynaldo Nunes (PV),1.0,1%,"Senado Federal | Potencial de voto e rejeição | Intenção de voto | Governador do Estado - 2º turno | Levando em conta que para o senado o eleitor irá votar duas vezes, as pesquisas possuem um universo de 200% | Senado Federal[editar | editar código]",wikipedia,,,,,,reynaldo nunes pv,Reynaldo Nunes (PV),Reynaldo,0.0074249870356066,False,11.0
2018,SE,Eleições estaduais em Sergipe em 2018,https://pt.wikipedia.org/wiki/Elei%C3%A7%C3%B5es_estaduais_em_Sergipe_em_2018,1.0,2.0,17 a 19/09/2018,Ibope,±3%,3.0,duas_mencoes_agregadas,Clarckson Messias (PSTU),0.0,0%,"Senado Federal | Potencial de voto e rejeição | Intenção de voto | Governador do Estado - 2º turno | Levando em conta que para o senado o eleitor irá votar duas vezes, as pesquisas possuem um universo de 200% | Senado Federal[editar | editar código]",wikipedia,,,,,,clarckson messias pstu,Clarckson Messias (PSTU),Clarckson,0.0008095908065493,False,13.0
2018,SE,Eleições estaduais em Sergipe em 2018,https://pt.wikipedia.org/wiki/Elei%C3%A7%C3%B5es_estaduais_em_Sergipe_em_2018,1.0,3.0,04 a 06/10/2018,Ibope,±3%,3.0,duas_mencoes_agregadas,Valadares (PSB),29.0,29%,"Senado Federal | Potencial de voto e rejeição | Intenção de voto | Governador do Estado - 2º turno | Levando em conta que para o senado o eleitor irá votar duas vezes, as pesquisas possuem um universo de 200% | Senado Federal[editar | editar código]",wikipedia,,,,,,valadares psb,Valadares (PSB),Valadares,0.0479067154463361,False,6.0
2018,SE,Eleições estaduais em Sergipe em 2018,https://pt.wikipedia.org/wiki/Elei%C3%A7%C3%B5es_estaduais_em_Sergipe_em_2018,1.0,3.0,04 a 06/10/2018,Ibope,±3%,3.0,duas_mencoes_agregadas,André Moura (PSC),26.0,26%,"Senado Federal | Potencial de voto e rejeição | Intenção de voto | Governador do Estado - 2º turno | Levando em conta que para o senado o eleitor irá votar duas vezes, as pesquisas possuem um universo de 200% | Senado Federal[editar | editar código]",wikipedia,,,,,,andre moura psc,André Moura (PSC),André,0.0687093700289483,False,4.0
2018,SE,Eleições estaduais em Sergipe em 2018,https://pt.wikipedia.org/wiki/Elei%C3%A7%C3%B5es_estaduais_em_Sergipe_em_2018,1.0,3.0,04 a 06/10/2018,Ibope,±3%,3.0,duas_mencoes_agregadas,Jackson Barreto (MDB),18.0,18%,"Senado Federal | Potencial de voto e rejeição | Intenção de voto | Governador do Estado - 2º turno | Levando em conta que para o senado o eleitor irá votar duas vezes, as pesquisas possuem um universo de 200% | Senado Federal[editar | editar código]",wikipedia,,,,,,jackson barreto mdb,Jackson Barreto (MDB),Jackson,0.0559812897000356,False,5.0
2018,SE,Eleições estaduais em Sergipe em 2018,https://pt.wikipedia.org/wiki/Elei%C3%A7%C3%B5es_estaduais_em_Sergipe_em_2018,1.0,3.0,04 a 06/10/2018,Ibope,±3%,3.0,duas_mencoes_agregadas,Pastor Heleno (PRB),18.0,18%,"Senado Federal | Potencial de voto e rejeição | Intenção de voto | Governador do Estado - 2º turno | Levando em conta que para o senado o eleitor irá votar duas vezes, as pesquisas possuem um universo de 200% | Senado Federal[editar | editar código]",wikipedia,,,,,,pastor heleno prb,Pastor Heleno (PRB),Heleno,0.0451398841628721,False,7.0
2018,SE,Eleições estaduais em Sergipe em 2018,https://pt.wikipedia.org/wiki/Elei%C3%A7%C3%B5es_estaduais_em_Sergipe_em_2018,1.0,3.0,04 a 06/10/2018,Ibope,±3%,3.0,duas_mencoes_agregadas,Rogério Carvalho (PT),16.0,16%,"Senado Federal | Potencial de voto e rejeição | Intenção de voto | Governador do Estado - 2º turno | Levando em conta que para o senado o eleitor irá votar duas vezes, as pesquisas possuem um universo de 200% | Senado Federal[editar | editar código]",wikipedia,,,,,,rogerio carvalho pt,Rogério Carvalho (PT),Rogério,0.0821206793560908,False,3.0
2018,SE,Eleições estaduais em Sergipe em 2018,https://pt.wikipedia.org/wiki/Elei%C3%A7%C3%B5es_estaduais_em_Sergipe_em_2018,1.0,3.0,04 a 06/10/2018,Ibope,±3%,3.0,duas_mencoes_agregadas,Delegado Alessandro (REDE),20.0,20%,"Senado Federal | Potencial de voto e rejeição | Intenção de voto | Governador do Estado - 2º turno | Levando em conta que para o senado o eleitor irá votar duas vezes, as pesquisas possuem um universo de 200% | Senado Federal[editar | editar código]",wikipedia,,,,,,delegado alessandro rede,Delegado Alessandro (REDE),Alessandro,0.129766739383967,True,2.0
2018,SE,Eleições estaduais em Sergipe em 2018,https://pt.wikipedia.org/wiki/Elei%C3%A7%C3%B5es_estaduais_em_Sergipe_em_2018,1.0,3.0,04 a 06/10/2018,Ibope,±3%,3.0,duas_mencoes_agregadas,Sônia Meire (PSOL),6.0,6%,"Senado Federal | Potencial de voto e rejeição | Intenção de voto | Governador do Estado - 2º turno | Levando em conta que para o senado o eleitor irá votar duas vezes, as pesquisas possuem um universo de 200% | Senado Federal[editar | editar código]",wikipedia,,,,,,sonia meire psol,Sônia Meire (PSOL),Sônia,0.0171682482861837,False,9.0
2018,SE,Eleições estaduais em Sergipe em 2018,https://pt.wikipedia.org/wiki/Elei%C3%A7%C3%B5es_estaduais_em_Sergipe_em_2018,1.0,3.0,04 a 06/10/2018,Ibope,±3%,3.0,duas_mencoes_agregadas,Henry Clay (PPL),8.0,8%,"Senado Federal | Potencial de voto e rejeição | Intenção de voto | Governador do Estado - 2º turno | Levando em conta que para o senado o eleitor irá votar duas vezes, as pesquisas possuem um universo de 200% | Senado Federal[editar | editar código]",wikipedia,,,,,,henry clay ppl,Henry Clay (PPL),,,,
2018,SE,Eleições estaduais em Sergipe em 2018,https://pt.wikipedia.org/wiki/Elei%C3%A7%C3%B5es_estaduais_em_Sergipe_em_2018,1.0,3.0,04 a 06/10/2018,Ibope,±3%,3.0,duas_mencoes_agregadas,Professor Jossimário (PSOL),1.0,1%,"Senado Federal | Potencial de voto e rejeição | Intenção de voto | Governador do Estado - 2º turno | Levando em conta que para o senado o eleitor irá votar duas vezes, as pesquisas possuem um universo de 200% | Senado Federal[editar | editar código]",wikipedia,,,,,,professor jossimario psol,Professor Jossimário (PSOL),Jossimário,0.00318639624875,False,12.0
2018,SE,Eleições estaduais em Sergipe em 2018,https://pt.wikipedia.org/wiki/Elei%C3%A7%C3%B5es_estaduais_em_Sergipe_em_2018,1.0,3.0,04 a 06/10/2018,Ibope,±3%,3.0,duas_mencoes_agregadas,Adelson Alves (PATRI),11.0,— [nota 11],"Senado Federal | Potencial de voto e rejeição | Intenção de voto | Governador do Estado - 2º turno | Levando em conta que para o senado o eleitor irá votar duas vezes, as pesquisas possuem um universo de 200% | Senado Federal[editar | editar código]",wikipedia,,,,,,adelson alves patri,Adelson Alves (PATRI),,,,
2018,SE,Eleições estaduais em Sergipe em 2018,https://pt.wikipedia.org/wiki/Elei%C3%A7%C3%B5es_estaduais_em_Sergipe_em_2018,1.0,3.0,04 a 06/10/2018,Ibope,±3%,3.0,duas_mencoes_agregadas,Cadu Silva (PSL),3.0,3%,"Senado Federal | Potencial de voto e rejeição | Intenção de voto | Governador do Estado - 2º turno | Levando em conta que para o senado o eleitor irá votar duas vezes, as pesquisas possuem um universo de 200% | Senado Federal[editar | editar código]",wikipedia,,,,,,cadu silva psl,Cadu Silva (PSL),Cadu,0.0118197522652131,False,10.0
2018,SE,Eleições estaduais em Sergipe em 2018,https://pt.wikipedia.org/wiki/Elei%C3%A7%C3%B5es_estaduais_em_Sergipe_em_2018,1.0,3.0,04 a 06/10/2018,Ibope,±3%,3.0,duas_mencoes_agregadas,Reynaldo Nunes (PV),2.0,2%,"Senado Federal | Potencial de voto e rejeição | Intenção de voto | Governador do Estado - 2º turno | Levando em conta que para o senado o eleitor irá votar duas vezes, as pesquisas possuem um universo de 200% | Senado Federal[editar | editar código]",wikipedia,,,,,,reynaldo nunes pv,Reynaldo Nunes (PV),Reynaldo,0.0074249870356066,False,11.0
2018,SE,Eleições estaduais em Sergipe em 2018,https://pt.wikipedia.org/wiki/Elei%C3%A7%C3%B5es_estaduais_em_Sergipe_em_2018,1.0,3.0,04 a 06/10/2018,Ibope,±3%,3.0,duas_mencoes_agregadas,Clarckson Messias (PSTU),1.0,1%,"Senado Federal | Potencial de voto e rejeição | Intenção de voto | Governador do Estado - 2º turno | Levando em conta que para o senado o eleitor irá votar duas vezes, as pesquisas possuem um universo de 200% | Senado Federal[editar | editar código]",wikipedia,,,,,,clarckson messias pstu,Clarckson Messias (PSTU),Clarckson,0.0008095908065493,False,13.0
2018,SE,Eleições estaduais em Sergipe em 2018,https://pt.wikipedia.org/wiki/Elei%C3%A7%C3%B5es_estaduais_em_Sergipe_em_2018,1.0,4.0,04 a 06/10/2018,Ibope (Votos válidos),±3%,3.0,duas_mencoes_agregadas,Valadares (PSB),20.0,20%,"Senado Federal | Potencial de voto e rejeição | Intenção de voto | Governador do Estado - 2º turno | Levando em conta que para o senado o eleitor irá votar duas vezes, as pesquisas possuem um universo de 200% | Senado Federal[editar | editar código]",wikipedia,,,,,,valadares psb,Valadares (PSB),Valadares,0.0479067154463361,False,6.0
2018,SE,Eleições estaduais em Sergipe em 2018,https://pt.wikipedia.org/wiki/Elei%C3%A7%C3%B5es_estaduais_em_Sergipe_em_2018,1.0,4.0,04 a 06/10/2018,Ibope (Votos válidos),±3%,3.0,duas_mencoes_agregadas,André Moura (PSC),18.0,18%,"Senado Federal | Potencial de voto e rejeição | Intenção de voto | Governador do Estado - 2º turno | Levando em conta que para o senado o eleitor irá votar duas vezes, as pesquisas possuem um universo de 200% | Senado Federal[editar | editar código]",wikipedia,,,,,,andre moura psc,André Moura (PSC),André,0.0687093700289483,False,4.0
2018,SE,Eleições estaduais em Sergipe em 2018,https://pt.wikipedia.org/wiki/Elei%C3%A7%C3%B5es_estaduais_em_Sergipe_em_2018,1.0,4.0,04 a 06/10/2018,Ibope (Votos válidos),±3%,3.0,duas_mencoes_agregadas,Jackson Barreto (MDB),12.0,12%,"Senado Federal | Potencial de voto e rejeição | Intenção de voto | Governador do Estado - 2º turno | Levando em conta que para o senado o eleitor irá votar duas vezes, as pesquisas possuem um universo de 200% | Senado Federal[editar | editar código]",wikipedia,,,,,,jackson barreto mdb,Jackson Barreto (MDB),Jackson,0.0559812897000356,False,5.0
2018,SE,Eleições estaduais em Sergipe em 2018,https://pt.wikipedia.org/wiki/Elei%C3%A7%C3%B5es_estaduais_em_Sergipe_em_2018,1.0,4.0,04 a 06/10/2018,Ibope (Votos válidos),±3%,3.0,duas_mencoes_agregadas,Pastor Heleno (PRB),12.0,12%,"Senado Federal | Potencial de voto e rejeição | Intenção de voto | Governador do Estado - 2º turno | Levando em conta que para o senado o eleitor irá votar duas vezes, as pesquisas possuem um universo de 200% | Senado Federal[editar | editar código]",wikipedia,,,,,,pastor heleno prb,Pastor Heleno (PRB),Heleno,0.0451398841628721,False,7.0
2018,SE,Eleições estaduais em Sergipe em 2018,https://pt.wikipedia.org/wiki/Elei%C3%A7%C3%B5es_estaduais_em_Sergipe_em_2018,1.0,4.0,04 a 06/10/2018,Ibope (Votos válidos),±3%,3.0,duas_mencoes_agregadas,Rogério Carvalho (PT),11.0,11%,"Senado Federal | Potencial de voto e rejeição | Intenção de voto | Governador do Estado - 2º turno | Levando em conta que para o senado o eleitor irá votar duas vezes, as pesquisas possuem um universo de 200% | Senado Federal[editar | editar código]",wikipedia,,,,,,rogerio carvalho pt,Rogério Carvalho (PT),Rogério,0.0821206793560908,False,3.0
2018,SE,Eleições estaduais em Sergipe em 2018,https://pt.wikipedia.org/wiki/Elei%C3%A7%C3%B5es_estaduais_em_Sergipe_em_2018,1.0,4.0,04 a 06/10/2018,Ibope (Votos válidos),±3%,3.0,duas_mencoes_agregadas,Delegado Alessandro (REDE),13.0,13%,"Senado Federal | Potencial de voto e rejeição | Intenção de voto | Governador do Estado - 2º turno | Levando em conta que para o senado o eleitor irá votar duas vezes, as pesquisas possuem um universo de 200% | Senado Federal[editar | editar código]",wikipedia,,,,,,delegado alessandro rede,Delegado Alessandro (REDE),Alessandro,0.129766739383967,True,2.0
2018,SE,Eleições estaduais em Sergipe em 2018,https://pt.wikipedia.org/wiki/Elei%C3%A7%C3%B5es_estaduais_em_Sergipe_em_2018,1.0,4.0,04 a 06/10/2018,Ibope (Votos válidos),±3%,3.0,duas_mencoes_agregadas,Sônia Meire (PSOL),4.0,4%,"Senado Federal | Potencial de voto e rejeição | Intenção de voto | Governador do Estado - 2º turno | Levando em conta que para o senado o eleitor irá votar duas vezes, as pesquisas possuem um universo de 200% | Senado Federal[editar | editar código]",wikipedia,,,,,,sonia meire psol,Sônia Meire (PSOL),Sônia,0.0171682482861837,False,9.0
2018,SE,Eleições estaduais em Sergipe em 2018,https://pt.wikipedia.org/wiki/Elei%C3%A7%C3%B5es_estaduais_em_Sergipe_em_2018,1.0,4.0,04 a 06/10/2018,Ibope (Votos válidos),±3%,3.0,duas_mencoes_agregadas,Henry Clay (PPL),6.0,6%,"Senado Federal | Potencial de voto e rejeição | Intenção de voto | Governador do Estado - 2º turno | Levando em conta que para o senado o eleitor irá votar duas vezes, as pesquisas possuem um universo de 200% | Senado Federal[editar | editar código]",wikipedia,,,,,,henry clay ppl,Henry Clay (PPL),,,,
2018,SE,Eleições estaduais em Sergipe em 2018,https://pt.wikipedia.org/wiki/Elei%C3%A7%C3%B5es_estaduais_em_Sergipe_em_2018,1.0,4.0,04 a 06/10/2018,Ibope (Votos válidos),±3%,3.0,duas_mencoes_agregadas,Professor Jossimário (PSOL),1.0,1%,"Senado Federal | Potencial de voto e rejeição | Intenção de voto | Governador do Estado - 2º turno | Levando em conta que para o senado o eleitor irá votar duas vezes, as pesquisas possuem um universo de 200% | Senado Federal[editar | editar código]",wikipedia,,,,,,professor jossimario psol,Professor Jossimário (PSOL),Jossimário,0.00318639624875,False,12.0
2018,SE,Eleições estaduais em Sergipe em 2018,https://pt.wikipedia.org/wiki/Elei%C3%A7%C3%B5es_estaduais_em_Sergipe_em_2018,1.0,4.0,04 a 06/10/2018,Ibope (Votos válidos),±3%,3.0,duas_mencoes_agregadas,Adelson Alves (PATRI),11.0,— [nota 11],"Senado Federal | Potencial de voto e rejeição | Intenção de voto | Governador do Estado - 2º turno | Levando em conta que para o senado o eleitor irá votar duas vezes, as pesquisas possuem um universo de 200% | Senado Federal[editar | editar código]",wikipedia,,,,,,adelson alves patri,Adelson Alves (PATRI),,,,
2018,SE,Eleições estaduais em Sergipe em 2018,https://pt.wikipedia.org/wiki/Elei%C3%A7%C3%B5es_estaduais_em_Sergipe_em_2018,1.0,4.0,04 a 06/10/2018,Ibope (Votos válidos),±3%,3.0,duas_mencoes_agregadas,Cadu Silva (PSL),2.0,2%,"Senado Federal | Potencial de voto e rejeição | Intenção de voto | Governador do Estado - 2º turno | Levando em conta que para o senado o eleitor irá votar duas vezes, as pesquisas possuem um universo de 200% | Senado Federal[editar | editar código]",wikipedia,,,,,,cadu silva psl,Cadu Silva (PSL),Cadu,0.0118197522652131,False,10.0
2018,SE,Eleições estaduais em Sergipe em 2018,https://pt.wikipedia.org/wiki/Elei%C3%A7%C3%B5es_estaduais_em_Sergipe_em_2018,1.0,4.0,04 a 06/10/2018,Ibope (Votos válidos),±3%,3.0,duas_mencoes_agregadas,Reynaldo Nunes (PV),1.0,1%,"Senado Federal | Potencial de voto e rejeição | Intenção de voto | Governador do Estado - 2º turno | Levando em conta que para o senado o eleitor irá votar duas vezes, as pesquisas possuem um universo de 200% | Senado Federal[editar | editar código]",wikipedia,,,,,,reynaldo nunes pv,Reynaldo Nunes (PV),Reynaldo,0.0074249870356066,False,11.0
2018,SE,Eleições estaduais em Sergipe em 2018,https://pt.wikipedia.org/wiki/Elei%C3%A7%C3%B5es_estaduais_em_Sergipe_em_2018,1.0,4.0,04 a 06/10/2018,Ibope (Votos válidos),±3%,3.0,duas_mencoes_agregadas,Clarckson Messias (PSTU),1.0,1%,"Senado Federal | Potencial de voto e rejeição | Intenção de voto | Governador do Estado - 2º turno | Levando em conta que para o senado o eleitor irá votar duas vezes, as pesquisas possuem um universo de 200% | Senado Federal[editar | editar código]",wikipedia,,,,,,clarckson messias pstu,Clarckson Messias (PSTU),Clarckson,0.0008095908065493,False,13.0
2018,TO,Eleições estaduais no Tocantins em 2018,https://pt.wikipedia.org/wiki/Elei%C3%A7%C3%B5es_estaduais_no_Tocantins_em_2018,1.0,1.0,14/08 a 16/08/2018,Ibope,±3%,3.0,duas_mencoes_agregadas,Vicentinho (PR),29.0,29%,"Senado Federal | Governo do Estado | Pesquisas | Deputados federais eleitos | Levando em conta que para o senado o eleitor irá votar duas vezes, as pesquisas possuem um universo de 200% | Senado Federal[editar | editar código]",wikipedia,,,,,,vicentinho pr,Vicentinho (PR),Vicentinho Alves PR,0.1380807921531525,False,4.0
2018,TO,Eleições estaduais no Tocantins em 2018,https://pt.wikipedia.org/wiki/Elei%C3%A7%C3%B5es_estaduais_no_Tocantins_em_2018,1.0,1.0,14/08 a 16/08/2018,Ibope,±3%,3.0,duas_mencoes_agregadas,Irajá (PSD),20.0,20%,"Senado Federal | Governo do Estado | Pesquisas | Deputados federais eleitos | Levando em conta que para o senado o eleitor irá votar duas vezes, as pesquisas possuem um universo de 200% | Senado Federal[editar | editar código]",wikipedia,,,,,,iraja psd,Irajá (PSD),Irajá Abreu PSD,0.1681607401881065,True,2.0
2018,TO,Eleições estaduais no Tocantins em 2018,https://pt.wikipedia.org/wiki/Elei%C3%A7%C3%B5es_estaduais_no_Tocantins_em_2018,1.0,1.0,14/08 a 16/08/2018,Ibope,±3%,3.0,duas_mencoes_agregadas,Mourão (PT),15.0,15%,"Senado Federal | Governo do Estado | Pesquisas | Deputados federais eleitos | Levando em conta que para o senado o eleitor irá votar duas vezes, as pesquisas possuem um universo de 200% | Senado Federal[editar | editar código]",wikipedia,,,,,,mourao pt,Mourão (PT),Paulo Mourão PT,0.1079890766711932,False,6.0
2018,TO,Eleições estaduais no Tocantins em 2018,https://pt.wikipedia.org/wiki/Elei%C3%A7%C3%B5es_estaduais_no_Tocantins_em_2018,1.0,1.0,14/08 a 16/08/2018,Ibope,±3%,3.0,duas_mencoes_agregadas,Halum (PRB),17.0,17%,"Senado Federal | Governo do Estado | Pesquisas | Deputados federais eleitos | Levando em conta que para o senado o eleitor irá votar duas vezes, as pesquisas possuem um universo de 200% | Senado Federal[editar | editar código]",wikipedia,,,,,,halum prb,Halum (PRB),César Halum PRB,0.1445317066014593,False,3.0
2018,TO,Eleições estaduais no Tocantins em 2018,https://pt.wikipedia.org/wiki/Elei%C3%A7%C3%B5es_estaduais_no_Tocantins_em_2018,1.0,1.0,14/08 a 16/08/2018,Ibope,±3%,3.0,duas_mencoes_agregadas,Ataídes (PSDB),11.0,11%,"Senado Federal | Governo do Estado | Pesquisas | Deputados federais eleitos | Levando em conta que para o senado o eleitor irá votar duas vezes, as pesquisas possuem um universo de 200% | Senado Federal[editar | editar código]",wikipedia,,,,,,ataides psdb,Ataídes (PSDB),Ataídes Oliveira PSDB,0.1333738133510315,False,5.0
2018,TO,Eleições estaduais no Tocantins em 2018,https://pt.wikipedia.org/wiki/Elei%C3%A7%C3%B5es_estaduais_no_Tocantins_em_2018,1.0,1.0,14/08 a 16/08/2018,Ibope,±3%,3.0,duas_mencoes_agregadas,Jorge (PSL),4.0,4%,"Senado Federal | Governo do Estado | Pesquisas | Deputados federais eleitos | Levando em conta que para o senado o eleitor irá votar duas vezes, as pesquisas possuem um universo de 200% | Senado Federal[editar | editar código]",wikipedia,,,,,,jorge psl,Jorge (PSL),Antônio Jorge PSL,0.0518465870088954,False,7.0
2018,TO,Eleições estaduais no Tocantins em 2018,https://pt.wikipedia.org/wiki/Elei%C3%A7%C3%B5es_estaduais_no_Tocantins_em_2018,1.0,1.0,14/08 a 16/08/2018,Ibope,±3%,3.0,duas_mencoes_agregadas,Aires (PSOL),2.0,2%,"Senado Federal | Governo do Estado | Pesquisas | Deputados federais eleitos | Levando em conta que para o senado o eleitor irá votar duas vezes, as pesquisas possuem um universo de 200% | Senado Federal[editar | editar código]",wikipedia,,,,,,aires psol,Aires (PSOL),Melk Aires PSOL,0.0096587205019522,False,9.0
2018,TO,Eleições estaduais no Tocantins em 2018,https://pt.wikipedia.org/wiki/Elei%C3%A7%C3%B5es_estaduais_no_Tocantins_em_2018,1.0,1.0,14/08 a 16/08/2018,Ibope,±3%,3.0,duas_mencoes_agregadas,Farlei (PSL),0.0,0%,"Senado Federal | Governo do Estado | Pesquisas | Deputados federais eleitos | Levando em conta que para o senado o eleitor irá votar duas vezes, as pesquisas possuem um universo de 200% | Senado Federal[editar | editar código]",wikipedia,,,,,,farlei psl,Farlei (PSL),Farlei Meyer PSL,0.051522589968016,False,8.0
2018,TO,Eleições estaduais no Tocantins em 2018,https://pt.wikipedia.org/wiki/Elei%C3%A7%C3%B5es_estaduais_no_Tocantins_em_2018,1.0,1.0,14/08 a 16/08/2018,Ibope,±3%,3.0,duas_mencoes_agregadas,Siqueira (DEM),31.0,31%,"Senado Federal | Governo do Estado | Pesquisas | Deputados federais eleitos | Levando em conta que para o senado o eleitor irá votar duas vezes, as pesquisas possuem um universo de 200% | Senado Federal[editar | editar código]",wikipedia,,,,,,siqueira dem,Siqueira (DEM),,,,
2018,TO,Eleições estaduais no Tocantins em 2018,https://pt.wikipedia.org/wiki/Elei%C3%A7%C3%B5es_estaduais_no_Tocantins_em_2018,1.0,2.0,18/09 a 20/09/2018,Ibope,±3%,3.0,duas_mencoes_agregadas,Vicentinho (PR),34.0,34%,"Senado Federal | Governo do Estado | Pesquisas | Deputados federais eleitos | Levando em conta que para o senado o eleitor irá votar duas vezes, as pesquisas possuem um universo de 200% | Senado Federal[editar | editar código]",wikipedia,,,,,,vicentinho pr,Vicentinho (PR),Vicentinho Alves PR,0.1380807921531525,False,4.0
2018,TO,Eleições estaduais no Tocantins em 2018,https://pt.wikipedia.org/wiki/Elei%C3%A7%C3%B5es_estaduais_no_Tocantins_em_2018,1.0,2.0,18/09 a 20/09/2018,Ibope,±3%,3.0,duas_mencoes_agregadas,Irajá (PSD),24.0,24%,"Senado Federal | Governo do Estado | Pesquisas | Deputados federais eleitos | Levando em conta que para o senado o eleitor irá votar duas vezes, as pesquisas possuem um universo de 200% | Senado Federal[editar | editar código]",wikipedia,,,,,,iraja psd,Irajá (PSD),Irajá Abreu PSD,0.1681607401881065,True,2.0
2018,TO,Eleições estaduais no Tocantins em 2018,https://pt.wikipedia.org/wiki/Elei%C3%A7%C3%B5es_estaduais_no_Tocantins_em_2018,1.0,2.0,18/09 a 20/09/2018,Ibope,±3%,3.0,duas_mencoes_agregadas,Gomes (SD),23.0,23%,"Senado Federal | Governo do Estado | Pesquisas | Deputados federais eleitos | Levando em conta que para o senado o eleitor irá votar duas vezes, as pesquisas possuem um universo de 200% | Senado Federal[editar | editar código]",wikipedia,,,,,,gomes sd,Gomes (SD),Eduardo Gomes SD,0.1948359735561931,True,1.0
2018,TO,Eleições estaduais no Tocantins em 2018,https://pt.wikipedia.org/wiki/Elei%C3%A7%C3%B5es_estaduais_no_Tocantins_em_2018,1.0,2.0,18/09 a 20/09/2018,Ibope,±3%,3.0,duas_mencoes_agregadas,Mourão (PT),19.0,19%,"Senado Federal | Governo do Estado | Pesquisas | Deputados federais eleitos | Levando em conta que para o senado o eleitor irá votar duas vezes, as pesquisas possuem um universo de 200% | Senado Federal[editar | editar código]",wikipedia,,,,,,mourao pt,Mourão (PT),Paulo Mourão PT,0.1079890766711932,False,6.0
2018,TO,Eleições estaduais no Tocantins em 2018,https://pt.wikipedia.org/wiki/Elei%C3%A7%C3%B5es_estaduais_no_Tocantins_em_2018,1.0,2.0,18/09 a 20/09/2018,Ibope,±3%,3.0,duas_mencoes_agregadas,Halum (PRB),16.0,16%,"Senado Federal | Governo do Estado | Pesquisas | Deputados federais eleitos | Levando em conta que para o senado o eleitor irá votar duas vezes, as pesquisas possuem um universo de 200% | Senado Federal[editar | editar código]",wikipedia,,,,,,halum prb,Halum (PRB),César Halum PRB,0.1445317066014593,False,3.0
2018,TO,Eleições estaduais no Tocantins em 2018,https://pt.wikipedia.org/wiki/Elei%C3%A7%C3%B5es_estaduais_no_Tocantins_em_2018,1.0,2.0,18/09 a 20/09/2018,Ibope,±3%,3.0,duas_mencoes_agregadas,Ataídes (PSDB),16.0,16%,"Senado Federal | Governo do Estado | Pesquisas | Deputados federais eleitos | Levando em conta que para o senado o eleitor irá votar duas vezes, as pesquisas possuem um universo de 200% | Senado Federal[editar | editar código]",wikipedia,,,,,,ataides psdb,Ataídes (PSDB),Ataídes Oliveira PSDB,0.1333738133510315,False,5.0
2018,TO,Eleições estaduais no Tocantins em 2018,https://pt.wikipedia.org/wiki/Elei%C3%A7%C3%B5es_estaduais_no_Tocantins_em_2018,1.0,2.0,18/09 a 20/09/2018,Ibope,±3%,3.0,duas_mencoes_agregadas,Jorge (PSL),3.0,3%,"Senado Federal | Governo do Estado | Pesquisas | Deputados federais eleitos | Levando em conta que para o senado o eleitor irá votar duas vezes, as pesquisas possuem um universo de 200% | Senado Federal[editar | editar código]",wikipedia,,,,,,jorge psl,Jorge (PSL),Antônio Jorge PSL,0.0518465870088954,False,7.0
2018,TO,Eleições estaduais no Tocantins em 2018,https://pt.wikipedia.org/wiki/Elei%C3%A7%C3%B5es_estaduais_no_Tocantins_em_2018,1.0,2.0,18/09 a 20/09/2018,Ibope,±3%,3.0,duas_mencoes_agregadas,Aires (PSOL),1.0,1%,"Senado Federal | Governo do Estado | Pesquisas | Deputados federais eleitos | Levando em conta que para o senado o eleitor irá votar duas vezes, as pesquisas possuem um universo de 200% | Senado Federal[editar | editar código]",wikipedia,,,,,,aires psol,Aires (PSOL),Melk Aires PSOL,0.0096587205019522,False,9.0
2018,TO,Eleições estaduais no Tocantins em 2018,https://pt.wikipedia.org/wiki/Elei%C3%A7%C3%B5es_estaduais_no_Tocantins_em_2018,1.0,2.0,18/09 a 20/09/2018,Ibope,±3%,3.0,duas_mencoes_agregadas,Farlei (PSL),0.0,0%,"Senado Federal | Governo do Estado | Pesquisas | Deputados federais eleitos | Levando em conta que para o senado o eleitor irá votar duas vezes, as pesquisas possuem um universo de 200% | Senado Federal[editar | editar código]",wikipedia,,,,,,farlei psl,Farlei (PSL),Farlei Meyer PSL,0.051522589968016,False,8.0
2010,BA,Eleições estaduais na Bahia em 2010,https://pt.wikipedia.org/wiki/Elei%C3%A7%C3%B5es_estaduais_na_Bahia_em_2010,1.0,1.0,28 e 29 de setembro de 2010,TV Globo/Folha de São Paulo/Datafolha,,,nao_identificado,Amostragem,1.198,1.198 eleitores,Pesquisa para senador | Pesquisa para governador | Primeiro turno | Pesquisas eleitorais | Pesquisa para senador[editar | editar código],wikipedia,,,,,,amostragem,Amostragem,,,,
2010,GO,Eleições estaduais em Goiás em 2010,https://pt.wikipedia.org/wiki/Elei%C3%A7%C3%B5es_estaduais_em_Goi%C3%A1s_em_2010,1.0,1.0,21–23 de setembro de 2010,Ibope,,,duas_mencoes_agregadas,Demóstenes (DEM),52.0,52%,"Senador | Governador | Pesquisas de opinião | Deputados estaduais eleitos | Como em 2010 os cidadãos puderam votar em dois senadores, alguns institutos de pesquisa, como o IBOPE e o Ecope, trabalham com uma margem de 200%, ao invés dos tradicionais 100%. Assim sendo, soma-se as respostas recebidas por cada candidato na primeira e na segunda vaga. | Senador[editar | editar código]",wikipedia,,,,,,demostenes dem,Demóstenes (DEM),Demóstenes Torres[nota 1] DEM,0.4408920396433017,True,1.0
2010,GO,Eleições estaduais em Goiás em 2010,https://pt.wikipedia.org/wiki/Elei%C3%A7%C3%B5es_estaduais_em_Goi%C3%A1s_em_2010,1.0,1.0,21–23 de setembro de 2010,Ibope,,,duas_mencoes_agregadas,Lúcia (PSDB),39.0,39%,"Senador | Governador | Pesquisas de opinião | Deputados estaduais eleitos | Como em 2010 os cidadãos puderam votar em dois senadores, alguns institutos de pesquisa, como o IBOPE e o Ecope, trabalham com uma margem de 200%, ao invés dos tradicionais 100%. Assim sendo, soma-se as respostas recebidas por cada candidato na primeira e na segunda vaga. | Senador[editar | editar código]",wikipedia,,,,,,lucia psdb,Lúcia (PSDB),Lúcia Vânia PSDB,0.3056407644373572,True,2.0
2010,GO,Eleições estaduais em Goiás em 2010,https://pt.wikipedia.org/wiki/Elei%C3%A7%C3%B5es_estaduais_em_Goi%C3%A1s_em_2010,1.0,1.0,21–23 de setembro de 2010,Ibope,,,duas_mencoes_agregadas,Pedro (PT),18.0,18%,"Senador | Governador | Pesquisas de opinião | Deputados estaduais eleitos | Como em 2010 os cidadãos puderam votar em dois senadores, alguns institutos de pesquisa, como o IBOPE e o Ecope, trabalham com uma margem de 200%, ao invés dos tradicionais 100%. Assim sendo, soma-se as respostas recebidas por cada candidato na primeira e na segunda vaga. | Senador[editar | editar código]",wikipedia,,,,,,pedro pt,Pedro (PT),Pedro Wilson Guimarães PT,0.1794989200369899,False,3.0
2010,GO,Eleições estaduais em Goiás em 2010,https://pt.wikipedia.org/wiki/Elei%C3%A7%C3%B5es_estaduais_em_Goi%C3%A1s_em_2010,1.0,1.0,21–23 de setembro de 2010,Ibope,,,duas_mencoes_agregadas,Paulo Roberto (PP),6.0,6%,"Senador | Governador | Pesquisas de opinião | Deputados estaduais eleitos | Como em 2010 os cidadãos puderam votar em dois senadores, alguns institutos de pesquisa, como o IBOPE e o Ecope, trabalham com uma margem de 200%, ao invés dos tradicionais 100%. Assim sendo, soma-se as respostas recebidas por cada candidato na primeira e na segunda vaga. | Senador[editar | editar código]",wikipedia,,,,,,paulo roberto pp,Paulo Roberto (PP),Paulo Roberto Cunha PP,0.0464904878295847,False,4.0
2010,GO,Eleições estaduais em Goiás em 2010,https://pt.wikipedia.org/wiki/Elei%C3%A7%C3%B5es_estaduais_em_Goi%C3%A1s_em_2010,1.0,1.0,21–23 de setembro de 2010,Ibope,,,duas_mencoes_agregadas,Adib (PMDB),11.0,11%,"Senador | Governador | Pesquisas de opinião | Deputados estaduais eleitos | Como em 2010 os cidadãos puderam votar em dois senadores, alguns institutos de pesquisa, como o IBOPE e o Ecope, trabalham com uma margem de 200%, ao invés dos tradicionais 100%. Assim sendo, soma-se as respostas recebidas por cada candidato na primeira e na segunda vaga. | Senador[editar | editar código]",wikipedia,,,,,,adib pmdb,Adib (PMDB),Adib Elias PMDB,8.169160439043358e-07,False,9.0
2010,GO,Eleições estaduais em Goiás em 2010,https://pt.wikipedia.org/wiki/Elei%C3%A7%C3%B5es_estaduais_em_Goi%C3%A1s_em_2010,1.0,1.0,21–23 de setembro de 2010,Ibope,,,duas_mencoes_agregadas,Renner (PP),7.0,7%,"Senador | Governador | Pesquisas de opinião | Deputados estaduais eleitos | Como em 2010 os cidadãos puderam votar em dois senadores, alguns institutos de pesquisa, como o IBOPE e o Ecope, trabalham com uma margem de 200%, ao invés dos tradicionais 100%. Assim sendo, soma-se as respostas recebidas por cada candidato na primeira e na segunda vaga. | Senador[editar | editar código]",wikipedia,,,,,,renner pp,Renner (PP),Renner Reis[nota 3] PP,0.0156051387286825,False,5.0
2010,GO,Eleições estaduais em Goiás em 2010,https://pt.wikipedia.org/wiki/Elei%C3%A7%C3%B5es_estaduais_em_Goi%C3%A1s_em_2010,1.0,1.0,21–23 de setembro de 2010,Ibope,,,duas_mencoes_agregadas,Elias Vaz (PSOL),3.0,3%,"Senador | Governador | Pesquisas de opinião | Deputados estaduais eleitos | Como em 2010 os cidadãos puderam votar em dois senadores, alguns institutos de pesquisa, como o IBOPE e o Ecope, trabalham com uma margem de 200%, ao invés dos tradicionais 100%. Assim sendo, soma-se as respostas recebidas por cada candidato na primeira e na segunda vaga. | Senador[editar | editar código]",wikipedia,,,,,,elias vaz psol,Elias Vaz (PSOL),Elias Vaz PSOL,0.009230742838097,False,6.0
2010,GO,Eleições estaduais em Goiás em 2010,https://pt.wikipedia.org/wiki/Elei%C3%A7%C3%B5es_estaduais_em_Goi%C3%A1s_em_2010,1.0,1.0,21–23 de setembro de 2010,Ibope,,,duas_mencoes_agregadas,Rubens Donizzeti (PSTU),1.0,1%,"Senador | Governador | Pesquisas de opinião | Deputados estaduais eleitos | Como em 2010 os cidadãos puderam votar em dois senadores, alguns institutos de pesquisa, como o IBOPE e o Ecope, trabalham com uma margem de 200%, ao invés dos tradicionais 100%. Assim sendo, soma-se as respostas recebidas por cada candidato na primeira e na segunda vaga. | Senador[editar | editar código]",wikipedia,,,,,,rubens donizzeti pstu,Rubens Donizzeti (PSTU),Rubens Donizzeti PSTU,0.0015935989726463,False,7.0
2010,GO,Eleições estaduais em Goiás em 2010,https://pt.wikipedia.org/wiki/Elei%C3%A7%C3%B5es_estaduais_em_Goi%C3%A1s_em_2010,1.0,1.0,21–23 de setembro de 2010,Ibope,,,duas_mencoes_agregadas,Bispo (PCB),1.0,1%,"Senador | Governador | Pesquisas de opinião | Deputados estaduais eleitos | Como em 2010 os cidadãos puderam votar em dois senadores, alguns institutos de pesquisa, como o IBOPE e o Ecope, trabalham com uma margem de 200%, ao invés dos tradicionais 100%. Assim sendo, soma-se as respostas recebidas por cada candidato na primeira e na segunda vaga. | Senador[editar | editar código]",wikipedia,,,,,,bispo pcb,Bispo (PCB),Bernardo Bispo PCB,0.0010474905972963,False,8.0
2010,GO,Eleições estaduais em Goiás em 2010,https://pt.wikipedia.org/wiki/Elei%C3%A7%C3%B5es_estaduais_em_Goi%C3%A1s_em_2010,1.0,2.0,7–10 de setembro de 2010,Serpes,,,duas_mencoes_agregadas,Demóstenes (DEM),29.1,"29,1%","Senador | Governador | Pesquisas de opinião | Deputados estaduais eleitos | Como em 2010 os cidadãos puderam votar em dois senadores, alguns institutos de pesquisa, como o IBOPE e o Ecope, trabalham com uma margem de 200%, ao invés dos tradicionais 100%. Assim sendo, soma-se as respostas recebidas por cada candidato na primeira e na segunda vaga. | Senador[editar | editar código]",wikipedia,,,,,,demostenes dem,Demóstenes (DEM),Demóstenes Torres[nota 1] DEM,0.4408920396433017,True,1.0
2010,GO,Eleições estaduais em Goiás em 2010,https://pt.wikipedia.org/wiki/Elei%C3%A7%C3%B5es_estaduais_em_Goi%C3%A1s_em_2010,1.0,2.0,7–10 de setembro de 2010,Serpes,,,duas_mencoes_agregadas,Lúcia (PSDB),22.0,22%,"Senador | Governador | Pesquisas de opinião | Deputados estaduais eleitos | Como em 2010 os cidadãos puderam votar em dois senadores, alguns institutos de pesquisa, como o IBOPE e o Ecope, trabalham com uma margem de 200%, ao invés dos tradicionais 100%. Assim sendo, soma-se as respostas recebidas por cada candidato na primeira e na segunda vaga. | Senador[editar | editar código]",wikipedia,,,,,,lucia psdb,Lúcia (PSDB),Lúcia Vânia PSDB,0.3056407644373572,True,2.0
2010,GO,Eleições estaduais em Goiás em 2010,https://pt.wikipedia.org/wiki/Elei%C3%A7%C3%B5es_estaduais_em_Goi%C3%A1s_em_2010,1.0,2.0,7–10 de setembro de 2010,Serpes,,,duas_mencoes_agregadas,Pedro (PT),9.6,"9,6%","Senador | Governador | Pesquisas de opinião | Deputados estaduais eleitos | Como em 2010 os cidadãos puderam votar em dois senadores, alguns institutos de pesquisa, como o IBOPE e o Ecope, trabalham com uma margem de 200%, ao invés dos tradicionais 100%. Assim sendo, soma-se as respostas recebidas por cada candidato na primeira e na segunda vaga. | Senador[editar | editar código]",wikipedia,,,,,,pedro pt,Pedro (PT),Pedro Wilson Guimarães PT,0.1794989200369899,False,3.0
2010,GO,Eleições estaduais em Goiás em 2010,https://pt.wikipedia.org/wiki/Elei%C3%A7%C3%B5es_estaduais_em_Goi%C3%A1s_em_2010,1.0,2.0,7–10 de setembro de 2010,Serpes,,,duas_mencoes_agregadas,Paulo Roberto (PP),4.6,"4,6%","Senador | Governador | Pesquisas de opinião | Deputados estaduais eleitos | Como em 2010 os cidadãos puderam votar em dois senadores, alguns institutos de pesquisa, como o IBOPE e o Ecope, trabalham com uma margem de 200%, ao invés dos tradicionais 100%. Assim sendo, soma-se as respostas recebidas por cada candidato na primeira e na segunda vaga. | Senador[editar | editar código]",wikipedia,,,,,,paulo roberto pp,Paulo Roberto (PP),Paulo Roberto Cunha PP,0.0464904878295847,False,4.0
2010,GO,Eleições estaduais em Goiás em 2010,https://pt.wikipedia.org/wiki/Elei%C3%A7%C3%B5es_estaduais_em_Goi%C3%A1s_em_2010,1.0,2.0,7–10 de setembro de 2010,Serpes,,,duas_mencoes_agregadas,Adib (PMDB),3.3,"3,3%","Senador | Governador | Pesquisas de opinião | Deputados estaduais eleitos | Como em 2010 os cidadãos puderam votar em dois senadores, alguns institutos de pesquisa, como o IBOPE e o Ecope, trabalham com uma margem de 200%, ao invés dos tradicionais 100%. Assim sendo, soma-se as respostas recebidas por cada candidato na primeira e na segunda vaga. | Senador[editar | editar código]",wikipedia,,,,,,adib pmdb,Adib (PMDB),Adib Elias PMDB,8.169160439043358e-07,False,9.0
2010,GO,Eleições estaduais em Goiás em 2010,https://pt.wikipedia.org/wiki/Elei%C3%A7%C3%B5es_estaduais_em_Goi%C3%A1s_em_2010,1.0,2.0,7–10 de setembro de 2010,Serpes,,,duas_mencoes_agregadas,Renner (PP),3.8,"3,8%","Senador | Governador | Pesquisas de opinião | Deputados estaduais eleitos | Como em 2010 os cidadãos puderam votar em dois senadores, alguns institutos de pesquisa, como o IBOPE e o Ecope, trabalham com uma margem de 200%, ao invés dos tradicionais 100%. Assim sendo, soma-se as respostas recebidas por cada candidato na primeira e na segunda vaga. | Senador[editar | editar código]",wikipedia,,,,,,renner pp,Renner (PP),Renner Reis[nota 3] PP,0.0156051387286825,False,5.0
2010,GO,Eleições estaduais em Goiás em 2010,https://pt.wikipedia.org/wiki/Elei%C3%A7%C3%B5es_estaduais_em_Goi%C3%A1s_em_2010,1.0,2.0,7–10 de setembro de 2010,Serpes,,,duas_mencoes_agregadas,Elias Vaz (PSOL),1.5,"1,5%","Senador | Governador | Pesquisas de opinião | Deputados estaduais eleitos | Como em 2010 os cidadãos puderam votar em dois senadores, alguns institutos de pesquisa, como o IBOPE e o Ecope, trabalham com uma margem de 200%, ao invés dos tradicionais 100%. Assim sendo, soma-se as respostas recebidas por cada candidato na primeira e na segunda vaga. | Senador[editar | editar código]",wikipedia,,,,,,elias vaz psol,Elias Vaz (PSOL),Elias Vaz PSOL,0.009230742838097,False,6.0
2010,GO,Eleições estaduais em Goiás em 2010,https://pt.wikipedia.org/wiki/Elei%C3%A7%C3%B5es_estaduais_em_Goi%C3%A1s_em_2010,1.0,2.0,7–10 de setembro de 2010,Serpes,,,duas_mencoes_agregadas,Rubens Donizzeti (PSTU),0.6,"0,6%","Senador | Governador | Pesquisas de opinião | Deputados estaduais eleitos | Como em 2010 os cidadãos puderam votar em dois senadores, alguns institutos de pesquisa, como o IBOPE e o Ecope, trabalham com uma margem de 200%, ao invés dos tradicionais 100%. Assim sendo, soma-se as respostas recebidas por cada candidato na primeira e na segunda vaga. | Senador[editar | editar código]",wikipedia,,,,,,rubens donizzeti pstu,Rubens Donizzeti (PSTU),Rubens Donizzeti PSTU,0.0015935989726463,False,7.0
2010,GO,Eleições estaduais em Goiás em 2010,https://pt.wikipedia.org/wiki/Elei%C3%A7%C3%B5es_estaduais_em_Goi%C3%A1s_em_2010,1.0,2.0,7–10 de setembro de 2010,Serpes,,,duas_mencoes_agregadas,Bispo (PCB),0.6,"0,6%","Senador | Governador | Pesquisas de opinião | Deputados estaduais eleitos | Como em 2010 os cidadãos puderam votar em dois senadores, alguns institutos de pesquisa, como o IBOPE e o Ecope, trabalham com uma margem de 200%, ao invés dos tradicionais 100%. Assim sendo, soma-se as respostas recebidas por cada candidato na primeira e na segunda vaga. | Senador[editar | editar código]",wikipedia,,,,,,bispo pcb,Bispo (PCB),Bernardo Bispo PCB,0.0010474905972963,False,8.0
2010,GO,Eleições estaduais em Goiás em 2010,https://pt.wikipedia.org/wiki/Elei%C3%A7%C3%B5es_estaduais_em_Goi%C3%A1s_em_2010,1.0,3.0,7–9 de setembro de 2010,Ibope,,,duas_mencoes_agregadas,Demóstenes (DEM),49.0,49%,"Senador | Governador | Pesquisas de opinião | Deputados estaduais eleitos | Como em 2010 os cidadãos puderam votar em dois senadores, alguns institutos de pesquisa, como o IBOPE e o Ecope, trabalham com uma margem de 200%, ao invés dos tradicionais 100%. Assim sendo, soma-se as respostas recebidas por cada candidato na primeira e na segunda vaga. | Senador[editar | editar código]",wikipedia,,,,,,demostenes dem,Demóstenes (DEM),Demóstenes Torres[nota 1] DEM,0.4408920396433017,True,1.0
2010,GO,Eleições estaduais em Goiás em 2010,https://pt.wikipedia.org/wiki/Elei%C3%A7%C3%B5es_estaduais_em_Goi%C3%A1s_em_2010,1.0,3.0,7–9 de setembro de 2010,Ibope,,,duas_mencoes_agregadas,Lúcia (PSDB),39.0,39%,"Senador | Governador | Pesquisas de opinião | Deputados estaduais eleitos | Como em 2010 os cidadãos puderam votar em dois senadores, alguns institutos de pesquisa, como o IBOPE e o Ecope, trabalham com uma margem de 200%, ao invés dos tradicionais 100%. Assim sendo, soma-se as respostas recebidas por cada candidato na primeira e na segunda vaga. | Senador[editar | editar código]",wikipedia,,,,,,lucia psdb,Lúcia (PSDB),Lúcia Vânia PSDB,0.3056407644373572,True,2.0
2010,GO,Eleições estaduais em Goiás em 2010,https://pt.wikipedia.org/wiki/Elei%C3%A7%C3%B5es_estaduais_em_Goi%C3%A1s_em_2010,1.0,3.0,7–9 de setembro de 2010,Ibope,,,duas_mencoes_agregadas,Pedro (PT),15.0,15%,"Senador | Governador | Pesquisas de opinião | Deputados estaduais eleitos | Como em 2010 os cidadãos puderam votar em dois senadores, alguns institutos de pesquisa, como o IBOPE e o Ecope, trabalham com uma margem de 200%, ao invés dos tradicionais 100%. Assim sendo, soma-se as respostas recebidas por cada candidato na primeira e na segunda vaga. | Senador[editar | editar código]",wikipedia,,,,,,pedro pt,Pedro (PT),Pedro Wilson Guimarães PT,0.1794989200369899,False,3.0
2010,GO,Eleições estaduais em Goiás em 2010,https://pt.wikipedia.org/wiki/Elei%C3%A7%C3%B5es_estaduais_em_Goi%C3%A1s_em_2010,1.0,3.0,7–9 de setembro de 2010,Ibope,,,duas_mencoes_agregadas,Paulo Roberto (PP),7.0,7%,"Senador | Governador | Pesquisas de opinião | Deputados estaduais eleitos | Como em 2010 os cidadãos puderam votar em dois senadores, alguns institutos de pesquisa, como o IBOPE e o Ecope, trabalham com uma margem de 200%, ao invés dos tradicionais 100%. Assim sendo, soma-se as respostas recebidas por cada candidato na primeira e na segunda vaga. | Senador[editar | editar código]",wikipedia,,,,,,paulo roberto pp,Paulo Roberto (PP),Paulo Roberto Cunha PP,0.0464904878295847,False,4.0
2010,GO,Eleições estaduais em Goiás em 2010,https://pt.wikipedia.org/wiki/Elei%C3%A7%C3%B5es_estaduais_em_Goi%C3%A1s_em_2010,1.0,3.0,7–9 de setembro de 2010,Ibope,,,duas_mencoes_agregadas,Adib (PMDB),7.0,7%,"Senador | Governador | Pesquisas de opinião | Deputados estaduais eleitos | Como em 2010 os cidadãos puderam votar em dois senadores, alguns institutos de pesquisa, como o IBOPE e o Ecope, trabalham com uma margem de 200%, ao invés dos tradicionais 100%. Assim sendo, soma-se as respostas recebidas por cada candidato na primeira e na segunda vaga. | Senador[editar | editar código]",wikipedia,,,,,,adib pmdb,Adib (PMDB),Adib Elias PMDB,8.169160439043358e-07,False,9.0
2010,GO,Eleições estaduais em Goiás em 2010,https://pt.wikipedia.org/wiki/Elei%C3%A7%C3%B5es_estaduais_em_Goi%C3%A1s_em_2010,1.0,3.0,7–9 de setembro de 2010,Ibope,,,duas_mencoes_agregadas,Renner (PP),6.0,6%,"Senador | Governador | Pesquisas de opinião | Deputados estaduais eleitos | Como em 2010 os cidadãos puderam votar em dois senadores, alguns institutos de pesquisa, como o IBOPE e o Ecope, trabalham com uma margem de 200%, ao invés dos tradicionais 100%. Assim sendo, soma-se as respostas recebidas por cada candidato na primeira e na segunda vaga. | Senador[editar | editar código]",wikipedia,,,,,,renner pp,Renner (PP),Renner Reis[nota 3] PP,0.0156051387286825,False,5.0
2010,GO,Eleições estaduais em Goiás em 2010,https://pt.wikipedia.org/wiki/Elei%C3%A7%C3%B5es_estaduais_em_Goi%C3%A1s_em_2010,1.0,3.0,7–9 de setembro de 2010,Ibope,,,duas_mencoes_agregadas,Elias Vaz (PSOL),3.0,3%,"Senador | Governador | Pesquisas de opinião | Deputados estaduais eleitos | Como em 2010 os cidadãos puderam votar em dois senadores, alguns institutos de pesquisa, como o IBOPE e o Ecope, trabalham com uma margem de 200%, ao invés dos tradicionais 100%. Assim sendo, soma-se as respostas recebidas por cada candidato na primeira e na segunda vaga. | Senador[editar | editar código]",wikipedia,,,,,,elias vaz psol,Elias Vaz (PSOL),Elias Vaz PSOL,0.009230742838097,False,6.0
2010,GO,Eleições estaduais em Goiás em 2010,https://pt.wikipedia.org/wiki/Elei%C3%A7%C3%B5es_estaduais_em_Goi%C3%A1s_em_2010,1.0,3.0,7–9 de setembro de 2010,Ibope,,,duas_mencoes_agregadas,Rubens Donizzeti (PSTU),2.0,2%,"Senador | Governador | Pesquisas de opinião | Deputados estaduais eleitos | Como em 2010 os cidadãos puderam votar em dois senadores, alguns institutos de pesquisa, como o IBOPE e o Ecope, trabalham com uma margem de 200%, ao invés dos tradicionais 100%. Assim sendo, soma-se as respostas recebidas por cada candidato na primeira e na segunda vaga. | Senador[editar | editar código]",wikipedia,,,,,,rubens donizzeti pstu,Rubens Donizzeti (PSTU),Rubens Donizzeti PSTU,0.0015935989726463,False,7.0
2010,GO,Eleições estaduais em Goiás em 2010,https://pt.wikipedia.org/wiki/Elei%C3%A7%C3%B5es_estaduais_em_Goi%C3%A1s_em_2010,1.0,3.0,7–9 de setembro de 2010,Ibope,,,duas_mencoes_agregadas,Bispo (PCB),1.0,1%,"Senador | Governador | Pesquisas de opinião | Deputados estaduais eleitos | Como em 2010 os cidadãos puderam votar em dois senadores, alguns institutos de pesquisa, como o IBOPE e o Ecope, trabalham com uma margem de 200%, ao invés dos tradicionais 100%. Assim sendo, soma-se as respostas recebidas por cada candidato na primeira e na segunda vaga. | Senador[editar | editar código]",wikipedia,,,,,,bispo pcb,Bispo (PCB),Bernardo Bispo PCB,0.0010474905972963,False,8.0
2010,GO,Eleições estaduais em Goiás em 2010,https://pt.wikipedia.org/wiki/Elei%C3%A7%C3%B5es_estaduais_em_Goi%C3%A1s_em_2010,1.0,4.0,23–27 de agosto de 2010,Serpes,,,duas_mencoes_agregadas,Demóstenes (DEM),30.0,30%,"Senador | Governador | Pesquisas de opinião | Deputados estaduais eleitos | Como em 2010 os cidadãos puderam votar em dois senadores, alguns institutos de pesquisa, como o IBOPE e o Ecope, trabalham com uma margem de 200%, ao invés dos tradicionais 100%. Assim sendo, soma-se as respostas recebidas por cada candidato na primeira e na segunda vaga. | Senador[editar | editar código]",wikipedia,,,,,,demostenes dem,Demóstenes (DEM),Demóstenes Torres[nota 1] DEM,0.4408920396433017,True,1.0
2010,GO,Eleições estaduais em Goiás em 2010,https://pt.wikipedia.org/wiki/Elei%C3%A7%C3%B5es_estaduais_em_Goi%C3%A1s_em_2010,1.0,4.0,23–27 de agosto de 2010,Serpes,,,duas_mencoes_agregadas,Lúcia (PSDB),22.9,"22,9%","Senador | Governador | Pesquisas de opinião | Deputados estaduais eleitos | Como em 2010 os cidadãos puderam votar em dois senadores, alguns institutos de pesquisa, como o IBOPE e o Ecope, trabalham com uma margem de 200%, ao invés dos tradicionais 100%. Assim sendo, soma-se as respostas recebidas por cada candidato na primeira e na segunda vaga. | Senador[editar | editar código]",wikipedia,,,,,,lucia psdb,Lúcia (PSDB),Lúcia Vânia PSDB,0.3056407644373572,True,2.0
2010,GO,Eleições estaduais em Goiás em 2010,https://pt.wikipedia.org/wiki/Elei%C3%A7%C3%B5es_estaduais_em_Goi%C3%A1s_em_2010,1.0,4.0,23–27 de agosto de 2010,Serpes,,,duas_mencoes_agregadas,Pedro (PT),8.8,"8,8%","Senador | Governador | Pesquisas de opinião | Deputados estaduais eleitos | Como em 2010 os cidadãos puderam votar em dois senadores, alguns institutos de pesquisa, como o IBOPE e o Ecope, trabalham com uma margem de 200%, ao invés dos tradicionais 100%. Assim sendo, soma-se as respostas recebidas por cada candidato na primeira e na segunda vaga. | Senador[editar | editar código]",wikipedia,,,,,,pedro pt,Pedro (PT),Pedro Wilson Guimarães PT,0.1794989200369899,False,3.0
2010,GO,Eleições estaduais em Goiás em 2010,https://pt.wikipedia.org/wiki/Elei%C3%A7%C3%B5es_estaduais_em_Goi%C3%A1s_em_2010,1.0,4.0,23–27 de agosto de 2010,Serpes,,,duas_mencoes_agregadas,Paulo Roberto (PP),3.9,"3,9%","Senador | Governador | Pesquisas de opinião | Deputados estaduais eleitos | Como em 2010 os cidadãos puderam votar em dois senadores, alguns institutos de pesquisa, como o IBOPE e o Ecope, trabalham com uma margem de 200%, ao invés dos tradicionais 100%. Assim sendo, soma-se as respostas recebidas por cada candidato na primeira e na segunda vaga. | Senador[editar | editar código]",wikipedia,,,,,,paulo roberto pp,Paulo Roberto (PP),Paulo Roberto Cunha PP,0.0464904878295847,False,4.0
2010,GO,Eleições estaduais em Goiás em 2010,https://pt.wikipedia.org/wiki/Elei%C3%A7%C3%B5es_estaduais_em_Goi%C3%A1s_em_2010,1.0,4.0,23–27 de agosto de 2010,Serpes,,,duas_mencoes_agregadas,Adib (PMDB),3.5,"3,5%","Senador | Governador | Pesquisas de opinião | Deputados estaduais eleitos | Como em 2010 os cidadãos puderam votar em dois senadores, alguns institutos de pesquisa, como o IBOPE e o Ecope, trabalham com uma margem de 200%, ao invés dos tradicionais 100%. Assim sendo, soma-se as respostas recebidas por cada candidato na primeira e na segunda vaga. | Senador[editar | editar código]",wikipedia,,,,,,adib pmdb,Adib (PMDB),Adib Elias PMDB,8.169160439043358e-07,False,9.0
2010,GO,Eleições estaduais em Goiás em 2010,https://pt.wikipedia.org/wiki/Elei%C3%A7%C3%B5es_estaduais_em_Goi%C3%A1s_em_2010,1.0,4.0,23–27 de agosto de 2010,Serpes,,,duas_mencoes_agregadas,Renner (PP),4.3,"4,3%","Senador | Governador | Pesquisas de opinião | Deputados estaduais eleitos | Como em 2010 os cidadãos puderam votar em dois senadores, alguns institutos de pesquisa, como o IBOPE e o Ecope, trabalham com uma margem de 200%, ao invés dos tradicionais 100%. Assim sendo, soma-se as respostas recebidas por cada candidato na primeira e na segunda vaga. | Senador[editar | editar código]",wikipedia,,,,,,renner pp,Renner (PP),Renner Reis[nota 3] PP,0.0156051387286825,False,5.0
2010,GO,Eleições estaduais em Goiás em 2010,https://pt.wikipedia.org/wiki/Elei%C3%A7%C3%B5es_estaduais_em_Goi%C3%A1s_em_2010,1.0,4.0,23–27 de agosto de 2010,Serpes,,,duas_mencoes_agregadas,Elias Vaz (PSOL),1.2,"1,2%","Senador | Governador | Pesquisas de opinião | Deputados estaduais eleitos | Como em 2010 os cidadãos puderam votar em dois senadores, alguns institutos de pesquisa, como o IBOPE e o Ecope, trabalham com uma margem de 200%, ao invés dos tradicionais 100%. Assim sendo, soma-se as respostas recebidas por cada candidato na primeira e na segunda vaga. | Senador[editar | editar código]",wikipedia,,,,,,elias vaz psol,Elias Vaz (PSOL),Elias Vaz PSOL,0.009230742838097,False,6.0
2010,GO,Eleições estaduais em Goiás em 2010,https://pt.wikipedia.org/wiki/Elei%C3%A7%C3%B5es_estaduais_em_Goi%C3%A1s_em_2010,1.0,4.0,23–27 de agosto de 2010,Serpes,,,duas_mencoes_agregadas,Rubens Donizzeti (PSTU),0.8,"0,8%","Senador | Governador | Pesquisas de opinião | Deputados estaduais eleitos | Como em 2010 os cidadãos puderam votar em dois senadores, alguns institutos de pesquisa, como o IBOPE e o Ecope, trabalham com uma margem de 200%, ao invés dos tradicionais 100%. Assim sendo, soma-se as respostas recebidas por cada candidato na primeira e na segunda vaga. | Senador[editar | editar código]",wikipedia,,,,,,rubens donizzeti pstu,Rubens Donizzeti (PSTU),Rubens Donizzeti PSTU,0.0015935989726463,False,7.0
2010,GO,Eleições estaduais em Goiás em 2010,https://pt.wikipedia.org/wiki/Elei%C3%A7%C3%B5es_estaduais_em_Goi%C3%A1s_em_2010,1.0,5.0,8–26 de agosto de 2010,Ecope,,,duas_mencoes_agregadas,Demóstenes (DEM),53.5,"53,5%","Senador | Governador | Pesquisas de opinião | Deputados estaduais eleitos | Como em 2010 os cidadãos puderam votar em dois senadores, alguns institutos de pesquisa, como o IBOPE e o Ecope, trabalham com uma margem de 200%, ao invés dos tradicionais 100%. Assim sendo, soma-se as respostas recebidas por cada candidato na primeira e na segunda vaga. | Senador[editar | editar código]",wikipedia,,,,,,demostenes dem,Demóstenes (DEM),Demóstenes Torres[nota 1] DEM,0.4408920396433017,True,1.0
2010,GO,Eleições estaduais em Goiás em 2010,https://pt.wikipedia.org/wiki/Elei%C3%A7%C3%B5es_estaduais_em_Goi%C3%A1s_em_2010,1.0,5.0,8–26 de agosto de 2010,Ecope,,,duas_mencoes_agregadas,Lúcia (PSDB),42.4,"42,4%","Senador | Governador | Pesquisas de opinião | Deputados estaduais eleitos | Como em 2010 os cidadãos puderam votar em dois senadores, alguns institutos de pesquisa, como o IBOPE e o Ecope, trabalham com uma margem de 200%, ao invés dos tradicionais 100%. Assim sendo, soma-se as respostas recebidas por cada candidato na primeira e na segunda vaga. | Senador[editar | editar código]",wikipedia,,,,,,lucia psdb,Lúcia (PSDB),Lúcia Vânia PSDB,0.3056407644373572,True,2.0
2010,GO,Eleições estaduais em Goiás em 2010,https://pt.wikipedia.org/wiki/Elei%C3%A7%C3%B5es_estaduais_em_Goi%C3%A1s_em_2010,1.0,5.0,8–26 de agosto de 2010,Ecope,,,duas_mencoes_agregadas,Pedro (PT),19.2,"19,2%","Senador | Governador | Pesquisas de opinião | Deputados estaduais eleitos | Como em 2010 os cidadãos puderam votar em dois senadores, alguns institutos de pesquisa, como o IBOPE e o Ecope, trabalham com uma margem de 200%, ao invés dos tradicionais 100%. Assim sendo, soma-se as respostas recebidas por cada candidato na primeira e na segunda vaga. | Senador[editar | editar código]",wikipedia,,,,,,pedro pt,Pedro (PT),Pedro Wilson Guimarães PT,0.1794989200369899,False,3.0
2010,GO,Eleições estaduais em Goiás em 2010,https://pt.wikipedia.org/wiki/Elei%C3%A7%C3%B5es_estaduais_em_Goi%C3%A1s_em_2010,1.0,5.0,8–26 de agosto de 2010,Ecope,,,duas_mencoes_agregadas,Paulo Roberto (PP),9.5,"9,5%","Senador | Governador | Pesquisas de opinião | Deputados estaduais eleitos | Como em 2010 os cidadãos puderam votar em dois senadores, alguns institutos de pesquisa, como o IBOPE e o Ecope, trabalham com uma margem de 200%, ao invés dos tradicionais 100%. Assim sendo, soma-se as respostas recebidas por cada candidato na primeira e na segunda vaga. | Senador[editar | editar código]",wikipedia,,,,,,paulo roberto pp,Paulo Roberto (PP),Paulo Roberto Cunha PP,0.0464904878295847,False,4.0
2010,GO,Eleições estaduais em Goiás em 2010,https://pt.wikipedia.org/wiki/Elei%C3%A7%C3%B5es_estaduais_em_Goi%C3%A1s_em_2010,1.0,5.0,8–26 de agosto de 2010,Ecope,,,duas_mencoes_agregadas,Adib (PMDB),4.3,"4,3%","Senador | Governador | Pesquisas de opinião | Deputados estaduais eleitos | Como em 2010 os cidadãos puderam votar em dois senadores, alguns institutos de pesquisa, como o IBOPE e o Ecope, trabalham com uma margem de 200%, ao invés dos tradicionais 100%. Assim sendo, soma-se as respostas recebidas por cada candidato na primeira e na segunda vaga. | Senador[editar | editar código]",wikipedia,,,,,,adib pmdb,Adib (PMDB),Adib Elias PMDB,8.169160439043358e-07,False,9.0
2010,GO,Eleições estaduais em Goiás em 2010,https://pt.wikipedia.org/wiki/Elei%C3%A7%C3%B5es_estaduais_em_Goi%C3%A1s_em_2010,1.0,5.0,8–26 de agosto de 2010,Ecope,,,duas_mencoes_agregadas,Renner (PP),5.1,"5,1%","Senador | Governador | Pesquisas de opinião | Deputados estaduais eleitos | Como em 2010 os cidadãos puderam votar em dois senadores, alguns institutos de pesquisa, como o IBOPE e o Ecope, trabalham com uma margem de 200%, ao invés dos tradicionais 100%. Assim sendo, soma-se as respostas recebidas por cada candidato na primeira e na segunda vaga. | Senador[editar | editar código]",wikipedia,,,,,,renner pp,Renner (PP),Renner Reis[nota 3] PP,0.0156051387286825,False,5.0
2010,GO,Eleições estaduais em Goiás em 2010,https://pt.wikipedia.org/wiki/Elei%C3%A7%C3%B5es_estaduais_em_Goi%C3%A1s_em_2010,1.0,5.0,8–26 de agosto de 2010,Ecope,,,duas_mencoes_agregadas,Elias Vaz (PSOL),5.4,"5,4%","Senador | Governador | Pesquisas de opinião | Deputados estaduais eleitos | Como em 2010 os cidadãos puderam votar em dois senadores, alguns institutos de pesquisa, como o IBOPE e o Ecope, trabalham com uma margem de 200%, ao invés dos tradicionais 100%. Assim sendo, soma-se as respostas recebidas por cada candidato na primeira e na segunda vaga. | Senador[editar | editar código]",wikipedia,,,,,,elias vaz psol,Elias Vaz (PSOL),Elias Vaz PSOL,0.009230742838097,False,6.0
2010,GO,Eleições estaduais em Goiás em 2010,https://pt.wikipedia.org/wiki/Elei%C3%A7%C3%B5es_estaduais_em_Goi%C3%A1s_em_2010,1.0,5.0,8–26 de agosto de 2010,Ecope,,,duas_mencoes_agregadas,Rubens Donizzeti (PSTU),2.7,"2,7%","Senador | Governador | Pesquisas de opinião | Deputados estaduais eleitos | Como em 2010 os cidadãos puderam votar em dois senadores, alguns institutos de pesquisa, como o IBOPE e o Ecope, trabalham com uma margem de 200%, ao invés dos tradicionais 100%. Assim sendo, soma-se as respostas recebidas por cada candidato na primeira e na segunda vaga. | Senador[editar | editar código]",wikipedia,,,,,,rubens donizzeti pstu,Rubens Donizzeti (PSTU),Rubens Donizzeti PSTU,0.0015935989726463,False,7.0
2010,GO,Eleições estaduais em Goiás em 2010,https://pt.wikipedia.org/wiki/Elei%C3%A7%C3%B5es_estaduais_em_Goi%C3%A1s_em_2010,1.0,5.0,8–26 de agosto de 2010,Ecope,,,duas_mencoes_agregadas,Bispo (PCB),1.8,"1,8%","Senador | Governador | Pesquisas de opinião | Deputados estaduais eleitos | Como em 2010 os cidadãos puderam votar em dois senadores, alguns institutos de pesquisa, como o IBOPE e o Ecope, trabalham com uma margem de 200%, ao invés dos tradicionais 100%. Assim sendo, soma-se as respostas recebidas por cada candidato na primeira e na segunda vaga. | Senador[editar | editar código]",wikipedia,,,,,,bispo pcb,Bispo (PCB),Bernardo Bispo PCB,0.0010474905972963,False,8.0
2010,GO,Eleições estaduais em Goiás em 2010,https://pt.wikipedia.org/wiki/Elei%C3%A7%C3%B5es_estaduais_em_Goi%C3%A1s_em_2010,1.0,6.0,10–12 de agosto de 2010,Ibope,,,duas_mencoes_agregadas,Demóstenes (DEM),43.0,43%,"Senador | Governador | Pesquisas de opinião | Deputados estaduais eleitos | Como em 2010 os cidadãos puderam votar em dois senadores, alguns institutos de pesquisa, como o IBOPE e o Ecope, trabalham com uma margem de 200%, ao invés dos tradicionais 100%. Assim sendo, soma-se as respostas recebidas por cada candidato na primeira e na segunda vaga. | Senador[editar | editar código]",wikipedia,,,,,,demostenes dem,Demóstenes (DEM),Demóstenes Torres[nota 1] DEM,0.4408920396433017,True,1.0
2010,GO,Eleições estaduais em Goiás em 2010,https://pt.wikipedia.org/wiki/Elei%C3%A7%C3%B5es_estaduais_em_Goi%C3%A1s_em_2010,1.0,6.0,10–12 de agosto de 2010,Ibope,,,duas_mencoes_agregadas,Lúcia (PSDB),36.0,36%,"Senador | Governador | Pesquisas de opinião | Deputados estaduais eleitos | Como em 2010 os cidadãos puderam votar em dois senadores, alguns institutos de pesquisa, como o IBOPE e o Ecope, trabalham com uma margem de 200%, ao invés dos tradicionais 100%. Assim sendo, soma-se as respostas recebidas por cada candidato na primeira e na segunda vaga. | Senador[editar | editar código]",wikipedia,,,,,,lucia psdb,Lúcia (PSDB),Lúcia Vânia PSDB,0.3056407644373572,True,2.0
2010,GO,Eleições estaduais em Goiás em 2010,https://pt.wikipedia.org/wiki/Elei%C3%A7%C3%B5es_estaduais_em_Goi%C3%A1s_em_2010,1.0,6.0,10–12 de agosto de 2010,Ibope,,,duas_mencoes_agregadas,Pedro (PT),16.0,16%,"Senador | Governador | Pesquisas de opinião | Deputados estaduais eleitos | Como em 2010 os cidadãos puderam votar em dois senadores, alguns institutos de pesquisa, como o IBOPE e o Ecope, trabalham com uma margem de 200%, ao invés dos tradicionais 100%. Assim sendo, soma-se as respostas recebidas por cada candidato na primeira e na segunda vaga. | Senador[editar | editar código]",wikipedia,,,,,,pedro pt,Pedro (PT),Pedro Wilson Guimarães PT,0.1794989200369899,False,3.0
2010,GO,Eleições estaduais em Goiás em 2010,https://pt.wikipedia.org/wiki/Elei%C3%A7%C3%B5es_estaduais_em_Goi%C3%A1s_em_2010,1.0,6.0,10–12 de agosto de 2010,Ibope,,,duas_mencoes_agregadas,Paulo Roberto (PP),7.0,7%,"Senador | Governador | Pesquisas de opinião | Deputados estaduais eleitos | Como em 2010 os cidadãos puderam votar em dois senadores, alguns institutos de pesquisa, como o IBOPE e o Ecope, trabalham com uma margem de 200%, ao invés dos tradicionais 100%. Assim sendo, soma-se as respostas recebidas por cada candidato na primeira e na segunda vaga. | Senador[editar | editar código]",wikipedia,,,,,,paulo roberto pp,Paulo Roberto (PP),Paulo Roberto Cunha PP,0.0464904878295847,False,4.0
2010,GO,Eleições estaduais em Goiás em 2010,https://pt.wikipedia.org/wiki/Elei%C3%A7%C3%B5es_estaduais_em_Goi%C3%A1s_em_2010,1.0,6.0,10–12 de agosto de 2010,Ibope,,,duas_mencoes_agregadas,Adib (PMDB),6.0,6%,"Senador | Governador | Pesquisas de opinião | Deputados estaduais eleitos | Como em 2010 os cidadãos puderam votar em dois senadores, alguns institutos de pesquisa, como o IBOPE e o Ecope, trabalham com uma margem de 200%, ao invés dos tradicionais 100%. Assim sendo, soma-se as respostas recebidas por cada candidato na primeira e na segunda vaga. | Senador[editar | editar código]",wikipedia,,,,,,adib pmdb,Adib (PMDB),Adib Elias PMDB,8.169160439043358e-07,False,9.0
2010,GO,Eleições estaduais em Goiás em 2010,https://pt.wikipedia.org/wiki/Elei%C3%A7%C3%B5es_estaduais_em_Goi%C3%A1s_em_2010,1.0,6.0,10–12 de agosto de 2010,Ibope,,,duas_mencoes_agregadas,Renner (PP),3.0,3%,"Senador | Governador | Pesquisas de opinião | Deputados estaduais eleitos | Como em 2010 os cidadãos puderam votar em dois senadores, alguns institutos de pesquisa, como o IBOPE e o Ecope, trabalham com uma margem de 200%, ao invés dos tradicionais 100%. Assim sendo, soma-se as respostas recebidas por cada candidato na primeira e na segunda vaga. | Senador[editar | editar código]",wikipedia,,,,,,renner pp,Renner (PP),Renner Reis[nota 3] PP,0.0156051387286825,False,5.0
2010,GO,Eleições estaduais em Goiás em 2010,https://pt.wikipedia.org/wiki/Elei%C3%A7%C3%B5es_estaduais_em_Goi%C3%A1s_em_2010,1.0,6.0,10–12 de agosto de 2010,Ibope,,,duas_mencoes_agregadas,Elias Vaz (PSOL),5.0,5%,"Senador | Governador | Pesquisas de opinião | Deputados estaduais eleitos | Como em 2010 os cidadãos puderam votar em dois senadores, alguns institutos de pesquisa, como o IBOPE e o Ecope, trabalham com uma margem de 200%, ao invés dos tradicionais 100%. Assim sendo, soma-se as respostas recebidas por cada candidato na primeira e na segunda vaga. | Senador[editar | editar código]",wikipedia,,,,,,elias vaz psol,Elias Vaz (PSOL),Elias Vaz PSOL,0.009230742838097,False,6.0
2010,GO,Eleições estaduais em Goiás em 2010,https://pt.wikipedia.org/wiki/Elei%C3%A7%C3%B5es_estaduais_em_Goi%C3%A1s_em_2010,1.0,6.0,10–12 de agosto de 2010,Ibope,,,duas_mencoes_agregadas,Rubens Donizzeti (PSTU),2.0,2%,"Senador | Governador | Pesquisas de opinião | Deputados estaduais eleitos | Como em 2010 os cidadãos puderam votar em dois senadores, alguns institutos de pesquisa, como o IBOPE e o Ecope, trabalham com uma margem de 200%, ao invés dos tradicionais 100%. Assim sendo, soma-se as respostas recebidas por cada candidato na primeira e na segunda vaga. | Senador[editar | editar código]",wikipedia,,,,,,rubens donizzeti pstu,Rubens Donizzeti (PSTU),Rubens Donizzeti PSTU,0.0015935989726463,False,7.0
2010,GO,Eleições estaduais em Goiás em 2010,https://pt.wikipedia.org/wiki/Elei%C3%A7%C3%B5es_estaduais_em_Goi%C3%A1s_em_2010,1.0,6.0,10–12 de agosto de 2010,Ibope,,,duas_mencoes_agregadas,Bispo (PCB),1.0,1%,"Senador | Governador | Pesquisas de opinião | Deputados estaduais eleitos | Como em 2010 os cidadãos puderam votar em dois senadores, alguns institutos de pesquisa, como o IBOPE e o Ecope, trabalham com uma margem de 200%, ao invés dos tradicionais 100%. Assim sendo, soma-se as respostas recebidas por cada candidato na primeira e na segunda vaga. | Senador[editar | editar código]",wikipedia,,,,,,bispo pcb,Bispo (PCB),Bernardo Bispo PCB,0.0010474905972963,False,8.0
2010,PA,Eleições estaduais no Pará em 2010,https://pt.wikipedia.org/wiki/Elei%C3%A7%C3%B5es_estaduais_no_Par%C3%A1_em_2010,1.0,1.0,24 a 26/08/2010,Ibope,,,duas_mencoes_agregadas,Jader Barbalho (PMDB) Impugnado,50.0,50%,Senador | Segundo turno | Primeiro turno | Governador | Senador[editar | editar código],wikipedia,,,,,,jader barbalho pmdb impugnado,Jader Barbalho (PMDB) Impugnado,Jader Barbalho (PMDB),0.4014226515732607,True,2.0
2010,PA,Eleições estaduais no Pará em 2010,https://pt.wikipedia.org/wiki/Elei%C3%A7%C3%B5es_estaduais_no_Par%C3%A1_em_2010,1.0,1.0,24 a 26/08/2010,Ibope,,,duas_mencoes_agregadas,Flexa Ribeiro (PSDB),23.0,23%,Senador | Segundo turno | Primeiro turno | Governador | Senador[editar | editar código],wikipedia,,,,,,flexa ribeiro psdb,Flexa Ribeiro (PSDB),Flexa Ribeiro (PSDB),0.4054110899642441,True,1.0
2010,PA,Eleições estaduais no Pará em 2010,https://pt.wikipedia.org/wiki/Elei%C3%A7%C3%B5es_estaduais_no_Par%C3%A1_em_2010,1.0,1.0,24 a 26/08/2010,Ibope,,,duas_mencoes_agregadas,Paulo Rocha (PT) Impugnado,28.0,28%,Senador | Segundo turno | Primeiro turno | Governador | Senador[editar | editar código],wikipedia,,,,,,paulo rocha pt impugnado,Paulo Rocha (PT) Impugnado,Paulo Braga (PSTU),0.0073884917872562,False,5.0
2010,PA,Eleições estaduais no Pará em 2010,https://pt.wikipedia.org/wiki/Elei%C3%A7%C3%B5es_estaduais_no_Par%C3%A1_em_2010,1.0,1.0,24 a 26/08/2010,Ibope,,,duas_mencoes_agregadas,Marinor Brito (PSOL),7.0,7%,Senador | Segundo turno | Primeiro turno | Governador | Senador[editar | editar código],wikipedia,,,,,,marinor brito psol,Marinor Brito (PSOL),Marinor Brito (PSOL),0.162281622292074,False,3.0
2010,PA,Eleições estaduais no Pará em 2010,https://pt.wikipedia.org/wiki/Elei%C3%A7%C3%B5es_estaduais_no_Par%C3%A1_em_2010,1.0,1.0,24 a 26/08/2010,Ibope,,,duas_mencoes_agregadas,Paulo Braga (PSTU),5.0,5%,Senador | Segundo turno | Primeiro turno | Governador | Senador[editar | editar código],wikipedia,,,,,,paulo braga pstu,Paulo Braga (PSTU),Paulo Braga (PSTU),0.0073884917872562,False,5.0
2010,PA,Eleições estaduais no Pará em 2010,https://pt.wikipedia.org/wiki/Elei%C3%A7%C3%B5es_estaduais_no_Par%C3%A1_em_2010,1.0,1.0,24 a 26/08/2010,Ibope,,,duas_mencoes_agregadas,Abel Ribeiro (PSTU),3.0,3%,Senador | Segundo turno | Primeiro turno | Governador | Senador[editar | editar código],wikipedia,,,,,,abel ribeiro pstu,Abel Ribeiro (PSTU),Abel Ribeiro (PSTU),0.0057373113036162,False,6.0
2010,PA,Eleições estaduais no Pará em 2010,https://pt.wikipedia.org/wiki/Elei%C3%A7%C3%B5es_estaduais_no_Par%C3%A1_em_2010,1.0,1.0,24 a 26/08/2010,Ibope,,,duas_mencoes_agregadas,João Augusto (PSOL),2.0,2%,Senador | Segundo turno | Primeiro turno | Governador | Senador[editar | editar código],wikipedia,,,,,,joao augusto psol,João Augusto (PSOL),João Augusto (PSOL),0.0177588330795486,False,4.0
2010,PA,Eleições estaduais no Pará em 2010,https://pt.wikipedia.org/wiki/Elei%C3%A7%C3%B5es_estaduais_no_Par%C3%A1_em_2010,1.0,2.0,14 a 16/09/2010,Ibope,,,duas_mencoes_agregadas,Jader Barbalho (PMDB) Impugnado,42.0,42%,Senador | Segundo turno | Primeiro turno | Governador | Senador[editar | editar código],wikipedia,,,,,,jader barbalho pmdb impugnado,Jader Barbalho (PMDB) Impugnado,Jader Barbalho (PMDB),0.4014226515732607,True,2.0
2010,PA,Eleições estaduais no Pará em 2010,https://pt.wikipedia.org/wiki/Elei%C3%A7%C3%B5es_estaduais_no_Par%C3%A1_em_2010,1.0,2.0,14 a 16/09/2010,Ibope,,,duas_mencoes_agregadas,Flexa Ribeiro (PSDB),33.0,33%,Senador | Segundo turno | Primeiro turno | Governador | Senador[editar | editar código],wikipedia,,,,,,flexa ribeiro psdb,Flexa Ribeiro (PSDB),Flexa Ribeiro (PSDB),0.4054110899642441,True,1.0
2010,PA,Eleições estaduais no Pará em 2010,https://pt.wikipedia.org/wiki/Elei%C3%A7%C3%B5es_estaduais_no_Par%C3%A1_em_2010,1.0,2.0,14 a 16/09/2010,Ibope,,,duas_mencoes_agregadas,Paulo Rocha (PT) Impugnado,29.0,29%,Senador | Segundo turno | Primeiro turno | Governador | Senador[editar | editar código],wikipedia,,,,,,paulo rocha pt impugnado,Paulo Rocha (PT) Impugnado,Paulo Braga (PSTU),0.0073884917872562,False,5.0
2010,PA,Eleições estaduais no Pará em 2010,https://pt.wikipedia.org/wiki/Elei%C3%A7%C3%B5es_estaduais_no_Par%C3%A1_em_2010,1.0,2.0,14 a 16/09/2010,Ibope,,,duas_mencoes_agregadas,Marinor Brito (PSOL),8.0,8%,Senador | Segundo turno | Primeiro turno | Governador | Senador[editar | editar código],wikipedia,,,,,,marinor brito psol,Marinor Brito (PSOL),Marinor Brito (PSOL),0.162281622292074,False,3.0
2010,PA,Eleições estaduais no Pará em 2010,https://pt.wikipedia.org/wiki/Elei%C3%A7%C3%B5es_estaduais_no_Par%C3%A1_em_2010,1.0,2.0,14 a 16/09/2010,Ibope,,,duas_mencoes_agregadas,Paulo Braga (PSTU),7.0,7%,Senador | Segundo turno | Primeiro turno | Governador | Senador[editar | editar código],wikipedia,,,,,,paulo braga pstu,Paulo Braga (PSTU),Paulo Braga (PSTU),0.0073884917872562,False,5.0
2010,PA,Eleições estaduais no Pará em 2010,https://pt.wikipedia.org/wiki/Elei%C3%A7%C3%B5es_estaduais_no_Par%C3%A1_em_2010,1.0,2.0,14 a 16/09/2010,Ibope,,,duas_mencoes_agregadas,Abel Ribeiro (PSTU),3.0,3%,Senador | Segundo turno | Primeiro turno | Governador | Senador[editar | editar código],wikipedia,,,,,,abel ribeiro pstu,Abel Ribeiro (PSTU),Abel Ribeiro (PSTU),0.0057373113036162,False,6.0
2010,PA,Eleições estaduais no Pará em 2010,https://pt.wikipedia.org/wiki/Elei%C3%A7%C3%B5es_estaduais_no_Par%C3%A1_em_2010,1.0,2.0,14 a 16/09/2010,Ibope,,,duas_mencoes_agregadas,João Augusto (PSOL),2.0,2%,Senador | Segundo turno | Primeiro turno | Governador | Senador[editar | editar código],wikipedia,,,,,,joao augusto psol,João Augusto (PSOL),João Augusto (PSOL),0.0177588330795486,False,4.0
2010,PA,Eleições estaduais no Pará em 2010,https://pt.wikipedia.org/wiki/Elei%C3%A7%C3%B5es_estaduais_no_Par%C3%A1_em_2010,1.0,3.0,29/03 a 01/10/2010,Ibope,,,duas_mencoes_agregadas,Jader Barbalho (PMDB) Impugnado,46.0,46%,Senador | Segundo turno | Primeiro turno | Governador | Senador[editar | editar código],wikipedia,,,,,,jader barbalho pmdb impugnado,Jader Barbalho (PMDB) Impugnado,Jader Barbalho (PMDB),0.4014226515732607,True,2.0
2010,PA,Eleições estaduais no Pará em 2010,https://pt.wikipedia.org/wiki/Elei%C3%A7%C3%B5es_estaduais_no_Par%C3%A1_em_2010,1.0,3.0,29/03 a 01/10/2010,Ibope,,,duas_mencoes_agregadas,Flexa Ribeiro (PSDB),38.0,38%,Senador | Segundo turno | Primeiro turno | Governador | Senador[editar | editar código],wikipedia,,,,,,flexa ribeiro psdb,Flexa Ribeiro (PSDB),Flexa Ribeiro (PSDB),0.4054110899642441,True,1.0
2010,PA,Eleições estaduais no Pará em 2010,https://pt.wikipedia.org/wiki/Elei%C3%A7%C3%B5es_estaduais_no_Par%C3%A1_em_2010,1.0,3.0,29/03 a 01/10/2010,Ibope,,,duas_mencoes_agregadas,Paulo Rocha (PT) Impugnado,37.0,37%,Senador | Segundo turno | Primeiro turno | Governador | Senador[editar | editar código],wikipedia,,,,,,paulo rocha pt impugnado,Paulo Rocha (PT) Impugnado,Paulo Braga (PSTU),0.0073884917872562,False,5.0
2010,PA,Eleições estaduais no Pará em 2010,https://pt.wikipedia.org/wiki/Elei%C3%A7%C3%B5es_estaduais_no_Par%C3%A1_em_2010,1.0,3.0,29/03 a 01/10/2010,Ibope,,,duas_mencoes_agregadas,Marinor Brito (PSOL),0.0,0%,Senador | Segundo turno | Primeiro turno | Governador | Senador[editar | editar código],wikipedia,,,,,,marinor brito psol,Marinor Brito (PSOL),Marinor Brito (PSOL),0.162281622292074,False,3.0
2010,PA,Eleições estaduais no Pará em 2010,https://pt.wikipedia.org/wiki/Elei%C3%A7%C3%B5es_estaduais_no_Par%C3%A1_em_2010,1.0,3.0,29/03 a 01/10/2010,Ibope,,,duas_mencoes_agregadas,Paulo Braga (PSTU),0.0,0%,Senador | Segundo turno | Primeiro turno | Governador | Senador[editar | editar código],wikipedia,,,,,,paulo braga pstu,Paulo Braga (PSTU),Paulo Braga (PSTU),0.0073884917872562,False,5.0
2010,PA,Eleições estaduais no Pará em 2010,https://pt.wikipedia.org/wiki/Elei%C3%A7%C3%B5es_estaduais_no_Par%C3%A1_em_2010,1.0,3.0,29/03 a 01/10/2010,Ibope,,,duas_mencoes_agregadas,Abel Ribeiro (PSTU),0.0,0%,Senador | Segundo turno | Primeiro turno | Governador | Senador[editar | editar código],wikipedia,,,,,,abel ribeiro pstu,Abel Ribeiro (PSTU),Abel Ribeiro (PSTU),0.0057373113036162,False,6.0
2010,PA,Eleições estaduais no Pará em 2010,https://pt.wikipedia.org/wiki/Elei%C3%A7%C3%B5es_estaduais_no_Par%C3%A1_em_2010,1.0,3.0,29/03 a 01/10/2010,Ibope,,,duas_mencoes_agregadas,João Augusto (PSOL),0.0,0%,Senador | Segundo turno | Primeiro turno | Governador | Senador[editar | editar código],wikipedia,,,,,,joao augusto psol,João Augusto (PSOL),João Augusto (PSOL),0.0177588330795486,False,4.0
2010,RS,Eleições estaduais no Rio Grande do Sul em 2010,https://pt.wikipedia.org/wiki/Elei%C3%A7%C3%B5es_estaduais_no_Rio_Grande_do_Sul_em_2010,1.0,1.0,20-25 de setembro de 2009,Mathodus,,,nao_identificado,Germano Rigotto (PMDB),47.0,47%,Pesquisas de opinião para o Senado | Lista dos candidatos ao Senado | Pesquisas de opinião para o Governo do Estado | Lista dos candidatos ao Governo do Estado | Pesquisas de opinião para o Senado[editar | editar código],wikipedia,,,,,,germano rigotto pmdb,Germano Rigotto (PMDB),Germano Rigotto PMDB,0.2124222332655506,False,3.0
2010,RS,Eleições estaduais no Rio Grande do Sul em 2010,https://pt.wikipedia.org/wiki/Elei%C3%A7%C3%B5es_estaduais_no_Rio_Grande_do_Sul_em_2010,1.0,1.0,20-25 de setembro de 2009,Mathodus,,,nao_identificado,Paulo Paim (PT),47.0,47%,Pesquisas de opinião para o Senado | Lista dos candidatos ao Senado | Pesquisas de opinião para o Governo do Estado | Lista dos candidatos ao Governo do Estado | Pesquisas de opinião para o Senado[editar | editar código],wikipedia,,,,,,paulo paim pt,Paulo Paim (PT),Paulo Paim PT,0.3383481083687489,True,1.0
2010,RS,Eleições estaduais no Rio Grande do Sul em 2010,https://pt.wikipedia.org/wiki/Elei%C3%A7%C3%B5es_estaduais_no_Rio_Grande_do_Sul_em_2010,1.0,2.0,02-6 de dezembro de 2009,Methodus,,,duas_mencoes_agregadas,Ana Amélia Lemos (PP),40.7,"40,7%",Pesquisas de opinião para o Senado | Lista dos candidatos ao Senado | Pesquisas de opinião para o Governo do Estado | Lista dos candidatos ao Governo do Estado | Pesquisas de opinião para o Senado[editar | editar código],wikipedia,,,,,,ana amelia lemos pp,Ana Amélia Lemos (PP),Ana Amélia Lemos PP,0.2953942604298225,True,2.0
2010,RS,Eleições estaduais no Rio Grande do Sul em 2010,https://pt.wikipedia.org/wiki/Elei%C3%A7%C3%B5es_estaduais_no_Rio_Grande_do_Sul_em_2010,1.0,2.0,02-6 de dezembro de 2009,Methodus,,,duas_mencoes_agregadas,Germano Rigotto (PMDB),42.3,"42,3%",Pesquisas de opinião para o Senado | Lista dos candidatos ao Senado | Pesquisas de opinião para o Governo do Estado | Lista dos candidatos ao Governo do Estado | Pesquisas de opinião para o Senado[editar | editar código],wikipedia,,,,,,germano rigotto pmdb,Germano Rigotto (PMDB),Germano Rigotto PMDB,0.2124222332655506,False,3.0
2010,RS,Eleições estaduais no Rio Grande do Sul em 2010,https://pt.wikipedia.org/wiki/Elei%C3%A7%C3%B5es_estaduais_no_Rio_Grande_do_Sul_em_2010,1.0,2.0,02-6 de dezembro de 2009,Methodus,,,duas_mencoes_agregadas,Paulo Paim (PT),43.0,43%,Pesquisas de opinião para o Senado | Lista dos candidatos ao Senado | Pesquisas de opinião para o Governo do Estado | Lista dos candidatos ao Governo do Estado | Pesquisas de opinião para o Senado[editar | editar código],wikipedia,,,,,,paulo paim pt,Paulo Paim (PT),Paulo Paim PT,0.3383481083687489,True,1.0
2010,RS,Eleições estaduais no Rio Grande do Sul em 2010,https://pt.wikipedia.org/wiki/Elei%C3%A7%C3%B5es_estaduais_no_Rio_Grande_do_Sul_em_2010,1.0,3.0,18-19 de março de 2010,Methodus,,,duas_mencoes_agregadas,Ana Amélia Lemos (PP),33.5,"33,5%",Pesquisas de opinião para o Senado | Lista dos candidatos ao Senado | Pesquisas de opinião para o Governo do Estado | Lista dos candidatos ao Governo do Estado | Pesquisas de opinião para o Senado[editar | editar código],wikipedia,,,,,,ana amelia lemos pp,Ana Amélia Lemos (PP),Ana Amélia Lemos PP,0.2953942604298225,True,2.0
2010,RS,Eleições estaduais no Rio Grande do Sul em 2010,https://pt.wikipedia.org/wiki/Elei%C3%A7%C3%B5es_estaduais_no_Rio_Grande_do_Sul_em_2010,1.0,3.0,18-19 de março de 2010,Methodus,,,duas_mencoes_agregadas,Germano Rigotto (PMDB),49.8,"49,8%",Pesquisas de opinião para o Senado | Lista dos candidatos ao Senado | Pesquisas de opinião para o Governo do Estado | Lista dos candidatos ao Governo do Estado | Pesquisas de opinião para o Senado[editar | editar código],wikipedia,,,,,,germano rigotto pmdb,Germano Rigotto (PMDB),Germano Rigotto PMDB,0.2124222332655506,False,3.0
2010,RS,Eleições estaduais no Rio Grande do Sul em 2010,https://pt.wikipedia.org/wiki/Elei%C3%A7%C3%B5es_estaduais_no_Rio_Grande_do_Sul_em_2010,1.0,3.0,18-19 de março de 2010,Methodus,,,duas_mencoes_agregadas,Paulo Paim (PT),46.4,"46,4%",Pesquisas de opinião para o Senado | Lista dos candidatos ao Senado | Pesquisas de opinião para o Governo do Estado | Lista dos candidatos ao Governo do Estado | Pesquisas de opinião para o Senado[editar | editar código],wikipedia,,,,,,paulo paim pt,Paulo Paim (PT),Paulo Paim PT,0.3383481083687489,True,1.0
2010,RS,Eleições estaduais no Rio Grande do Sul em 2010,https://pt.wikipedia.org/wiki/Elei%C3%A7%C3%B5es_estaduais_no_Rio_Grande_do_Sul_em_2010,1.0,4.0,30-31 de março de 2010,Datafolha,,,duas_mencoes_agregadas,Ana Amélia Lemos (PP),31.0,31%,Pesquisas de opinião para o Senado | Lista dos candidatos ao Senado | Pesquisas de opinião para o Governo do Estado | Lista dos candidatos ao Governo do Estado | Pesquisas de opinião para o Senado[editar | editar código],wikipedia,,,,,,ana amelia lemos pp,Ana Amélia Lemos (PP),Ana Amélia Lemos PP,0.2953942604298225,True,2.0
2010,RS,Eleições estaduais no Rio Grande do Sul em 2010,https://pt.wikipedia.org/wiki/Elei%C3%A7%C3%B5es_estaduais_no_Rio_Grande_do_Sul_em_2010,1.0,4.0,30-31 de março de 2010,Datafolha,,,duas_mencoes_agregadas,Germano Rigotto (PMDB),46.0,46%,Pesquisas de opinião para o Senado | Lista dos candidatos ao Senado | Pesquisas de opinião para o Governo do Estado | Lista dos candidatos ao Governo do Estado | Pesquisas de opinião para o Senado[editar | editar código],wikipedia,,,,,,germano rigotto pmdb,Germano Rigotto (PMDB),Germano Rigotto PMDB,0.2124222332655506,False,3.0
2010,RS,Eleições estaduais no Rio Grande do Sul em 2010,https://pt.wikipedia.org/wiki/Elei%C3%A7%C3%B5es_estaduais_no_Rio_Grande_do_Sul_em_2010,1.0,4.0,30-31 de março de 2010,Datafolha,,,duas_mencoes_agregadas,Paulo Paim (PT),45.0,45%,Pesquisas de opinião para o Senado | Lista dos candidatos ao Senado | Pesquisas de opinião para o Governo do Estado | Lista dos candidatos ao Governo do Estado | Pesquisas de opinião para o Senado[editar | editar código],wikipedia,,,,,,paulo paim pt,Paulo Paim (PT),Paulo Paim PT,0.3383481083687489,True,1.0
2010,RS,Eleições estaduais no Rio Grande do Sul em 2010,https://pt.wikipedia.org/wiki/Elei%C3%A7%C3%B5es_estaduais_no_Rio_Grande_do_Sul_em_2010,1.0,5.0,08-10 de março de 2010,Index,,,duas_mencoes_agregadas,Ana Amélia Lemos (PP),41.4,"41,4%",Pesquisas de opinião para o Senado | Lista dos candidatos ao Senado | Pesquisas de opinião para o Governo do Estado | Lista dos candidatos ao Governo do Estado | Pesquisas de opinião para o Senado[editar | editar código],wikipedia,,,,,,ana amelia lemos pp,Ana Amélia Lemos (PP),Ana Amélia Lemos PP,0.2953942604298225,True,2.0
2010,RS,Eleições estaduais no Rio Grande do Sul em 2010,https://pt.wikipedia.org/wiki/Elei%C3%A7%C3%B5es_estaduais_no_Rio_Grande_do_Sul_em_2010,1.0,5.0,08-10 de março de 2010,Index,,,duas_mencoes_agregadas,Germano Rigotto (PMDB),53.0,53%,Pesquisas de opinião para o Senado | Lista dos candidatos ao Senado | Pesquisas de opinião para o Governo do Estado | Lista dos candidatos ao Governo do Estado | Pesquisas de opinião para o Senado[editar | editar código],wikipedia,,,,,,germano rigotto pmdb,Germano Rigotto (PMDB),Germano Rigotto PMDB,0.2124222332655506,False,3.0
2010,RS,Eleições estaduais no Rio Grande do Sul em 2010,https://pt.wikipedia.org/wiki/Elei%C3%A7%C3%B5es_estaduais_no_Rio_Grande_do_Sul_em_2010,1.0,5.0,08-10 de março de 2010,Index,,,duas_mencoes_agregadas,Paulo Paim (PT),60.6,"60,6%",Pesquisas de opinião para o Senado | Lista dos candidatos ao Senado | Pesquisas de opinião para o Governo do Estado | Lista dos candidatos ao Governo do Estado | Pesquisas de opinião para o Senado[editar | editar código],wikipedia,,,,,,paulo paim pt,Paulo Paim (PT),Paulo Paim PT,0.3383481083687489,True,1.0
2010,RS,Eleições estaduais no Rio Grande do Sul em 2010,https://pt.wikipedia.org/wiki/Elei%C3%A7%C3%B5es_estaduais_no_Rio_Grande_do_Sul_em_2010,1.0,6.0,06-8 de julho de 2010,Ibope,,,duas_mencoes_agregadas,Abigail Pereira (PCdoB),2.0,2%,Pesquisas de opinião para o Senado | Lista dos candidatos ao Senado | Pesquisas de opinião para o Governo do Estado | Lista dos candidatos ao Governo do Estado | Pesquisas de opinião para o Senado[editar | editar código],wikipedia,,,,,,abigail pereira pcdob,Abigail Pereira (PCdoB),Abigail Pereira PCdoB,0.134715858846809,False,4.0
2010,RS,Eleições estaduais no Rio Grande do Sul em 2010,https://pt.wikipedia.org/wiki/Elei%C3%A7%C3%B5es_estaduais_no_Rio_Grande_do_Sul_em_2010,1.0,6.0,06-8 de julho de 2010,Ibope,,,duas_mencoes_agregadas,Ana Amélia Lemos (PP),40.0,40%,Pesquisas de opinião para o Senado | Lista dos candidatos ao Senado | Pesquisas de opinião para o Governo do Estado | Lista dos candidatos ao Governo do Estado | Pesquisas de opinião para o Senado[editar | editar código],wikipedia,,,,,,ana amelia lemos pp,Ana Amélia Lemos (PP),Ana Amélia Lemos PP,0.2953942604298225,True,2.0
2010,RS,Eleições estaduais no Rio Grande do Sul em 2010,https://pt.wikipedia.org/wiki/Elei%C3%A7%C3%B5es_estaduais_no_Rio_Grande_do_Sul_em_2010,1.0,6.0,06-8 de julho de 2010,Ibope,,,duas_mencoes_agregadas,Bernadete Menezes (PSOL),2.0,2%,Pesquisas de opinião para o Senado | Lista dos candidatos ao Senado | Pesquisas de opinião para o Governo do Estado | Lista dos candidatos ao Governo do Estado | Pesquisas de opinião para o Senado[editar | editar código],wikipedia,,,,,,bernadete menezes psol,Bernadete Menezes (PSOL),Berna Menezes PSOL,0.0019348212413808,False,8.0
2010,RS,Eleições estaduais no Rio Grande do Sul em 2010,https://pt.wikipedia.org/wiki/Elei%C3%A7%C3%B5es_estaduais_no_Rio_Grande_do_Sul_em_2010,1.0,6.0,06-8 de julho de 2010,Ibope,,,duas_mencoes_agregadas,José Schneider (PMN),3.0,3%,Pesquisas de opinião para o Senado | Lista dos candidatos ao Senado | Pesquisas de opinião para o Governo do Estado | Lista dos candidatos ao Governo do Estado | Pesquisas de opinião para o Senado[editar | editar código],wikipedia,,,,,,jose schneider pmn,José Schneider (PMN),José Schneider PMN,0.002809390318529,False,7.0
2010,RS,Eleições estaduais no Rio Grande do Sul em 2010,https://pt.wikipedia.org/wiki/Elei%C3%A7%C3%B5es_estaduais_no_Rio_Grande_do_Sul_em_2010,1.0,6.0,06-8 de julho de 2010,Ibope,,,duas_mencoes_agregadas,Luiz Carlos Lucas (PSOL),2.0,2%,Pesquisas de opinião para o Senado | Lista dos candidatos ao Senado | Pesquisas de opinião para o Governo do Estado | Lista dos candidatos ao Governo do Estado | Pesquisas de opinião para o Senado[editar | editar código],wikipedia,,,,,,luiz carlos lucas psol,Luiz Carlos Lucas (PSOL),,,,
2010,RS,Eleições estaduais no Rio Grande do Sul em 2010,https://pt.wikipedia.org/wiki/Elei%C3%A7%C3%B5es_estaduais_no_Rio_Grande_do_Sul_em_2010,1.0,6.0,06-8 de julho de 2010,Ibope,,,duas_mencoes_agregadas,Marcos Monteiro (PV),2.0,2%,Pesquisas de opinião para o Senado | Lista dos candidatos ao Senado | Pesquisas de opinião para o Governo do Estado | Lista dos candidatos ao Governo do Estado | Pesquisas de opinião para o Senado[editar | editar código],wikipedia,,,,,,marcos monteiro pv,Marcos Monteiro (PV),Marcos Monteiro PV,0.0088326265854061,False,5.0
2010,RS,Eleições estaduais no Rio Grande do Sul em 2010,https://pt.wikipedia.org/wiki/Elei%C3%A7%C3%B5es_estaduais_no_Rio_Grande_do_Sul_em_2010,1.0,6.0,06-8 de julho de 2010,Ibope,,,duas_mencoes_agregadas,Germano Rigotto (PMDB),46.0,46%,Pesquisas de opinião para o Senado | Lista dos candidatos ao Senado | Pesquisas de opinião para o Governo do Estado | Lista dos candidatos ao Governo do Estado | Pesquisas de opinião para o Senado[editar | editar código],wikipedia,,,,,,germano rigotto pmdb,Germano Rigotto (PMDB),Germano Rigotto PMDB,0.2124222332655506,False,3.0
2010,RS,Eleições estaduais no Rio Grande do Sul em 2010,https://pt.wikipedia.org/wiki/Elei%C3%A7%C3%B5es_estaduais_no_Rio_Grande_do_Sul_em_2010,1.0,6.0,06-8 de julho de 2010,Ibope,,,duas_mencoes_agregadas,Paulo Paim (PT),46.0,46%,Pesquisas de opinião para o Senado | Lista dos candidatos ao Senado | Pesquisas de opinião para o Governo do Estado | Lista dos candidatos ao Governo do Estado | Pesquisas de opinião para o Senado[editar | editar código],wikipedia,,,,,,paulo paim pt,Paulo Paim (PT),Paulo Paim PT,0.3383481083687489,True,1.0
2010,RS,Eleições estaduais no Rio Grande do Sul em 2010,https://pt.wikipedia.org/wiki/Elei%C3%A7%C3%B5es_estaduais_no_Rio_Grande_do_Sul_em_2010,1.0,6.0,06-8 de julho de 2010,Ibope,,,duas_mencoes_agregadas,Roberto Gross (PTC),2.0,2%,Pesquisas de opinião para o Senado | Lista dos candidatos ao Senado | Pesquisas de opinião para o Governo do Estado | Lista dos candidatos ao Governo do Estado | Pesquisas de opinião para o Senado[editar | editar código],wikipedia,,,,,,roberto gross ptc,Roberto Gross (PTC),Roberto Gross PTC,0.000604903040947,False,9.0
2010,RS,Eleições estaduais no Rio Grande do Sul em 2010,https://pt.wikipedia.org/wiki/Elei%C3%A7%C3%B5es_estaduais_no_Rio_Grande_do_Sul_em_2010,1.0,6.0,06-8 de julho de 2010,Ibope,,,duas_mencoes_agregadas,Vera Guasso (PSTU),5.0,5%,Pesquisas de opinião para o Senado | Lista dos candidatos ao Senado | Pesquisas de opinião para o Governo do Estado | Lista dos candidatos ao Governo do Estado | Pesquisas de opinião para o Senado[editar | editar código],wikipedia,,,,,,vera guasso pstu,Vera Guasso (PSTU),Vera Guasso PSTU,0.0049377979028059,False,6.0
2010,RS,Eleições estaduais no Rio Grande do Sul em 2010,https://pt.wikipedia.org/wiki/Elei%C3%A7%C3%B5es_estaduais_no_Rio_Grande_do_Sul_em_2010,1.0,7.0,17-20 de julho de 2010,Vox Populi,,,nao_identificado,Ana Amélia Lemos (PP),34.0,34%,Pesquisas de opinião para o Senado | Lista dos candidatos ao Senado | Pesquisas de opinião para o Governo do Estado | Lista dos candidatos ao Governo do Estado | Pesquisas de opinião para o Senado[editar | editar código],wikipedia,,,,,,ana amelia lemos pp,Ana Amélia Lemos (PP),Ana Amélia Lemos PP,0.2953942604298225,True,2.0
2010,RS,Eleições estaduais no Rio Grande do Sul em 2010,https://pt.wikipedia.org/wiki/Elei%C3%A7%C3%B5es_estaduais_no_Rio_Grande_do_Sul_em_2010,1.0,7.0,17-20 de julho de 2010,Vox Populi,,,nao_identificado,Germano Rigotto (PMDB),31.0,31%,Pesquisas de opinião para o Senado | Lista dos candidatos ao Senado | Pesquisas de opinião para o Governo do Estado | Lista dos candidatos ao Governo do Estado | Pesquisas de opinião para o Senado[editar | editar código],wikipedia,,,,,,germano rigotto pmdb,Germano Rigotto (PMDB),Germano Rigotto PMDB,0.2124222332655506,False,3.0
2010,RS,Eleições estaduais no Rio Grande do Sul em 2010,https://pt.wikipedia.org/wiki/Elei%C3%A7%C3%B5es_estaduais_no_Rio_Grande_do_Sul_em_2010,1.0,7.0,17-20 de julho de 2010,Vox Populi,,,nao_identificado,Paulo Paim (PT),33.0,33%,Pesquisas de opinião para o Senado | Lista dos candidatos ao Senado | Pesquisas de opinião para o Governo do Estado | Lista dos candidatos ao Governo do Estado | Pesquisas de opinião para o Senado[editar | editar código],wikipedia,,,,,,paulo paim pt,Paulo Paim (PT),Paulo Paim PT,0.3383481083687489,True,1.0
2010,RS,Eleições estaduais no Rio Grande do Sul em 2010,https://pt.wikipedia.org/wiki/Elei%C3%A7%C3%B5es_estaduais_no_Rio_Grande_do_Sul_em_2010,1.0,8.0,20-23 de julho de 2010,Datafolha,,,duas_mencoes_agregadas,Abigail Pereira (PCdoB),1.0,1%,Pesquisas de opinião para o Senado | Lista dos candidatos ao Senado | Pesquisas de opinião para o Governo do Estado | Lista dos candidatos ao Governo do Estado | Pesquisas de opinião para o Senado[editar | editar código],wikipedia,,,,,,abigail pereira pcdob,Abigail Pereira (PCdoB),Abigail Pereira PCdoB,0.134715858846809,False,4.0
2010,RS,Eleições estaduais no Rio Grande do Sul em 2010,https://pt.wikipedia.org/wiki/Elei%C3%A7%C3%B5es_estaduais_no_Rio_Grande_do_Sul_em_2010,1.0,8.0,20-23 de julho de 2010,Datafolha,,,duas_mencoes_agregadas,Ana Amélia Lemos (PP),33.0,33%,Pesquisas de opinião para o Senado | Lista dos candidatos ao Senado | Pesquisas de opinião para o Governo do Estado | Lista dos candidatos ao Governo do Estado | Pesquisas de opinião para o Senado[editar | editar código],wikipedia,,,,,,ana amelia lemos pp,Ana Amélia Lemos (PP),Ana Amélia Lemos PP,0.2953942604298225,True,2.0
2010,RS,Eleições estaduais no Rio Grande do Sul em 2010,https://pt.wikipedia.org/wiki/Elei%C3%A7%C3%B5es_estaduais_no_Rio_Grande_do_Sul_em_2010,1.0,8.0,20-23 de julho de 2010,Datafolha,,,duas_mencoes_agregadas,Bernadete Menezes (PSOL),1.0,1%,Pesquisas de opinião para o Senado | Lista dos candidatos ao Senado | Pesquisas de opinião para o Governo do Estado | Lista dos candidatos ao Governo do Estado | Pesquisas de opinião para o Senado[editar | editar código],wikipedia,,,,,,bernadete menezes psol,Bernadete Menezes (PSOL),Berna Menezes PSOL,0.0019348212413808,False,8.0
2010,RS,Eleições estaduais no Rio Grande do Sul em 2010,https://pt.wikipedia.org/wiki/Elei%C3%A7%C3%B5es_estaduais_no_Rio_Grande_do_Sul_em_2010,1.0,8.0,20-23 de julho de 2010,Datafolha,,,duas_mencoes_agregadas,José Schneider (PMN),4.0,4%,Pesquisas de opinião para o Senado | Lista dos candidatos ao Senado | Pesquisas de opinião para o Governo do Estado | Lista dos candidatos ao Governo do Estado | Pesquisas de opinião para o Senado[editar | editar código],wikipedia,,,,,,jose schneider pmn,José Schneider (PMN),José Schneider PMN,0.002809390318529,False,7.0
2010,RS,Eleições estaduais no Rio Grande do Sul em 2010,https://pt.wikipedia.org/wiki/Elei%C3%A7%C3%B5es_estaduais_no_Rio_Grande_do_Sul_em_2010,1.0,8.0,20-23 de julho de 2010,Datafolha,,,duas_mencoes_agregadas,Luiz Carlos Lucas (PSOL),2.0,2%,Pesquisas de opinião para o Senado | Lista dos candidatos ao Senado | Pesquisas de opinião para o Governo do Estado | Lista dos candidatos ao Governo do Estado | Pesquisas de opinião para o Senado[editar | editar código],wikipedia,,,,,,luiz carlos lucas psol,Luiz Carlos Lucas (PSOL),,,,
2010,RS,Eleições estaduais no Rio Grande do Sul em 2010,https://pt.wikipedia.org/wiki/Elei%C3%A7%C3%B5es_estaduais_no_Rio_Grande_do_Sul_em_2010,1.0,8.0,20-23 de julho de 2010,Datafolha,,,duas_mencoes_agregadas,Marcos Monteiro (PV),2.0,2%,Pesquisas de opinião para o Senado | Lista dos candidatos ao Senado | Pesquisas de opinião para o Governo do Estado | Lista dos candidatos ao Governo do Estado | Pesquisas de opinião para o Senado[editar | editar código],wikipedia,,,,,,marcos monteiro pv,Marcos Monteiro (PV),Marcos Monteiro PV,0.0088326265854061,False,5.0
2010,RS,Eleições estaduais no Rio Grande do Sul em 2010,https://pt.wikipedia.org/wiki/Elei%C3%A7%C3%B5es_estaduais_no_Rio_Grande_do_Sul_em_2010,1.0,8.0,20-23 de julho de 2010,Datafolha,,,duas_mencoes_agregadas,Germano Rigotto (PMDB),41.0,41%,Pesquisas de opinião para o Senado | Lista dos candidatos ao Senado | Pesquisas de opinião para o Governo do Estado | Lista dos candidatos ao Governo do Estado | Pesquisas de opinião para o Senado[editar | editar código],wikipedia,,,,,,germano rigotto pmdb,Germano Rigotto (PMDB),Germano Rigotto PMDB,0.2124222332655506,False,3.0
2010,RS,Eleições estaduais no Rio Grande do Sul em 2010,https://pt.wikipedia.org/wiki/Elei%C3%A7%C3%B5es_estaduais_no_Rio_Grande_do_Sul_em_2010,1.0,8.0,20-23 de julho de 2010,Datafolha,,,duas_mencoes_agregadas,Paulo Paim (PT),37.0,37%,Pesquisas de opinião para o Senado | Lista dos candidatos ao Senado | Pesquisas de opinião para o Governo do Estado | Lista dos candidatos ao Governo do Estado | Pesquisas de opinião para o Senado[editar | editar código],wikipedia,,,,,,paulo paim pt,Paulo Paim (PT),Paulo Paim PT,0.3383481083687489,True,1.0
2010,RS,Eleições estaduais no Rio Grande do Sul em 2010,https://pt.wikipedia.org/wiki/Elei%C3%A7%C3%B5es_estaduais_no_Rio_Grande_do_Sul_em_2010,1.0,8.0,20-23 de julho de 2010,Datafolha,,,duas_mencoes_agregadas,Roberto Gross (PTC),2.0,2%,Pesquisas de opinião para o Senado | Lista dos candidatos ao Senado | Pesquisas de opinião para o Governo do Estado | Lista dos candidatos ao Governo do Estado | Pesquisas de opinião para o Senado[editar | editar código],wikipedia,,,,,,roberto gross ptc,Roberto Gross (PTC),Roberto Gross PTC,0.000604903040947,False,9.0
2010,RS,Eleições estaduais no Rio Grande do Sul em 2010,https://pt.wikipedia.org/wiki/Elei%C3%A7%C3%B5es_estaduais_no_Rio_Grande_do_Sul_em_2010,1.0,8.0,20-23 de julho de 2010,Datafolha,,,duas_mencoes_agregadas,Vera Guasso (PSTU),4.0,4%,Pesquisas de opinião para o Senado | Lista dos candidatos ao Senado | Pesquisas de opinião para o Governo do Estado | Lista dos candidatos ao Governo do Estado | Pesquisas de opinião para o Senado[editar | editar código],wikipedia,,,,,,vera guasso pstu,Vera Guasso (PSTU),Vera Guasso PSTU,0.0049377979028059,False,6.0
2010,RS,Eleições estaduais no Rio Grande do Sul em 2010,https://pt.wikipedia.org/wiki/Elei%C3%A7%C3%B5es_estaduais_no_Rio_Grande_do_Sul_em_2010,1.0,9.0,03-05 de agosto de 2010,Ibope,,,duas_mencoes_agregadas,Abigail Pereira (PCdoB),1.0,1%,Pesquisas de opinião para o Senado | Lista dos candidatos ao Senado | Pesquisas de opinião para o Governo do Estado | Lista dos candidatos ao Governo do Estado | Pesquisas de opinião para o Senado[editar | editar código],wikipedia,,,,,,abigail pereira pcdob,Abigail Pereira (PCdoB),Abigail Pereira PCdoB,0.134715858846809,False,4.0
2010,RS,Eleições estaduais no Rio Grande do Sul em 2010,https://pt.wikipedia.org/wiki/Elei%C3%A7%C3%B5es_estaduais_no_Rio_Grande_do_Sul_em_2010,1.0,9.0,03-05 de agosto de 2010,Ibope,,,duas_mencoes_agregadas,Ana Amélia Lemos (PP),38.0,38%,Pesquisas de opinião para o Senado | Lista dos candidatos ao Senado | Pesquisas de opinião para o Governo do Estado | Lista dos candidatos ao Governo do Estado | Pesquisas de opinião para o Senado[editar | editar código],wikipedia,,,,,,ana amelia lemos pp,Ana Amélia Lemos (PP),Ana Amélia Lemos PP,0.2953942604298225,True,2.0
2010,RS,Eleições estaduais no Rio Grande do Sul em 2010,https://pt.wikipedia.org/wiki/Elei%C3%A7%C3%B5es_estaduais_no_Rio_Grande_do_Sul_em_2010,1.0,9.0,03-05 de agosto de 2010,Ibope,,,duas_mencoes_agregadas,Bernadete Menezes (PSOL),1.0,1%,Pesquisas de opinião para o Senado | Lista dos candidatos ao Senado | Pesquisas de opinião para o Governo do Estado | Lista dos candidatos ao Governo do Estado | Pesquisas de opinião para o Senado[editar | editar código],wikipedia,,,,,,bernadete menezes psol,Bernadete Menezes (PSOL),Berna Menezes PSOL,0.0019348212413808,False,8.0
2010,RS,Eleições estaduais no Rio Grande do Sul em 2010,https://pt.wikipedia.org/wiki/Elei%C3%A7%C3%B5es_estaduais_no_Rio_Grande_do_Sul_em_2010,1.0,9.0,03-05 de agosto de 2010,Ibope,,,duas_mencoes_agregadas,José Schneider (PMN),3.0,3%,Pesquisas de opinião para o Senado | Lista dos candidatos ao Senado | Pesquisas de opinião para o Governo do Estado | Lista dos candidatos ao Governo do Estado | Pesquisas de opinião para o Senado[editar | editar código],wikipedia,,,,,,jose schneider pmn,José Schneider (PMN),José Schneider PMN,0.002809390318529,False,7.0
2010,RS,Eleições estaduais no Rio Grande do Sul em 2010,https://pt.wikipedia.org/wiki/Elei%C3%A7%C3%B5es_estaduais_no_Rio_Grande_do_Sul_em_2010,1.0,9.0,03-05 de agosto de 2010,Ibope,,,duas_mencoes_agregadas,Luiz Carlos Lucas (PSOL),2.0,2%,Pesquisas de opinião para o Senado | Lista dos candidatos ao Senado | Pesquisas de opinião para o Governo do Estado | Lista dos candidatos ao Governo do Estado | Pesquisas de opinião para o Senado[editar | editar código],wikipedia,,,,,,luiz carlos lucas psol,Luiz Carlos Lucas (PSOL),,,,
2010,RS,Eleições estaduais no Rio Grande do Sul em 2010,https://pt.wikipedia.org/wiki/Elei%C3%A7%C3%B5es_estaduais_no_Rio_Grande_do_Sul_em_2010,1.0,9.0,03-05 de agosto de 2010,Ibope,,,duas_mencoes_agregadas,Marcos Monteiro (PV),1.0,1%,Pesquisas de opinião para o Senado | Lista dos candidatos ao Senado | Pesquisas de opinião para o Governo do Estado | Lista dos candidatos ao Governo do Estado | Pesquisas de opinião para o Senado[editar | editar código],wikipedia,,,,,,marcos monteiro pv,Marcos Monteiro (PV),Marcos Monteiro PV,0.0088326265854061,False,5.0
2010,RS,Eleições estaduais no Rio Grande do Sul em 2010,https://pt.wikipedia.org/wiki/Elei%C3%A7%C3%B5es_estaduais_no_Rio_Grande_do_Sul_em_2010,1.0,9.0,03-05 de agosto de 2010,Ibope,,,duas_mencoes_agregadas,Germano Rigotto (PMDB),39.0,39%,Pesquisas de opinião para o Senado | Lista dos candidatos ao Senado | Pesquisas de opinião para o Governo do Estado | Lista dos candidatos ao Governo do Estado | Pesquisas de opinião para o Senado[editar | editar código],wikipedia,,,,,,germano rigotto pmdb,Germano Rigotto (PMDB),Germano Rigotto PMDB,0.2124222332655506,False,3.0
2010,RS,Eleições estaduais no Rio Grande do Sul em 2010,https://pt.wikipedia.org/wiki/Elei%C3%A7%C3%B5es_estaduais_no_Rio_Grande_do_Sul_em_2010,1.0,9.0,03-05 de agosto de 2010,Ibope,,,duas_mencoes_agregadas,Paulo Paim (PT),39.0,39%,Pesquisas de opinião para o Senado | Lista dos candidatos ao Senado | Pesquisas de opinião para o Governo do Estado | Lista dos candidatos ao Governo do Estado | Pesquisas de opinião para o Senado[editar | editar código],wikipedia,,,,,,paulo paim pt,Paulo Paim (PT),Paulo Paim PT,0.3383481083687489,True,1.0
2010,RS,Eleições estaduais no Rio Grande do Sul em 2010,https://pt.wikipedia.org/wiki/Elei%C3%A7%C3%B5es_estaduais_no_Rio_Grande_do_Sul_em_2010,1.0,9.0,03-05 de agosto de 2010,Ibope,,,duas_mencoes_agregadas,Roberto Gross (PTC),2.0,2%,Pesquisas de opinião para o Senado | Lista dos candidatos ao Senado | Pesquisas de opinião para o Governo do Estado | Lista dos candidatos ao Governo do Estado | Pesquisas de opinião para o Senado[editar | editar código],wikipedia,,,,,,roberto gross ptc,Roberto Gross (PTC),Roberto Gross PTC,0.000604903040947,False,9.0
2010,RS,Eleições estaduais no Rio Grande do Sul em 2010,https://pt.wikipedia.org/wiki/Elei%C3%A7%C3%B5es_estaduais_no_Rio_Grande_do_Sul_em_2010,1.0,9.0,03-05 de agosto de 2010,Ibope,,,duas_mencoes_agregadas,Vera Guasso (PSTU),5.0,5%,Pesquisas de opinião para o Senado | Lista dos candidatos ao Senado | Pesquisas de opinião para o Governo do Estado | Lista dos candidatos ao Governo do Estado | Pesquisas de opinião para o Senado[editar | editar código],wikipedia,,,,,,vera guasso pstu,Vera Guasso (PSTU),Vera Guasso PSTU,0.0049377979028059,False,6.0
2010,RS,Eleições estaduais no Rio Grande do Sul em 2010,https://pt.wikipedia.org/wiki/Elei%C3%A7%C3%B5es_estaduais_no_Rio_Grande_do_Sul_em_2010,1.0,10.0,07-10 de agosto de 2010,Vox Populi,,,nao_identificado,Ana Amélia Lemos (PP),27.0,27%,Pesquisas de opinião para o Senado | Lista dos candidatos ao Senado | Pesquisas de opinião para o Governo do Estado | Lista dos candidatos ao Governo do Estado | Pesquisas de opinião para o Senado[editar | editar código],wikipedia,,,,,,ana amelia lemos pp,Ana Amélia Lemos (PP),Ana Amélia Lemos PP,0.2953942604298225,True,2.0
2010,RS,Eleições estaduais no Rio Grande do Sul em 2010,https://pt.wikipedia.org/wiki/Elei%C3%A7%C3%B5es_estaduais_no_Rio_Grande_do_Sul_em_2010,1.0,10.0,07-10 de agosto de 2010,Vox Populi,,,nao_identificado,Germano Rigotto (PMDB),38.0,38%,Pesquisas de opinião para o Senado | Lista dos candidatos ao Senado | Pesquisas de opinião para o Governo do Estado | Lista dos candidatos ao Governo do Estado | Pesquisas de opinião para o Senado[editar | editar código],wikipedia,,,,,,germano rigotto pmdb,Germano Rigotto (PMDB),Germano Rigotto PMDB,0.2124222332655506,False,3.0
2010,RS,Eleições estaduais no Rio Grande do Sul em 2010,https://pt.wikipedia.org/wiki/Elei%C3%A7%C3%B5es_estaduais_no_Rio_Grande_do_Sul_em_2010,1.0,10.0,07-10 de agosto de 2010,Vox Populi,,,nao_identificado,Paulo Paim (PT),30.0,30%,Pesquisas de opinião para o Senado | Lista dos candidatos ao Senado | Pesquisas de opinião para o Governo do Estado | Lista dos candidatos ao Governo do Estado | Pesquisas de opinião para o Senado[editar | editar código],wikipedia,,,,,,paulo paim pt,Paulo Paim (PT),Paulo Paim PT,0.3383481083687489,True,1.0
2010,RS,Eleições estaduais no Rio Grande do Sul em 2010,https://pt.wikipedia.org/wiki/Elei%C3%A7%C3%B5es_estaduais_no_Rio_Grande_do_Sul_em_2010,1.0,11.0,09-12 de agosto de 2010,Datafolha,,,duas_mencoes_agregadas,Abigail Pereira (PCdoB),1.0,1%,Pesquisas de opinião para o Senado | Lista dos candidatos ao Senado | Pesquisas de opinião para o Governo do Estado | Lista dos candidatos ao Governo do Estado | Pesquisas de opinião para o Senado[editar | editar código],wikipedia,,,,,,abigail pereira pcdob,Abigail Pereira (PCdoB),Abigail Pereira PCdoB,0.134715858846809,False,4.0
2010,RS,Eleições estaduais no Rio Grande do Sul em 2010,https://pt.wikipedia.org/wiki/Elei%C3%A7%C3%B5es_estaduais_no_Rio_Grande_do_Sul_em_2010,1.0,11.0,09-12 de agosto de 2010,Datafolha,,,duas_mencoes_agregadas,Ana Amélia Lemos (PP),35.0,35%,Pesquisas de opinião para o Senado | Lista dos candidatos ao Senado | Pesquisas de opinião para o Governo do Estado | Lista dos candidatos ao Governo do Estado | Pesquisas de opinião para o Senado[editar | editar código],wikipedia,,,,,,ana amelia lemos pp,Ana Amélia Lemos (PP),Ana Amélia Lemos PP,0.2953942604298225,True,2.0
2010,RS,Eleições estaduais no Rio Grande do Sul em 2010,https://pt.wikipedia.org/wiki/Elei%C3%A7%C3%B5es_estaduais_no_Rio_Grande_do_Sul_em_2010,1.0,11.0,09-12 de agosto de 2010,Datafolha,,,duas_mencoes_agregadas,Bernadete Menezes (PSOL),1.0,1%,Pesquisas de opinião para o Senado | Lista dos candidatos ao Senado | Pesquisas de opinião para o Governo do Estado | Lista dos candidatos ao Governo do Estado | Pesquisas de opinião para o Senado[editar | editar código],wikipedia,,,,,,bernadete menezes psol,Bernadete Menezes (PSOL),Berna Menezes PSOL,0.0019348212413808,False,8.0
2010,RS,Eleições estaduais no Rio Grande do Sul em 2010,https://pt.wikipedia.org/wiki/Elei%C3%A7%C3%B5es_estaduais_no_Rio_Grande_do_Sul_em_2010,1.0,11.0,09-12 de agosto de 2010,Datafolha,,,duas_mencoes_agregadas,José Schneider (PMN),3.0,3%,Pesquisas de opinião para o Senado | Lista dos candidatos ao Senado | Pesquisas de opinião para o Governo do Estado | Lista dos candidatos ao Governo do Estado | Pesquisas de opinião para o Senado[editar | editar código],wikipedia,,,,,,jose schneider pmn,José Schneider (PMN),José Schneider PMN,0.002809390318529,False,7.0
2010,RS,Eleições estaduais no Rio Grande do Sul em 2010,https://pt.wikipedia.org/wiki/Elei%C3%A7%C3%B5es_estaduais_no_Rio_Grande_do_Sul_em_2010,1.0,11.0,09-12 de agosto de 2010,Datafolha,,,duas_mencoes_agregadas,Luís Carlos Draehmer (PCB),1.0,1%,Pesquisas de opinião para o Senado | Lista dos candidatos ao Senado | Pesquisas de opinião para o Governo do Estado | Lista dos candidatos ao Governo do Estado | Pesquisas de opinião para o Senado[editar | editar código],wikipedia,,,,,,luis carlos draehmer pcb,Luís Carlos Draehmer (PCB),,,,
2010,RS,Eleições estaduais no Rio Grande do Sul em 2010,https://pt.wikipedia.org/wiki/Elei%C3%A7%C3%B5es_estaduais_no_Rio_Grande_do_Sul_em_2010,1.0,11.0,09-12 de agosto de 2010,Datafolha,,,duas_mencoes_agregadas,Luiz Carlos Lucas (PSOL),1.0,1%,Pesquisas de opinião para o Senado | Lista dos candidatos ao Senado | Pesquisas de opinião para o Governo do Estado | Lista dos candidatos ao Governo do Estado | Pesquisas de opinião para o Senado[editar | editar código],wikipedia,,,,,,luiz carlos lucas psol,Luiz Carlos Lucas (PSOL),,,,
2010,RS,Eleições estaduais no Rio Grande do Sul em 2010,https://pt.wikipedia.org/wiki/Elei%C3%A7%C3%B5es_estaduais_no_Rio_Grande_do_Sul_em_2010,1.0,11.0,09-12 de agosto de 2010,Datafolha,,,duas_mencoes_agregadas,Marcos Monteiro (PV),2.0,2%,Pesquisas de opinião para o Senado | Lista dos candidatos ao Senado | Pesquisas de opinião para o Governo do Estado | Lista dos candidatos ao Governo do Estado | Pesquisas de opinião para o Senado[editar | editar código],wikipedia,,,,,,marcos monteiro pv,Marcos Monteiro (PV),Marcos Monteiro PV,0.0088326265854061,False,5.0
2010,RS,Eleições estaduais no Rio Grande do Sul em 2010,https://pt.wikipedia.org/wiki/Elei%C3%A7%C3%B5es_estaduais_no_Rio_Grande_do_Sul_em_2010,1.0,11.0,09-12 de agosto de 2010,Datafolha,,,duas_mencoes_agregadas,Germano Rigotto (PMDB),43.0,43%,Pesquisas de opinião para o Senado | Lista dos candidatos ao Senado | Pesquisas de opinião para o Governo do Estado | Lista dos candidatos ao Governo do Estado | Pesquisas de opinião para o Senado[editar | editar código],wikipedia,,,,,,germano rigotto pmdb,Germano Rigotto (PMDB),Germano Rigotto PMDB,0.2124222332655506,False,3.0
2010,RS,Eleições estaduais no Rio Grande do Sul em 2010,https://pt.wikipedia.org/wiki/Elei%C3%A7%C3%B5es_estaduais_no_Rio_Grande_do_Sul_em_2010,1.0,11.0,09-12 de agosto de 2010,Datafolha,,,duas_mencoes_agregadas,Paulo Paim (PT),35.0,35%,Pesquisas de opinião para o Senado | Lista dos candidatos ao Senado | Pesquisas de opinião para o Governo do Estado | Lista dos candidatos ao Governo do Estado | Pesquisas de opinião para o Senado[editar | editar código],wikipedia,,,,,,paulo paim pt,Paulo Paim (PT),Paulo Paim PT,0.3383481083687489,True,1.0
2010,RS,Eleições estaduais no Rio Grande do Sul em 2010,https://pt.wikipedia.org/wiki/Elei%C3%A7%C3%B5es_estaduais_no_Rio_Grande_do_Sul_em_2010,1.0,11.0,09-12 de agosto de 2010,Datafolha,,,duas_mencoes_agregadas,Roberto Gross (PTC),2.0,2%,Pesquisas de opinião para o Senado | Lista dos candidatos ao Senado | Pesquisas de opinião para o Governo do Estado | Lista dos candidatos ao Governo do Estado | Pesquisas de opinião para o Senado[editar | editar código],wikipedia,,,,,,roberto gross ptc,Roberto Gross (PTC),Roberto Gross PTC,0.000604903040947,False,9.0
2010,RS,Eleições estaduais no Rio Grande do Sul em 2010,https://pt.wikipedia.org/wiki/Elei%C3%A7%C3%B5es_estaduais_no_Rio_Grande_do_Sul_em_2010,1.0,11.0,09-12 de agosto de 2010,Datafolha,,,duas_mencoes_agregadas,Vera Guasso (PSTU),3.0,3%,Pesquisas de opinião para o Senado | Lista dos candidatos ao Senado | Pesquisas de opinião para o Governo do Estado | Lista dos candidatos ao Governo do Estado | Pesquisas de opinião para o Senado[editar | editar código],wikipedia,,,,,,vera guasso pstu,Vera Guasso (PSTU),Vera Guasso PSTU,0.0049377979028059,False,6.0
2010,RS,Eleições estaduais no Rio Grande do Sul em 2010,https://pt.wikipedia.org/wiki/Elei%C3%A7%C3%B5es_estaduais_no_Rio_Grande_do_Sul_em_2010,1.0,12.0,11-13 de agosto de 2010,Methodus,,,duas_mencoes_agregadas,Abigail Pereira (PCdoB),2.4,"2,4%",Pesquisas de opinião para o Senado | Lista dos candidatos ao Senado | Pesquisas de opinião para o Governo do Estado | Lista dos candidatos ao Governo do Estado | Pesquisas de opinião para o Senado[editar | editar código],wikipedia,,,,,,abigail pereira pcdob,Abigail Pereira (PCdoB),Abigail Pereira PCdoB,0.134715858846809,False,4.0
2010,RS,Eleições estaduais no Rio Grande do Sul em 2010,https://pt.wikipedia.org/wiki/Elei%C3%A7%C3%B5es_estaduais_no_Rio_Grande_do_Sul_em_2010,1.0,12.0,11-13 de agosto de 2010,Methodus,,,duas_mencoes_agregadas,Ana Amélia Lemos (PP),39.4,"39,4%",Pesquisas de opinião para o Senado | Lista dos candidatos ao Senado | Pesquisas de opinião para o Governo do Estado | Lista dos candidatos ao Governo do Estado | Pesquisas de opinião para o Senado[editar | editar código],wikipedia,,,,,,ana amelia lemos pp,Ana Amélia Lemos (PP),Ana Amélia Lemos PP,0.2953942604298225,True,2.0
2010,RS,Eleições estaduais no Rio Grande do Sul em 2010,https://pt.wikipedia.org/wiki/Elei%C3%A7%C3%B5es_estaduais_no_Rio_Grande_do_Sul_em_2010,1.0,12.0,11-13 de agosto de 2010,Methodus,,,duas_mencoes_agregadas,Bernadete Menezes (PSOL),2.5,"2,5%",Pesquisas de opinião para o Senado | Lista dos candidatos ao Senado | Pesquisas de opinião para o Governo do Estado | Lista dos candidatos ao Governo do Estado | Pesquisas de opinião para o Senado[editar | editar código],wikipedia,,,,,,bernadete menezes psol,Bernadete Menezes (PSOL),Berna Menezes PSOL,0.0019348212413808,False,8.0
2010,RS,Eleições estaduais no Rio Grande do Sul em 2010,https://pt.wikipedia.org/wiki/Elei%C3%A7%C3%B5es_estaduais_no_Rio_Grande_do_Sul_em_2010,1.0,12.0,11-13 de agosto de 2010,Methodus,,,duas_mencoes_agregadas,José Schneider (PMN),3.7,"3,7%",Pesquisas de opinião para o Senado | Lista dos candidatos ao Senado | Pesquisas de opinião para o Governo do Estado | Lista dos candidatos ao Governo do Estado | Pesquisas de opinião para o Senado[editar | editar código],wikipedia,,,,,,jose schneider pmn,José Schneider (PMN),José Schneider PMN,0.002809390318529,False,7.0
2010,RS,Eleições estaduais no Rio Grande do Sul em 2010,https://pt.wikipedia.org/wiki/Elei%C3%A7%C3%B5es_estaduais_no_Rio_Grande_do_Sul_em_2010,1.0,12.0,11-13 de agosto de 2010,Methodus,,,duas_mencoes_agregadas,Luiz Carlos Lucas (PSOL),2.1,"2,1%",Pesquisas de opinião para o Senado | Lista dos candidatos ao Senado | Pesquisas de opinião para o Governo do Estado | Lista dos candidatos ao Governo do Estado | Pesquisas de opinião para o Senado[editar | editar código],wikipedia,,,,,,luiz carlos lucas psol,Luiz Carlos Lucas (PSOL),,,,
2010,RS,Eleições estaduais no Rio Grande do Sul em 2010,https://pt.wikipedia.org/wiki/Elei%C3%A7%C3%B5es_estaduais_no_Rio_Grande_do_Sul_em_2010,1.0,12.0,11-13 de agosto de 2010,Methodus,,,duas_mencoes_agregadas,Marcos Monteiro (PV),2.7,"2,7%",Pesquisas de opinião para o Senado | Lista dos candidatos ao Senado | Pesquisas de opinião para o Governo do Estado | Lista dos candidatos ao Governo do Estado | Pesquisas de opinião para o Senado[editar | editar código],wikipedia,,,,,,marcos monteiro pv,Marcos Monteiro (PV),Marcos Monteiro PV,0.0088326265854061,False,5.0
2010,RS,Eleições estaduais no Rio Grande do Sul em 2010,https://pt.wikipedia.org/wiki/Elei%C3%A7%C3%B5es_estaduais_no_Rio_Grande_do_Sul_em_2010,1.0,12.0,11-13 de agosto de 2010,Methodus,,,duas_mencoes_agregadas,Germano Rigotto (PMDB),48.5,"48,5%",Pesquisas de opinião para o Senado | Lista dos candidatos ao Senado | Pesquisas de opinião para o Governo do Estado | Lista dos candidatos ao Governo do Estado | Pesquisas de opinião para o Senado[editar | editar código],wikipedia,,,,,,germano rigotto pmdb,Germano Rigotto (PMDB),Germano Rigotto PMDB,0.2124222332655506,False,3.0
2010,RS,Eleições estaduais no Rio Grande do Sul em 2010,https://pt.wikipedia.org/wiki/Elei%C3%A7%C3%B5es_estaduais_no_Rio_Grande_do_Sul_em_2010,1.0,12.0,11-13 de agosto de 2010,Methodus,,,duas_mencoes_agregadas,Paulo Paim (PT),47.7,"47,7%",Pesquisas de opinião para o Senado | Lista dos candidatos ao Senado | Pesquisas de opinião para o Governo do Estado | Lista dos candidatos ao Governo do Estado | Pesquisas de opinião para o Senado[editar | editar código],wikipedia,,,,,,paulo paim pt,Paulo Paim (PT),Paulo Paim PT,0.3383481083687489,True,1.0
2010,RS,Eleições estaduais no Rio Grande do Sul em 2010,https://pt.wikipedia.org/wiki/Elei%C3%A7%C3%B5es_estaduais_no_Rio_Grande_do_Sul_em_2010,1.0,12.0,11-13 de agosto de 2010,Methodus,,,duas_mencoes_agregadas,Roberto Gross (PTC),1.4,"1,4%",Pesquisas de opinião para o Senado | Lista dos candidatos ao Senado | Pesquisas de opinião para o Governo do Estado | Lista dos candidatos ao Governo do Estado | Pesquisas de opinião para o Senado[editar | editar código],wikipedia,,,,,,roberto gross ptc,Roberto Gross (PTC),Roberto Gross PTC,0.000604903040947,False,9.0
2010,RS,Eleições estaduais no Rio Grande do Sul em 2010,https://pt.wikipedia.org/wiki/Elei%C3%A7%C3%B5es_estaduais_no_Rio_Grande_do_Sul_em_2010,1.0,12.0,11-13 de agosto de 2010,Methodus,,,duas_mencoes_agregadas,Vera Guasso (PSTU),4.2,"4,2%",Pesquisas de opinião para o Senado | Lista dos candidatos ao Senado | Pesquisas de opinião para o Governo do Estado | Lista dos candidatos ao Governo do Estado | Pesquisas de opinião para o Senado[editar | editar código],wikipedia,,,,,,vera guasso pstu,Vera Guasso (PSTU),Vera Guasso PSTU,0.0049377979028059,False,6.0
2010,RS,Eleições estaduais no Rio Grande do Sul em 2010,https://pt.wikipedia.org/wiki/Elei%C3%A7%C3%B5es_estaduais_no_Rio_Grande_do_Sul_em_2010,1.0,13.0,23-24 de agosto de 2010,Datafolha,,,duas_mencoes_agregadas,Abigail Pereira (PCdoB),4.0,4%,Pesquisas de opinião para o Senado | Lista dos candidatos ao Senado | Pesquisas de opinião para o Governo do Estado | Lista dos candidatos ao Governo do Estado | Pesquisas de opinião para o Senado[editar | editar código],wikipedia,,,,,,abigail pereira pcdob,Abigail Pereira (PCdoB),Abigail Pereira PCdoB,0.134715858846809,False,4.0
2010,RS,Eleições estaduais no Rio Grande do Sul em 2010,https://pt.wikipedia.org/wiki/Elei%C3%A7%C3%B5es_estaduais_no_Rio_Grande_do_Sul_em_2010,1.0,13.0,23-24 de agosto de 2010,Datafolha,,,duas_mencoes_agregadas,Ana Amélia Lemos (PP),44.0,44%,Pesquisas de opinião para o Senado | Lista dos candidatos ao Senado | Pesquisas de opinião para o Governo do Estado | Lista dos candidatos ao Governo do Estado | Pesquisas de opinião para o Senado[editar | editar código],wikipedia,,,,,,ana amelia lemos pp,Ana Amélia Lemos (PP),Ana Amélia Lemos PP,0.2953942604298225,True,2.0
2010,RS,Eleições estaduais no Rio Grande do Sul em 2010,https://pt.wikipedia.org/wiki/Elei%C3%A7%C3%B5es_estaduais_no_Rio_Grande_do_Sul_em_2010,1.0,13.0,23-24 de agosto de 2010,Datafolha,,,duas_mencoes_agregadas,Bernadete Menezes (PSOL),1.0,1%,Pesquisas de opinião para o Senado | Lista dos candidatos ao Senado | Pesquisas de opinião para o Governo do Estado | Lista dos candidatos ao Governo do Estado | Pesquisas de opinião para o Senado[editar | editar código],wikipedia,,,,,,bernadete menezes psol,Bernadete Menezes (PSOL),Berna Menezes PSOL,0.0019348212413808,False,8.0
2010,RS,Eleições estaduais no Rio Grande do Sul em 2010,https://pt.wikipedia.org/wiki/Elei%C3%A7%C3%B5es_estaduais_no_Rio_Grande_do_Sul_em_2010,1.0,13.0,23-24 de agosto de 2010,Datafolha,,,duas_mencoes_agregadas,José Schneider (PMN),3.0,3%,Pesquisas de opinião para o Senado | Lista dos candidatos ao Senado | Pesquisas de opinião para o Governo do Estado | Lista dos candidatos ao Governo do Estado | Pesquisas de opinião para o Senado[editar | editar código],wikipedia,,,,,,jose schneider pmn,José Schneider (PMN),José Schneider PMN,0.002809390318529,False,7.0
2010,RS,Eleições estaduais no Rio Grande do Sul em 2010,https://pt.wikipedia.org/wiki/Elei%C3%A7%C3%B5es_estaduais_no_Rio_Grande_do_Sul_em_2010,1.0,13.0,23-24 de agosto de 2010,Datafolha,,,duas_mencoes_agregadas,Luís Carlos Draehmer (PCB),1.0,1%,Pesquisas de opinião para o Senado | Lista dos candidatos ao Senado | Pesquisas de opinião para o Governo do Estado | Lista dos candidatos ao Governo do Estado | Pesquisas de opinião para o Senado[editar | editar código],wikipedia,,,,,,luis carlos draehmer pcb,Luís Carlos Draehmer (PCB),,,,
2010,RS,Eleições estaduais no Rio Grande do Sul em 2010,https://pt.wikipedia.org/wiki/Elei%C3%A7%C3%B5es_estaduais_no_Rio_Grande_do_Sul_em_2010,1.0,13.0,23-24 de agosto de 2010,Datafolha,,,duas_mencoes_agregadas,Luiz Carlos Lucas (PSOL),2.0,2%,Pesquisas de opinião para o Senado | Lista dos candidatos ao Senado | Pesquisas de opinião para o Governo do Estado | Lista dos candidatos ao Governo do Estado | Pesquisas de opinião para o Senado[editar | editar código],wikipedia,,,,,,luiz carlos lucas psol,Luiz Carlos Lucas (PSOL),,,,
2010,RS,Eleições estaduais no Rio Grande do Sul em 2010,https://pt.wikipedia.org/wiki/Elei%C3%A7%C3%B5es_estaduais_no_Rio_Grande_do_Sul_em_2010,1.0,13.0,23-24 de agosto de 2010,Datafolha,,,duas_mencoes_agregadas,Marcos Monteiro (PV),1.0,1%,Pesquisas de opinião para o Senado | Lista dos candidatos ao Senado | Pesquisas de opinião para o Governo do Estado | Lista dos candidatos ao Governo do Estado | Pesquisas de opinião para o Senado[editar | editar código],wikipedia,,,,,,marcos monteiro pv,Marcos Monteiro (PV),Marcos Monteiro PV,0.0088326265854061,False,5.0
2010,RS,Eleições estaduais no Rio Grande do Sul em 2010,https://pt.wikipedia.org/wiki/Elei%C3%A7%C3%B5es_estaduais_no_Rio_Grande_do_Sul_em_2010,1.0,13.0,23-24 de agosto de 2010,Datafolha,,,duas_mencoes_agregadas,Germano Rigotto (PMDB),42.0,42%,Pesquisas de opinião para o Senado | Lista dos candidatos ao Senado | Pesquisas de opinião para o Governo do Estado | Lista dos candidatos ao Governo do Estado | Pesquisas de opinião para o Senado[editar | editar código],wikipedia,,,,,,germano rigotto pmdb,Germano Rigotto (PMDB),Germano Rigotto PMDB,0.2124222332655506,False,3.0
2010,RS,Eleições estaduais no Rio Grande do Sul em 2010,https://pt.wikipedia.org/wiki/Elei%C3%A7%C3%B5es_estaduais_no_Rio_Grande_do_Sul_em_2010,1.0,13.0,23-24 de agosto de 2010,Datafolha,,,duas_mencoes_agregadas,Paulo Paim (PT),38.0,38%,Pesquisas de opinião para o Senado | Lista dos candidatos ao Senado | Pesquisas de opinião para o Governo do Estado | Lista dos candidatos ao Governo do Estado | Pesquisas de opinião para o Senado[editar | editar código],wikipedia,,,,,,paulo paim pt,Paulo Paim (PT),Paulo Paim PT,0.3383481083687489,True,1.0
2010,RS,Eleições estaduais no Rio Grande do Sul em 2010,https://pt.wikipedia.org/wiki/Elei%C3%A7%C3%B5es_estaduais_no_Rio_Grande_do_Sul_em_2010,1.0,13.0,23-24 de agosto de 2010,Datafolha,,,duas_mencoes_agregadas,Roberto Gross (PTC),1.0,1%,Pesquisas de opinião para o Senado | Lista dos candidatos ao Senado | Pesquisas de opinião para o Governo do Estado | Lista dos candidatos ao Governo do Estado | Pesquisas de opinião para o Senado[editar | editar código],wikipedia,,,,,,roberto gross ptc,Roberto Gross (PTC),Roberto Gross PTC,0.000604903040947,False,9.0
2010,RS,Eleições estaduais no Rio Grande do Sul em 2010,https://pt.wikipedia.org/wiki/Elei%C3%A7%C3%B5es_estaduais_no_Rio_Grande_do_Sul_em_2010,1.0,13.0,23-24 de agosto de 2010,Datafolha,,,duas_mencoes_agregadas,Vera Guasso (PSTU),2.0,2%,Pesquisas de opinião para o Senado | Lista dos candidatos ao Senado | Pesquisas de opinião para o Governo do Estado | Lista dos candidatos ao Governo do Estado | Pesquisas de opinião para o Senado[editar | editar código],wikipedia,,,,,,vera guasso pstu,Vera Guasso (PSTU),Vera Guasso PSTU,0.0049377979028059,False,6.0
2010,AC,,https://www.congressoemfoco.com.br/noticia/82698/a-disputa-para-o-senado-estado-por-estado,,,28-30/08,Ibope,,,,Jorge Viana (PT),63.0,,,congresso_em_foco,2010-AC-001,duas_mencoes_agregadas,False,False,2010-10-02T07:00:00-03:00,jorge viana pt,Jorge Viana (PT),Jorge Viana PT,0.3176638550810178,True,1.0
2010,AC,,https://www.congressoemfoco.com.br/noticia/82698/a-disputa-para-o-senado-estado-por-estado,,,28-30/08,Ibope,,,,Petecão (PMN),38.0,,,congresso_em_foco,2010-AC-001,duas_mencoes_agregadas,False,False,2010-10-02T07:00:00-03:00,petecao pmn,Petecão (PMN),Sergio de Oliveira Cunha (Petecão) PMN,0.308954068507099,True,2.0
2010,AC,,https://www.congressoemfoco.com.br/noticia/82698/a-disputa-para-o-senado-estado-por-estado,,,28-30/08,Ibope,,,,Edvaldo Magalhães (PC do B),31.0,,,congresso_em_foco,2010-AC-001,duas_mencoes_agregadas,False,False,2010-10-02T07:00:00-03:00,edvaldo magalhaes pc do b,Edvaldo Magalhães (PC do B),Edvaldo Magalhães PCdoB,0.1912939216907214,False,3.0
2010,AC,,https://www.congressoemfoco.com.br/noticia/82698/a-disputa-para-o-senado-estado-por-estado,,,28-30/08,Ibope,,,,João Correia (PMDB),11.0,,,congresso_em_foco,2010-AC-001,duas_mencoes_agregadas,False,False,2010-10-02T07:00:00-03:00,joao correia pmdb,João Correia (PMDB),João Corrêia PMDB,0.1820881547211617,False,4.0
2010,AC,,https://www.congressoemfoco.com.br/noticia/82698/a-disputa-para-o-senado-estado-por-estado,,,28-30/08,Ibope,,,,Cezar Henrique (Psol),2.0,,,congresso_em_foco,2010-AC-001,duas_mencoes_agregadas,False,False,2010-10-02T07:00:00-03:00,cezar henrique psol,Cezar Henrique (Psol),,,,
2010,AC,,https://www.congressoemfoco.com.br/noticia/82698/a-disputa-para-o-senado-estado-por-estado,,,27-29/07,Ibope,,,,Jorge Viana (PT),64.0,,,congresso_em_foco,2010-AC-002,duas_mencoes_agregadas,False,False,2010-10-02T07:00:00-03:00,jorge viana pt,Jorge Viana (PT),Jorge Viana PT,0.3176638550810178,True,1.0
2010,AC,,https://www.congressoemfoco.com.br/noticia/82698/a-disputa-para-o-senado-estado-por-estado,,,27-29/07,Ibope,,,,Petecão (PMN),35.0,,,congresso_em_foco,2010-AC-002,duas_mencoes_agregadas,False,False,2010-10-02T07:00:00-03:00,petecao pmn,Petecão (PMN),Sergio de Oliveira Cunha (Petecão) PMN,0.308954068507099,True,2.0
2010,AC,,https://www.congressoemfoco.com.br/noticia/82698/a-disputa-para-o-senado-estado-por-estado,,,27-29/07,Ibope,,,,Edvaldo Magalhães (PC do B),27.0,,,congresso_em_foco,2010-AC-002,duas_mencoes_agregadas,False,False,2010-10-02T07:00:00-03:00,edvaldo magalhaes pc do b,Edvaldo Magalhães (PC do B),Edvaldo Magalhães PCdoB,0.1912939216907214,False,3.0
2010,AC,,https://www.congressoemfoco.com.br/noticia/82698/a-disputa-para-o-senado-estado-por-estado,,,27-29/07,Ibope,,,,João Correia (PMDB),7.0,,,congresso_em_foco,2010-AC-002,duas_mencoes_agregadas,False,False,2010-10-02T07:00:00-03:00,joao correia pmdb,João Correia (PMDB),João Corrêia PMDB,0.1820881547211617,False,4.0
2010,AC,,https://www.congressoemfoco.com.br/noticia/82698/a-disputa-para-o-senado-estado-por-estado,,,27-29/07,Ibope,,,,Cezar Henrique (Psol),3.0,,,congresso_em_foco,2010-AC-002,duas_mencoes_agregadas,False,False,2010-10-02T07:00:00-03:00,cezar henrique psol,Cezar Henrique (Psol),,,,
2010,AC,,https://www.congressoemfoco.com.br/noticia/82698/a-disputa-para-o-senado-estado-por-estado,,,12-14/07,Ibope,,,,Jorge Viana (PT),67.0,,,congresso_em_foco,2010-AC-003,duas_mencoes_agregadas,False,False,2010-10-02T07:00:00-03:00,jorge viana pt,Jorge Viana (PT),Jorge Viana PT,0.3176638550810178,True,1.0
2010,AC,,https://www.congressoemfoco.com.br/noticia/82698/a-disputa-para-o-senado-estado-por-estado,,,12-14/07,Ibope,,,,Petecão (PMN),31.0,,,congresso_em_foco,2010-AC-003,duas_mencoes_agregadas,False,False,2010-10-02T07:00:00-03:00,petecao pmn,Petecão (PMN),Sergio de Oliveira Cunha (Petecão) PMN,0.308954068507099,True,2.0
2010,AC,,https://www.congressoemfoco.com.br/noticia/82698/a-disputa-para-o-senado-estado-por-estado,,,12-14/07,Ibope,,,,Edvaldo Magalhães (PC do B),27.0,,,congresso_em_foco,2010-AC-003,duas_mencoes_agregadas,False,False,2010-10-02T07:00:00-03:00,edvaldo magalhaes pc do b,Edvaldo Magalhães (PC do B),Edvaldo Magalhães PCdoB,0.1912939216907214,False,3.0
2010,AC,,https://www.congressoemfoco.com.br/noticia/82698/a-disputa-para-o-senado-estado-por-estado,,,12-14/07,Ibope,,,,João Correia (PMDB),11.0,,,congresso_em_foco,2010-AC-003,duas_mencoes_agregadas,False,False,2010-10-02T07:00:00-03:00,joao correia pmdb,João Correia (PMDB),João Corrêia PMDB,0.1820881547211617,False,4.0
2010,AL,,https://www.congressoemfoco.com.br/noticia/82698/a-disputa-para-o-senado-estado-por-estado,,,11-13/09,Ibope,,,,Renan Calheiros,54.0,,,congresso_em_foco,2010-AL-004,duas_mencoes_agregadas,False,False,2010-10-02T07:00:00-03:00,renan calheiros,Renan Calheiros,Renan Calheiros (PMDB),0.3533848806855458,True,2.0
2010,AL,,https://www.congressoemfoco.com.br/noticia/82698/a-disputa-para-o-senado-estado-por-estado,,,11-13/09,Ibope,,,,Heloisa Helena (Psol),41.0,,,congresso_em_foco,2010-AL-004,duas_mencoes_agregadas,False,False,2010-10-02T07:00:00-03:00,heloisa helena psol,Heloisa Helena (Psol),Heloisa Helena (PSOL),0.1755288633090138,False,3.0
2010,AL,,https://www.congressoemfoco.com.br/noticia/82698/a-disputa-para-o-senado-estado-por-estado,,,11-13/09,Ibope,,,,Benedito de Lira (PP),35.0,,,congresso_em_foco,2010-AL-004,duas_mencoes_agregadas,False,False,2010-10-02T07:00:00-03:00,benedito de lira pp,Benedito de Lira (PP),Benedito de Lira (PP),0.3800885217969479,True,1.0
2010,AL,,https://www.congressoemfoco.com.br/noticia/82698/a-disputa-para-o-senado-estado-por-estado,,,11-13/09,Ibope,,,,Eduardo Bomfim (PC do B),4.0,,,congresso_em_foco,2010-AL-004,duas_mencoes_agregadas,False,False,2010-10-02T07:00:00-03:00,eduardo bomfim pc do b,Eduardo Bomfim (PC do B),Eduardo Bonfim (PCdoB),0.0058298634767101,False,7.0
2010,AL,,https://www.congressoemfoco.com.br/noticia/82698/a-disputa-para-o-senado-estado-por-estado,,,11-13/09,Ibope,,,,Zé Costa (PPS),4.0,,,congresso_em_foco,2010-AL-004,duas_mencoes_agregadas,False,False,2010-10-02T07:00:00-03:00,ze costa pps,Zé Costa (PPS),Zé Costa (PPS),0.0474597371244747,False,4.0
2010,AL,,https://www.congressoemfoco.com.br/noticia/82698/a-disputa-para-o-senado-estado-por-estado,,,11-13/09,Ibope,,,,Alvaro Vasconcelos (PTB),2.0,,,congresso_em_foco,2010-AL-004,duas_mencoes_agregadas,False,False,2010-10-02T07:00:00-03:00,alvaro vasconcelos ptb,Alvaro Vasconcelos (PTB),Alvaro Vasconscelos (PTB),0.0264401183372763,False,5.0
2010,AL,,https://www.congressoemfoco.com.br/noticia/82698/a-disputa-para-o-senado-estado-por-estado,,,11-13/09,Ibope,,,,Afonso Lacerda (PRTB),1.0,,,congresso_em_foco,2010-AL-004,duas_mencoes_agregadas,False,False,2010-10-02T07:00:00-03:00,afonso lacerda prtb,Afonso Lacerda (PRTB),Afonso Lacerda (PRTB),0.0047278591485482,False,8.0
2010,AL,,https://www.congressoemfoco.com.br/noticia/82698/a-disputa-para-o-senado-estado-por-estado,,,11-13/09,Ibope,,,,Diógenes Paes (PCB),1.0,,,congresso_em_foco,2010-AL-004,duas_mencoes_agregadas,False,False,2010-10-02T07:00:00-03:00,diogenes paes pcb,Diógenes Paes (PCB),Diógenes Paes (PCB),0.0,False,10.0
2010,AL,,https://www.congressoemfoco.com.br/noticia/82698/a-disputa-para-o-senado-estado-por-estado,,,11-13/09,Ibope,,,,Flavio Emilio (PTB),1.0,,,congresso_em_foco,2010-AL-004,duas_mencoes_agregadas,False,False,2010-10-02T07:00:00-03:00,flavio emilio ptb,Flavio Emilio (PTB),Flavio Emilio (PTB),0.0005598282857023,False,9.0
2010,AL,,https://www.congressoemfoco.com.br/noticia/82698/a-disputa-para-o-senado-estado-por-estado,,,11-13/09,Ibope,,,,Paulo Nunes (PRTB),1.0,,,congresso_em_foco,2010-AL-004,duas_mencoes_agregadas,False,False,2010-10-02T07:00:00-03:00,paulo nunes prtb,Paulo Nunes (PRTB),Paulo Nunes (PRTB),0.0059803278357803,False,6.0
2010,AL,,https://www.congressoemfoco.com.br/noticia/82698/a-disputa-para-o-senado-estado-por-estado,,,03-05/09,Sensus,,,,Renan Calheiros,46.8,,,congresso_em_foco,2010-AL-005,duas_mencoes_agregadas,False,False,2010-10-02T07:00:00-03:00,renan calheiros,Renan Calheiros,Renan Calheiros (PMDB),0.3533848806855458,True,2.0
2010,AL,,https://www.congressoemfoco.com.br/noticia/82698/a-disputa-para-o-senado-estado-por-estado,,,03-05/09,Sensus,,,,Heloisa Helena (Psol),42.1,,,congresso_em_foco,2010-AL-005,duas_mencoes_agregadas,False,False,2010-10-02T07:00:00-03:00,heloisa helena psol,Heloisa Helena (Psol),Heloisa Helena (PSOL),0.1755288633090138,False,3.0
2010,AL,,https://www.congressoemfoco.com.br/noticia/82698/a-disputa-para-o-senado-estado-por-estado,,,03-05/09,Sensus,,,,Benedito de Lira (PP),31.8,,,congresso_em_foco,2010-AL-005,duas_mencoes_agregadas,False,False,2010-10-02T07:00:00-03:00,benedito de lira pp,Benedito de Lira (PP),Benedito de Lira (PP),0.3800885217969479,True,1.0
2010,AL,,https://www.congressoemfoco.com.br/noticia/82698/a-disputa-para-o-senado-estado-por-estado,,,03-05/09,Sensus,,,,Eduardo Bomfim (PC do B),6.2,,,congresso_em_foco,2010-AL-005,duas_mencoes_agregadas,False,False,2010-10-02T07:00:00-03:00,eduardo bomfim pc do b,Eduardo Bomfim (PC do B),Eduardo Bonfim (PCdoB),0.0058298634767101,False,7.0
2010,AL,,https://www.congressoemfoco.com.br/noticia/82698/a-disputa-para-o-senado-estado-por-estado,,,03-05/09,Sensus,,,,Zé Costa (PPS),4.2,,,congresso_em_foco,2010-AL-005,duas_mencoes_agregadas,False,False,2010-10-02T07:00:00-03:00,ze costa pps,Zé Costa (PPS),Zé Costa (PPS),0.0474597371244747,False,4.0
2010,AL,,https://www.congressoemfoco.com.br/noticia/82698/a-disputa-para-o-senado-estado-por-estado,,,03-05/09,Sensus,,,,Afonso Lacerda (PRTB),2.8,,,congresso_em_foco,2010-AL-005,duas_mencoes_agregadas,False,False,2010-10-02T07:00:00-03:00,afonso lacerda prtb,Afonso Lacerda (PRTB),Afonso Lacerda (PRTB),0.0047278591485482,False,8.0
2010,AL,,https://www.congressoemfoco.com.br/noticia/82698/a-disputa-para-o-senado-estado-por-estado,,,03-05/09,Sensus,,,,Paulo Nunes (PRTB),2.4,,,congresso_em_foco,2010-AL-005,duas_mencoes_agregadas,False,False,2010-10-02T07:00:00-03:00,paulo nunes prtb,Paulo Nunes (PRTB),Paulo Nunes (PRTB),0.0059803278357803,False,6.0
2010,AL,,https://www.congressoemfoco.com.br/noticia/82698/a-disputa-para-o-senado-estado-por-estado,,,03-05/09,Sensus,,,,Alvaro Vasconcelos (PTB),1.8,,,congresso_em_foco,2010-AL-005,duas_mencoes_agregadas,False,False,2010-10-02T07:00:00-03:00,alvaro vasconcelos ptb,Alvaro Vasconcelos (PTB),Alvaro Vasconscelos (PTB),0.0264401183372763,False,5.0
2010,AL,,https://www.congressoemfoco.com.br/noticia/82698/a-disputa-para-o-senado-estado-por-estado,,,03-05/09,Sensus,,,,Diógenes Paes (PCB),1.0,,,congresso_em_foco,2010-AL-005,duas_mencoes_agregadas,False,False,2010-10-02T07:00:00-03:00,diogenes paes pcb,Diógenes Paes (PCB),Diógenes Paes (PCB),0.0,False,10.0
2010,AL,,https://www.congressoemfoco.com.br/noticia/82698/a-disputa-para-o-senado-estado-por-estado,,,21-23/08,Ibope,,,,Heloisa Helena (Psol),44.0,,,congresso_em_foco,2010-AL-006,duas_mencoes_agregadas,False,False,2010-10-02T07:00:00-03:00,heloisa helena psol,Heloisa Helena (Psol),Heloisa Helena (PSOL),0.1755288633090138,False,3.0
2010,AL,,https://www.congressoemfoco.com.br/noticia/82698/a-disputa-para-o-senado-estado-por-estado,,,21-23/08,Ibope,,,,Renan Calheiros,42.0,,,congresso_em_foco,2010-AL-006,duas_mencoes_agregadas,False,False,2010-10-02T07:00:00-03:00,renan calheiros,Renan Calheiros,Renan Calheiros (PMDB),0.3533848806855458,True,2.0
2010,AL,,https://www.congressoemfoco.com.br/noticia/82698/a-disputa-para-o-senado-estado-por-estado,,,21-23/08,Ibope,,,,Benedito de Lira (PP),28.0,,,congresso_em_foco,2010-AL-006,duas_mencoes_agregadas,False,False,2010-10-02T07:00:00-03:00,benedito de lira pp,Benedito de Lira (PP),Benedito de Lira (PP),0.3800885217969479,True,1.0
2010,AL,,https://www.congressoemfoco.com.br/noticia/82698/a-disputa-para-o-senado-estado-por-estado,,,21-23/08,Ibope,,,,Zé Costa (PPS),4.0,,,congresso_em_foco,2010-AL-006,duas_mencoes_agregadas,False,False,2010-10-02T07:00:00-03:00,ze costa pps,Zé Costa (PPS),Zé Costa (PPS),0.0474597371244747,False,4.0
2010,AL,,https://www.congressoemfoco.com.br/noticia/82698/a-disputa-para-o-senado-estado-por-estado,,,21-23/08,Ibope,,,,Eduardo Bomfim (PC do B),2.0,,,congresso_em_foco,2010-AL-006,duas_mencoes_agregadas,False,False,2010-10-02T07:00:00-03:00,eduardo bomfim pc do b,Eduardo Bomfim (PC do B),Eduardo Bonfim (PCdoB),0.0058298634767101,False,7.0
2010,AL,,https://www.congressoemfoco.com.br/noticia/82698/a-disputa-para-o-senado-estado-por-estado,,,21-23/08,Ibope,,,,Alvaro Vasconcelos (PTB),2.0,,,congresso_em_foco,2010-AL-006,duas_mencoes_agregadas,False,False,2010-10-02T07:00:00-03:00,alvaro vasconcelos ptb,Alvaro Vasconcelos (PTB),Alvaro Vasconscelos (PTB),0.0264401183372763,False,5.0
2010,AL,,https://www.congressoemfoco.com.br/noticia/82698/a-disputa-para-o-senado-estado-por-estado,,,21-23/08,Ibope,,,,Paulo Nunes (PRTB),2.0,,,congresso_em_foco,2010-AL-006,duas_mencoes_agregadas,False,False,2010-10-02T07:00:00-03:00,paulo nunes prtb,Paulo Nunes (PRTB),Paulo Nunes (PRTB),0.0059803278357803,False,6.0
2010,AL,,https://www.congressoemfoco.com.br/noticia/82698/a-disputa-para-o-senado-estado-por-estado,,,21-23/08,Ibope,,,,Afonso Lacerda (PRTB),1.0,,,congresso_em_foco,2010-AL-006,duas_mencoes_agregadas,False,False,2010-10-02T07:00:00-03:00,afonso lacerda prtb,Afonso Lacerda (PRTB),Afonso Lacerda (PRTB),0.0047278591485482,False,8.0
2010,AL,,https://www.congressoemfoco.com.br/noticia/82698/a-disputa-para-o-senado-estado-por-estado,,,21-23/08,Ibope,,,,Diógenes Paes (PCB),1.0,,,congresso_em_foco,2010-AL-006,duas_mencoes_agregadas,False,False,2010-10-02T07:00:00-03:00,diogenes paes pcb,Diógenes Paes (PCB),Diógenes Paes (PCB),0.0,False,10.0
2010,AL,,https://www.congressoemfoco.com.br/noticia/82698/a-disputa-para-o-senado-estado-por-estado,,,21-23/08,Ibope,,,,Flavio Emilio (PTB),1.0,,,congresso_em_foco,2010-AL-006,duas_mencoes_agregadas,False,False,2010-10-02T07:00:00-03:00,flavio emilio ptb,Flavio Emilio (PTB),Flavio Emilio (PTB),0.0005598282857023,False,9.0
2010,AP,,https://www.congressoemfoco.com.br/noticia/82698/a-disputa-para-o-senado-estado-por-estado,,,18-21/09,Escutec,,,,Capiberibe (PSB),39.0,,,congresso_em_foco,2010-AP-007,duas_mencoes_agregadas,False,False,2010-10-02T07:00:00-03:00,capiberibe psb,Capiberibe (PSB),João Capiberibe PSB,0.1994579397107478,True,2.0
2010,AP,,https://www.congressoemfoco.com.br/noticia/82698/a-disputa-para-o-senado-estado-por-estado,,,18-21/09,Escutec,,,,Gilvam Borges (PMDB),36.0,,,congresso_em_foco,2010-AP-007,duas_mencoes_agregadas,False,False,2010-10-02T07:00:00-03:00,gilvam borges pmdb,Gilvam Borges (PMDB),Gilvam Borges PMDB,0.1856180699033832,False,3.0
2010,AP,,https://www.congressoemfoco.com.br/noticia/82698/a-disputa-para-o-senado-estado-por-estado,,,18-21/09,Escutec,,,,Randolfe (Psol),36.0,,,congresso_em_foco,2010-AP-007,duas_mencoes_agregadas,False,False,2010-10-02T07:00:00-03:00,randolfe psol,Randolfe (Psol),Randolfe Rodrigues PSOL,0.3117674938684606,True,1.0
2010,AP,,https://www.congressoemfoco.com.br/noticia/82698/a-disputa-para-o-senado-estado-por-estado,,,18-21/09,Escutec,,,,Waldez (PDT),35.0,,,congresso_em_foco,2010-AP-007,duas_mencoes_agregadas,False,False,2010-10-02T07:00:00-03:00,waldez pdt,Waldez (PDT),Waldez Góes PDT,0.1637393263666162,False,4.0
2010,AP,,https://www.congressoemfoco.com.br/noticia/82698/a-disputa-para-o-senado-estado-por-estado,,,18-21/09,Escutec,,,,Papaleo (PSDB),12.0,,,congresso_em_foco,2010-AP-007,duas_mencoes_agregadas,False,False,2010-10-02T07:00:00-03:00,papaleo psdb,Papaleo (PSDB),Papaléo Paes PSDB,0.0730400931349767,False,5.0
2010,AP,,https://www.congressoemfoco.com.br/noticia/82698/a-disputa-para-o-senado-estado-por-estado,,,18-21/09,Escutec,,,,Professor Marcos (PT),3.0,,,congresso_em_foco,2010-AP-007,duas_mencoes_agregadas,False,False,2010-10-02T07:00:00-03:00,professor marcos pt,Professor Marcos (PT),Professor Marcos PT,0.0663770770158154,False,6.0
2010,AP,,https://www.congressoemfoco.com.br/noticia/82698/a-disputa-para-o-senado-estado-por-estado,,,18-21/09,Escutec,,,,Claudio Vigilante (PSTU),1.0,,,congresso_em_foco,2010-AP-007,duas_mencoes_agregadas,False,False,2010-10-02T07:00:00-03:00,claudio vigilante pstu,Claudio Vigilante (PSTU),Claudio Vigilante PSTU,0.0,False,7.0
2010,AP,,https://www.congressoemfoco.com.br/noticia/82698/a-disputa-para-o-senado-estado-por-estado,,,10-12/09,Ibope,,,,Capiberibe (PSB),39.0,,,congresso_em_foco,2010-AP-008,duas_mencoes_agregadas,False,False,2010-10-02T07:00:00-03:00,capiberibe psb,Capiberibe (PSB),João Capiberibe PSB,0.1994579397107478,True,2.0
2010,AP,,https://www.congressoemfoco.com.br/noticia/82698/a-disputa-para-o-senado-estado-por-estado,,,10-12/09,Ibope,,,,Gilvam Borges (PMDB),36.0,,,congresso_em_foco,2010-AP-008,duas_mencoes_agregadas,False,False,2010-10-02T07:00:00-03:00,gilvam borges pmdb,Gilvam Borges (PMDB),Gilvam Borges PMDB,0.1856180699033832,False,3.0
2010,AP,,https://www.congressoemfoco.com.br/noticia/82698/a-disputa-para-o-senado-estado-por-estado,,,10-12/09,Ibope,,,,Randolfe (Psol),36.0,,,congresso_em_foco,2010-AP-008,duas_mencoes_agregadas,False,False,2010-10-02T07:00:00-03:00,randolfe psol,Randolfe (Psol),Randolfe Rodrigues PSOL,0.3117674938684606,True,1.0
2010,AP,,https://www.congressoemfoco.com.br/noticia/82698/a-disputa-para-o-senado-estado-por-estado,,,10-12/09,Ibope,,,,Waldez (PDT),35.0,,,congresso_em_foco,2010-AP-008,duas_mencoes_agregadas,False,False,2010-10-02T07:00:00-03:00,waldez pdt,Waldez (PDT),Waldez Góes PDT,0.1637393263666162,False,4.0
2010,AP,,https://www.congressoemfoco.com.br/noticia/82698/a-disputa-para-o-senado-estado-por-estado,,,10-12/09,Ibope,,,,Papaleo (PSDB),12.0,,,congresso_em_foco,2010-AP-008,duas_mencoes_agregadas,False,False,2010-10-02T07:00:00-03:00,papaleo psdb,Papaleo (PSDB),Papaléo Paes PSDB,0.0730400931349767,False,5.0
2010,AP,,https://www.congressoemfoco.com.br/noticia/82698/a-disputa-para-o-senado-estado-por-estado,,,10-12/09,Ibope,,,,Professor Marcos (PT),3.0,,,congresso_em_foco,2010-AP-008,duas_mencoes_agregadas,False,False,2010-10-02T07:00:00-03:00,professor marcos pt,Professor Marcos (PT),Professor Marcos PT,0.0663770770158154,False,6.0
2010,AP,,https://www.congressoemfoco.com.br/noticia/82698/a-disputa-para-o-senado-estado-por-estado,,,10-12/09,Ibope,,,,Claudio Vigilante (PSTU),1.0,,,congresso_em_foco,2010-AP-008,duas_mencoes_agregadas,False,False,2010-10-02T07:00:00-03:00,claudio vigilante pstu,Claudio Vigilante (PSTU),Claudio Vigilante PSTU,0.0,False,7.0
2010,AP,,https://www.congressoemfoco.com.br/noticia/82698/a-disputa-para-o-senado-estado-por-estado,,,01/09,Ibope,,,,Waldez (PDT),38.0,,,congresso_em_foco,2010-AP-009,duas_mencoes_agregadas,False,False,2010-10-02T07:00:00-03:00,waldez pdt,Waldez (PDT),Waldez Góes PDT,0.1637393263666162,False,4.0
2010,AP,,https://www.congressoemfoco.com.br/noticia/82698/a-disputa-para-o-senado-estado-por-estado,,,01/09,Ibope,,,,Capiberibe (PSB),30.0,,,congresso_em_foco,2010-AP-009,duas_mencoes_agregadas,False,False,2010-10-02T07:00:00-03:00,capiberibe psb,Capiberibe (PSB),João Capiberibe PSB,0.1994579397107478,True,2.0
2010,AP,,https://www.congressoemfoco.com.br/noticia/82698/a-disputa-para-o-senado-estado-por-estado,,,01/09,Ibope,,,,Gilvam Borges (PMDB),28.0,,,congresso_em_foco,2010-AP-009,duas_mencoes_agregadas,False,False,2010-10-02T07:00:00-03:00,gilvam borges pmdb,Gilvam Borges (PMDB),Gilvam Borges PMDB,0.1856180699033832,False,3.0
2010,AP,,https://www.congressoemfoco.com.br/noticia/82698/a-disputa-para-o-senado-estado-por-estado,,,01/09,Ibope,,,,Randolfe (Psol),21.0,,,congresso_em_foco,2010-AP-009,duas_mencoes_agregadas,False,False,2010-10-02T07:00:00-03:00,randolfe psol,Randolfe (Psol),Randolfe Rodrigues PSOL,0.3117674938684606,True,1.0
2010,AP,,https://www.congressoemfoco.com.br/noticia/82698/a-disputa-para-o-senado-estado-por-estado,,,01/09,Ibope,,,,Papaleo (PSDB),11.0,,,congresso_em_foco,2010-AP-009,duas_mencoes_agregadas,False,False,2010-10-02T07:00:00-03:00,papaleo psdb,Papaleo (PSDB),Papaléo Paes PSDB,0.0730400931349767,False,5.0
2010,AP,,https://www.congressoemfoco.com.br/noticia/82698/a-disputa-para-o-senado-estado-por-estado,,,01/09,Ibope,,,,Professor Marcos (PT),4.0,,,congresso_em_foco,2010-AP-009,duas_mencoes_agregadas,False,False,2010-10-02T07:00:00-03:00,professor marcos pt,Professor Marcos (PT),Professor Marcos PT,0.0663770770158154,False,6.0
2010,AP,,https://www.congressoemfoco.com.br/noticia/82698/a-disputa-para-o-senado-estado-por-estado,,,01/09,Ibope,,,,Claudio Vigilante (PSTU),3.0,,,congresso_em_foco,2010-AP-009,duas_mencoes_agregadas,False,False,2010-10-02T07:00:00-03:00,claudio vigilante pstu,Claudio Vigilante (PSTU),Claudio Vigilante PSTU,0.0,False,7.0
2010,AM,,https://www.congressoemfoco.com.br/noticia/82698/a-disputa-para-o-senado-estado-por-estado,,,16-22/09,Perspectiva,,,,Eduardo Braga (PMDB),39.0,,,congresso_em_foco,2010-AM-010,nao_identificado,False,False,2010-10-02T07:00:00-03:00,eduardo braga pmdb,Eduardo Braga (PMDB),Eduardo Braga PMDB,0.420690731757751,True,1.0
2010,AM,,https://www.congressoemfoco.com.br/noticia/82698/a-disputa-para-o-senado-estado-por-estado,,,16-22/09,Perspectiva,,,,Vanessa Graziotin (PCdoB),22.0,,,congresso_em_foco,2010-AM-010,nao_identificado,False,False,2010-10-02T07:00:00-03:00,vanessa graziotin pcdob,Vanessa Graziotin (PCdoB),Vanessa Grazziotin PCdoB,0.2288585876896172,True,2.0
2010,AM,,https://www.congressoemfoco.com.br/noticia/82698/a-disputa-para-o-senado-estado-por-estado,,,16-22/09,Perspectiva,,,,Arthur Virgílio (PSDB),20.0,,,congresso_em_foco,2010-AM-010,nao_identificado,False,False,2010-10-02T07:00:00-03:00,arthur virgilio psdb,Arthur Virgílio (PSDB),Artur Virgílio Neto PSDB,0.2191385935801105,False,3.0
2010,AM,,https://www.congressoemfoco.com.br/noticia/82698/a-disputa-para-o-senado-estado-por-estado,,,16-22/09,Perspectiva,,,,Jefferson Praia (PDT),5.0,,,congresso_em_foco,2010-AM-010,nao_identificado,False,False,2010-10-02T07:00:00-03:00,jefferson praia pdt,Jefferson Praia (PDT),Jefferson Praia PDT,0.0827451059081443,False,4.0
2010,AM,,https://www.congressoemfoco.com.br/noticia/82698/a-disputa-para-o-senado-estado-por-estado,,,16-22/09,Perspectiva,,,,Marilene Corrêa (PT),4.0,,,congresso_em_foco,2010-AM-010,nao_identificado,False,False,2010-10-02T07:00:00-03:00,marilene correa pt,Marilene Corrêa (PT),Marilene Correia PT,0.0459285026073595,False,5.0
2010,AM,,https://www.congressoemfoco.com.br/noticia/82698/a-disputa-para-o-senado-estado-por-estado,,,11-15/09,Action,,,,Eduardo Braga (PMDB),81.0,,,congresso_em_foco,2010-AM-011,duas_mencoes_agregadas,False,False,2010-10-02T07:00:00-03:00,eduardo braga pmdb,Eduardo Braga (PMDB),Eduardo Braga PMDB,0.420690731757751,True,1.0
2010,AM,,https://www.congressoemfoco.com.br/noticia/82698/a-disputa-para-o-senado-estado-por-estado,,,11-15/09,Action,,,,Vanessa Graziotin (PCdoB),41.0,,,congresso_em_foco,2010-AM-011,duas_mencoes_agregadas,False,False,2010-10-02T07:00:00-03:00,vanessa graziotin pcdob,Vanessa Graziotin (PCdoB),Vanessa Grazziotin PCdoB,0.2288585876896172,True,2.0
2010,AM,,https://www.congressoemfoco.com.br/noticia/82698/a-disputa-para-o-senado-estado-por-estado,,,11-15/09,Action,,,,Arthur Virgílio (PSDB),40.0,,,congresso_em_foco,2010-AM-011,duas_mencoes_agregadas,False,False,2010-10-02T07:00:00-03:00,arthur virgilio psdb,Arthur Virgílio (PSDB),Artur Virgílio Neto PSDB,0.2191385935801105,False,3.0
2010,AM,,https://www.congressoemfoco.com.br/noticia/82698/a-disputa-para-o-senado-estado-por-estado,,,11-15/09,Action,,,,Jefferson Praia (PDT),7.0,,,congresso_em_foco,2010-AM-011,duas_mencoes_agregadas,False,False,2010-10-02T07:00:00-03:00,jefferson praia pdt,Jefferson Praia (PDT),Jefferson Praia PDT,0.0827451059081443,False,4.0
2010,AM,,https://www.congressoemfoco.com.br/noticia/82698/a-disputa-para-o-senado-estado-por-estado,,,11-15/09,Action,,,,Marilene Corrêa (PT),6.0,,,congresso_em_foco,2010-AM-011,duas_mencoes_agregadas,False,False,2010-10-02T07:00:00-03:00,marilene correa pt,Marilene Corrêa (PT),Marilene Correia PT,0.0459285026073595,False,5.0
2010,AM,,https://www.congressoemfoco.com.br/noticia/82698/a-disputa-para-o-senado-estado-por-estado,,,11-15/09,Action,,,,Francisco Castelo (PCB),1.0,,,congresso_em_foco,2010-AM-011,duas_mencoes_agregadas,False,False,2010-10-02T07:00:00-03:00,francisco castelo pcb,Francisco Castelo (PCB),Tarcísio Leão PSTU,0.001057363949841,False,7.0
2010,AM,,https://www.congressoemfoco.com.br/noticia/82698/a-disputa-para-o-senado-estado-por-estado,,,11-15/09,Action,,,,Evandro Carrera (Psol),1.0,,,congresso_em_foco,2010-AM-011,duas_mencoes_agregadas,False,False,2010-10-02T07:00:00-03:00,evandro carrera psol,Evandro Carrera (Psol),Marilene Correia PT,0.0459285026073595,False,5.0
2010,AM,,https://www.congressoemfoco.com.br/noticia/82698/a-disputa-para-o-senado-estado-por-estado,,,10-12/09,Ibope,,,,Eduardo Braga (PMDB),80.0,,,congresso_em_foco,2010-AM-012,duas_mencoes_agregadas,False,False,2010-10-02T07:00:00-03:00,eduardo braga pmdb,Eduardo Braga (PMDB),Eduardo Braga PMDB,0.420690731757751,True,1.0
2010,AM,,https://www.congressoemfoco.com.br/noticia/82698/a-disputa-para-o-senado-estado-por-estado,,,10-12/09,Ibope,,,,Vanessa Graziotin (PCdoB),39.0,,,congresso_em_foco,2010-AM-012,duas_mencoes_agregadas,False,False,2010-10-02T07:00:00-03:00,vanessa graziotin pcdob,Vanessa Graziotin (PCdoB),Vanessa Grazziotin PCdoB,0.2288585876896172,True,2.0
2010,AM,,https://www.congressoemfoco.com.br/noticia/82698/a-disputa-para-o-senado-estado-por-estado,,,10-12/09,Ibope,,,,Arthur Virgílio (PSDB),34.0,,,congresso_em_foco,2010-AM-012,duas_mencoes_agregadas,False,False,2010-10-02T07:00:00-03:00,arthur virgilio psdb,Arthur Virgílio (PSDB),Artur Virgílio Neto PSDB,0.2191385935801105,False,3.0
2010,AM,,https://www.congressoemfoco.com.br/noticia/82698/a-disputa-para-o-senado-estado-por-estado,,,10-12/09,Ibope,,,,Jefferson Praia (PDT),9.0,,,congresso_em_foco,2010-AM-012,duas_mencoes_agregadas,False,False,2010-10-02T07:00:00-03:00,jefferson praia pdt,Jefferson Praia (PDT),Jefferson Praia PDT,0.0827451059081443,False,4.0
2010,AM,,https://www.congressoemfoco.com.br/noticia/82698/a-disputa-para-o-senado-estado-por-estado,,,10-12/09,Ibope,,,,Marilene Corrêa (PT),5.0,,,congresso_em_foco,2010-AM-012,duas_mencoes_agregadas,False,False,2010-10-02T07:00:00-03:00,marilene correa pt,Marilene Corrêa (PT),Marilene Correia PT,0.0459285026073595,False,5.0
2010,AM,,https://www.congressoemfoco.com.br/noticia/82698/a-disputa-para-o-senado-estado-por-estado,,,10-12/09,Ibope,,,,Francisco Castelo (PCB),1.0,,,congresso_em_foco,2010-AM-012,duas_mencoes_agregadas,False,False,2010-10-02T07:00:00-03:00,francisco castelo pcb,Francisco Castelo (PCB),Tarcísio Leão PSTU,0.001057363949841,False,7.0
2010,BA,,https://www.congressoemfoco.com.br/noticia/82698/a-disputa-para-o-senado-estado-por-estado,,,28-29/09,Datafolha,,,,César Borges (PR),34.0,,,congresso_em_foco,2010-BA-013,duas_mencoes_agregadas,False,False,2010-10-02T07:00:00-03:00,cesar borges pr,César Borges (PR),César Borges (PR),0.1351714067029497,False,3.0
2010,BA,,https://www.congressoemfoco.com.br/noticia/82698/a-disputa-para-o-senado-estado-por-estado,,,28-29/09,Datafolha,,,,Lídice da Mata (PSB),34.0,,,congresso_em_foco,2010-BA-013,duas_mencoes_agregadas,False,False,2010-10-02T07:00:00-03:00,lidice da mata psb,Lídice da Mata (PSB),Lídice da Mata (PSB),0.2889914843421472,True,2.0
2010,BA,,https://www.congressoemfoco.com.br/noticia/82698/a-disputa-para-o-senado-estado-por-estado,,,28-29/09,Datafolha,,,,Walter Pinheiro (PT),30.0,,,congresso_em_foco,2010-BA-013,duas_mencoes_agregadas,False,False,2010-10-02T07:00:00-03:00,walter pinheiro pt,Walter Pinheiro (PT),Walter Pinheiro (PT),0.309961272597174,True,1.0
2010,BA,,https://www.congressoemfoco.com.br/noticia/82698/a-disputa-para-o-senado-estado-por-estado,,,28-29/09,Datafolha,,,,José Carlos Aleluia (DEM),13.0,,,congresso_em_foco,2010-BA-013,duas_mencoes_agregadas,False,False,2010-10-02T07:00:00-03:00,jose carlos aleluia dem,José Carlos Aleluia (DEM),José Carlos Aleluia (DEM),0.0812006058295471,False,5.0
2010,BA,,https://www.congressoemfoco.com.br/noticia/82698/a-disputa-para-o-senado-estado-por-estado,,,28-29/09,Datafolha,,,,José Ronaldo (DEM),12.0,,,congresso_em_foco,2010-BA-013,duas_mencoes_agregadas,False,False,2010-10-02T07:00:00-03:00,jose ronaldo dem,José Ronaldo (DEM),Zé Ronaldo (DEM),0.0932928672978216,False,4.0
2010,BA,,https://www.congressoemfoco.com.br/noticia/82698/a-disputa-para-o-senado-estado-por-estado,,,28-29/09,Datafolha,,,,Evaldo Brito (PTB),11.0,,,congresso_em_foco,2010-BA-013,duas_mencoes_agregadas,False,False,2010-10-02T07:00:00-03:00,evaldo brito ptb,Evaldo Brito (PTB),Edvaldo Brito (PTB),0.0691692107330377,False,6.0
2010,BA,,https://www.congressoemfoco.com.br/noticia/82698/a-disputa-para-o-senado-estado-por-estado,,,28-29/09,Datafolha,,,,Edson Duarte (PV),3.0,,,congresso_em_foco,2010-BA-013,duas_mencoes_agregadas,False,False,2010-10-02T07:00:00-03:00,edson duarte pv,Edson Duarte (PV),Edson Duarte (PV),0.0181447520126451,False,7.0
2010,BA,,https://www.congressoemfoco.com.br/noticia/82698/a-disputa-para-o-senado-estado-por-estado,,,28-29/09,Datafolha,,,,Zilmar (Psol),1.0,,,congresso_em_foco,2010-BA-013,duas_mencoes_agregadas,False,False,2010-10-02T07:00:00-03:00,zilmar psol,Zilmar (Psol),Zilmar da Silva (PSOL),0.0013133648381543,False,9.0
2010,BA,,https://www.congressoemfoco.com.br/noticia/82698/a-disputa-para-o-senado-estado-por-estado,,,28-29/09,Datafolha,,,,França (Psol),1.0,,,congresso_em_foco,2010-BA-013,duas_mencoes_agregadas,False,False,2010-10-02T07:00:00-03:00,franca psol,França (Psol),Luís Carlos França (PSOL),0.0015523912630378,False,8.0
2010,BA,,https://www.congressoemfoco.com.br/noticia/82698/a-disputa-para-o-senado-estado-por-estado,,,21-23/09,Ibope,,,,Walter Pinheiro (PT),35.0,,,congresso_em_foco,2010-BA-014,duas_mencoes_agregadas,False,False,2010-10-02T07:00:00-03:00,walter pinheiro pt,Walter Pinheiro (PT),Walter Pinheiro (PT),0.309961272597174,True,1.0
2010,BA,,https://www.congressoemfoco.com.br/noticia/82698/a-disputa-para-o-senado-estado-por-estado,,,21-23/09,Ibope,,,,Lídice da Mata (PSB),32.0,,,congresso_em_foco,2010-BA-014,duas_mencoes_agregadas,False,False,2010-10-02T07:00:00-03:00,lidice da mata psb,Lídice da Mata (PSB),Lídice da Mata (PSB),0.2889914843421472,True,2.0
2010,BA,,https://www.congressoemfoco.com.br/noticia/82698/a-disputa-para-o-senado-estado-por-estado,,,21-23/09,Ibope,,,,César Borges (PR),29.0,,,congresso_em_foco,2010-BA-014,duas_mencoes_agregadas,False,False,2010-10-02T07:00:00-03:00,cesar borges pr,César Borges (PR),César Borges (PR),0.1351714067029497,False,3.0
2010,BA,,https://www.congressoemfoco.com.br/noticia/82698/a-disputa-para-o-senado-estado-por-estado,,,21-23/09,Ibope,,,,José Ronaldo (DEM),12.0,,,congresso_em_foco,2010-BA-014,duas_mencoes_agregadas,False,False,2010-10-02T07:00:00-03:00,jose ronaldo dem,José Ronaldo (DEM),Zé Ronaldo (DEM),0.0932928672978216,False,4.0
2010,BA,,https://www.congressoemfoco.com.br/noticia/82698/a-disputa-para-o-senado-estado-por-estado,,,21-23/09,Ibope,,,,José Carlos Aleluia (DEM),9.0,,,congresso_em_foco,2010-BA-014,duas_mencoes_agregadas,False,False,2010-10-02T07:00:00-03:00,jose carlos aleluia dem,José Carlos Aleluia (DEM),José Carlos Aleluia (DEM),0.0812006058295471,False,5.0
2010,BA,,https://www.congressoemfoco.com.br/noticia/82698/a-disputa-para-o-senado-estado-por-estado,,,21-23/09,Ibope,,,,Evaldo Brito (PTB),9.0,,,congresso_em_foco,2010-BA-014,duas_mencoes_agregadas,False,False,2010-10-02T07:00:00-03:00,evaldo brito ptb,Evaldo Brito (PTB),Edvaldo Brito (PTB),0.0691692107330377,False,6.0
2010,BA,,https://www.congressoemfoco.com.br/noticia/82698/a-disputa-para-o-senado-estado-por-estado,,,21-23/09,Ibope,,,,Edson Duarte (PV),3.0,,,congresso_em_foco,2010-BA-014,duas_mencoes_agregadas,False,False,2010-10-02T07:00:00-03:00,edson duarte pv,Edson Duarte (PV),Edson Duarte (PV),0.0181447520126451,False,7.0
2010,BA,,https://www.congressoemfoco.com.br/noticia/82698/a-disputa-para-o-senado-estado-por-estado,,,21-23/09,Ibope,,,,Zilmar (Psol),2.0,,,congresso_em_foco,2010-BA-014,duas_mencoes_agregadas,False,False,2010-10-02T07:00:00-03:00,zilmar psol,Zilmar (Psol),Zilmar da Silva (PSOL),0.0013133648381543,False,9.0
2010,BA,,https://www.congressoemfoco.com.br/noticia/82698/a-disputa-para-o-senado-estado-por-estado,,,21-23/09,Ibope,,,,França (Psol),1.0,,,congresso_em_foco,2010-BA-014,duas_mencoes_agregadas,False,False,2010-10-02T07:00:00-03:00,franca psol,França (Psol),Luís Carlos França (PSOL),0.0015523912630378,False,8.0
2010,BA,,https://www.congressoemfoco.com.br/noticia/82698/a-disputa-para-o-senado-estado-por-estado,,,21-23/09,Ibope,,,,Albione (PSTU),1.0,,,congresso_em_foco,2010-BA-014,duas_mencoes_agregadas,False,False,2010-10-02T07:00:00-03:00,albione pstu,Albione (PSTU),Albione Silva (PSTU),0.0012026443834851,False,10.0
2010,BA,,https://www.congressoemfoco.com.br/noticia/82698/a-disputa-para-o-senado-estado-por-estado,,,21-23/09,Ibope,,,,Carlos Sampaio (PCB),1.0,,,congresso_em_foco,2010-BA-014,duas_mencoes_agregadas,False,False,2010-10-02T07:00:00-03:00,carlos sampaio pcb,Carlos Sampaio (PCB),Luís Carlos França (PSOL),0.0015523912630378,False,8.0
2010,BA,,https://www.congressoemfoco.com.br/noticia/82698/a-disputa-para-o-senado-estado-por-estado,,,13-14/09,Datafolha,,,,César Borges (PR),25.0,,,congresso_em_foco,2010-BA-015,nao_identificado,False,False,2010-10-02T07:00:00-03:00,cesar borges pr,César Borges (PR),César Borges (PR),0.1351714067029497,False,3.0
2010,BA,,https://www.congressoemfoco.com.br/noticia/82698/a-disputa-para-o-senado-estado-por-estado,,,13-14/09,Datafolha,,,,Lídice da Mata (PSB),24.0,,,congresso_em_foco,2010-BA-015,nao_identificado,False,False,2010-10-02T07:00:00-03:00,lidice da mata psb,Lídice da Mata (PSB),Lídice da Mata (PSB),0.2889914843421472,True,2.0
2010,BA,,https://www.congressoemfoco.com.br/noticia/82698/a-disputa-para-o-senado-estado-por-estado,,,13-14/09,Datafolha,,,,Walter Pinheiro (PT),23.0,,,congresso_em_foco,2010-BA-015,nao_identificado,False,False,2010-10-02T07:00:00-03:00,walter pinheiro pt,Walter Pinheiro (PT),Walter Pinheiro (PT),0.309961272597174,True,1.0
2010,BA,,https://www.congressoemfoco.com.br/noticia/82698/a-disputa-para-o-senado-estado-por-estado,,,13-14/09,Datafolha,,,,José Ronaldo (DEM),9.0,,,congresso_em_foco,2010-BA-015,nao_identificado,False,False,2010-10-02T07:00:00-03:00,jose ronaldo dem,José Ronaldo (DEM),Zé Ronaldo (DEM),0.0932928672978216,False,4.0
2010,BA,,https://www.congressoemfoco.com.br/noticia/82698/a-disputa-para-o-senado-estado-por-estado,,,13-14/09,Datafolha,,,,Evaldo Brito (PTB),7.0,,,congresso_em_foco,2010-BA-015,nao_identificado,False,False,2010-10-02T07:00:00-03:00,evaldo brito ptb,Evaldo Brito (PTB),Edvaldo Brito (PTB),0.0691692107330377,False,6.0
2010,BA,,https://www.congressoemfoco.com.br/noticia/82698/a-disputa-para-o-senado-estado-por-estado,,,13-14/09,Datafolha,,,,José Carlos Aleluia (DEM),6.0,,,congresso_em_foco,2010-BA-015,nao_identificado,False,False,2010-10-02T07:00:00-03:00,jose carlos aleluia dem,José Carlos Aleluia (DEM),José Carlos Aleluia (DEM),0.0812006058295471,False,5.0
2010,BA,,https://www.congressoemfoco.com.br/noticia/82698/a-disputa-para-o-senado-estado-por-estado,,,13-14/09,Datafolha,,,,Edson Duarte (PV),2.0,,,congresso_em_foco,2010-BA-015,nao_identificado,False,False,2010-10-02T07:00:00-03:00,edson duarte pv,Edson Duarte (PV),Edson Duarte (PV),0.0181447520126451,False,7.0
2010,BA,,https://www.congressoemfoco.com.br/noticia/82698/a-disputa-para-o-senado-estado-por-estado,,,13-14/09,Datafolha,,,,Zilmar (Psol),2.0,,,congresso_em_foco,2010-BA-015,nao_identificado,False,False,2010-10-02T07:00:00-03:00,zilmar psol,Zilmar (Psol),Zilmar da Silva (PSOL),0.0013133648381543,False,9.0
2010,BA,,https://www.congressoemfoco.com.br/noticia/82698/a-disputa-para-o-senado-estado-por-estado,,,13-14/09,Datafolha,,,,França (Psol),1.0,,,congresso_em_foco,2010-BA-015,nao_identificado,False,False,2010-10-02T07:00:00-03:00,franca psol,França (Psol),Luís Carlos França (PSOL),0.0015523912630378,False,8.0
2010,BA,,https://www.congressoemfoco.com.br/noticia/82698/a-disputa-para-o-senado-estado-por-estado,,,13-14/09,Datafolha,,,,Albione (PSTU),1.0,,,congresso_em_foco,2010-BA-015,nao_identificado,False,False,2010-10-02T07:00:00-03:00,albione pstu,Albione (PSTU),Albione Silva (PSTU),0.0012026443834851,False,10.0
2010,CE,,https://www.congressoemfoco.com.br/noticia/82698/a-disputa-para-o-senado-estado-por-estado,,,27-29/09,Ibope,,,,Tasso Jereissati (PSDB),50.0,,,congresso_em_foco,2010-CE-016,duas_mencoes_agregadas,False,False,2010-10-02T07:00:00-03:00,tasso jereissati psdb,Tasso Jereissati (PSDB),Tasso Jereissati (PSDB),0.2370269352013773,False,3.0
2010,CE,,https://www.congressoemfoco.com.br/noticia/82698/a-disputa-para-o-senado-estado-por-estado,,,27-29/09,Ibope,,,,Eunício de Oliveira (PMDB),47.0,,,congresso_em_foco,2010-CE-016,duas_mencoes_agregadas,False,False,2010-10-02T07:00:00-03:00,eunicio de oliveira pmdb,Eunício de Oliveira (PMDB),Eunício Oliveira (PMDB),0.363238249242306,True,1.0
2010,CE,,https://www.congressoemfoco.com.br/noticia/82698/a-disputa-para-o-senado-estado-por-estado,,,27-29/09,Ibope,,,,José Pimentel (PT),42.0,,,congresso_em_foco,2010-CE-016,duas_mencoes_agregadas,False,False,2010-10-02T07:00:00-03:00,jose pimentel pt,José Pimentel (PT),José Pimentel (PT),0.3239290797100128,True,2.0
2010,CE,,https://www.congressoemfoco.com.br/noticia/82698/a-disputa-para-o-senado-estado-por-estado,,,27-29/09,Ibope,,,,Alexandre Pereira (PPS),3.0,,,congresso_em_foco,2010-CE-016,duas_mencoes_agregadas,False,False,2010-10-02T07:00:00-03:00,alexandre pereira pps,Alexandre Pereira (PPS),Alexandre Pereira (PPS),0.063510120710932,False,4.0
2010,CE,,https://www.congressoemfoco.com.br/noticia/82698/a-disputa-para-o-senado-estado-por-estado,,,27-29/09,Ibope,,,,Marilene Torres (Psol),1.0,,,congresso_em_foco,2010-CE-016,duas_mencoes_agregadas,False,False,2010-10-02T07:00:00-03:00,marilene torres psol,Marilene Torres (Psol),Marilene Torres (PSOL),0.0079341888672517,False,5.0
2010,CE,,https://www.congressoemfoco.com.br/noticia/82698/a-disputa-para-o-senado-estado-por-estado,,,27-29/09,Ibope,,,,Tarcísio Leitão (PCB),1.0,,,congresso_em_foco,2010-CE-016,duas_mencoes_agregadas,False,False,2010-10-02T07:00:00-03:00,tarcisio leitao pcb,Tarcísio Leitão (PCB),Tasso Jereissati (PSDB),0.2370269352013773,False,3.0
2010,CE,,https://www.congressoemfoco.com.br/noticia/82698/a-disputa-para-o-senado-estado-por-estado,,,27-29/09,Ibope,,,,Raquel Dias (PSTU),1.0,,,congresso_em_foco,2010-CE-016,duas_mencoes_agregadas,False,False,2010-10-02T07:00:00-03:00,raquel dias pstu,Raquel Dias (PSTU),Raquel Dias (PSTU),0.0019790892001845,False,7.0
2010,CE,,https://www.congressoemfoco.com.br/noticia/82698/a-disputa-para-o-senado-estado-por-estado,,,27-29/09,Ibope,,,,Reginaldo Araújo (PSTU),1.0,,,congresso_em_foco,2010-CE-016,duas_mencoes_agregadas,False,False,2010-10-02T07:00:00-03:00,reginaldo araujo pstu,Reginaldo Araújo (PSTU),Reginaldo (PSTU),0.0019932737985476,False,6.0
2010,CE,,https://www.congressoemfoco.com.br/noticia/82698/a-disputa-para-o-senado-estado-por-estado,,,27-29/09,Ibope,,,,"Paulo Eduardo Teixeira, o Pólo (PV)",1.0,,,congresso_em_foco,2010-CE-016,duas_mencoes_agregadas,False,False,2010-10-02T07:00:00-03:00,"paulo eduardo teixeira, o polo pv","Paulo Eduardo Teixeira, o Pólo (PV)",,,,
2010,CE,,https://www.congressoemfoco.com.br/noticia/82698/a-disputa-para-o-senado-estado-por-estado,,,9-10/09,Datafolha,,,,Tasso Jereissati (PSDB),48.0,,,congresso_em_foco,2010-CE-017,duas_mencoes_agregadas,False,False,2010-10-02T07:00:00-03:00,tasso jereissati psdb,Tasso Jereissati (PSDB),Tasso Jereissati (PSDB),0.2370269352013773,False,3.0
2010,CE,,https://www.congressoemfoco.com.br/noticia/82698/a-disputa-para-o-senado-estado-por-estado,,,9-10/09,Datafolha,,,,Eunício de Oliveira (PMDB),34.0,,,congresso_em_foco,2010-CE-017,duas_mencoes_agregadas,False,False,2010-10-02T07:00:00-03:00,eunicio de oliveira pmdb,Eunício de Oliveira (PMDB),Eunício Oliveira (PMDB),0.363238249242306,True,1.0
2010,CE,,https://www.congressoemfoco.com.br/noticia/82698/a-disputa-para-o-senado-estado-por-estado,,,9-10/09,Datafolha,,,,José Pimentel (PT),31.0,,,congresso_em_foco,2010-CE-017,duas_mencoes_agregadas,False,False,2010-10-02T07:00:00-03:00,jose pimentel pt,José Pimentel (PT),José Pimentel (PT),0.3239290797100128,True,2.0
2010,CE,,https://www.congressoemfoco.com.br/noticia/82698/a-disputa-para-o-senado-estado-por-estado,,,9-10/09,Datafolha,,,,Tarcísio Leitão (PCB),2.0,,,congresso_em_foco,2010-CE-017,duas_mencoes_agregadas,False,False,2010-10-02T07:00:00-03:00,tarcisio leitao pcb,Tarcísio Leitão (PCB),Tasso Jereissati (PSDB),0.2370269352013773,False,3.0
2010,CE,,https://www.congressoemfoco.com.br/noticia/82698/a-disputa-para-o-senado-estado-por-estado,,,9-10/09,Datafolha,,,,Alexandre Pereira (PPS),2.0,,,congresso_em_foco,2010-CE-017,duas_mencoes_agregadas,False,False,2010-10-02T07:00:00-03:00,alexandre pereira pps,Alexandre Pereira (PPS),Alexandre Pereira (PPS),0.063510120710932,False,4.0
2010,CE,,https://www.congressoemfoco.com.br/noticia/82698/a-disputa-para-o-senado-estado-por-estado,,,9-10/09,Datafolha,,,,Raquel Dias (PSTU),2.0,,,congresso_em_foco,2010-CE-017,duas_mencoes_agregadas,False,False,2010-10-02T07:00:00-03:00,raquel dias pstu,Raquel Dias (PSTU),Raquel Dias (PSTU),0.0019790892001845,False,7.0
2010,CE,,https://www.congressoemfoco.com.br/noticia/82698/a-disputa-para-o-senado-estado-por-estado,,,9-10/09,Datafolha,,,,Marilene Torres (Psol),1.0,,,congresso_em_foco,2010-CE-017,duas_mencoes_agregadas,False,False,2010-10-02T07:00:00-03:00,marilene torres psol,Marilene Torres (Psol),Marilene Torres (PSOL),0.0079341888672517,False,5.0
2010,CE,,https://www.congressoemfoco.com.br/noticia/82698/a-disputa-para-o-senado-estado-por-estado,,,9-10/09,Datafolha,,,,Reginaldo Araújo (PSTU),1.0,,,congresso_em_foco,2010-CE-017,duas_mencoes_agregadas,False,False,2010-10-02T07:00:00-03:00,reginaldo araujo pstu,Reginaldo Araújo (PSTU),Reginaldo (PSTU),0.0019932737985476,False,6.0
2010,CE,,https://www.congressoemfoco.com.br/noticia/82698/a-disputa-para-o-senado-estado-por-estado,,,9-10/09,Datafolha,,,,Benedito Oliveira (PCB),1.0,,,congresso_em_foco,2010-CE-017,duas_mencoes_agregadas,False,False,2010-10-02T07:00:00-03:00,benedito oliveira pcb,Benedito Oliveira (PCB),Benedito Oliveira (PCB),0.0003890632693878,False,8.0
2010,CE,,https://www.congressoemfoco.com.br/noticia/82698/a-disputa-para-o-senado-estado-por-estado,,,9-10/09,Datafolha,,,,"Paulo Eduardo Teixeira, o Pólo (PV)",1.0,,,congresso_em_foco,2010-CE-017,duas_mencoes_agregadas,False,False,2010-10-02T07:00:00-03:00,"paulo eduardo teixeira, o polo pv","Paulo Eduardo Teixeira, o Pólo (PV)",,,,
2010,CE,,https://www.congressoemfoco.com.br/noticia/82698/a-disputa-para-o-senado-estado-por-estado,,,30/08,Ibope,,,,01/09 - Tasso Jereissati (PSDB),63.0,,,congresso_em_foco,2010-CE-018,duas_mencoes_agregadas,False,False,2010-10-02T07:00:00-03:00,01/09 tasso jereissati psdb,01/09 - Tasso Jereissati (PSDB),Tasso Jereissati (PSDB),0.2370269352013773,False,3.0
2010,CE,,https://www.congressoemfoco.com.br/noticia/82698/a-disputa-para-o-senado-estado-por-estado,,,30/08,Ibope,,,,Eunício de Oliveira (PMDB),35.0,,,congresso_em_foco,2010-CE-018,duas_mencoes_agregadas,False,False,2010-10-02T07:00:00-03:00,eunicio de oliveira pmdb,Eunício de Oliveira (PMDB),Eunício Oliveira (PMDB),0.363238249242306,True,1.0
2010,CE,,https://www.congressoemfoco.com.br/noticia/82698/a-disputa-para-o-senado-estado-por-estado,,,30/08,Ibope,,,,José Pimentel (PT),31.0,,,congresso_em_foco,2010-CE-018,duas_mencoes_agregadas,False,False,2010-10-02T07:00:00-03:00,jose pimentel pt,José Pimentel (PT),José Pimentel (PT),0.3239290797100128,True,2.0
2010,CE,,https://www.congressoemfoco.com.br/noticia/82698/a-disputa-para-o-senado-estado-por-estado,,,30/08,Ibope,,,,Tarcísio Leitão (PCB),3.0,,,congresso_em_foco,2010-CE-018,duas_mencoes_agregadas,False,False,2010-10-02T07:00:00-03:00,tarcisio leitao pcb,Tarcísio Leitão (PCB),Tasso Jereissati (PSDB),0.2370269352013773,False,3.0
2010,CE,,https://www.congressoemfoco.com.br/noticia/82698/a-disputa-para-o-senado-estado-por-estado,,,30/08,Ibope,,,,Alexandre Pereira (PPS),2.0,,,congresso_em_foco,2010-CE-018,duas_mencoes_agregadas,False,False,2010-10-02T07:00:00-03:00,alexandre pereira pps,Alexandre Pereira (PPS),Alexandre Pereira (PPS),0.063510120710932,False,4.0
2010,CE,,https://www.congressoemfoco.com.br/noticia/82698/a-disputa-para-o-senado-estado-por-estado,,,30/08,Ibope,,,,Marilene Torres (Psol),2.0,,,congresso_em_foco,2010-CE-018,duas_mencoes_agregadas,False,False,2010-10-02T07:00:00-03:00,marilene torres psol,Marilene Torres (Psol),Marilene Torres (PSOL),0.0079341888672517,False,5.0
2010,CE,,https://www.congressoemfoco.com.br/noticia/82698/a-disputa-para-o-senado-estado-por-estado,,,30/08,Ibope,,,,Raquel Dias (PSTU),1.0,,,congresso_em_foco,2010-CE-018,duas_mencoes_agregadas,False,False,2010-10-02T07:00:00-03:00,raquel dias pstu,Raquel Dias (PSTU),Raquel Dias (PSTU),0.0019790892001845,False,7.0
2010,CE,,https://www.congressoemfoco.com.br/noticia/82698/a-disputa-para-o-senado-estado-por-estado,,,30/08,Ibope,,,,Benedito Oliveira (PCB),1.0,,,congresso_em_foco,2010-CE-018,duas_mencoes_agregadas,False,False,2010-10-02T07:00:00-03:00,benedito oliveira pcb,Benedito Oliveira (PCB),Benedito Oliveira (PCB),0.0003890632693878,False,8.0
2010,CE,,https://www.congressoemfoco.com.br/noticia/82698/a-disputa-para-o-senado-estado-por-estado,,,30/08,Ibope,,,,Reginaldo Araújo (PSTU),1.0,,,congresso_em_foco,2010-CE-018,duas_mencoes_agregadas,False,False,2010-10-02T07:00:00-03:00,reginaldo araujo pstu,Reginaldo Araújo (PSTU),Reginaldo (PSTU),0.0019932737985476,False,6.0
2010,DF,,https://www.congressoemfoco.com.br/noticia/82698/a-disputa-para-o-senado-estado-por-estado,,,28-29/09,Datafolha,,,,Cristovam Buarque (PDT),48.0,,,congresso_em_foco,2010-DF-019,duas_mencoes_agregadas,False,False,2010-10-02T07:00:00-03:00,cristovam buarque pdt,Cristovam Buarque (PDT),Cristovam Buarque PDT,0.0560845264898924,False,3.0
2010,DF,,https://www.congressoemfoco.com.br/noticia/82698/a-disputa-para-o-senado-estado-por-estado,,,28-29/09,Datafolha,,,,Rodrigo Rollemberg (PSB),38.0,,,congresso_em_foco,2010-DF-019,duas_mencoes_agregadas,False,False,2010-10-02T07:00:00-03:00,rodrigo rollemberg psb,Rodrigo Rollemberg (PSB),Rodrigo Rollemberg PSB,0.4969840806290769,True,1.0
2010,DF,,https://www.congressoemfoco.com.br/noticia/82698/a-disputa-para-o-senado-estado-por-estado,,,28-29/09,Datafolha,,,,Alberto Fraga (DEM),24.0,,,congresso_em_foco,2010-DF-019,duas_mencoes_agregadas,False,False,2010-10-02T07:00:00-03:00,alberto fraga dem,Alberto Fraga (DEM),Alberto Fraga DEM,0.3441976860456196,True,2.0
2010,DF,,https://www.congressoemfoco.com.br/noticia/82698/a-disputa-para-o-senado-estado-por-estado,,,28-29/09,Datafolha,,,,Maria Abadia (PSDB),23.0,,,congresso_em_foco,2010-DF-019,duas_mencoes_agregadas,False,False,2010-10-02T07:00:00-03:00,maria abadia psdb,Maria Abadia (PSDB),,,,
2010,DF,,https://www.congressoemfoco.com.br/noticia/82698/a-disputa-para-o-senado-estado-por-estado,,,28-29/09,Datafolha,,,,Pastor (Milton Tadashi (PTN),2.0,,,congresso_em_foco,2010-DF-019,duas_mencoes_agregadas,False,False,2010-10-02T07:00:00-03:00,pastor milton tadashi ptn,Pastor (Milton Tadashi (PTN),Milton Tadashi PTN,0.0040461229757609,False,8.0
2010,DF,,https://www.congressoemfoco.com.br/noticia/82698/a-disputa-para-o-senado-estado-por-estado,,,28-29/09,Datafolha,,,,Chico Sant'anna (Psol),1.0,,,congresso_em_foco,2010-DF-019,duas_mencoes_agregadas,False,False,2010-10-02T07:00:00-03:00,chico sant'anna psol,Chico Sant'anna (Psol),Chico Sant'Anna PSOL,0.0110933616129045,False,7.0
2010,DF,,https://www.congressoemfoco.com.br/noticia/82698/a-disputa-para-o-senado-estado-por-estado,,,28-29/09,Datafolha,,,,Rosana Chaib (PCB),1.0,,,congresso_em_foco,2010-DF-019,duas_mencoes_agregadas,False,False,2010-10-02T07:00:00-03:00,rosana chaib pcb,Rosana Chaib (PCB),Robson da Silva PSTU,0.0025596959587218,False,10.0
2010,DF,,https://www.congressoemfoco.com.br/noticia/82698/a-disputa-para-o-senado-estado-por-estado,,,28-29/09,Datafolha,,,,Gerônimo (PSL),1.0,,,congresso_em_foco,2010-DF-019,duas_mencoes_agregadas,False,False,2010-10-02T07:00:00-03:00,geronimo psl,Gerônimo (PSL),Sebastião Gerônimo PSL,0.0027615647251825,False,9.0
2010,DF,,https://www.congressoemfoco.com.br/noticia/82698/a-disputa-para-o-senado-estado-por-estado,,,28-29/09,Datafolha,,,,Moacir Bueno (PV),1.0,,,congresso_em_foco,2010-DF-019,duas_mencoes_agregadas,False,False,2010-10-02T07:00:00-03:00,moacir bueno pv,Moacir Bueno (PV),Moacir Bueno PV,0.0314477893351384,False,5.0
2010,DF,,https://www.congressoemfoco.com.br/noticia/82698/a-disputa-para-o-senado-estado-por-estado,,,28-29/09,Datafolha,,,,Jorge Antunes (Psol),1.0,,,congresso_em_foco,2010-DF-019,duas_mencoes_agregadas,False,False,2010-10-02T07:00:00-03:00,jorge antunes psol,Jorge Antunes (Psol),Jorge Antunes PSOL,0.0143239347721641,False,6.0
2010,DF,,https://www.congressoemfoco.com.br/noticia/82698/a-disputa-para-o-senado-estado-por-estado,,,28-29/09,Datafolha,,,,Cadu Valadares (PV),1.0,,,congresso_em_foco,2010-DF-019,duas_mencoes_agregadas,False,False,2010-10-02T07:00:00-03:00,cadu valadares pv,Cadu Valadares (PV),Cadu Valadares PV,0.0365012374555384,False,4.0
2010,DF,,https://www.congressoemfoco.com.br/noticia/82698/a-disputa-para-o-senado-estado-por-estado,,,21-23/09,Ibope,,,,Cristovam Buarque (PDT),50.0,,,congresso_em_foco,2010-DF-020,duas_mencoes_agregadas,False,False,2010-10-02T07:00:00-03:00,cristovam buarque pdt,Cristovam Buarque (PDT),Cristovam Buarque PDT,0.0560845264898924,False,3.0
2010,DF,,https://www.congressoemfoco.com.br/noticia/82698/a-disputa-para-o-senado-estado-por-estado,,,21-23/09,Ibope,,,,Rodrigo Rollemberg (PSB),41.0,,,congresso_em_foco,2010-DF-020,duas_mencoes_agregadas,False,False,2010-10-02T07:00:00-03:00,rodrigo rollemberg psb,Rodrigo Rollemberg (PSB),Rodrigo Rollemberg PSB,0.4969840806290769,True,1.0
2010,DF,,https://www.congressoemfoco.com.br/noticia/82698/a-disputa-para-o-senado-estado-por-estado,,,21-23/09,Ibope,,,,Maria Abadia (PSDB),24.0,,,congresso_em_foco,2010-DF-020,duas_mencoes_agregadas,False,False,2010-10-02T07:00:00-03:00,maria abadia psdb,Maria Abadia (PSDB),,,,
2010,DF,,https://www.congressoemfoco.com.br/noticia/82698/a-disputa-para-o-senado-estado-por-estado,,,21-23/09,Ibope,,,,Alberto Fraga (DEM),20.0,,,congresso_em_foco,2010-DF-020,duas_mencoes_agregadas,False,False,2010-10-02T07:00:00-03:00,alberto fraga dem,Alberto Fraga (DEM),Alberto Fraga DEM,0.3441976860456196,True,2.0
2010,DF,,https://www.congressoemfoco.com.br/noticia/82698/a-disputa-para-o-senado-estado-por-estado,,,21-23/09,Ibope,,,,Cadu Valadares (PV),2.0,,,congresso_em_foco,2010-DF-020,duas_mencoes_agregadas,False,False,2010-10-02T07:00:00-03:00,cadu valadares pv,Cadu Valadares (PV),Cadu Valadares PV,0.0365012374555384,False,4.0
2010,DF,,https://www.congressoemfoco.com.br/noticia/82698/a-disputa-para-o-senado-estado-por-estado,,,21-23/09,Ibope,,,,Chico Sant'anna (Psol),2.0,,,congresso_em_foco,2010-DF-020,duas_mencoes_agregadas,False,False,2010-10-02T07:00:00-03:00,chico sant'anna psol,Chico Sant'anna (Psol),Chico Sant'Anna PSOL,0.0110933616129045,False,7.0
2010,DF,,https://www.congressoemfoco.com.br/noticia/82698/a-disputa-para-o-senado-estado-por-estado,,,21-23/09,Ibope,,,,Jorge Antunes (Psol),1.0,,,congresso_em_foco,2010-DF-020,duas_mencoes_agregadas,False,False,2010-10-02T07:00:00-03:00,jorge antunes psol,Jorge Antunes (Psol),Jorge Antunes PSOL,0.0143239347721641,False,6.0
2010,DF,,https://www.congressoemfoco.com.br/noticia/82698/a-disputa-para-o-senado-estado-por-estado,,,21-23/09,Ibope,,,,Pastor Milton Tadashi (PTN),1.0,,,congresso_em_foco,2010-DF-020,duas_mencoes_agregadas,False,False,2010-10-02T07:00:00-03:00,pastor milton tadashi ptn,Pastor Milton Tadashi (PTN),Milton Tadashi PTN,0.0040461229757609,False,8.0
2010,DF,,https://www.congressoemfoco.com.br/noticia/82698/a-disputa-para-o-senado-estado-por-estado,,,21-23/09,Ibope,,,,Moacir Bueno (PV),1.0,,,congresso_em_foco,2010-DF-020,duas_mencoes_agregadas,False,False,2010-10-02T07:00:00-03:00,moacir bueno pv,Moacir Bueno (PV),Moacir Bueno PV,0.0314477893351384,False,5.0
2010,DF,,https://www.congressoemfoco.com.br/noticia/82698/a-disputa-para-o-senado-estado-por-estado,,,21-23/09,Ibope,,,,Robson (PSTU),1.0,,,congresso_em_foco,2010-DF-020,duas_mencoes_agregadas,False,False,2010-10-02T07:00:00-03:00,robson pstu,Robson (PSTU),Robson da Silva PSTU,0.0025596959587218,False,10.0
2010,DF,,https://www.congressoemfoco.com.br/noticia/82698/a-disputa-para-o-senado-estado-por-estado,,,21-22/09,Datafolha,,,,Cristovam Buarque (PDT),45.0,,,congresso_em_foco,2010-DF-021,duas_mencoes_agregadas,False,False,2010-10-02T07:00:00-03:00,cristovam buarque pdt,Cristovam Buarque (PDT),Cristovam Buarque PDT,0.0560845264898924,False,3.0
2010,DF,,https://www.congressoemfoco.com.br/noticia/82698/a-disputa-para-o-senado-estado-por-estado,,,21-22/09,Datafolha,,,,Rodrigo Rollemberg (PSB),36.0,,,congresso_em_foco,2010-DF-021,duas_mencoes_agregadas,False,False,2010-10-02T07:00:00-03:00,rodrigo rollemberg psb,Rodrigo Rollemberg (PSB),Rodrigo Rollemberg PSB,0.4969840806290769,True,1.0
2010,DF,,https://www.congressoemfoco.com.br/noticia/82698/a-disputa-para-o-senado-estado-por-estado,,,21-22/09,Datafolha,,,,Maria Abadia (PSDB),22.0,,,congresso_em_foco,2010-DF-021,duas_mencoes_agregadas,False,False,2010-10-02T07:00:00-03:00,maria abadia psdb,Maria Abadia (PSDB),,,,
2010,DF,,https://www.congressoemfoco.com.br/noticia/82698/a-disputa-para-o-senado-estado-por-estado,,,21-22/09,Datafolha,,,,Alberto Fraga (DEM),18.0,,,congresso_em_foco,2010-DF-021,duas_mencoes_agregadas,False,False,2010-10-02T07:00:00-03:00,alberto fraga dem,Alberto Fraga (DEM),Alberto Fraga DEM,0.3441976860456196,True,2.0
2010,DF,,https://www.congressoemfoco.com.br/noticia/82698/a-disputa-para-o-senado-estado-por-estado,,,21-22/09,Datafolha,,,,Chico Sant'anna (Psol),2.0,,,congresso_em_foco,2010-DF-021,duas_mencoes_agregadas,False,False,2010-10-02T07:00:00-03:00,chico sant'anna psol,Chico Sant'anna (Psol),Chico Sant'Anna PSOL,0.0110933616129045,False,7.0
2010,DF,,https://www.congressoemfoco.com.br/noticia/82698/a-disputa-para-o-senado-estado-por-estado,,,21-22/09,Datafolha,,,,Pastor Milton Tadashi (PTN),2.0,,,congresso_em_foco,2010-DF-021,duas_mencoes_agregadas,False,False,2010-10-02T07:00:00-03:00,pastor milton tadashi ptn,Pastor Milton Tadashi (PTN),Milton Tadashi PTN,0.0040461229757609,False,8.0
2010,DF,,https://www.congressoemfoco.com.br/noticia/82698/a-disputa-para-o-senado-estado-por-estado,,,21-22/09,Datafolha,,,,Rosana Chaib (PCB),1.0,,,congresso_em_foco,2010-DF-021,duas_mencoes_agregadas,False,False,2010-10-02T07:00:00-03:00,rosana chaib pcb,Rosana Chaib (PCB),Robson da Silva PSTU,0.0025596959587218,False,10.0
2010,ES,,https://www.congressoemfoco.com.br/noticia/82698/a-disputa-para-o-senado-estado-por-estado,,,26-28/09,Flexconsult,,,,Magno Malta (PR),68.0,,,congresso_em_foco,2010-ES-022,duas_mencoes_agregadas,False,False,2010-10-02T07:00:00-03:00,magno malta pr,Magno Malta (PR),Magno Malta PR,0.3676063029648442,True,2.0
2010,ES,,https://www.congressoemfoco.com.br/noticia/82698/a-disputa-para-o-senado-estado-por-estado,,,26-28/09,Flexconsult,,,,Ricardo Ferraço (PMDB),58.1,,,congresso_em_foco,2010-ES-022,duas_mencoes_agregadas,False,False,2010-10-02T07:00:00-03:00,ricardo ferraco pmdb,Ricardo Ferraço (PMDB),Ricardo Ferraço PMDB,0.445474331313255,True,1.0
2010,ES,,https://www.congressoemfoco.com.br/noticia/82698/a-disputa-para-o-senado-estado-por-estado,,,26-28/09,Flexconsult,,,,Rita Camata (PSDB),25.7,,,congresso_em_foco,2010-ES-022,duas_mencoes_agregadas,False,False,2010-10-02T07:00:00-03:00,rita camata psdb,Rita Camata (PSDB),Rita Camata PSDB,0.1074092073125559,False,3.0
2010,ES,,https://www.congressoemfoco.com.br/noticia/82698/a-disputa-para-o-senado-estado-por-estado,,,26-28/09,Flexconsult,,,,Professor Renato (Psol),8.8,,,congresso_em_foco,2010-ES-022,duas_mencoes_agregadas,False,False,2010-10-02T07:00:00-03:00,professor renato psol,Professor Renato (Psol),Ricardo Ferraço PMDB,0.445474331313255,True,1.0
2010,ES,,https://www.congressoemfoco.com.br/noticia/82698/a-disputa-para-o-senado-estado-por-estado,,,26-28/09,Flexconsult,,,,José Carlos Gratz (PSL),4.4,,,congresso_em_foco,2010-ES-022,duas_mencoes_agregadas,False,False,2010-10-02T07:00:00-03:00,jose carlos gratz psl,José Carlos Gratz (PSL),,,,
2010,ES,,https://www.congressoemfoco.com.br/noticia/82698/a-disputa-para-o-senado-estado-por-estado,,,20-22/09,Visão,,,,Magno Malta (PR),66.4,,,congresso_em_foco,2010-ES-023,duas_mencoes_agregadas,False,False,2010-10-02T07:00:00-03:00,magno malta pr,Magno Malta (PR),Magno Malta PR,0.3676063029648442,True,2.0
2010,ES,,https://www.congressoemfoco.com.br/noticia/82698/a-disputa-para-o-senado-estado-por-estado,,,20-22/09,Visão,,,,Ricardo Ferraço (PMDB),59.3,,,congresso_em_foco,2010-ES-023,duas_mencoes_agregadas,False,False,2010-10-02T07:00:00-03:00,ricardo ferraco pmdb,Ricardo Ferraço (PMDB),Ricardo Ferraço PMDB,0.445474331313255,True,1.0
2010,ES,,https://www.congressoemfoco.com.br/noticia/82698/a-disputa-para-o-senado-estado-por-estado,,,20-22/09,Visão,,,,Rita Camata (PSDB),28.8,,,congresso_em_foco,2010-ES-023,duas_mencoes_agregadas,False,False,2010-10-02T07:00:00-03:00,rita camata psdb,Rita Camata (PSDB),Rita Camata PSDB,0.1074092073125559,False,3.0
2010,ES,,https://www.congressoemfoco.com.br/noticia/82698/a-disputa-para-o-senado-estado-por-estado,,,20-22/09,Visão,,,,Professor Renato (Psol),9.4,,,congresso_em_foco,2010-ES-023,duas_mencoes_agregadas,False,False,2010-10-02T07:00:00-03:00,professor renato psol,Professor Renato (Psol),Ricardo Ferraço PMDB,0.445474331313255,True,1.0
2010,ES,,https://www.congressoemfoco.com.br/noticia/82698/a-disputa-para-o-senado-estado-por-estado,,,20-22/09,Visão,,,,José Carlos Gratz (PSL),5.1,,,congresso_em_foco,2010-ES-023,duas_mencoes_agregadas,False,False,2010-10-02T07:00:00-03:00,jose carlos gratz psl,José Carlos Gratz (PSL),,,,
2010,ES,,https://www.congressoemfoco.com.br/noticia/82698/a-disputa-para-o-senado-estado-por-estado,,,07-09/09,Ibope,,,,Magno Malta (PR),59.0,,,congresso_em_foco,2010-ES-024,duas_mencoes_agregadas,False,False,2010-10-02T07:00:00-03:00,magno malta pr,Magno Malta (PR),Magno Malta PR,0.3676063029648442,True,2.0
2010,ES,,https://www.congressoemfoco.com.br/noticia/82698/a-disputa-para-o-senado-estado-por-estado,,,07-09/09,Ibope,,,,Ricardo Ferraço (PMDB),52.0,,,congresso_em_foco,2010-ES-024,duas_mencoes_agregadas,False,False,2010-10-02T07:00:00-03:00,ricardo ferraco pmdb,Ricardo Ferraço (PMDB),Ricardo Ferraço PMDB,0.445474331313255,True,1.0
2010,ES,,https://www.congressoemfoco.com.br/noticia/82698/a-disputa-para-o-senado-estado-por-estado,,,07-09/09,Ibope,,,,Rita Camata (PSDB),24.0,,,congresso_em_foco,2010-ES-024,duas_mencoes_agregadas,False,False,2010-10-02T07:00:00-03:00,rita camata psdb,Rita Camata (PSDB),Rita Camata PSDB,0.1074092073125559,False,3.0
2010,ES,,https://www.congressoemfoco.com.br/noticia/82698/a-disputa-para-o-senado-estado-por-estado,,,07-09/09,Ibope,,,,José Carlos Gratz (PSL),5.0,,,congresso_em_foco,2010-ES-024,duas_mencoes_agregadas,False,False,2010-10-02T07:00:00-03:00,jose carlos gratz psl,José Carlos Gratz (PSL),,,,
2010,ES,,https://www.congressoemfoco.com.br/noticia/82698/a-disputa-para-o-senado-estado-por-estado,,,07-09/09,Ibope,,,,Professor Renato (Psol),5.0,,,congresso_em_foco,2010-ES-024,duas_mencoes_agregadas,False,False,2010-10-02T07:00:00-03:00,professor renato psol,Professor Renato (Psol),Ricardo Ferraço PMDB,0.445474331313255,True,1.0
2010,GO,,https://www.congressoemfoco.com.br/noticia/82698/a-disputa-para-o-senado-estado-por-estado,,,25-27/09,Serpes,,,,Demóstenes Torres (DEM),32.5,,,congresso_em_foco,2010-GO-025,nao_identificado,False,False,2010-10-02T07:00:00-03:00,demostenes torres dem,Demóstenes Torres (DEM),Demóstenes Torres[nota 1] DEM,0.4408920396433017,True,1.0
2010,GO,,https://www.congressoemfoco.com.br/noticia/82698/a-disputa-para-o-senado-estado-por-estado,,,25-27/09,Serpes,,,,Lúcia Vânia (PSDB),22.99,,,congresso_em_foco,2010-GO-025,nao_identificado,False,False,2010-10-02T07:00:00-03:00,lucia vania psdb,Lúcia Vânia (PSDB),Lúcia Vânia PSDB,0.3056407644373572,True,2.0
2010,GO,,https://www.congressoemfoco.com.br/noticia/82698/a-disputa-para-o-senado-estado-por-estado,,,25-27/09,Serpes,,,,Pedro Wilson (PT),9.7,,,congresso_em_foco,2010-GO-025,nao_identificado,False,False,2010-10-02T07:00:00-03:00,pedro wilson pt,Pedro Wilson (PT),Pedro Wilson Guimarães PT,0.1794989200369899,False,3.0
2010,GO,,https://www.congressoemfoco.com.br/noticia/82698/a-disputa-para-o-senado-estado-por-estado,,,25-27/09,Serpes,,,,Adib Elias (PMDB),4.4,,,congresso_em_foco,2010-GO-025,nao_identificado,False,False,2010-10-02T07:00:00-03:00,adib elias pmdb,Adib Elias (PMDB),Adib Elias PMDB,8.169160439043358e-07,False,9.0
2010,GO,,https://www.congressoemfoco.com.br/noticia/82698/a-disputa-para-o-senado-estado-por-estado,,,25-27/09,Serpes,,,,Paulo Roberto Cunha (PP),3.6,,,congresso_em_foco,2010-GO-025,nao_identificado,False,False,2010-10-02T07:00:00-03:00,paulo roberto cunha pp,Paulo Roberto Cunha (PP),Paulo Roberto Cunha PP,0.0464904878295847,False,4.0
2010,GO,,https://www.congressoemfoco.com.br/noticia/82698/a-disputa-para-o-senado-estado-por-estado,,,25-27/09,Serpes,,,,Elias Vaz (Psol),1.0,,,congresso_em_foco,2010-GO-025,nao_identificado,False,False,2010-10-02T07:00:00-03:00,elias vaz psol,Elias Vaz (Psol),Elias Vaz PSOL,0.009230742838097,False,6.0
2010,GO,,https://www.congressoemfoco.com.br/noticia/82698/a-disputa-para-o-senado-estado-por-estado,,,25-27/09,Serpes,,,,Rubens Donizzeti (PSTU),0.6,,,congresso_em_foco,2010-GO-025,nao_identificado,False,False,2010-10-02T07:00:00-03:00,rubens donizzeti pstu,Rubens Donizzeti (PSTU),Rubens Donizzeti PSTU,0.0015935989726463,False,7.0
2010,GO,,https://www.congressoemfoco.com.br/noticia/82698/a-disputa-para-o-senado-estado-por-estado,,,25-27/09,Serpes,,,,Bernardo Bispo (PCB),0.5,,,congresso_em_foco,2010-GO-025,nao_identificado,False,False,2010-10-02T07:00:00-03:00,bernardo bispo pcb,Bernardo Bispo (PCB),Bernardo Bispo PCB,0.0010474905972963,False,8.0
2010,GO,,https://www.congressoemfoco.com.br/noticia/82698/a-disputa-para-o-senado-estado-por-estado,,,21-23/09,Ibope,,,,Demóstenes Torres (DEM),52.0,,,congresso_em_foco,2010-GO-026,duas_mencoes_agregadas,False,False,2010-10-02T07:00:00-03:00,demostenes torres dem,Demóstenes Torres (DEM),Demóstenes Torres[nota 1] DEM,0.4408920396433017,True,1.0
2010,GO,,https://www.congressoemfoco.com.br/noticia/82698/a-disputa-para-o-senado-estado-por-estado,,,21-23/09,Ibope,,,,Lúcia Vânia (PSDB),39.0,,,congresso_em_foco,2010-GO-026,duas_mencoes_agregadas,False,False,2010-10-02T07:00:00-03:00,lucia vania psdb,Lúcia Vânia (PSDB),Lúcia Vânia PSDB,0.3056407644373572,True,2.0
2010,GO,,https://www.congressoemfoco.com.br/noticia/82698/a-disputa-para-o-senado-estado-por-estado,,,21-23/09,Ibope,,,,Pedro Wilson (PT),18.0,,,congresso_em_foco,2010-GO-026,duas_mencoes_agregadas,False,False,2010-10-02T07:00:00-03:00,pedro wilson pt,Pedro Wilson (PT),Pedro Wilson Guimarães PT,0.1794989200369899,False,3.0
2010,GO,,https://www.congressoemfoco.com.br/noticia/82698/a-disputa-para-o-senado-estado-por-estado,,,21-23/09,Ibope,,,,Adib Elias (PMDB),11.0,,,congresso_em_foco,2010-GO-026,duas_mencoes_agregadas,False,False,2010-10-02T07:00:00-03:00,adib elias pmdb,Adib Elias (PMDB),Adib Elias PMDB,8.169160439043358e-07,False,9.0
2010,GO,,https://www.congressoemfoco.com.br/noticia/82698/a-disputa-para-o-senado-estado-por-estado,,,21-23/09,Ibope,,,,Renner (PP),7.0,,,congresso_em_foco,2010-GO-026,duas_mencoes_agregadas,False,False,2010-10-02T07:00:00-03:00,renner pp,Renner (PP),Renner Reis[nota 3] PP,0.0156051387286825,False,5.0
2010,GO,,https://www.congressoemfoco.com.br/noticia/82698/a-disputa-para-o-senado-estado-por-estado,,,21-23/09,Ibope,,,,Paulo Roberto Cunha (PP),6.0,,,congresso_em_foco,2010-GO-026,duas_mencoes_agregadas,False,False,2010-10-02T07:00:00-03:00,paulo roberto cunha pp,Paulo Roberto Cunha (PP),Paulo Roberto Cunha PP,0.0464904878295847,False,4.0
2010,GO,,https://www.congressoemfoco.com.br/noticia/82698/a-disputa-para-o-senado-estado-por-estado,,,21-23/09,Ibope,,,,Elias Vaz (Psol),3.0,,,congresso_em_foco,2010-GO-026,duas_mencoes_agregadas,False,False,2010-10-02T07:00:00-03:00,elias vaz psol,Elias Vaz (Psol),Elias Vaz PSOL,0.009230742838097,False,6.0
2010,GO,,https://www.congressoemfoco.com.br/noticia/82698/a-disputa-para-o-senado-estado-por-estado,,,21-23/09,Ibope,,,,Rubens Donizzeti (PSTU),1.0,,,congresso_em_foco,2010-GO-026,duas_mencoes_agregadas,False,False,2010-10-02T07:00:00-03:00,rubens donizzeti pstu,Rubens Donizzeti (PSTU),Rubens Donizzeti PSTU,0.0015935989726463,False,7.0
2010,GO,,https://www.congressoemfoco.com.br/noticia/82698/a-disputa-para-o-senado-estado-por-estado,,,21-23/09,Ibope,,,,Bernardo Bispo (PCB),1.0,,,congresso_em_foco,2010-GO-026,duas_mencoes_agregadas,False,False,2010-10-02T07:00:00-03:00,bernardo bispo pcb,Bernardo Bispo (PCB),Bernardo Bispo PCB,0.0010474905972963,False,8.0
2010,GO,,https://www.congressoemfoco.com.br/noticia/82698/a-disputa-para-o-senado-estado-por-estado,,,07-09/09,Ibope,,,,Demóstenes Torres (DEM),49.0,,,congresso_em_foco,2010-GO-027,duas_mencoes_agregadas,False,False,2010-10-02T07:00:00-03:00,demostenes torres dem,Demóstenes Torres (DEM),Demóstenes Torres[nota 1] DEM,0.4408920396433017,True,1.0
2010,GO,,https://www.congressoemfoco.com.br/noticia/82698/a-disputa-para-o-senado-estado-por-estado,,,07-09/09,Ibope,,,,Lúcia Vânia (PSDB),39.0,,,congresso_em_foco,2010-GO-027,duas_mencoes_agregadas,False,False,2010-10-02T07:00:00-03:00,lucia vania psdb,Lúcia Vânia (PSDB),Lúcia Vânia PSDB,0.3056407644373572,True,2.0
2010,GO,,https://www.congressoemfoco.com.br/noticia/82698/a-disputa-para-o-senado-estado-por-estado,,,07-09/09,Ibope,,,,Pedro Wilson (PT),15.0,,,congresso_em_foco,2010-GO-027,duas_mencoes_agregadas,False,False,2010-10-02T07:00:00-03:00,pedro wilson pt,Pedro Wilson (PT),Pedro Wilson Guimarães PT,0.1794989200369899,False,3.0
2010,GO,,https://www.congressoemfoco.com.br/noticia/82698/a-disputa-para-o-senado-estado-por-estado,,,07-09/09,Ibope,,,,Paulo Roberto Cunha (PP),7.0,,,congresso_em_foco,2010-GO-027,duas_mencoes_agregadas,False,False,2010-10-02T07:00:00-03:00,paulo roberto cunha pp,Paulo Roberto Cunha (PP),Paulo Roberto Cunha PP,0.0464904878295847,False,4.0
2010,GO,,https://www.congressoemfoco.com.br/noticia/82698/a-disputa-para-o-senado-estado-por-estado,,,07-09/09,Ibope,,,,Adib Elias (PMDB),7.0,,,congresso_em_foco,2010-GO-027,duas_mencoes_agregadas,False,False,2010-10-02T07:00:00-03:00,adib elias pmdb,Adib Elias (PMDB),Adib Elias PMDB,8.169160439043358e-07,False,9.0
2010,GO,,https://www.congressoemfoco.com.br/noticia/82698/a-disputa-para-o-senado-estado-por-estado,,,07-09/09,Ibope,,,,Renner (PP),6.0,,,congresso_em_foco,2010-GO-027,duas_mencoes_agregadas,False,False,2010-10-02T07:00:00-03:00,renner pp,Renner (PP),Renner Reis[nota 3] PP,0.0156051387286825,False,5.0
2010,GO,,https://www.congressoemfoco.com.br/noticia/82698/a-disputa-para-o-senado-estado-por-estado,,,07-09/09,Ibope,,,,Elias Vaz (Psol),3.0,,,congresso_em_foco,2010-GO-027,duas_mencoes_agregadas,False,False,2010-10-02T07:00:00-03:00,elias vaz psol,Elias Vaz (Psol),Elias Vaz PSOL,0.009230742838097,False,6.0
2010,GO,,https://www.congressoemfoco.com.br/noticia/82698/a-disputa-para-o-senado-estado-por-estado,,,07-09/09,Ibope,,,,Rubens Donizzeti (PSTU),2.0,,,congresso_em_foco,2010-GO-027,duas_mencoes_agregadas,False,False,2010-10-02T07:00:00-03:00,rubens donizzeti pstu,Rubens Donizzeti (PSTU),Rubens Donizzeti PSTU,0.0015935989726463,False,7.0
2010,GO,,https://www.congressoemfoco.com.br/noticia/82698/a-disputa-para-o-senado-estado-por-estado,,,07-09/09,Ibope,,,,Bernardo Bispo (PCB),1.0,,,congresso_em_foco,2010-GO-027,duas_mencoes_agregadas,False,False,2010-10-02T07:00:00-03:00,bernardo bispo pcb,Bernardo Bispo (PCB),Bernardo Bispo PCB,0.0010474905972963,False,8.0
2010,MA,,https://www.congressoemfoco.com.br/noticia/82698/a-disputa-para-o-senado-estado-por-estado,,,18-21/09,Escutec,,,,Edison Lobão (PMDB),54.8,,,congresso_em_foco,2010-MA-028,duas_mencoes_agregadas,False,False,2010-10-02T07:00:00-03:00,edison lobao pmdb,Edison Lobão (PMDB),Edison Lobão,0.3273650220441059,True,1.0
2010,MA,,https://www.congressoemfoco.com.br/noticia/82698/a-disputa-para-o-senado-estado-por-estado,,,18-21/09,Escutec,,,,João Alberto,39.3,,,congresso_em_foco,2010-MA-028,duas_mencoes_agregadas,False,False,2010-10-02T07:00:00-03:00,joao alberto,João Alberto,João Alberto,0.297402232471796,True,2.0
2010,MA,,https://www.congressoemfoco.com.br/noticia/82698/a-disputa-para-o-senado-estado-por-estado,,,18-21/09,Escutec,,,,Zé Reinaldo (PSB),25.1,,,congresso_em_foco,2010-MA-028,duas_mencoes_agregadas,False,False,2010-10-02T07:00:00-03:00,ze reinaldo psb,Zé Reinaldo (PSB),Zé Reinaldo,0.1399409810728227,False,3.0
2010,MA,,https://www.congressoemfoco.com.br/noticia/82698/a-disputa-para-o-senado-estado-por-estado,,,18-21/09,Escutec,,,,Edson Vidigal (PSDB),28.0,,,congresso_em_foco,2010-MA-028,duas_mencoes_agregadas,False,False,2010-10-02T07:00:00-03:00,edson vidigal psdb,Edson Vidigal (PSDB),Vidigal,0.0966659479869499,False,5.0
2010,MA,,https://www.congressoemfoco.com.br/noticia/82698/a-disputa-para-o-senado-estado-por-estado,,,18-21/09,Escutec,,,,Roberto Rocha (PSDB),17.9,,,congresso_em_foco,2010-MA-028,duas_mencoes_agregadas,False,False,2010-10-02T07:00:00-03:00,roberto rocha psdb,Roberto Rocha (PSDB),Roberto Rocha,0.123641055832182,False,4.0
2010,MA,,https://www.congressoemfoco.com.br/noticia/82698/a-disputa-para-o-senado-estado-por-estado,,,18-21/09,Escutec,,,,Professor Adonilson (PC do B),1.8,,,congresso_em_foco,2010-MA-028,duas_mencoes_agregadas,False,False,2010-10-02T07:00:00-03:00,professor adonilson pc do b,Professor Adonilson (PC do B),Prof. Adonilson,0.0,False,10.0
2010,MA,,https://www.congressoemfoco.com.br/noticia/82698/a-disputa-para-o-senado-estado-por-estado,,,18-21/09,Escutec,,,,Noleto (PSTU),1.4,,,congresso_em_foco,2010-MA-028,duas_mencoes_agregadas,False,False,2010-10-02T07:00:00-03:00,noleto pstu,Noleto (PSTU),Noleto,0.0034269674915071,False,9.0
2010,MA,,https://www.congressoemfoco.com.br/noticia/82698/a-disputa-para-o-senado-estado-por-estado,,,18-21/09,Escutec,,,,Charles Vieira (PCB),1.0,,,congresso_em_foco,2010-MA-028,duas_mencoes_agregadas,False,False,2010-10-02T07:00:00-03:00,charles vieira pcb,Charles Vieira (PCB),Charles Vieira,0.0035877568518674,False,8.0
2010,MA,,https://www.congressoemfoco.com.br/noticia/82698/a-disputa-para-o-senado-estado-por-estado,,,18-21/09,Escutec,,,,Professora Socorro (Psol),0.4,,,congresso_em_foco,2010-MA-028,duas_mencoes_agregadas,False,False,2010-10-02T07:00:00-03:00,professora socorro psol,Professora Socorro (Psol),Professora Socorro,0.0,False,11.0
2010,MA,,https://www.congressoemfoco.com.br/noticia/82698/a-disputa-para-o-senado-estado-por-estado,,,18-21/09,Escutec,,,,Claudicea Durans (PSTU),0.3,,,congresso_em_foco,2010-MA-028,duas_mencoes_agregadas,False,False,2010-10-02T07:00:00-03:00,claudicea durans pstu,Claudicea Durans (PSTU),Claudicea Durans,0.0042205283776872,False,6.0
2010,MA,,https://www.congressoemfoco.com.br/noticia/82698/a-disputa-para-o-senado-estado-por-estado,,,18-21/09,Escutec,,,,Paulo Rios (Psol),0.3,,,congresso_em_foco,2010-MA-028,duas_mencoes_agregadas,False,False,2010-10-02T07:00:00-03:00,paulo rios psol,Paulo Rios (Psol),Paulo Rios,0.0037495078710815,False,7.0
2010,MA,,https://www.congressoemfoco.com.br/noticia/82698/a-disputa-para-o-senado-estado-por-estado,,,14-16/09,Ibope,,,,Edison Lobão (PMDB),42.0,,,congresso_em_foco,2010-MA-029,duas_mencoes_agregadas,False,False,2010-10-02T07:00:00-03:00,edison lobao pmdb,Edison Lobão (PMDB),Edison Lobão,0.3273650220441059,True,1.0
2010,MA,,https://www.congressoemfoco.com.br/noticia/82698/a-disputa-para-o-senado-estado-por-estado,,,14-16/09,Ibope,,,,João Alberto,33.0,,,congresso_em_foco,2010-MA-029,duas_mencoes_agregadas,False,False,2010-10-02T07:00:00-03:00,joao alberto,João Alberto,João Alberto,0.297402232471796,True,2.0
2010,MA,,https://www.congressoemfoco.com.br/noticia/82698/a-disputa-para-o-senado-estado-por-estado,,,14-16/09,Ibope,,,,Zé Reinaldo (PSB),16.0,,,congresso_em_foco,2010-MA-029,duas_mencoes_agregadas,False,False,2010-10-02T07:00:00-03:00,ze reinaldo psb,Zé Reinaldo (PSB),Zé Reinaldo,0.1399409810728227,False,3.0
2010,MA,,https://www.congressoemfoco.com.br/noticia/82698/a-disputa-para-o-senado-estado-por-estado,,,14-16/09,Ibope,,,,Edson Vidigal (PSDB),11.0,,,congresso_em_foco,2010-MA-029,duas_mencoes_agregadas,False,False,2010-10-02T07:00:00-03:00,edson vidigal psdb,Edson Vidigal (PSDB),Vidigal,0.0966659479869499,False,5.0
2010,MA,,https://www.congressoemfoco.com.br/noticia/82698/a-disputa-para-o-senado-estado-por-estado,,,14-16/09,Ibope,,,,Roberto Rocha (PSDB),10.0,,,congresso_em_foco,2010-MA-029,duas_mencoes_agregadas,False,False,2010-10-02T07:00:00-03:00,roberto rocha psdb,Roberto Rocha (PSDB),Roberto Rocha,0.123641055832182,False,4.0
2010,MA,,https://www.congressoemfoco.com.br/noticia/82698/a-disputa-para-o-senado-estado-por-estado,,,14-16/09,Ibope,,,,Noleto (PSTU),2.0,,,congresso_em_foco,2010-MA-029,duas_mencoes_agregadas,False,False,2010-10-02T07:00:00-03:00,noleto pstu,Noleto (PSTU),Noleto,0.0034269674915071,False,9.0
2010,MA,,https://www.congressoemfoco.com.br/noticia/82698/a-disputa-para-o-senado-estado-por-estado,,,14-16/09,Ibope,,,,Charles Vieira (PCB),1.0,,,congresso_em_foco,2010-MA-029,duas_mencoes_agregadas,False,False,2010-10-02T07:00:00-03:00,charles vieira pcb,Charles Vieira (PCB),Charles Vieira,0.0035877568518674,False,8.0
2010,MA,,https://www.congressoemfoco.com.br/noticia/82698/a-disputa-para-o-senado-estado-por-estado,,,14-16/09,Ibope,,,,Claudicea Durans (PSTU),1.0,,,congresso_em_foco,2010-MA-029,duas_mencoes_agregadas,False,False,2010-10-02T07:00:00-03:00,claudicea durans pstu,Claudicea Durans (PSTU),Claudicea Durans,0.0042205283776872,False,6.0
2010,MA,,https://www.congressoemfoco.com.br/noticia/82698/a-disputa-para-o-senado-estado-por-estado,,,14-16/09,Ibope,,,,Paulo Rios (Psol),1.0,,,congresso_em_foco,2010-MA-029,duas_mencoes_agregadas,False,False,2010-10-02T07:00:00-03:00,paulo rios psol,Paulo Rios (Psol),Paulo Rios,0.0037495078710815,False,7.0
2010,MA,,https://www.congressoemfoco.com.br/noticia/82698/a-disputa-para-o-senado-estado-por-estado,,,14-16/09,Ibope,,,,Professor Adonilson (PC do B),1.0,,,congresso_em_foco,2010-MA-029,duas_mencoes_agregadas,False,False,2010-10-02T07:00:00-03:00,professor adonilson pc do b,Professor Adonilson (PC do B),Prof. Adonilson,0.0,False,10.0
2010,MA,,https://www.congressoemfoco.com.br/noticia/82698/a-disputa-para-o-senado-estado-por-estado,,,14-16/09,Ibope,,,,Professora Socorro (Psol),1.0,,,congresso_em_foco,2010-MA-029,duas_mencoes_agregadas,False,False,2010-10-02T07:00:00-03:00,professora socorro psol,Professora Socorro (Psol),Professora Socorro,0.0,False,11.0
2010,MA,,https://www.congressoemfoco.com.br/noticia/82698/a-disputa-para-o-senado-estado-por-estado,,,24-29/08,Ibope,,,,Edison Lobão (PMDB),39.0,,,congresso_em_foco,2010-MA-030,duas_mencoes_agregadas,False,False,2010-10-02T07:00:00-03:00,edison lobao pmdb,Edison Lobão (PMDB),Edison Lobão,0.3273650220441059,True,1.0
2010,MA,,https://www.congressoemfoco.com.br/noticia/82698/a-disputa-para-o-senado-estado-por-estado,,,24-29/08,Ibope,,,,João Alberto,28.0,,,congresso_em_foco,2010-MA-030,duas_mencoes_agregadas,False,False,2010-10-02T07:00:00-03:00,joao alberto,João Alberto,João Alberto,0.297402232471796,True,2.0
2010,MA,,https://www.congressoemfoco.com.br/noticia/82698/a-disputa-para-o-senado-estado-por-estado,,,24-29/08,Ibope,,,,Zé Reinaldo (PSB),16.0,,,congresso_em_foco,2010-MA-030,duas_mencoes_agregadas,False,False,2010-10-02T07:00:00-03:00,ze reinaldo psb,Zé Reinaldo (PSB),Zé Reinaldo,0.1399409810728227,False,3.0
2010,MA,,https://www.congressoemfoco.com.br/noticia/82698/a-disputa-para-o-senado-estado-por-estado,,,24-29/08,Ibope,,,,Edson Vidigal (PSDB),10.0,,,congresso_em_foco,2010-MA-030,duas_mencoes_agregadas,False,False,2010-10-02T07:00:00-03:00,edson vidigal psdb,Edson Vidigal (PSDB),Vidigal,0.0966659479869499,False,5.0
2010,MA,,https://www.congressoemfoco.com.br/noticia/82698/a-disputa-para-o-senado-estado-por-estado,,,24-29/08,Ibope,,,,Roberto Rocha (PSDB),7.0,,,congresso_em_foco,2010-MA-030,duas_mencoes_agregadas,False,False,2010-10-02T07:00:00-03:00,roberto rocha psdb,Roberto Rocha (PSDB),Roberto Rocha,0.123641055832182,False,4.0
2010,MA,,https://www.congressoemfoco.com.br/noticia/82698/a-disputa-para-o-senado-estado-por-estado,,,24-29/08,Ibope,,,,Noleto (PSTU),2.0,,,congresso_em_foco,2010-MA-030,duas_mencoes_agregadas,False,False,2010-10-02T07:00:00-03:00,noleto pstu,Noleto (PSTU),Noleto,0.0034269674915071,False,9.0
2010,MA,,https://www.congressoemfoco.com.br/noticia/82698/a-disputa-para-o-senado-estado-por-estado,,,24-29/08,Ibope,,,,Professora Socorro (Psol),2.0,,,congresso_em_foco,2010-MA-030,duas_mencoes_agregadas,False,False,2010-10-02T07:00:00-03:00,professora socorro psol,Professora Socorro (Psol),Professora Socorro,0.0,False,11.0
2010,MA,,https://www.congressoemfoco.com.br/noticia/82698/a-disputa-para-o-senado-estado-por-estado,,,24-29/08,Ibope,,,,Charles Vieira (PCB),1.0,,,congresso_em_foco,2010-MA-030,duas_mencoes_agregadas,False,False,2010-10-02T07:00:00-03:00,charles vieira pcb,Charles Vieira (PCB),Charles Vieira,0.0035877568518674,False,8.0
2010,MA,,https://www.congressoemfoco.com.br/noticia/82698/a-disputa-para-o-senado-estado-por-estado,,,24-29/08,Ibope,,,,Paulo Rios (Psol),1.0,,,congresso_em_foco,2010-MA-030,duas_mencoes_agregadas,False,False,2010-10-02T07:00:00-03:00,paulo rios psol,Paulo Rios (Psol),Paulo Rios,0.0037495078710815,False,7.0
2010,MA,,https://www.congressoemfoco.com.br/noticia/82698/a-disputa-para-o-senado-estado-por-estado,,,24-29/08,Ibope,,,,Professor Adonilson (PC do B),1.0,,,congresso_em_foco,2010-MA-030,duas_mencoes_agregadas,False,False,2010-10-02T07:00:00-03:00,professor adonilson pc do b,Professor Adonilson (PC do B),Prof. Adonilson,0.0,False,10.0
2010,MT,,https://www.congressoemfoco.com.br/noticia/82698/a-disputa-para-o-senado-estado-por-estado,,,25-26/09,Gazeta Dados,,,,Blairo Maggi (PR),64.0,,,congresso_em_foco,2010-MT-031,duas_mencoes_agregadas,False,False,2010-10-02T07:00:00-03:00,blairo maggi pr,Blairo Maggi (PR),Blairo Maggi PR,0.3707545738844165,True,1.0
2010,MT,,https://www.congressoemfoco.com.br/noticia/82698/a-disputa-para-o-senado-estado-por-estado,,,25-26/09,Gazeta Dados,,,,Carlos Abicalil (PT),29.0,,,congresso_em_foco,2010-MT-031,duas_mencoes_agregadas,False,False,2010-10-02T07:00:00-03:00,carlos abicalil pt,Carlos Abicalil (PT),Carlos Abicalil PT,0.1842579805217533,False,3.0
2010,MT,,https://www.congressoemfoco.com.br/noticia/82698/a-disputa-para-o-senado-estado-por-estado,,,25-26/09,Gazeta Dados,,,,Antero Paes de Barros (PSDB),28.0,,,congresso_em_foco,2010-MT-031,duas_mencoes_agregadas,False,False,2010-10-02T07:00:00-03:00,antero paes de barros psdb,Antero Paes de Barros (PSDB),Antero Paes de Barros PSDB,0.1192362802471008,False,4.0
2010,MT,,https://www.congressoemfoco.com.br/noticia/82698/a-disputa-para-o-senado-estado-por-estado,,,25-26/09,Gazeta Dados,,,,Pedro Taques (PDT),28.0,,,congresso_em_foco,2010-MT-031,duas_mencoes_agregadas,False,False,2010-10-02T07:00:00-03:00,pedro taques pdt,Pedro Taques (PDT),Pedro Taques PDT,0.2447789598725452,True,2.0
2010,MT,,https://www.congressoemfoco.com.br/noticia/82698/a-disputa-para-o-senado-estado-por-estado,,,21-23/09,Ibope,,,,Blairo Maggi (PR),67.0,,,congresso_em_foco,2010-MT-032,duas_mencoes_agregadas,False,False,2010-10-02T07:00:00-03:00,blairo maggi pr,Blairo Maggi (PR),Blairo Maggi PR,0.3707545738844165,True,1.0
2010,MT,,https://www.congressoemfoco.com.br/noticia/82698/a-disputa-para-o-senado-estado-por-estado,,,21-23/09,Ibope,,,,Carlos Abicalil (PT),36.0,,,congresso_em_foco,2010-MT-032,duas_mencoes_agregadas,False,False,2010-10-02T07:00:00-03:00,carlos abicalil pt,Carlos Abicalil (PT),Carlos Abicalil PT,0.1842579805217533,False,3.0
2010,MT,,https://www.congressoemfoco.com.br/noticia/82698/a-disputa-para-o-senado-estado-por-estado,,,21-23/09,Ibope,,,,Antero Paes de Barros (PSDB),24.0,,,congresso_em_foco,2010-MT-032,duas_mencoes_agregadas,False,False,2010-10-02T07:00:00-03:00,antero paes de barros psdb,Antero Paes de Barros (PSDB),Antero Paes de Barros PSDB,0.1192362802471008,False,4.0
2010,MT,,https://www.congressoemfoco.com.br/noticia/82698/a-disputa-para-o-senado-estado-por-estado,,,21-23/09,Ibope,,,,Pedro Taques (PDT),21.0,,,congresso_em_foco,2010-MT-032,duas_mencoes_agregadas,False,False,2010-10-02T07:00:00-03:00,pedro taques pdt,Pedro Taques (PDT),Pedro Taques PDT,0.2447789598725452,True,2.0
2010,MT,,https://www.congressoemfoco.com.br/noticia/82698/a-disputa-para-o-senado-estado-por-estado,,,21-23/09,Ibope,,,,Procurador Mauro (Psol),7.0,,,congresso_em_foco,2010-MT-032,duas_mencoes_agregadas,False,False,2010-10-02T07:00:00-03:00,procurador mauro psol,Procurador Mauro (Psol),,,,
2010,MT,,https://www.congressoemfoco.com.br/noticia/82698/a-disputa-para-o-senado-estado-por-estado,,,21-23/09,Ibope,,,,Jorge Yanai (DEM),6.0,,,congresso_em_foco,2010-MT-032,duas_mencoes_agregadas,False,False,2010-10-02T07:00:00-03:00,jorge yanai dem,Jorge Yanai (DEM),Jorge Yanai DEM,0.0351620117870101,False,5.0
2010,MT,,https://www.congressoemfoco.com.br/noticia/82698/a-disputa-para-o-senado-estado-por-estado,,,21-23/09,Ibope,,,,Naildo (PV),1.0,,,congresso_em_foco,2010-MT-032,duas_mencoes_agregadas,False,False,2010-10-02T07:00:00-03:00,naildo pv,Naildo (PV),Naildo da Silva Lopes PV,0.0120174707855668,False,7.0
2010,MT,,https://www.congressoemfoco.com.br/noticia/82698/a-disputa-para-o-senado-estado-por-estado,,,31/08,Ibope,,,,02/09 - Blairo Maggi (PR),71.0,,,congresso_em_foco,2010-MT-033,duas_mencoes_agregadas,False,False,2010-10-02T07:00:00-03:00,02/09 blairo maggi pr,02/09 - Blairo Maggi (PR),Blairo Maggi PR,0.3707545738844165,True,1.0
2010,MT,,https://www.congressoemfoco.com.br/noticia/82698/a-disputa-para-o-senado-estado-por-estado,,,31/08,Ibope,,,,Carlos Abicalil (PT),32.0,,,congresso_em_foco,2010-MT-033,duas_mencoes_agregadas,False,False,2010-10-02T07:00:00-03:00,carlos abicalil pt,Carlos Abicalil (PT),Carlos Abicalil PT,0.1842579805217533,False,3.0
2010,MT,,https://www.congressoemfoco.com.br/noticia/82698/a-disputa-para-o-senado-estado-por-estado,,,31/08,Ibope,,,,Antero Paes de Barros (PSDB),27.0,,,congresso_em_foco,2010-MT-033,duas_mencoes_agregadas,False,False,2010-10-02T07:00:00-03:00,antero paes de barros psdb,Antero Paes de Barros (PSDB),Antero Paes de Barros PSDB,0.1192362802471008,False,4.0
2010,MT,,https://www.congressoemfoco.com.br/noticia/82698/a-disputa-para-o-senado-estado-por-estado,,,31/08,Ibope,,,,Pedro Taques (PDT),15.0,,,congresso_em_foco,2010-MT-033,duas_mencoes_agregadas,False,False,2010-10-02T07:00:00-03:00,pedro taques pdt,Pedro Taques (PDT),Pedro Taques PDT,0.2447789598725452,True,2.0
2010,MT,,https://www.congressoemfoco.com.br/noticia/82698/a-disputa-para-o-senado-estado-por-estado,,,31/08,Ibope,,,,Procurador Mauro (Psol),4.0,,,congresso_em_foco,2010-MT-033,duas_mencoes_agregadas,False,False,2010-10-02T07:00:00-03:00,procurador mauro psol,Procurador Mauro (Psol),,,,
2010,MT,,https://www.congressoemfoco.com.br/noticia/82698/a-disputa-para-o-senado-estado-por-estado,,,31/08,Ibope,,,,Jorge Yanai (DEM),2.0,,,congresso_em_foco,2010-MT-033,duas_mencoes_agregadas,False,False,2010-10-02T07:00:00-03:00,jorge yanai dem,Jorge Yanai (DEM),Jorge Yanai DEM,0.0351620117870101,False,5.0
2010,MT,,https://www.congressoemfoco.com.br/noticia/82698/a-disputa-para-o-senado-estado-por-estado,,,31/08,Ibope,,,,Naildo (PV),1.0,,,congresso_em_foco,2010-MT-033,duas_mencoes_agregadas,False,False,2010-10-02T07:00:00-03:00,naildo pv,Naildo (PV),Naildo da Silva Lopes PV,0.0120174707855668,False,7.0
2010,MS,,https://www.congressoemfoco.com.br/noticia/82698/a-disputa-para-o-senado-estado-por-estado,,,21-23/09,Ibope,,,,Delcídio do Amaral (PT),63.0,,,congresso_em_foco,2010-MS-034,duas_mencoes_agregadas,False,False,2010-10-02T07:00:00-03:00,delcidio do amaral pt,Delcídio do Amaral (PT),Delcídio do Amaral PT,0.4278757162543488,True,1.0
2010,MS,,https://www.congressoemfoco.com.br/noticia/82698/a-disputa-para-o-senado-estado-por-estado,,,21-23/09,Ibope,,,,Dagoberto Nogueira (PDT),37.0,,,congresso_em_foco,2010-MS-034,duas_mencoes_agregadas,False,False,2010-10-02T07:00:00-03:00,dagoberto nogueira pdt,Dagoberto Nogueira (PDT),Dagoberto Nogueira PDT,0.0251230433506912,False,4.0
2010,MS,,https://www.congressoemfoco.com.br/noticia/82698/a-disputa-para-o-senado-estado-por-estado,,,21-23/09,Ibope,,,,Valdemir Moka (PMDB),32.0,,,congresso_em_foco,2010-MS-034,duas_mencoes_agregadas,False,False,2010-10-02T07:00:00-03:00,valdemir moka pmdb,Valdemir Moka (PMDB),Waldemir Moka PMDB,0.2819908830711703,True,2.0
2010,MS,,https://www.congressoemfoco.com.br/noticia/82698/a-disputa-para-o-senado-estado-por-estado,,,21-23/09,Ibope,,,,Murilo Zaiuth (DEM),29.0,,,congresso_em_foco,2010-MS-034,duas_mencoes_agregadas,False,False,2010-10-02T07:00:00-03:00,murilo zaiuth dem,Murilo Zaiuth (DEM),Murilo Zauith DEM,0.2650103573237896,False,3.0
2010,MS,,https://www.congressoemfoco.com.br/noticia/82698/a-disputa-para-o-senado-estado-por-estado,,,21-23/09,Ibope,,,,Jorge Batista (Psol),1.0,,,congresso_em_foco,2010-MS-034,duas_mencoes_agregadas,False,False,2010-10-02T07:00:00-03:00,jorge batista psol,Jorge Batista (Psol),,,,
2010,MS,,https://www.congressoemfoco.com.br/noticia/82698/a-disputa-para-o-senado-estado-por-estado,,,17-19/09,Ibrape,,,,Delcídio do Amaral (PT),64.0,,,congresso_em_foco,2010-MS-035,duas_mencoes_agregadas,False,False,2010-10-02T07:00:00-03:00,delcidio do amaral pt,Delcídio do Amaral (PT),Delcídio do Amaral PT,0.4278757162543488,True,1.0
2010,MS,,https://www.congressoemfoco.com.br/noticia/82698/a-disputa-para-o-senado-estado-por-estado,,,17-19/09,Ibrape,,,,Dagoberto Nogueira (PDT),38.0,,,congresso_em_foco,2010-MS-035,duas_mencoes_agregadas,False,False,2010-10-02T07:00:00-03:00,dagoberto nogueira pdt,Dagoberto Nogueira (PDT),Dagoberto Nogueira PDT,0.0251230433506912,False,4.0
2010,MS,,https://www.congressoemfoco.com.br/noticia/82698/a-disputa-para-o-senado-estado-por-estado,,,17-19/09,Ibrape,,,,Valdemir Moka (PMDB),38.0,,,congresso_em_foco,2010-MS-035,duas_mencoes_agregadas,False,False,2010-10-02T07:00:00-03:00,valdemir moka pmdb,Valdemir Moka (PMDB),Waldemir Moka PMDB,0.2819908830711703,True,2.0
2010,MS,,https://www.congressoemfoco.com.br/noticia/82698/a-disputa-para-o-senado-estado-por-estado,,,17-19/09,Ibrape,,,,Murilo Zaiuth (DEM),25.0,,,congresso_em_foco,2010-MS-035,duas_mencoes_agregadas,False,False,2010-10-02T07:00:00-03:00,murilo zaiuth dem,Murilo Zaiuth (DEM),Murilo Zauith DEM,0.2650103573237896,False,3.0
2010,MS,,https://www.congressoemfoco.com.br/noticia/82698/a-disputa-para-o-senado-estado-por-estado,,,17-19/09,Ibrape,,,,Jorge Batista (Psol),2.0,,,congresso_em_foco,2010-MS-035,duas_mencoes_agregadas,False,False,2010-10-02T07:00:00-03:00,jorge batista psol,Jorge Batista (Psol),,,,
2010,MS,,https://www.congressoemfoco.com.br/noticia/82698/a-disputa-para-o-senado-estado-por-estado,,,31/08,Ibope,,,,02/09 - Delcídio do Amaral (PT),64.0,,,congresso_em_foco,2010-MS-036,duas_mencoes_agregadas,False,False,2010-10-02T07:00:00-03:00,02/09 delcidio do amaral pt,02/09 - Delcídio do Amaral (PT),Delcídio do Amaral PT,0.4278757162543488,True,1.0
2010,MS,,https://www.congressoemfoco.com.br/noticia/82698/a-disputa-para-o-senado-estado-por-estado,,,31/08,Ibope,,,,Dagoberto Nogueira (PDT),35.0,,,congresso_em_foco,2010-MS-036,duas_mencoes_agregadas,False,False,2010-10-02T07:00:00-03:00,dagoberto nogueira pdt,Dagoberto Nogueira (PDT),Dagoberto Nogueira PDT,0.0251230433506912,False,4.0
2010,MS,,https://www.congressoemfoco.com.br/noticia/82698/a-disputa-para-o-senado-estado-por-estado,,,31/08,Ibope,,,,Valdemir Moka (PMDB),30.0,,,congresso_em_foco,2010-MS-036,duas_mencoes_agregadas,False,False,2010-10-02T07:00:00-03:00,valdemir moka pmdb,Valdemir Moka (PMDB),Waldemir Moka PMDB,0.2819908830711703,True,2.0
2010,MS,,https://www.congressoemfoco.com.br/noticia/82698/a-disputa-para-o-senado-estado-por-estado,,,31/08,Ibope,,,,Murilo Zaiuth (DEM),18.0,,,congresso_em_foco,2010-MS-036,duas_mencoes_agregadas,False,False,2010-10-02T07:00:00-03:00,murilo zaiuth dem,Murilo Zaiuth (DEM),Murilo Zauith DEM,0.2650103573237896,False,3.0
2010,MS,,https://www.congressoemfoco.com.br/noticia/82698/a-disputa-para-o-senado-estado-por-estado,,,31/08,Ibope,,,,Jorge Batista (Psol),1.0,,,congresso_em_foco,2010-MS-036,duas_mencoes_agregadas,False,False,2010-10-02T07:00:00-03:00,jorge batista psol,Jorge Batista (Psol),,,,
2010,MG,,https://www.congressoemfoco.com.br/noticia/82698/a-disputa-para-o-senado-estado-por-estado,,,28-29/09,Datafolha,,,,Aécio Neves (PSDB),67.0,,,congresso_em_foco,2010-MG-037,duas_mencoes_agregadas,False,False,2010-10-02T07:00:00-03:00,aecio neves psdb,Aécio Neves (PSDB),Aécio Neves PSDB,0.3948656247639862,True,1.0
2010,MG,,https://www.congressoemfoco.com.br/noticia/82698/a-disputa-para-o-senado-estado-por-estado,,,28-29/09,Datafolha,,,,Itamar Franco (PPS),43.0,,,congresso_em_foco,2010-MG-037,duas_mencoes_agregadas,False,False,2010-10-02T07:00:00-03:00,itamar franco pps,Itamar Franco (PPS),Itamar Franco PPS,0.2675168720309241,True,2.0
2010,MG,,https://www.congressoemfoco.com.br/noticia/82698/a-disputa-para-o-senado-estado-por-estado,,,28-29/09,Datafolha,,,,Fernando Pimentel (PT),34.0,,,congresso_em_foco,2010-MG-037,duas_mencoes_agregadas,False,False,2010-10-02T07:00:00-03:00,fernando pimentel pt,Fernando Pimentel (PT),Fernando Pimentel PT,0.2398487403370392,False,3.0
2010,MG,,https://www.congressoemfoco.com.br/noticia/82698/a-disputa-para-o-senado-estado-por-estado,,,28-29/09,Datafolha,,,,Zito Vieira (PCdoB),4.0,,,congresso_em_foco,2010-MG-037,duas_mencoes_agregadas,False,False,2010-10-02T07:00:00-03:00,zito vieira pcdob,Zito Vieira (PCdoB),Zito Vieira PCdoB,0.0776010339796645,False,4.0
2010,MG,,https://www.congressoemfoco.com.br/noticia/82698/a-disputa-para-o-senado-estado-por-estado,,,28-29/09,Datafolha,,,,Marilda Ribeiro (Psol),2.0,,,congresso_em_foco,2010-MG-037,duas_mencoes_agregadas,False,False,2010-10-02T07:00:00-03:00,marilda ribeiro psol,Marilda Ribeiro (Psol),Marilda Ribeiro PSOL,0.0028008748303897,False,6.0
2010,MG,,https://www.congressoemfoco.com.br/noticia/82698/a-disputa-para-o-senado-estado-por-estado,,,28-29/09,Datafolha,,,,Miguel Martini (PHS),2.0,,,congresso_em_foco,2010-MG-037,duas_mencoes_agregadas,False,False,2010-10-02T07:00:00-03:00,miguel martini phs,Miguel Martini (PHS),Miguel Martini PHS,0.0143123174555156,False,5.0
2010,MG,,https://www.congressoemfoco.com.br/noticia/82698/a-disputa-para-o-senado-estado-por-estado,,,28-29/09,Datafolha,,,,Rafael Pimenta (PCB),1.0,,,congresso_em_foco,2010-MG-037,duas_mencoes_agregadas,False,False,2010-10-02T07:00:00-03:00,rafael pimenta pcb,Rafael Pimenta (PCB),Rafael Sales Pimenta PCB,0.001118617098651,False,7.0
2010,MG,,https://www.congressoemfoco.com.br/noticia/82698/a-disputa-para-o-senado-estado-por-estado,,,28-29/09,Datafolha,,,,José João da Silva (PSTU),1.0,,,congresso_em_foco,2010-MG-037,duas_mencoes_agregadas,False,False,2010-10-02T07:00:00-03:00,jose joao da silva pstu,José João da Silva (PSTU),José João da Silva PSTU,0.000354604543124,False,10.0
2010,MG,,https://www.congressoemfoco.com.br/noticia/82698/a-disputa-para-o-senado-estado-por-estado,,,28-29/09,Datafolha,,,,Betão (PCO),1.0,,,congresso_em_foco,2010-MG-037,duas_mencoes_agregadas,False,False,2010-10-02T07:00:00-03:00,betao pco,Betão (PCO),,,,
2010,MG,,https://www.congressoemfoco.com.br/noticia/82698/a-disputa-para-o-senado-estado-por-estado,,,28-29/09,Datafolha,,,,Efraim Moura (PSTU),1.0,,,congresso_em_foco,2010-MG-037,duas_mencoes_agregadas,False,False,2010-10-02T07:00:00-03:00,efraim moura pstu,Efraim Moura (PSTU),Efraim Gomes de Moura PSTU,0.000696212834962,False,9.0
2010,MG,,https://www.congressoemfoco.com.br/noticia/82698/a-disputa-para-o-senado-estado-por-estado,,,28-29/09,Datafolha,,,,Mineirinho (Psol),1.0,,,congresso_em_foco,2010-MG-037,duas_mencoes_agregadas,False,False,2010-10-02T07:00:00-03:00,mineirinho psol,Mineirinho (Psol),Miguel Martini PHS,0.0143123174555156,False,5.0
2010,MG,,https://www.congressoemfoco.com.br/noticia/82698/a-disputa-para-o-senado-estado-por-estado,,,23-25/09,Ibope,,,,Aécio Neves (PSDB),69.0,,,congresso_em_foco,2010-MG-038,duas_mencoes_agregadas,False,False,2010-10-02T07:00:00-03:00,aecio neves psdb,Aécio Neves (PSDB),Aécio Neves PSDB,0.3948656247639862,True,1.0
2010,MG,,https://www.congressoemfoco.com.br/noticia/82698/a-disputa-para-o-senado-estado-por-estado,,,23-25/09,Ibope,,,,Itamar Franco (PPS),44.0,,,congresso_em_foco,2010-MG-038,duas_mencoes_agregadas,False,False,2010-10-02T07:00:00-03:00,itamar franco pps,Itamar Franco (PPS),Itamar Franco PPS,0.2675168720309241,True,2.0
2010,MG,,https://www.congressoemfoco.com.br/noticia/82698/a-disputa-para-o-senado-estado-por-estado,,,23-25/09,Ibope,,,,Fernando Pimentel (PT),29.0,,,congresso_em_foco,2010-MG-038,duas_mencoes_agregadas,False,False,2010-10-02T07:00:00-03:00,fernando pimentel pt,Fernando Pimentel (PT),Fernando Pimentel PT,0.2398487403370392,False,3.0
2010,MG,,https://www.congressoemfoco.com.br/noticia/82698/a-disputa-para-o-senado-estado-por-estado,,,23-25/09,Ibope,,,,Zito Vieira (PCdoB),3.0,,,congresso_em_foco,2010-MG-038,duas_mencoes_agregadas,False,False,2010-10-02T07:00:00-03:00,zito vieira pcdob,Zito Vieira (PCdoB),Zito Vieira PCdoB,0.0776010339796645,False,4.0
2010,MG,,https://www.congressoemfoco.com.br/noticia/82698/a-disputa-para-o-senado-estado-por-estado,,,23-25/09,Ibope,,,,Miguel Martini (PHS),2.0,,,congresso_em_foco,2010-MG-038,duas_mencoes_agregadas,False,False,2010-10-02T07:00:00-03:00,miguel martini phs,Miguel Martini (PHS),Miguel Martini PHS,0.0143123174555156,False,5.0
2010,MG,,https://www.congressoemfoco.com.br/noticia/82698/a-disputa-para-o-senado-estado-por-estado,,,18-20/09,Ibope,,,,Aécio Neves (PSDB),67.0,,,congresso_em_foco,2010-MG-039,duas_mencoes_agregadas,False,False,2010-10-02T07:00:00-03:00,aecio neves psdb,Aécio Neves (PSDB),Aécio Neves PSDB,0.3948656247639862,True,1.0
2010,MG,,https://www.congressoemfoco.com.br/noticia/82698/a-disputa-para-o-senado-estado-por-estado,,,18-20/09,Ibope,,,,Itamar Franco (PPS),44.0,,,congresso_em_foco,2010-MG-039,duas_mencoes_agregadas,False,False,2010-10-02T07:00:00-03:00,itamar franco pps,Itamar Franco (PPS),Itamar Franco PPS,0.2675168720309241,True,2.0
2010,MG,,https://www.congressoemfoco.com.br/noticia/82698/a-disputa-para-o-senado-estado-por-estado,,,18-20/09,Ibope,,,,Fernando Pimentel (PT),30.0,,,congresso_em_foco,2010-MG-039,duas_mencoes_agregadas,False,False,2010-10-02T07:00:00-03:00,fernando pimentel pt,Fernando Pimentel (PT),Fernando Pimentel PT,0.2398487403370392,False,3.0
2010,MG,,https://www.congressoemfoco.com.br/noticia/82698/a-disputa-para-o-senado-estado-por-estado,,,18-20/09,Ibope,,,,Zito Vieira (PCdoB),2.0,,,congresso_em_foco,2010-MG-039,duas_mencoes_agregadas,False,False,2010-10-02T07:00:00-03:00,zito vieira pcdob,Zito Vieira (PCdoB),Zito Vieira PCdoB,0.0776010339796645,False,4.0
2010,PA,,https://www.congressoemfoco.com.br/noticia/82698/a-disputa-para-o-senado-estado-por-estado,,,14-16/09,Ibope,,,,Jader Barbalho (PMDB),42.0,,,congresso_em_foco,2010-PA-040,duas_mencoes_agregadas,False,False,2010-10-02T07:00:00-03:00,jader barbalho pmdb,Jader Barbalho (PMDB),Jader Barbalho (PMDB),0.4014226515732607,True,2.0
2010,PA,,https://www.congressoemfoco.com.br/noticia/82698/a-disputa-para-o-senado-estado-por-estado,,,14-16/09,Ibope,,,,Flexa Ribeiro (PSDB),33.0,,,congresso_em_foco,2010-PA-040,duas_mencoes_agregadas,False,False,2010-10-02T07:00:00-03:00,flexa ribeiro psdb,Flexa Ribeiro (PSDB),Flexa Ribeiro (PSDB),0.4054110899642441,True,1.0
2010,PA,,https://www.congressoemfoco.com.br/noticia/82698/a-disputa-para-o-senado-estado-por-estado,,,14-16/09,Ibope,,,,Paulo Rocha (PT),29.0,,,congresso_em_foco,2010-PA-040,duas_mencoes_agregadas,False,False,2010-10-02T07:00:00-03:00,paulo rocha pt,Paulo Rocha (PT),Paulo Braga (PSTU),0.0073884917872562,False,5.0
2010,PA,,https://www.congressoemfoco.com.br/noticia/82698/a-disputa-para-o-senado-estado-por-estado,,,14-16/09,Ibope,,,,Marinor Brito (Psol),8.0,,,congresso_em_foco,2010-PA-040,duas_mencoes_agregadas,False,False,2010-10-02T07:00:00-03:00,marinor brito psol,Marinor Brito (Psol),Marinor Brito (PSOL),0.162281622292074,False,3.0
2010,PA,,https://www.congressoemfoco.com.br/noticia/82698/a-disputa-para-o-senado-estado-por-estado,,,14-16/09,Ibope,,,,Paulo Braga (PSTU),7.0,,,congresso_em_foco,2010-PA-040,duas_mencoes_agregadas,False,False,2010-10-02T07:00:00-03:00,paulo braga pstu,Paulo Braga (PSTU),Paulo Braga (PSTU),0.0073884917872562,False,5.0
2010,PA,,https://www.congressoemfoco.com.br/noticia/82698/a-disputa-para-o-senado-estado-por-estado,,,14-16/09,Ibope,,,,Abel Ribeiro (PSTU),3.0,,,congresso_em_foco,2010-PA-040,duas_mencoes_agregadas,False,False,2010-10-02T07:00:00-03:00,abel ribeiro pstu,Abel Ribeiro (PSTU),Abel Ribeiro (PSTU),0.0057373113036162,False,6.0
2010,PA,,https://www.congressoemfoco.com.br/noticia/82698/a-disputa-para-o-senado-estado-por-estado,,,14-16/09,Ibope,,,,Professora Neide (PSB),2.0,,,congresso_em_foco,2010-PA-040,duas_mencoes_agregadas,False,False,2010-10-02T07:00:00-03:00,professora neide psb,Professora Neide (PSB),,,,
2010,PA,,https://www.congressoemfoco.com.br/noticia/82698/a-disputa-para-o-senado-estado-por-estado,,,14-16/09,Ibope,,,,João Augusto (Psol),2.0,,,congresso_em_foco,2010-PA-040,duas_mencoes_agregadas,False,False,2010-10-02T07:00:00-03:00,joao augusto psol,João Augusto (Psol),João Augusto (PSOL),0.0177588330795486,False,4.0
2010,PA,,https://www.congressoemfoco.com.br/noticia/82698/a-disputa-para-o-senado-estado-por-estado,,,14-16/09,Ibope,,,,Yamada (PTB),2.0,,,congresso_em_foco,2010-PA-040,duas_mencoes_agregadas,False,False,2010-10-02T07:00:00-03:00,yamada ptb,Yamada (PTB),,,,
2010,PA,,https://www.congressoemfoco.com.br/noticia/82698/a-disputa-para-o-senado-estado-por-estado,,,14-16/09,Ibope,,,,Savanas (PV),1.0,,,congresso_em_foco,2010-PA-040,duas_mencoes_agregadas,False,False,2010-10-02T07:00:00-03:00,savanas pv,Savanas (PV),,,,
2010,PA,,https://www.congressoemfoco.com.br/noticia/82698/a-disputa-para-o-senado-estado-por-estado,,,09-14/09,Veritate,,,,Jader Barbalho (PMDB),33.5,,,congresso_em_foco,2010-PA-041,nao_identificado,False,False,2010-10-02T07:00:00-03:00,jader barbalho pmdb,Jader Barbalho (PMDB),Jader Barbalho (PMDB),0.4014226515732607,True,2.0
2010,PA,,https://www.congressoemfoco.com.br/noticia/82698/a-disputa-para-o-senado-estado-por-estado,,,09-14/09,Veritate,,,,Paulo Rocha (PT),22.4,,,congresso_em_foco,2010-PA-041,nao_identificado,False,False,2010-10-02T07:00:00-03:00,paulo rocha pt,Paulo Rocha (PT),Paulo Braga (PSTU),0.0073884917872562,False,5.0
2010,PA,,https://www.congressoemfoco.com.br/noticia/82698/a-disputa-para-o-senado-estado-por-estado,,,09-14/09,Veritate,,,,Flexa Ribeiro (PSDB),21.3,,,congresso_em_foco,2010-PA-041,nao_identificado,False,False,2010-10-02T07:00:00-03:00,flexa ribeiro psdb,Flexa Ribeiro (PSDB),Flexa Ribeiro (PSDB),0.4054110899642441,True,1.0
2010,PA,,https://www.congressoemfoco.com.br/noticia/82698/a-disputa-para-o-senado-estado-por-estado,,,09-14/09,Veritate,,,,Marinor Brito (Psol),4.2,,,congresso_em_foco,2010-PA-041,nao_identificado,False,False,2010-10-02T07:00:00-03:00,marinor brito psol,Marinor Brito (Psol),Marinor Brito (PSOL),0.162281622292074,False,3.0
2010,PA,,https://www.congressoemfoco.com.br/noticia/82698/a-disputa-para-o-senado-estado-por-estado,,,24-26/09,Ibope,,,,Jader Barbalho (PMDB),50.0,,,congresso_em_foco,2010-PA-042,duas_mencoes_agregadas,False,False,2010-10-02T07:00:00-03:00,jader barbalho pmdb,Jader Barbalho (PMDB),Jader Barbalho (PMDB),0.4014226515732607,True,2.0
2010,PA,,https://www.congressoemfoco.com.br/noticia/82698/a-disputa-para-o-senado-estado-por-estado,,,24-26/09,Ibope,,,,Paulo Rocha (PT),28.0,,,congresso_em_foco,2010-PA-042,duas_mencoes_agregadas,False,False,2010-10-02T07:00:00-03:00,paulo rocha pt,Paulo Rocha (PT),Paulo Braga (PSTU),0.0073884917872562,False,5.0
2010,PA,,https://www.congressoemfoco.com.br/noticia/82698/a-disputa-para-o-senado-estado-por-estado,,,24-26/09,Ibope,,,,Flexa Ribeiro (PSDB),23.0,,,congresso_em_foco,2010-PA-042,duas_mencoes_agregadas,False,False,2010-10-02T07:00:00-03:00,flexa ribeiro psdb,Flexa Ribeiro (PSDB),Flexa Ribeiro (PSDB),0.4054110899642441,True,1.0
2010,PA,,https://www.congressoemfoco.com.br/noticia/82698/a-disputa-para-o-senado-estado-por-estado,,,24-26/09,Ibope,,,,Marinor Brito (Psol),7.0,,,congresso_em_foco,2010-PA-042,duas_mencoes_agregadas,False,False,2010-10-02T07:00:00-03:00,marinor brito psol,Marinor Brito (Psol),Marinor Brito (PSOL),0.162281622292074,False,3.0
2010,PA,,https://www.congressoemfoco.com.br/noticia/82698/a-disputa-para-o-senado-estado-por-estado,,,24-26/09,Ibope,,,,Paulo Braga (PSTU),5.0,,,congresso_em_foco,2010-PA-042,duas_mencoes_agregadas,False,False,2010-10-02T07:00:00-03:00,paulo braga pstu,Paulo Braga (PSTU),Paulo Braga (PSTU),0.0073884917872562,False,5.0
2010,PA,,https://www.congressoemfoco.com.br/noticia/82698/a-disputa-para-o-senado-estado-por-estado,,,24-26/09,Ibope,,,,João Augusto (Psol),4.0,,,congresso_em_foco,2010-PA-042,duas_mencoes_agregadas,False,False,2010-10-02T07:00:00-03:00,joao augusto psol,João Augusto (Psol),João Augusto (PSOL),0.0177588330795486,False,4.0
2010,PA,,https://www.congressoemfoco.com.br/noticia/82698/a-disputa-para-o-senado-estado-por-estado,,,24-26/09,Ibope,,,,Professora Neide (PSB),3.0,,,congresso_em_foco,2010-PA-042,duas_mencoes_agregadas,False,False,2010-10-02T07:00:00-03:00,professora neide psb,Professora Neide (PSB),,,,
2010,PA,,https://www.congressoemfoco.com.br/noticia/82698/a-disputa-para-o-senado-estado-por-estado,,,24-26/09,Ibope,,,,Abel Ribeiro (PSTU),3.0,,,congresso_em_foco,2010-PA-042,duas_mencoes_agregadas,False,False,2010-10-02T07:00:00-03:00,abel ribeiro pstu,Abel Ribeiro (PSTU),Abel Ribeiro (PSTU),0.0057373113036162,False,6.0
2010,PA,,https://www.congressoemfoco.com.br/noticia/82698/a-disputa-para-o-senado-estado-por-estado,,,24-26/09,Ibope,,,,Yamada (PTB),3.0,,,congresso_em_foco,2010-PA-042,duas_mencoes_agregadas,False,False,2010-10-02T07:00:00-03:00,yamada ptb,Yamada (PTB),,,,
2010,PA,,https://www.congressoemfoco.com.br/noticia/82698/a-disputa-para-o-senado-estado-por-estado,,,24-26/09,Ibope,,,,Savanas (PV),1.0,,,congresso_em_foco,2010-PA-042,duas_mencoes_agregadas,False,False,2010-10-02T07:00:00-03:00,savanas pv,Savanas (PV),,,,
2010,PB,,https://www.congressoemfoco.com.br/noticia/82698/a-disputa-para-o-senado-estado-por-estado,,,14-16/09,Ibope,,,,Cássio Cunha Lima (PSDB),49.0,,,congresso_em_foco,2010-PB-043,duas_mencoes_agregadas,False,False,2010-10-02T07:00:00-03:00,cassio cunha lima psdb,Cássio Cunha Lima (PSDB),,,,
2010,PB,,https://www.congressoemfoco.com.br/noticia/82698/a-disputa-para-o-senado-estado-por-estado,,,14-16/09,Ibope,,,,Vitalzinho (PMDB),33.0,,,congresso_em_foco,2010-PB-043,duas_mencoes_agregadas,False,False,2010-10-02T07:00:00-03:00,vitalzinho pmdb,Vitalzinho (PMDB),,,,
2010,PB,,https://www.congressoemfoco.com.br/noticia/82698/a-disputa-para-o-senado-estado-por-estado,,,14-16/09,Ibope,,,,Efraim Morais (DEM),29.0,,,congresso_em_foco,2010-PB-043,duas_mencoes_agregadas,False,False,2010-10-02T07:00:00-03:00,efraim morais dem,Efraim Morais (DEM),,,,
2010,PB,,https://www.congressoemfoco.com.br/noticia/82698/a-disputa-para-o-senado-estado-por-estado,,,14-16/09,Ibope,,,,Wilson Santiago (PMDB),24.0,,,congresso_em_foco,2010-PB-043,duas_mencoes_agregadas,False,False,2010-10-02T07:00:00-03:00,wilson santiago pmdb,Wilson Santiago (PMDB),,,,
2010,PB,,https://www.congressoemfoco.com.br/noticia/82698/a-disputa-para-o-senado-estado-por-estado,,,14-16/09,Ibope,,,,Vital Farias (PCB),4.0,,,congresso_em_foco,2010-PB-043,duas_mencoes_agregadas,False,False,2010-10-02T07:00:00-03:00,vital farias pcb,Vital Farias (PCB),,,,
2010,PB,,https://www.congressoemfoco.com.br/noticia/82698/a-disputa-para-o-senado-estado-por-estado,,,14-16/09,Ibope,,,,Edgard Malagodi (Psol),1.0,,,congresso_em_foco,2010-PB-043,duas_mencoes_agregadas,False,False,2010-10-02T07:00:00-03:00,edgard malagodi psol,Edgard Malagodi (Psol),,,,
2010,PB,,https://www.congressoemfoco.com.br/noticia/82698/a-disputa-para-o-senado-estado-por-estado,,,14-16/09,Ibope,,,,Marcos Dias (Psol),1.0,,,congresso_em_foco,2010-PB-043,duas_mencoes_agregadas,False,False,2010-10-02T07:00:00-03:00,marcos dias psol,Marcos Dias (Psol),,,,
2010,PB,,https://www.congressoemfoco.com.br/noticia/82698/a-disputa-para-o-senado-estado-por-estado,,,24-26/08,Ibope,,,,Cássio Cunha Lima (PSDB),46.0,,,congresso_em_foco,2010-PB-044,duas_mencoes_agregadas,False,False,2010-10-02T07:00:00-03:00,cassio cunha lima psdb,Cássio Cunha Lima (PSDB),,,,
2010,PB,,https://www.congressoemfoco.com.br/noticia/82698/a-disputa-para-o-senado-estado-por-estado,,,24-26/08,Ibope,,,,Vitalzinho (PMDB),29.0,,,congresso_em_foco,2010-PB-044,duas_mencoes_agregadas,False,False,2010-10-02T07:00:00-03:00,vitalzinho pmdb,Vitalzinho (PMDB),,,,
2010,PB,,https://www.congressoemfoco.com.br/noticia/82698/a-disputa-para-o-senado-estado-por-estado,,,24-26/08,Ibope,,,,Efraim Morais (DEM),25.0,,,congresso_em_foco,2010-PB-044,duas_mencoes_agregadas,False,False,2010-10-02T07:00:00-03:00,efraim morais dem,Efraim Morais (DEM),,,,
2010,PB,,https://www.congressoemfoco.com.br/noticia/82698/a-disputa-para-o-senado-estado-por-estado,,,24-26/08,Ibope,,,,Wilson Santiago (PMDB),19.0,,,congresso_em_foco,2010-PB-044,duas_mencoes_agregadas,False,False,2010-10-02T07:00:00-03:00,wilson santiago pmdb,Wilson Santiago (PMDB),,,,
2010,PB,,https://www.congressoemfoco.com.br/noticia/82698/a-disputa-para-o-senado-estado-por-estado,,,24-26/08,Ibope,,,,Vital Farias (PCB),3.0,,,congresso_em_foco,2010-PB-044,duas_mencoes_agregadas,False,False,2010-10-02T07:00:00-03:00,vital farias pcb,Vital Farias (PCB),,,,
2010,PB,,https://www.congressoemfoco.com.br/noticia/82698/a-disputa-para-o-senado-estado-por-estado,,,24-26/08,Ibope,,,,Maria das Dores (PCO),2.0,,,congresso_em_foco,2010-PB-044,duas_mencoes_agregadas,False,False,2010-10-02T07:00:00-03:00,maria das dores pco,Maria das Dores (PCO),Jocimar Oliveira da Silva PCB,0.0009958150424039,False,5.0
2010,PB,,https://www.congressoemfoco.com.br/noticia/82698/a-disputa-para-o-senado-estado-por-estado,,,24-26/08,Ibope,,,,Edgard Malagodi (Psol),1.0,,,congresso_em_foco,2010-PB-044,duas_mencoes_agregadas,False,False,2010-10-02T07:00:00-03:00,edgard malagodi psol,Edgard Malagodi (Psol),,,,
2010,PB,,https://www.congressoemfoco.com.br/noticia/82698/a-disputa-para-o-senado-estado-por-estado,,,24-26/08,Ibope,,,,Marcos Dias (Psol),1.0,,,congresso_em_foco,2010-PB-044,duas_mencoes_agregadas,False,False,2010-10-02T07:00:00-03:00,marcos dias psol,Marcos Dias (Psol),,,,
2010,PB,,https://www.congressoemfoco.com.br/noticia/82698/a-disputa-para-o-senado-estado-por-estado,,,14-15/08,Índice,,,,Cássio Cunha Lima (PSDB),31.6,,,congresso_em_foco,2010-PB-045,nao_identificado,False,False,2010-10-02T07:00:00-03:00,cassio cunha lima psdb,Cássio Cunha Lima (PSDB),,,,
2010,PB,,https://www.congressoemfoco.com.br/noticia/82698/a-disputa-para-o-senado-estado-por-estado,,,14-15/08,Índice,,,,"Vitalzinho (PMDB)17,8%, Efraim Morais (DEM)",17.2,,,congresso_em_foco,2010-PB-045,nao_identificado,False,False,2010-10-02T07:00:00-03:00,"vitalzinho pmdb 17,8%, efraim morais dem","Vitalzinho (PMDB)17,8%, Efraim Morais (DEM)",,,,
2010,PB,,https://www.congressoemfoco.com.br/noticia/82698/a-disputa-para-o-senado-estado-por-estado,,,14-15/08,Índice,,,,Wilson Santiago (PMDB),13.0,,,congresso_em_foco,2010-PB-045,nao_identificado,False,False,2010-10-02T07:00:00-03:00,wilson santiago pmdb,Wilson Santiago (PMDB),,,,
2010,PB,,https://www.congressoemfoco.com.br/noticia/82698/a-disputa-para-o-senado-estado-por-estado,,,14-15/08,Índice,,,,Vital Farias (PCB),3.1,,,congresso_em_foco,2010-PB-045,nao_identificado,False,False,2010-10-02T07:00:00-03:00,vital farias pcb,Vital Farias (PCB),,,,
2010,PB,,https://www.congressoemfoco.com.br/noticia/82698/a-disputa-para-o-senado-estado-por-estado,,,14-15/08,Índice,,,,Marcos Dias (Psol),1.3,,,congresso_em_foco,2010-PB-045,nao_identificado,False,False,2010-10-02T07:00:00-03:00,marcos dias psol,Marcos Dias (Psol),,,,
2010,PB,,https://www.congressoemfoco.com.br/noticia/82698/a-disputa-para-o-senado-estado-por-estado,,,14-15/08,Índice,,,,Edgard Malagodi (Psol),1.1,,,congresso_em_foco,2010-PB-045,nao_identificado,False,False,2010-10-02T07:00:00-03:00,edgard malagodi psol,Edgard Malagodi (Psol),,,,
2010,PB,,https://www.congressoemfoco.com.br/noticia/82698/a-disputa-para-o-senado-estado-por-estado,,,14-15/08,Índice,,,,Maria das Dores (PCO),0.6,,,congresso_em_foco,2010-PB-045,nao_identificado,False,False,2010-10-02T07:00:00-03:00,maria das dores pco,Maria das Dores (PCO),Jocimar Oliveira da Silva PCB,0.0009958150424039,False,5.0
2010,PR,,https://www.congressoemfoco.com.br/noticia/82698/a-disputa-para-o-senado-estado-por-estado,,,13-14/09,Datafolha,,,,Roberto Requião (PMDB),44.0,,,congresso_em_foco,2010-PR-046,duas_mencoes_agregadas,False,False,2010-10-02T07:00:00-03:00,roberto requiao pmdb,Roberto Requião (PMDB),Roberto Requião PMDB,0.2484261523558912,True,2.0
2010,PR,,https://www.congressoemfoco.com.br/noticia/82698/a-disputa-para-o-senado-estado-por-estado,,,13-14/09,Datafolha,,,,Gleisi Hoffman (PT),44.0,,,congresso_em_foco,2010-PR-046,duas_mencoes_agregadas,False,False,2010-10-02T07:00:00-03:00,gleisi hoffman pt,Gleisi Hoffman (PT),Gleisi Hoffmann PT,0.2950285824779972,True,1.0
2010,PR,,https://www.congressoemfoco.com.br/noticia/82698/a-disputa-para-o-senado-estado-por-estado,,,13-14/09,Datafolha,,,,Gustavo Fruet (PSDB),21.0,,,congresso_em_foco,2010-PR-046,duas_mencoes_agregadas,False,False,2010-10-02T07:00:00-03:00,gustavo fruet psdb,Gustavo Fruet (PSDB),Gustavo Fruet PSDB,0.2310046624489417,False,3.0
2010,PR,,https://www.congressoemfoco.com.br/noticia/82698/a-disputa-para-o-senado-estado-por-estado,,,13-14/09,Datafolha,,,,Ricardo Barros (PP),18.0,,,congresso_em_foco,2010-PR-046,duas_mencoes_agregadas,False,False,2010-10-02T07:00:00-03:00,ricardo barros pp,Ricardo Barros (PP),Ricardo Barros PP,0.2021830395401329,False,4.0
2010,PR,,https://www.congressoemfoco.com.br/noticia/82698/a-disputa-para-o-senado-estado-por-estado,,,13-14/09,Datafolha,,,,Rubens Hering (PV),3.0,,,congresso_em_foco,2010-PR-046,duas_mencoes_agregadas,False,False,2010-10-02T07:00:00-03:00,rubens hering pv,Rubens Hering (PV),Rubens Hering PV,0.0164317751687097,False,5.0
2010,PR,,https://www.congressoemfoco.com.br/noticia/82698/a-disputa-para-o-senado-estado-por-estado,,,13-14/09,Datafolha,,,,Gilberto (PSB),2.0,,,congresso_em_foco,2010-PR-046,duas_mencoes_agregadas,False,False,2010-10-02T07:00:00-03:00,gilberto psb,Gilberto (PSB),Gilberto Araújo PCB,0.0003667011708501,False,12.0
2010,PR,,https://www.congressoemfoco.com.br/noticia/82698/a-disputa-para-o-senado-estado-por-estado,,,13-14/09,Datafolha,,,,Piva (Psol),1.0,,,congresso_em_foco,2010-PR-046,duas_mencoes_agregadas,False,False,2010-10-02T07:00:00-03:00,piva psol,Piva (Psol),Luiz Romeiro Piva PSOL,0.0031546638103417,False,6.0
2010,PR,,https://www.congressoemfoco.com.br/noticia/82698/a-disputa-para-o-senado-estado-por-estado,,,13-14/09,Datafolha,,,,Valmor (Psol),1.0,,,congresso_em_foco,2010-PR-046,duas_mencoes_agregadas,False,False,2010-10-02T07:00:00-03:00,valmor psol,Valmor (Psol),Valmor Venturini PSOL,0.0010122355249719,False,7.0
2010,PR,,https://www.congressoemfoco.com.br/noticia/82698/a-disputa-para-o-senado-estado-por-estado,,,13-14/09,Datafolha,,,,Sargento QE Pedroso (PRTB),1.0,,,congresso_em_foco,2010-PR-046,duas_mencoes_agregadas,False,False,2010-10-02T07:00:00-03:00,sargento qe pedroso prtb,Sargento QE Pedroso (PRTB),Ademir Pedroso PRTB,0.0006327971878552,False,9.0
2010,PR,,https://www.congressoemfoco.com.br/noticia/82698/a-disputa-para-o-senado-estado-por-estado,,,08-09/09,Datafolha,,,,Roberto Requião (PMDB),47.0,,,congresso_em_foco,2010-PR-047,duas_mencoes_agregadas,False,False,2010-10-02T07:00:00-03:00,roberto requiao pmdb,Roberto Requião (PMDB),Roberto Requião PMDB,0.2484261523558912,True,2.0
2010,PR,,https://www.congressoemfoco.com.br/noticia/82698/a-disputa-para-o-senado-estado-por-estado,,,08-09/09,Datafolha,,,,Gleisi Hoffman (PT),41.0,,,congresso_em_foco,2010-PR-047,duas_mencoes_agregadas,False,False,2010-10-02T07:00:00-03:00,gleisi hoffman pt,Gleisi Hoffman (PT),Gleisi Hoffmann PT,0.2950285824779972,True,1.0
2010,PR,,https://www.congressoemfoco.com.br/noticia/82698/a-disputa-para-o-senado-estado-por-estado,,,08-09/09,Datafolha,,,,Gustavo Fruet (PSDB),22.0,,,congresso_em_foco,2010-PR-047,duas_mencoes_agregadas,False,False,2010-10-02T07:00:00-03:00,gustavo fruet psdb,Gustavo Fruet (PSDB),Gustavo Fruet PSDB,0.2310046624489417,False,3.0
2010,PR,,https://www.congressoemfoco.com.br/noticia/82698/a-disputa-para-o-senado-estado-por-estado,,,08-09/09,Datafolha,,,,Ricardo Barros (PP),16.0,,,congresso_em_foco,2010-PR-047,duas_mencoes_agregadas,False,False,2010-10-02T07:00:00-03:00,ricardo barros pp,Ricardo Barros (PP),Ricardo Barros PP,0.2021830395401329,False,4.0
2010,PR,,https://www.congressoemfoco.com.br/noticia/82698/a-disputa-para-o-senado-estado-por-estado,,,08-09/09,Datafolha,,,,Sargento Jensen (PRTB),2.0,,,congresso_em_foco,2010-PR-047,duas_mencoes_agregadas,False,False,2010-10-02T07:00:00-03:00,sargento jensen prtb,Sargento Jensen (PRTB),Rivaldir Jensen PRTB,0.0008668656925811,False,8.0
2010,PR,,https://www.congressoemfoco.com.br/noticia/82698/a-disputa-para-o-senado-estado-por-estado,,,08-09/09,Datafolha,,,,Gilberto (PSB),2.0,,,congresso_em_foco,2010-PR-047,duas_mencoes_agregadas,False,False,2010-10-02T07:00:00-03:00,gilberto psb,Gilberto (PSB),Gilberto Araújo PCB,0.0003667011708501,False,12.0
2010,PR,,https://www.congressoemfoco.com.br/noticia/82698/a-disputa-para-o-senado-estado-por-estado,,,08-09/09,Datafolha,,,,Rubens Hering (PV),2.0,,,congresso_em_foco,2010-PR-047,duas_mencoes_agregadas,False,False,2010-10-02T07:00:00-03:00,rubens hering pv,Rubens Hering (PV),Rubens Hering PV,0.0164317751687097,False,5.0
2010,PR,,https://www.congressoemfoco.com.br/noticia/82698/a-disputa-para-o-senado-estado-por-estado,,,08-09/09,Datafolha,,,,Piva (Psol),2.0,,,congresso_em_foco,2010-PR-047,duas_mencoes_agregadas,False,False,2010-10-02T07:00:00-03:00,piva psol,Piva (Psol),Luiz Romeiro Piva PSOL,0.0031546638103417,False,6.0
2010,PR,,https://www.congressoemfoco.com.br/noticia/82698/a-disputa-para-o-senado-estado-por-estado,,,08-09/09,Datafolha,,,,Valmor (Psol),1.0,,,congresso_em_foco,2010-PR-047,duas_mencoes_agregadas,False,False,2010-10-02T07:00:00-03:00,valmor psol,Valmor (Psol),Valmor Venturini PSOL,0.0010122355249719,False,7.0
2010,PR,,https://www.congressoemfoco.com.br/noticia/82698/a-disputa-para-o-senado-estado-por-estado,,,08-09/09,Datafolha,,,,Irineu Fritz (PT do B),1.0,,,congresso_em_foco,2010-PR-047,duas_mencoes_agregadas,False,False,2010-10-02T07:00:00-03:00,irineu fritz pt do b,Irineu Fritz (PT do B),Irineu Fritz PTdoB,0.000425679788563,False,11.0
2010,PR,,https://www.congressoemfoco.com.br/noticia/82698/a-disputa-para-o-senado-estado-por-estado,,,08-09/09,Datafolha,,,,Sargento QE Pedroso (PRTB),1.0,,,congresso_em_foco,2010-PR-047,duas_mencoes_agregadas,False,False,2010-10-02T07:00:00-03:00,sargento qe pedroso prtb,Sargento QE Pedroso (PRTB),Ademir Pedroso PRTB,0.0006327971878552,False,9.0
2010,PR,,https://www.congressoemfoco.com.br/noticia/82698/a-disputa-para-o-senado-estado-por-estado,,,06-08/09,Ibope,,,,Roberto Requião (PMDB),50.0,,,congresso_em_foco,2010-PR-048,duas_mencoes_agregadas,False,False,2010-10-02T07:00:00-03:00,roberto requiao pmdb,Roberto Requião (PMDB),Roberto Requião PMDB,0.2484261523558912,True,2.0
2010,PR,,https://www.congressoemfoco.com.br/noticia/82698/a-disputa-para-o-senado-estado-por-estado,,,06-08/09,Ibope,,,,Gleisi Hoffman (PT),47.0,,,congresso_em_foco,2010-PR-048,duas_mencoes_agregadas,False,False,2010-10-02T07:00:00-03:00,gleisi hoffman pt,Gleisi Hoffman (PT),Gleisi Hoffmann PT,0.2950285824779972,True,1.0
2010,PR,,https://www.congressoemfoco.com.br/noticia/82698/a-disputa-para-o-senado-estado-por-estado,,,06-08/09,Ibope,,,,Gustavo Fruet (PSDB),21.0,,,congresso_em_foco,2010-PR-048,duas_mencoes_agregadas,False,False,2010-10-02T07:00:00-03:00,gustavo fruet psdb,Gustavo Fruet (PSDB),Gustavo Fruet PSDB,0.2310046624489417,False,3.0
2010,PR,,https://www.congressoemfoco.com.br/noticia/82698/a-disputa-para-o-senado-estado-por-estado,,,06-08/09,Ibope,,,,Ricardo Barros (PP),15.0,,,congresso_em_foco,2010-PR-048,duas_mencoes_agregadas,False,False,2010-10-02T07:00:00-03:00,ricardo barros pp,Ricardo Barros (PP),Ricardo Barros PP,0.2021830395401329,False,4.0
2010,PR,,https://www.congressoemfoco.com.br/noticia/82698/a-disputa-para-o-senado-estado-por-estado,,,06-08/09,Ibope,,,,Gilberto (PSB),2.0,,,congresso_em_foco,2010-PR-048,duas_mencoes_agregadas,False,False,2010-10-02T07:00:00-03:00,gilberto psb,Gilberto (PSB),Gilberto Araújo PCB,0.0003667011708501,False,12.0
2010,PR,,https://www.congressoemfoco.com.br/noticia/82698/a-disputa-para-o-senado-estado-por-estado,,,06-08/09,Ibope,,,,Rubens Hering (PV),2.0,,,congresso_em_foco,2010-PR-048,duas_mencoes_agregadas,False,False,2010-10-02T07:00:00-03:00,rubens hering pv,Rubens Hering (PV),Rubens Hering PV,0.0164317751687097,False,5.0
2010,PR,,https://www.congressoemfoco.com.br/noticia/82698/a-disputa-para-o-senado-estado-por-estado,,,06-08/09,Ibope,,,,Piva (Psol),1.0,,,congresso_em_foco,2010-PR-048,duas_mencoes_agregadas,False,False,2010-10-02T07:00:00-03:00,piva psol,Piva (Psol),Luiz Romeiro Piva PSOL,0.0031546638103417,False,6.0
2010,PR,,https://www.congressoemfoco.com.br/noticia/82698/a-disputa-para-o-senado-estado-por-estado,,,06-08/09,Ibope,,,,Valmor (Psol),1.0,,,congresso_em_foco,2010-PR-048,duas_mencoes_agregadas,False,False,2010-10-02T07:00:00-03:00,valmor psol,Valmor (Psol),Valmor Venturini PSOL,0.0010122355249719,False,7.0
2010,PE,,https://www.congressoemfoco.com.br/noticia/82698/a-disputa-para-o-senado-estado-por-estado,,,28-29/09,Datafolha,,,,Humberto Costa (PT),50.0,,,congresso_em_foco,2010-PE-049,duas_mencoes_agregadas,False,False,2010-10-02T07:00:00-03:00,humberto costa pt,Humberto Costa (PT),Humberto Costa PT,0.3881791159899981,True,2.0
2010,PE,,https://www.congressoemfoco.com.br/noticia/82698/a-disputa-para-o-senado-estado-por-estado,,,28-29/09,Datafolha,,,,Armando Monteiro Neto (PTB),42.0,,,congresso_em_foco,2010-PE-049,duas_mencoes_agregadas,False,False,2010-10-02T07:00:00-03:00,armando monteiro neto ptb,Armando Monteiro Neto (PTB),Armando Monteiro PTB,0.3987229923539389,True,1.0
2010,PE,,https://www.congressoemfoco.com.br/noticia/82698/a-disputa-para-o-senado-estado-por-estado,,,28-29/09,Datafolha,,,,Marco Maciel (DEM) tem,31.0,,,congresso_em_foco,2010-PE-049,duas_mencoes_agregadas,False,False,2010-10-02T07:00:00-03:00,marco maciel dem tem,Marco Maciel (DEM) tem,Marco Maciel DEM,0.118581818689272,False,3.0
2010,PE,,https://www.congressoemfoco.com.br/noticia/82698/a-disputa-para-o-senado-estado-por-estado,,,28-29/09,Datafolha,,,,Raul Jungmann (PPS),11.0,,,congresso_em_foco,2010-PE-049,duas_mencoes_agregadas,False,False,2010-10-02T07:00:00-03:00,raul jungmann pps,Raul Jungmann (PPS),Raul Jungmann PPS,0.0761100870410238,False,4.0
2010,PE,,https://www.congressoemfoco.com.br/noticia/82698/a-disputa-para-o-senado-estado-por-estado,,,28-29/09,Datafolha,,,,Renê Patriota (PV),1.0,,,congresso_em_foco,2010-PE-049,duas_mencoes_agregadas,False,False,2010-10-02T07:00:00-03:00,rene patriota pv,Renê Patriota (PV),Renê Patriota PV,0.0158013521108177,False,5.0
2010,PE,,https://www.congressoemfoco.com.br/noticia/82698/a-disputa-para-o-senado-estado-por-estado,,,28-29/09,Datafolha,,,,Hélio Cabral (PSTU),1.0,,,congresso_em_foco,2010-PE-049,duas_mencoes_agregadas,False,False,2010-10-02T07:00:00-03:00,helio cabral pstu,Hélio Cabral (PSTU),Helio Cabral PSTU,0.0007902325280463,False,6.0
2010,PE,,https://www.congressoemfoco.com.br/noticia/82698/a-disputa-para-o-senado-estado-por-estado,,,28-29/09,Datafolha,,,,Simone Fontana (PSTU),1.0,,,congresso_em_foco,2010-PE-049,duas_mencoes_agregadas,False,False,2010-10-02T07:00:00-03:00,simone fontana pstu,Simone Fontana (PSTU),Simone Fontana PSTU,0.0006591825679449,False,7.0
2010,PE,,https://www.congressoemfoco.com.br/noticia/82698/a-disputa-para-o-senado-estado-por-estado,,,28-29/09,Datafolha,,,,Lairson Lucena (PRTB),1.0,,,congresso_em_foco,2010-PE-049,duas_mencoes_agregadas,False,False,2010-10-02T07:00:00-03:00,lairson lucena prtb,Lairson Lucena (PRTB),Lairson Lucena PRTB,0.0006464962213716,False,8.0
2010,PE,,https://www.congressoemfoco.com.br/noticia/82698/a-disputa-para-o-senado-estado-por-estado,,,28-29/09,Datafolha,,,,Danúbio Aguiar (PCB),1.0,,,congresso_em_foco,2010-PE-049,duas_mencoes_agregadas,False,False,2010-10-02T07:00:00-03:00,danubio aguiar pcb,Danúbio Aguiar (PCB),Danúbio Aguiar PCB,0.0005087224975864,False,9.0
2010,PE,,https://www.congressoemfoco.com.br/noticia/82698/a-disputa-para-o-senado-estado-por-estado,,,21-23/09,Ibope,,,,Humberto Costa (PT),59.0,,,congresso_em_foco,2010-PE-050,duas_mencoes_agregadas,False,False,2010-10-02T07:00:00-03:00,humberto costa pt,Humberto Costa (PT),Humberto Costa PT,0.3881791159899981,True,2.0
2010,PE,,https://www.congressoemfoco.com.br/noticia/82698/a-disputa-para-o-senado-estado-por-estado,,,21-23/09,Ibope,,,,Armando Monteiro Neto (PTB),43.0,,,congresso_em_foco,2010-PE-050,duas_mencoes_agregadas,False,False,2010-10-02T07:00:00-03:00,armando monteiro neto ptb,Armando Monteiro Neto (PTB),Armando Monteiro PTB,0.3987229923539389,True,1.0
2010,PE,,https://www.congressoemfoco.com.br/noticia/82698/a-disputa-para-o-senado-estado-por-estado,,,21-23/09,Ibope,,,,Marco Maciel (DEM) tem,33.0,,,congresso_em_foco,2010-PE-050,duas_mencoes_agregadas,False,False,2010-10-02T07:00:00-03:00,marco maciel dem tem,Marco Maciel (DEM) tem,Marco Maciel DEM,0.118581818689272,False,3.0
2010,PE,,https://www.congressoemfoco.com.br/noticia/82698/a-disputa-para-o-senado-estado-por-estado,,,21-23/09,Ibope,,,,Raul Jungmann (PPS),10.0,,,congresso_em_foco,2010-PE-050,duas_mencoes_agregadas,False,False,2010-10-02T07:00:00-03:00,raul jungmann pps,Raul Jungmann (PPS),Raul Jungmann PPS,0.0761100870410238,False,4.0
2010,PE,,https://www.congressoemfoco.com.br/noticia/82698/a-disputa-para-o-senado-estado-por-estado,,,21-23/09,Ibope,,,,Renê Patriota (PV),1.0,,,congresso_em_foco,2010-PE-050,duas_mencoes_agregadas,False,False,2010-10-02T07:00:00-03:00,rene patriota pv,Renê Patriota (PV),Renê Patriota PV,0.0158013521108177,False,5.0
2010,PE,,https://www.congressoemfoco.com.br/noticia/82698/a-disputa-para-o-senado-estado-por-estado,,,21-23/09,Ibope,,,,Simone Fontana (PSTU),1.0,,,congresso_em_foco,2010-PE-050,duas_mencoes_agregadas,False,False,2010-10-02T07:00:00-03:00,simone fontana pstu,Simone Fontana (PSTU),Simone Fontana PSTU,0.0006591825679449,False,7.0
2010,PE,,https://www.congressoemfoco.com.br/noticia/82698/a-disputa-para-o-senado-estado-por-estado,,,21-23/09,Ibope,,,,Hélio Cabral (PSTU),1.0,,,congresso_em_foco,2010-PE-050,duas_mencoes_agregadas,False,False,2010-10-02T07:00:00-03:00,helio cabral pstu,Hélio Cabral (PSTU),Helio Cabral PSTU,0.0007902325280463,False,6.0
2010,PE,,https://www.congressoemfoco.com.br/noticia/82698/a-disputa-para-o-senado-estado-por-estado,,,13-14/09,Datafolha,,,,Humberto Costa (PT),47.0,,,congresso_em_foco,2010-PE-051,duas_mencoes_agregadas,False,False,2010-10-02T07:00:00-03:00,humberto costa pt,Humberto Costa (PT),Humberto Costa PT,0.3881791159899981,True,2.0
2010,PE,,https://www.congressoemfoco.com.br/noticia/82698/a-disputa-para-o-senado-estado-por-estado,,,13-14/09,Datafolha,,,,Marco Maciel (DEM) tem,34.0,,,congresso_em_foco,2010-PE-051,duas_mencoes_agregadas,False,False,2010-10-02T07:00:00-03:00,marco maciel dem tem,Marco Maciel (DEM) tem,Marco Maciel DEM,0.118581818689272,False,3.0
2010,PE,,https://www.congressoemfoco.com.br/noticia/82698/a-disputa-para-o-senado-estado-por-estado,,,13-14/09,Datafolha,,,,Armando Monteiro Neto (PTB),32.0,,,congresso_em_foco,2010-PE-051,duas_mencoes_agregadas,False,False,2010-10-02T07:00:00-03:00,armando monteiro neto ptb,Armando Monteiro Neto (PTB),Armando Monteiro PTB,0.3987229923539389,True,1.0
2010,PE,,https://www.congressoemfoco.com.br/noticia/82698/a-disputa-para-o-senado-estado-por-estado,,,13-14/09,Datafolha,,,,Raul Jungmann (PPS),11.0,,,congresso_em_foco,2010-PE-051,duas_mencoes_agregadas,False,False,2010-10-02T07:00:00-03:00,raul jungmann pps,Raul Jungmann (PPS),Raul Jungmann PPS,0.0761100870410238,False,4.0
2010,PE,,https://www.congressoemfoco.com.br/noticia/82698/a-disputa-para-o-senado-estado-por-estado,,,13-14/09,Datafolha,,,,Hélio Cabral (PSTU),2.0,,,congresso_em_foco,2010-PE-051,duas_mencoes_agregadas,False,False,2010-10-02T07:00:00-03:00,helio cabral pstu,Hélio Cabral (PSTU),Helio Cabral PSTU,0.0007902325280463,False,6.0
2010,PE,,https://www.congressoemfoco.com.br/noticia/82698/a-disputa-para-o-senado-estado-por-estado,,,13-14/09,Datafolha,,,,Renê Patriota (PV),2.0,,,congresso_em_foco,2010-PE-051,duas_mencoes_agregadas,False,False,2010-10-02T07:00:00-03:00,rene patriota pv,Renê Patriota (PV),Renê Patriota PV,0.0158013521108177,False,5.0
2010,PE,,https://www.congressoemfoco.com.br/noticia/82698/a-disputa-para-o-senado-estado-por-estado,,,13-14/09,Datafolha,,,,Danúbio Aguiar (PCB),1.0,,,congresso_em_foco,2010-PE-051,duas_mencoes_agregadas,False,False,2010-10-02T07:00:00-03:00,danubio aguiar pcb,Danúbio Aguiar (PCB),Danúbio Aguiar PCB,0.0005087224975864,False,9.0
2010,PE,,https://www.congressoemfoco.com.br/noticia/82698/a-disputa-para-o-senado-estado-por-estado,,,13-14/09,Datafolha,,,,Simone Fontana (PSTU),1.0,,,congresso_em_foco,2010-PE-051,duas_mencoes_agregadas,False,False,2010-10-02T07:00:00-03:00,simone fontana pstu,Simone Fontana (PSTU),Simone Fontana PSTU,0.0006591825679449,False,7.0
2010,PE,,https://www.congressoemfoco.com.br/noticia/82698/a-disputa-para-o-senado-estado-por-estado,,,13-14/09,Datafolha,,,,Jerônimo Ribeiro (Psol),1.0,,,congresso_em_foco,2010-PE-051,duas_mencoes_agregadas,False,False,2010-10-02T07:00:00-03:00,jeronimo ribeiro psol,Jerônimo Ribeiro (Psol),Armando Monteiro PTB,0.3987229923539389,True,1.0
2010,PI,,https://www.congressoemfoco.com.br/noticia/82698/a-disputa-para-o-senado-estado-por-estado,,,20-25/09,Jales,,,,Wellington Dias (PT),61.7,,,congresso_em_foco,2010-PI-052,duas_mencoes_agregadas,False,False,2010-10-02T07:00:00-03:00,wellington dias pt,Wellington Dias (PT),Wellington Dias PT,0.3252255682977834,True,1.0
2010,PI,,https://www.congressoemfoco.com.br/noticia/82698/a-disputa-para-o-senado-estado-por-estado,,,20-25/09,Jales,,,,"Ciro Nogueira Filho (PP)29,7%, Mão Santa (PSC)",27.9,,,congresso_em_foco,2010-PI-052,duas_mencoes_agregadas,False,False,2010-10-02T07:00:00-03:00,"ciro nogueira filho pp 29,7%, mao santa psc","Ciro Nogueira Filho (PP)29,7%, Mão Santa (PSC)",Ciro Nogueira PP,0.2268805943774367,True,2.0
2010,PI,,https://www.congressoemfoco.com.br/noticia/82698/a-disputa-para-o-senado-estado-por-estado,,,20-25/09,Jales,,,,Heráclito Fortes (DEM),25.3,,,congresso_em_foco,2010-PI-052,duas_mencoes_agregadas,False,False,2010-10-02T07:00:00-03:00,heraclito fortes dem,Heráclito Fortes (DEM),Heráclito Fortes DEM,0.1383535551989441,False,4.0
2010,PI,,https://www.congressoemfoco.com.br/noticia/82698/a-disputa-para-o-senado-estado-por-estado,,,20-25/09,Jales,,,,Antonio José Medeiros (PT),14.8,,,congresso_em_foco,2010-PI-052,duas_mencoes_agregadas,False,False,2010-10-02T07:00:00-03:00,antonio jose medeiros pt,Antonio José Medeiros (PT),Antônio José Medeiros PT,0.1343873221389815,False,5.0
2010,PI,,https://www.congressoemfoco.com.br/noticia/82698/a-disputa-para-o-senado-estado-por-estado,,,20-25/09,Jales,,,,Sargento R. Silva (PP),1.3,,,congresso_em_foco,2010-PI-052,duas_mencoes_agregadas,False,False,2010-10-02T07:00:00-03:00,sargento r. silva pp,Sargento R. Silva (PP),Sgt. R. Silva PP,0.014858131772184,False,6.0
2010,PI,,https://www.congressoemfoco.com.br/noticia/82698/a-disputa-para-o-senado-estado-por-estado,,,20-25/09,Jales,,,,Toim Dufrango (PSL),1.2,,,congresso_em_foco,2010-PI-052,duas_mencoes_agregadas,False,False,2010-10-02T07:00:00-03:00,toim dufrango psl,Toim Dufrango (PSL),Toim do Frango PSL,0.0100262720147942,False,7.0
2010,PI,,https://www.congressoemfoco.com.br/noticia/82698/a-disputa-para-o-senado-estado-por-estado,,,20-25/09,Jales,,,,Pastor Moisés Pinto (PMN),1.1,,,congresso_em_foco,2010-PI-052,duas_mencoes_agregadas,False,False,2010-10-02T07:00:00-03:00,pastor moises pinto pmn,Pastor Moisés Pinto (PMN),Moisés Franco Pinto PMN,0.0029398704070434,False,9.0
2010,PI,,https://www.congressoemfoco.com.br/noticia/82698/a-disputa-para-o-senado-estado-por-estado,,,20-25/09,Jales,,,,Antonio Florentino (PV),0.8,,,congresso_em_foco,2010-PI-052,duas_mencoes_agregadas,False,False,2010-10-02T07:00:00-03:00,antonio florentino pv,Antonio Florentino (PV),Antônio Florentino PV,0.0059299504229018,False,8.0
2010,PI,,https://www.congressoemfoco.com.br/noticia/82698/a-disputa-para-o-senado-estado-por-estado,,,20-25/09,Jales,,,,Gervásio Santos (PSTU),0.2,,,congresso_em_foco,2010-PI-052,duas_mencoes_agregadas,False,False,2010-10-02T07:00:00-03:00,gervasio santos pstu,Gervásio Santos (PSTU),Mão Santa PSC,0.1413987353699307,False,3.0
2010,PI,,https://www.congressoemfoco.com.br/noticia/82698/a-disputa-para-o-senado-estado-por-estado,,,20-25/09,Jales,,,,Marineide Albuquerque (Psol),0.1,,,congresso_em_foco,2010-PI-052,duas_mencoes_agregadas,False,False,2010-10-02T07:00:00-03:00,marineide albuquerque psol,Marineide Albuquerque (Psol),,,,
2010,PI,,https://www.congressoemfoco.com.br/noticia/82698/a-disputa-para-o-senado-estado-por-estado,,,20-25/09,Jales,,,,Zilton Duarte (Psol),0.1,,,congresso_em_foco,2010-PI-052,duas_mencoes_agregadas,False,False,2010-10-02T07:00:00-03:00,zilton duarte psol,Zilton Duarte (Psol),Wellington Dias PT,0.3252255682977834,True,1.0
2010,PI,,https://www.congressoemfoco.com.br/noticia/82698/a-disputa-para-o-senado-estado-por-estado,,,21-23/09,Ibope,,,,Wellington Dias (PT),59.0,,,congresso_em_foco,2010-PI-053,duas_mencoes_agregadas,False,False,2010-10-02T07:00:00-03:00,wellington dias pt,Wellington Dias (PT),Wellington Dias PT,0.3252255682977834,True,1.0
2010,PI,,https://www.congressoemfoco.com.br/noticia/82698/a-disputa-para-o-senado-estado-por-estado,,,21-23/09,Ibope,,,,Mão Santa (PSC),30.0,,,congresso_em_foco,2010-PI-053,duas_mencoes_agregadas,False,False,2010-10-02T07:00:00-03:00,mao santa psc,Mão Santa (PSC),Mão Santa PSC,0.1413987353699307,False,3.0
2010,PI,,https://www.congressoemfoco.com.br/noticia/82698/a-disputa-para-o-senado-estado-por-estado,,,21-23/09,Ibope,,,,Ciro Nogueira Filho (PP),27.0,,,congresso_em_foco,2010-PI-053,duas_mencoes_agregadas,False,False,2010-10-02T07:00:00-03:00,ciro nogueira filho pp,Ciro Nogueira Filho (PP),Ciro Nogueira PP,0.2268805943774367,True,2.0
2010,PI,,https://www.congressoemfoco.com.br/noticia/82698/a-disputa-para-o-senado-estado-por-estado,,,21-23/09,Ibope,,,,Heráclito Fortes (DEM),20.0,,,congresso_em_foco,2010-PI-053,duas_mencoes_agregadas,False,False,2010-10-02T07:00:00-03:00,heraclito fortes dem,Heráclito Fortes (DEM),Heráclito Fortes DEM,0.1383535551989441,False,4.0
2010,PI,,https://www.congressoemfoco.com.br/noticia/82698/a-disputa-para-o-senado-estado-por-estado,,,21-23/09,Ibope,,,,Antonio José Medeiros (PT),13.0,,,congresso_em_foco,2010-PI-053,duas_mencoes_agregadas,False,False,2010-10-02T07:00:00-03:00,antonio jose medeiros pt,Antonio José Medeiros (PT),Antônio José Medeiros PT,0.1343873221389815,False,5.0
2010,PI,,https://www.congressoemfoco.com.br/noticia/82698/a-disputa-para-o-senado-estado-por-estado,,,21-23/09,Ibope,,,,Toim Dufrango (PSL),1.0,,,congresso_em_foco,2010-PI-053,duas_mencoes_agregadas,False,False,2010-10-02T07:00:00-03:00,toim dufrango psl,Toim Dufrango (PSL),Toim do Frango PSL,0.0100262720147942,False,7.0
2010,PI,,https://www.congressoemfoco.com.br/noticia/82698/a-disputa-para-o-senado-estado-por-estado,,,21-23/09,Ibope,,,,Antonio Florentino (PV),1.0,,,congresso_em_foco,2010-PI-053,duas_mencoes_agregadas,False,False,2010-10-02T07:00:00-03:00,antonio florentino pv,Antonio Florentino (PV),Antônio Florentino PV,0.0059299504229018,False,8.0
2010,PI,,https://www.congressoemfoco.com.br/noticia/82698/a-disputa-para-o-senado-estado-por-estado,,,21-23/09,Ibope,,,,Pastor Moisés Pinto (PMN),1.0,,,congresso_em_foco,2010-PI-053,duas_mencoes_agregadas,False,False,2010-10-02T07:00:00-03:00,pastor moises pinto pmn,Pastor Moisés Pinto (PMN),Moisés Franco Pinto PMN,0.0029398704070434,False,9.0
2010,PI,,https://www.congressoemfoco.com.br/noticia/82698/a-disputa-para-o-senado-estado-por-estado,,,07-09/09,Ibope,,,,Wellington Dias (PT),55.0,,,congresso_em_foco,2010-PI-054,duas_mencoes_agregadas,False,False,2010-10-02T07:00:00-03:00,wellington dias pt,Wellington Dias (PT),Wellington Dias PT,0.3252255682977834,True,1.0
2010,PI,,https://www.congressoemfoco.com.br/noticia/82698/a-disputa-para-o-senado-estado-por-estado,,,07-09/09,Ibope,,,,Mão Santa (PSC),29.0,,,congresso_em_foco,2010-PI-054,duas_mencoes_agregadas,False,False,2010-10-02T07:00:00-03:00,mao santa psc,Mão Santa (PSC),Mão Santa PSC,0.1413987353699307,False,3.0
2010,PI,,https://www.congressoemfoco.com.br/noticia/82698/a-disputa-para-o-senado-estado-por-estado,,,07-09/09,Ibope,,,,Ciro Nogueira Filho (PP),23.0,,,congresso_em_foco,2010-PI-054,duas_mencoes_agregadas,False,False,2010-10-02T07:00:00-03:00,ciro nogueira filho pp,Ciro Nogueira Filho (PP),Ciro Nogueira PP,0.2268805943774367,True,2.0
2010,PI,,https://www.congressoemfoco.com.br/noticia/82698/a-disputa-para-o-senado-estado-por-estado,,,07-09/09,Ibope,,,,Heráclito Fortes (DEM),21.0,,,congresso_em_foco,2010-PI-054,duas_mencoes_agregadas,False,False,2010-10-02T07:00:00-03:00,heraclito fortes dem,Heráclito Fortes (DEM),Heráclito Fortes DEM,0.1383535551989441,False,4.0
2010,PI,,https://www.congressoemfoco.com.br/noticia/82698/a-disputa-para-o-senado-estado-por-estado,,,07-09/09,Ibope,,,,Antonio José Medeiros (PT),11.0,,,congresso_em_foco,2010-PI-054,duas_mencoes_agregadas,False,False,2010-10-02T07:00:00-03:00,antonio jose medeiros pt,Antonio José Medeiros (PT),Antônio José Medeiros PT,0.1343873221389815,False,5.0
2010,PI,,https://www.congressoemfoco.com.br/noticia/82698/a-disputa-para-o-senado-estado-por-estado,,,07-09/09,Ibope,,,,Antonio Florentino (PV),1.0,,,congresso_em_foco,2010-PI-054,duas_mencoes_agregadas,False,False,2010-10-02T07:00:00-03:00,antonio florentino pv,Antonio Florentino (PV),Antônio Florentino PV,0.0059299504229018,False,8.0
2010,PI,,https://www.congressoemfoco.com.br/noticia/82698/a-disputa-para-o-senado-estado-por-estado,,,07-09/09,Ibope,,,,Pastor Moisés Pinto (PMN),1.0,,,congresso_em_foco,2010-PI-054,duas_mencoes_agregadas,False,False,2010-10-02T07:00:00-03:00,pastor moises pinto pmn,Pastor Moisés Pinto (PMN),Moisés Franco Pinto PMN,0.0029398704070434,False,9.0
2010,PI,,https://www.congressoemfoco.com.br/noticia/82698/a-disputa-para-o-senado-estado-por-estado,,,07-09/09,Ibope,,,,Sargento R. Silva (PP),1.0,,,congresso_em_foco,2010-PI-054,duas_mencoes_agregadas,False,False,2010-10-02T07:00:00-03:00,sargento r. silva pp,Sargento R. Silva (PP),Sgt. R. Silva PP,0.014858131772184,False,6.0
2010,PI,,https://www.congressoemfoco.com.br/noticia/82698/a-disputa-para-o-senado-estado-por-estado,,,07-09/09,Ibope,,,,Toim Dufrango (PSL),1.0,,,congresso_em_foco,2010-PI-054,duas_mencoes_agregadas,False,False,2010-10-02T07:00:00-03:00,toim dufrango psl,Toim Dufrango (PSL),Toim do Frango PSL,0.0100262720147942,False,7.0
2010,RJ,,https://www.congressoemfoco.com.br/noticia/82698/a-disputa-para-o-senado-estado-por-estado,,,28-29/09,Datafolha,,,,Lindbergh Farias (PT),40.0,,,congresso_em_foco,2010-RJ-055,duas_mencoes_agregadas,False,False,2010-10-02T07:00:00-03:00,lindbergh farias pt,Lindbergh Farias (PT),Lindbergh Farias PT,0.2865147739665628,True,1.0
2010,RJ,,https://www.congressoemfoco.com.br/noticia/82698/a-disputa-para-o-senado-estado-por-estado,,,28-29/09,Datafolha,,,,Marcelo Crivella (PRB),38.0,,,congresso_em_foco,2010-RJ-055,duas_mencoes_agregadas,False,False,2010-10-02T07:00:00-03:00,marcelo crivella prb,Marcelo Crivella (PRB),Marcelo Crivella PRB,0.2266203039018987,True,2.0
2010,RJ,,https://www.congressoemfoco.com.br/noticia/82698/a-disputa-para-o-senado-estado-por-estado,,,28-29/09,Datafolha,,,,Cesar Maia (DEM),24.0,,,congresso_em_foco,2010-RJ-055,duas_mencoes_agregadas,False,False,2010-10-02T07:00:00-03:00,cesar maia dem,Cesar Maia (DEM),Cesar Maia DEM,0.1106316164019964,False,4.0
2010,RJ,,https://www.congressoemfoco.com.br/noticia/82698/a-disputa-para-o-senado-estado-por-estado,,,28-29/09,Datafolha,,,,Jorge Picciani (PMDB),24.0,,,congresso_em_foco,2010-RJ-055,duas_mencoes_agregadas,False,False,2010-10-02T07:00:00-03:00,jorge picciani pmdb,Jorge Picciani (PMDB),Jorge Picciani PMDB,0.2072517305972421,False,3.0
2010,RJ,,https://www.congressoemfoco.com.br/noticia/82698/a-disputa-para-o-senado-estado-por-estado,,,28-29/09,Datafolha,,,,Waguinho (PTdoB),13.0,,,congresso_em_foco,2010-RJ-055,duas_mencoes_agregadas,False,False,2010-10-02T07:00:00-03:00,waguinho ptdob,Waguinho (PTdoB),Waguinho PTdoB,0.088118128360961,False,5.0
2010,RJ,,https://www.congressoemfoco.com.br/noticia/82698/a-disputa-para-o-senado-estado-por-estado,,,28-29/09,Datafolha,,,,Marcelo Cerqueira (PPS),6.0,,,congresso_em_foco,2010-RJ-055,duas_mencoes_agregadas,False,False,2010-10-02T07:00:00-03:00,marcelo cerqueira pps,Marcelo Cerqueira (PPS),Marcelo Cerqueira PPS,0.0266100638223497,False,7.0
2010,RJ,,https://www.congressoemfoco.com.br/noticia/82698/a-disputa-para-o-senado-estado-por-estado,,,28-29/09,Datafolha,,,,Milton Temer (Psol),5.0,,,congresso_em_foco,2010-RJ-055,duas_mencoes_agregadas,False,False,2010-10-02T07:00:00-03:00,milton temer psol,Milton Temer (Psol),Milton Temer PSOL,0.0364554311416865,False,6.0
2010,RJ,,https://www.congressoemfoco.com.br/noticia/82698/a-disputa-para-o-senado-estado-por-estado,,,28-29/09,Datafolha,,,,Carlos Dias (PTdoB),2.0,,,congresso_em_foco,2010-RJ-055,duas_mencoes_agregadas,False,False,2010-10-02T07:00:00-03:00,carlos dias ptdob,Carlos Dias (PTdoB),Carlos Dias PTdoB,0.0122587215253883,False,8.0
2010,RJ,,https://www.congressoemfoco.com.br/noticia/82698/a-disputa-para-o-senado-estado-por-estado,,,28-29/09,Datafolha,,,,Wladimir Mutt (PCB),1.0,,,congresso_em_foco,2010-RJ-055,duas_mencoes_agregadas,False,False,2010-10-02T07:00:00-03:00,wladimir mutt pcb,Wladimir Mutt (PCB),Wladimir Mutt PCB,0.0016791418622951,False,10.0
2010,RJ,,https://www.congressoemfoco.com.br/noticia/82698/a-disputa-para-o-senado-estado-por-estado,,,28-29/09,Datafolha,,,,Claiton (PSTU),1.0,,,congresso_em_foco,2010-RJ-055,duas_mencoes_agregadas,False,False,2010-10-02T07:00:00-03:00,claiton pstu,Claiton (PSTU),Claiton PSTU,0.0015738172725119,False,11.0
2010,RJ,,https://www.congressoemfoco.com.br/noticia/82698/a-disputa-para-o-senado-estado-por-estado,,,28-29/09,Datafolha,,,,Heitor (PSTU),1.0,,,congresso_em_foco,2010-RJ-055,duas_mencoes_agregadas,False,False,2010-10-02T07:00:00-03:00,heitor pstu,Heitor (PSTU),Heitor PSTU,0.0022862711471071,False,9.0
2010,RJ,,https://www.congressoemfoco.com.br/noticia/82698/a-disputa-para-o-senado-estado-por-estado,,,21-23/09,Ibope,,,,Lindbergh Farias (PT),37.0,,,congresso_em_foco,2010-RJ-056,duas_mencoes_agregadas,False,False,2010-10-02T07:00:00-03:00,lindbergh farias pt,Lindbergh Farias (PT),Lindbergh Farias PT,0.2865147739665628,True,1.0
2010,RJ,,https://www.congressoemfoco.com.br/noticia/82698/a-disputa-para-o-senado-estado-por-estado,,,21-23/09,Ibope,,,,Marcelo Crivella (PRB),34.0,,,congresso_em_foco,2010-RJ-056,duas_mencoes_agregadas,False,False,2010-10-02T07:00:00-03:00,marcelo crivella prb,Marcelo Crivella (PRB),Marcelo Crivella PRB,0.2266203039018987,True,2.0
2010,RJ,,https://www.congressoemfoco.com.br/noticia/82698/a-disputa-para-o-senado-estado-por-estado,,,21-23/09,Ibope,,,,Cesar Maia (DEM),23.0,,,congresso_em_foco,2010-RJ-056,duas_mencoes_agregadas,False,False,2010-10-02T07:00:00-03:00,cesar maia dem,Cesar Maia (DEM),Cesar Maia DEM,0.1106316164019964,False,4.0
2010,RJ,,https://www.congressoemfoco.com.br/noticia/82698/a-disputa-para-o-senado-estado-por-estado,,,21-23/09,Ibope,,,,Jorge Picciani (PMDB),23.0,,,congresso_em_foco,2010-RJ-056,duas_mencoes_agregadas,False,False,2010-10-02T07:00:00-03:00,jorge picciani pmdb,Jorge Picciani (PMDB),Jorge Picciani PMDB,0.2072517305972421,False,3.0
2010,RJ,,https://www.congressoemfoco.com.br/noticia/82698/a-disputa-para-o-senado-estado-por-estado,,,21-23/09,Ibope,,,,Waguinho (PT do B),7.0,,,congresso_em_foco,2010-RJ-056,duas_mencoes_agregadas,False,False,2010-10-02T07:00:00-03:00,waguinho pt do b,Waguinho (PT do B),Waguinho PTdoB,0.088118128360961,False,5.0
2010,RJ,,https://www.congressoemfoco.com.br/noticia/82698/a-disputa-para-o-senado-estado-por-estado,,,21-23/09,Ibope,,,,Marcelo Cerqueira (PPS),3.0,,,congresso_em_foco,2010-RJ-056,duas_mencoes_agregadas,False,False,2010-10-02T07:00:00-03:00,marcelo cerqueira pps,Marcelo Cerqueira (PPS),Marcelo Cerqueira PPS,0.0266100638223497,False,7.0
2010,RJ,,https://www.congressoemfoco.com.br/noticia/82698/a-disputa-para-o-senado-estado-por-estado,,,21-23/09,Ibope,,,,Milton Temer (Psol),2.0,,,congresso_em_foco,2010-RJ-056,duas_mencoes_agregadas,False,False,2010-10-02T07:00:00-03:00,milton temer psol,Milton Temer (Psol),Milton Temer PSOL,0.0364554311416865,False,6.0
2010,RJ,,https://www.congressoemfoco.com.br/noticia/82698/a-disputa-para-o-senado-estado-por-estado,,,21-23/09,Ibope,,,,Carlos Dias (PTdoB),1.0,,,congresso_em_foco,2010-RJ-056,duas_mencoes_agregadas,False,False,2010-10-02T07:00:00-03:00,carlos dias ptdob,Carlos Dias (PTdoB),Carlos Dias PTdoB,0.0122587215253883,False,8.0
2010,RJ,,https://www.congressoemfoco.com.br/noticia/82698/a-disputa-para-o-senado-estado-por-estado,,,13-14/09,Datafolha,,,,Marcelo Crivella (PRB),40.0,,,congresso_em_foco,2010-RJ-057,duas_mencoes_agregadas,False,False,2010-10-02T07:00:00-03:00,marcelo crivella prb,Marcelo Crivella (PRB),Marcelo Crivella PRB,0.2266203039018987,True,2.0
2010,RJ,,https://www.congressoemfoco.com.br/noticia/82698/a-disputa-para-o-senado-estado-por-estado,,,13-14/09,Datafolha,,,,Lindbergh Farias (PT),38.0,,,congresso_em_foco,2010-RJ-057,duas_mencoes_agregadas,False,False,2010-10-02T07:00:00-03:00,lindbergh farias pt,Lindbergh Farias (PT),Lindbergh Farias PT,0.2865147739665628,True,1.0
2010,RJ,,https://www.congressoemfoco.com.br/noticia/82698/a-disputa-para-o-senado-estado-por-estado,,,13-14/09,Datafolha,,,,Cesar Maia (DEM),27.0,,,congresso_em_foco,2010-RJ-057,duas_mencoes_agregadas,False,False,2010-10-02T07:00:00-03:00,cesar maia dem,Cesar Maia (DEM),Cesar Maia DEM,0.1106316164019964,False,4.0
2010,RJ,,https://www.congressoemfoco.com.br/noticia/82698/a-disputa-para-o-senado-estado-por-estado,,,13-14/09,Datafolha,,,,Jorge Picciani (PMDB),21.0,,,congresso_em_foco,2010-RJ-057,duas_mencoes_agregadas,False,False,2010-10-02T07:00:00-03:00,jorge picciani pmdb,Jorge Picciani (PMDB),Jorge Picciani PMDB,0.2072517305972421,False,3.0
2010,RJ,,https://www.congressoemfoco.com.br/noticia/82698/a-disputa-para-o-senado-estado-por-estado,,,13-14/09,Datafolha,,,,Waguinho (PTdoB),7.0,,,congresso_em_foco,2010-RJ-057,duas_mencoes_agregadas,False,False,2010-10-02T07:00:00-03:00,waguinho ptdob,Waguinho (PTdoB),Waguinho PTdoB,0.088118128360961,False,5.0
2010,RJ,,https://www.congressoemfoco.com.br/noticia/82698/a-disputa-para-o-senado-estado-por-estado,,,13-14/09,Datafolha,,,,Marcelo Cerqueira (PPS),4.0,,,congresso_em_foco,2010-RJ-057,duas_mencoes_agregadas,False,False,2010-10-02T07:00:00-03:00,marcelo cerqueira pps,Marcelo Cerqueira (PPS),Marcelo Cerqueira PPS,0.0266100638223497,False,7.0
2010,RJ,,https://www.congressoemfoco.com.br/noticia/82698/a-disputa-para-o-senado-estado-por-estado,,,13-14/09,Datafolha,,,,Milton Temer (Psol),4.0,,,congresso_em_foco,2010-RJ-057,duas_mencoes_agregadas,False,False,2010-10-02T07:00:00-03:00,milton temer psol,Milton Temer (Psol),Milton Temer PSOL,0.0364554311416865,False,6.0
2010,RJ,,https://www.congressoemfoco.com.br/noticia/82698/a-disputa-para-o-senado-estado-por-estado,,,13-14/09,Datafolha,,,,Carlos Dias (PTdoB),3.0,,,congresso_em_foco,2010-RJ-057,duas_mencoes_agregadas,False,False,2010-10-02T07:00:00-03:00,carlos dias ptdob,Carlos Dias (PTdoB),Carlos Dias PTdoB,0.0122587215253883,False,8.0
2010,RJ,,https://www.congressoemfoco.com.br/noticia/82698/a-disputa-para-o-senado-estado-por-estado,,,13-14/09,Datafolha,,,,Wladimir Mutt (PCB),1.0,,,congresso_em_foco,2010-RJ-057,duas_mencoes_agregadas,False,False,2010-10-02T07:00:00-03:00,wladimir mutt pcb,Wladimir Mutt (PCB),Wladimir Mutt PCB,0.0016791418622951,False,10.0
2010,RJ,,https://www.congressoemfoco.com.br/noticia/82698/a-disputa-para-o-senado-estado-por-estado,,,13-14/09,Datafolha,,,,Claiton (PSTU),1.0,,,congresso_em_foco,2010-RJ-057,duas_mencoes_agregadas,False,False,2010-10-02T07:00:00-03:00,claiton pstu,Claiton (PSTU),Claiton PSTU,0.0015738172725119,False,11.0
2010,RN,,https://www.congressoemfoco.com.br/noticia/82698/a-disputa-para-o-senado-estado-por-estado,,,20-22/09,Ibope,,,,Garibaldi Alves Filho (PMDB),60.0,,,congresso_em_foco,2010-RN-058,duas_mencoes_agregadas,False,False,2010-10-02T07:00:00-03:00,garibaldi alves filho pmdb,Garibaldi Alves Filho (PMDB),Garibaldi Alves Filho PMDB,0.3502874834144184,True,1.0
2010,RN,,https://www.congressoemfoco.com.br/noticia/82698/a-disputa-para-o-senado-estado-por-estado,,,20-22/09,Ibope,,,,José Agripino (DEM),58.0,,,congresso_em_foco,2010-RN-058,duas_mencoes_agregadas,False,False,2010-10-02T07:00:00-03:00,jose agripino dem,José Agripino (DEM),José Agripino Maia DEM,0.3222647401625824,True,2.0
2010,RN,,https://www.congressoemfoco.com.br/noticia/82698/a-disputa-para-o-senado-estado-por-estado,,,20-22/09,Ibope,,,,Vilma (PSB),37.0,,,congresso_em_foco,2010-RN-058,duas_mencoes_agregadas,False,False,2010-10-02T07:00:00-03:00,vilma psb,Vilma (PSB),,,,
2010,RN,,https://www.congressoemfoco.com.br/noticia/82698/a-disputa-para-o-senado-estado-por-estado,,,20-22/09,Ibope,,,,Hugo Manso (PT),6.0,,,congresso_em_foco,2010-RN-058,duas_mencoes_agregadas,False,False,2010-10-02T07:00:00-03:00,hugo manso pt,Hugo Manso (PT),Hugo Manso PT,0.0753240826005654,False,4.0
2010,RN,,https://www.congressoemfoco.com.br/noticia/82698/a-disputa-para-o-senado-estado-por-estado,,,20-22/09,Ibope,,,,Sávio (PC do B),1.0,,,congresso_em_foco,2010-RN-058,duas_mencoes_agregadas,False,False,2010-10-02T07:00:00-03:00,savio pc do b,Sávio (PC do B),,,,
2010,RN,,https://www.congressoemfoco.com.br/noticia/82698/a-disputa-para-o-senado-estado-por-estado,,,20-22/09,Ibope,,,,Dr. Joanilson (PSDC),1.0,,,congresso_em_foco,2010-RN-058,duas_mencoes_agregadas,False,False,2010-10-02T07:00:00-03:00,dr. joanilson psdc,Dr. Joanilson (PSDC),Joanilson Rego PSDC,0.0223184458553858,False,5.0
2010,RN,,https://www.congressoemfoco.com.br/noticia/82698/a-disputa-para-o-senado-estado-por-estado,,,20-22/09,Ibope,,,,Alexandre Guedes (PSTU),1.0,,,congresso_em_foco,2010-RN-058,duas_mencoes_agregadas,False,False,2010-10-02T07:00:00-03:00,alexandre guedes pstu,Alexandre Guedes (PSTU),,,,
2010,RN,,https://www.congressoemfoco.com.br/noticia/82698/a-disputa-para-o-senado-estado-por-estado,,,20-22/09,Ibope,,,,Dário (PSTU),1.0,,,congresso_em_foco,2010-RN-058,duas_mencoes_agregadas,False,False,2010-10-02T07:00:00-03:00,dario pstu,Dário (PSTU),,,,
2010,RN,,https://www.congressoemfoco.com.br/noticia/82698/a-disputa-para-o-senado-estado-por-estado,,,11-13/09,Start,,,,Garibaldi Alves Filho (PMDB),51.3,,,congresso_em_foco,2010-RN-059,duas_mencoes_agregadas,False,False,2010-10-02T07:00:00-03:00,garibaldi alves filho pmdb,Garibaldi Alves Filho (PMDB),Garibaldi Alves Filho PMDB,0.3502874834144184,True,1.0
2010,RN,,https://www.congressoemfoco.com.br/noticia/82698/a-disputa-para-o-senado-estado-por-estado,,,11-13/09,Start,,,,José Agripino (DEM),50.3,,,congresso_em_foco,2010-RN-059,duas_mencoes_agregadas,False,False,2010-10-02T07:00:00-03:00,jose agripino dem,José Agripino (DEM),José Agripino Maia DEM,0.3222647401625824,True,2.0
2010,RN,,https://www.congressoemfoco.com.br/noticia/82698/a-disputa-para-o-senado-estado-por-estado,,,11-13/09,Start,,,,Vilma (PSB),37.4,,,congresso_em_foco,2010-RN-059,duas_mencoes_agregadas,False,False,2010-10-02T07:00:00-03:00,vilma psb,Vilma (PSB),,,,
2010,RN,,https://www.congressoemfoco.com.br/noticia/82698/a-disputa-para-o-senado-estado-por-estado,,,11-13/09,Start,,,,Hugo Manso (PT),5.8,,,congresso_em_foco,2010-RN-059,duas_mencoes_agregadas,False,False,2010-10-02T07:00:00-03:00,hugo manso pt,Hugo Manso (PT),Hugo Manso PT,0.0753240826005654,False,4.0
2010,RN,,https://www.congressoemfoco.com.br/noticia/82698/a-disputa-para-o-senado-estado-por-estado,,,11-13/09,Start,,,,Alexandre Guedes (PSTU),1.8,,,congresso_em_foco,2010-RN-059,duas_mencoes_agregadas,False,False,2010-10-02T07:00:00-03:00,alexandre guedes pstu,Alexandre Guedes (PSTU),,,,
2010,RN,,https://www.congressoemfoco.com.br/noticia/82698/a-disputa-para-o-senado-estado-por-estado,,,11-13/09,Start,,,,Dr. Joanilson (PSDC),1.8,,,congresso_em_foco,2010-RN-059,duas_mencoes_agregadas,False,False,2010-10-02T07:00:00-03:00,dr. joanilson psdc,Dr. Joanilson (PSDC),Joanilson Rego PSDC,0.0223184458553858,False,5.0
2010,RN,,https://www.congressoemfoco.com.br/noticia/82698/a-disputa-para-o-senado-estado-por-estado,,,11-13/09,Start,,,,Sávio (PC do B),1.3,,,congresso_em_foco,2010-RN-059,duas_mencoes_agregadas,False,False,2010-10-02T07:00:00-03:00,savio pc do b,Sávio (PC do B),,,,
2010,RN,,https://www.congressoemfoco.com.br/noticia/82698/a-disputa-para-o-senado-estado-por-estado,,,11-13/09,Start,,,,Ronaldo Garcia (Psol),0.9,,,congresso_em_foco,2010-RN-059,duas_mencoes_agregadas,False,False,2010-10-02T07:00:00-03:00,ronaldo garcia psol,Ronaldo Garcia (Psol),Ronaldo Garcia PSOL,0.002231239640313,False,7.0
2010,RN,,https://www.congressoemfoco.com.br/noticia/82698/a-disputa-para-o-senado-estado-por-estado,,,11-13/09,Start,,,,Valdemar Soares (Psol),0.5,,,congresso_em_foco,2010-RN-059,duas_mencoes_agregadas,False,False,2010-10-02T07:00:00-03:00,valdemar soares psol,Valdemar Soares (Psol),,,,
2010,RN,,https://www.congressoemfoco.com.br/noticia/82698/a-disputa-para-o-senado-estado-por-estado,,,11-13/09,Start,,,,Marconio Cruz (PRTB),0.4,,,congresso_em_foco,2010-RN-059,duas_mencoes_agregadas,False,False,2010-10-02T07:00:00-03:00,marconio cruz prtb,Marconio Cruz (PRTB),,,,
2010,RN,,https://www.congressoemfoco.com.br/noticia/82698/a-disputa-para-o-senado-estado-por-estado,,,11-13/09,Start,,,,"Pr. Clóvis Costa (PTC) 0,3, Dário (PSTU)",0.2,,,congresso_em_foco,2010-RN-059,duas_mencoes_agregadas,False,False,2010-10-02T07:00:00-03:00,"pr. clovis costa ptc 0,3, dario pstu","Pr. Clóvis Costa (PTC) 0,3, Dário (PSTU)",,,,
2010,RN,,https://www.congressoemfoco.com.br/noticia/82698/a-disputa-para-o-senado-estado-por-estado,,,08-10/09,Ibope,,,,Garibaldi Alves Filho (PMDB),60.0,,,congresso_em_foco,2010-RN-060,duas_mencoes_agregadas,False,False,2010-10-02T07:00:00-03:00,garibaldi alves filho pmdb,Garibaldi Alves Filho (PMDB),Garibaldi Alves Filho PMDB,0.3502874834144184,True,1.0
2010,RN,,https://www.congressoemfoco.com.br/noticia/82698/a-disputa-para-o-senado-estado-por-estado,,,08-10/09,Ibope,,,,José Agripino (DEM),54.0,,,congresso_em_foco,2010-RN-060,duas_mencoes_agregadas,False,False,2010-10-02T07:00:00-03:00,jose agripino dem,José Agripino (DEM),José Agripino Maia DEM,0.3222647401625824,True,2.0
2010,RN,,https://www.congressoemfoco.com.br/noticia/82698/a-disputa-para-o-senado-estado-por-estado,,,08-10/09,Ibope,,,,Vilma (PSB),35.0,,,congresso_em_foco,2010-RN-060,duas_mencoes_agregadas,False,False,2010-10-02T07:00:00-03:00,vilma psb,Vilma (PSB),,,,
2010,RN,,https://www.congressoemfoco.com.br/noticia/82698/a-disputa-para-o-senado-estado-por-estado,,,08-10/09,Ibope,,,,Hugo Manso (PT),6.0,,,congresso_em_foco,2010-RN-060,duas_mencoes_agregadas,False,False,2010-10-02T07:00:00-03:00,hugo manso pt,Hugo Manso (PT),Hugo Manso PT,0.0753240826005654,False,4.0
2010,RN,,https://www.congressoemfoco.com.br/noticia/82698/a-disputa-para-o-senado-estado-por-estado,,,08-10/09,Ibope,,,,Dário (PSTU),1.0,,,congresso_em_foco,2010-RN-060,duas_mencoes_agregadas,False,False,2010-10-02T07:00:00-03:00,dario pstu,Dário (PSTU),,,,
2010,RN,,https://www.congressoemfoco.com.br/noticia/82698/a-disputa-para-o-senado-estado-por-estado,,,08-10/09,Ibope,,,,Dr. Joanilson (PSDC),1.0,,,congresso_em_foco,2010-RN-060,duas_mencoes_agregadas,False,False,2010-10-02T07:00:00-03:00,dr. joanilson psdc,Dr. Joanilson (PSDC),Joanilson Rego PSDC,0.0223184458553858,False,5.0
2010,RN,,https://www.congressoemfoco.com.br/noticia/82698/a-disputa-para-o-senado-estado-por-estado,,,08-10/09,Ibope,,,,Ronaldo Garcia (Psol),1.0,,,congresso_em_foco,2010-RN-060,duas_mencoes_agregadas,False,False,2010-10-02T07:00:00-03:00,ronaldo garcia psol,Ronaldo Garcia (Psol),Ronaldo Garcia PSOL,0.002231239640313,False,7.0
2010,RN,,https://www.congressoemfoco.com.br/noticia/82698/a-disputa-para-o-senado-estado-por-estado,,,08-10/09,Ibope,,,,Sávio (PCdoB),1.0,,,congresso_em_foco,2010-RN-060,duas_mencoes_agregadas,False,False,2010-10-02T07:00:00-03:00,savio pcdob,Sávio (PCdoB),Sávio Ximenes PCdoB,0.0086651681949375,False,6.0
2010,RS,,https://www.congressoemfoco.com.br/noticia/82698/a-disputa-para-o-senado-estado-por-estado,,,28-29/09,Datafolha,,,,Ana Amélia Lemos (PP),53.0,,,congresso_em_foco,2010-RS-061,duas_mencoes_agregadas,False,False,2010-10-02T07:00:00-03:00,ana amelia lemos pp,Ana Amélia Lemos (PP),Ana Amélia Lemos PP,0.2953942604298225,True,2.0
2010,RS,,https://www.congressoemfoco.com.br/noticia/82698/a-disputa-para-o-senado-estado-por-estado,,,28-29/09,Datafolha,,,,Paulo Paim (PT),49.0,,,congresso_em_foco,2010-RS-061,duas_mencoes_agregadas,False,False,2010-10-02T07:00:00-03:00,paulo paim pt,Paulo Paim (PT),Paulo Paim PT,0.3383481083687489,True,1.0
2010,RS,,https://www.congressoemfoco.com.br/noticia/82698/a-disputa-para-o-senado-estado-por-estado,,,28-29/09,Datafolha,,,,Germano Rigotto (PMDB),39.0,,,congresso_em_foco,2010-RS-061,duas_mencoes_agregadas,False,False,2010-10-02T07:00:00-03:00,germano rigotto pmdb,Germano Rigotto (PMDB),Germano Rigotto PMDB,0.2124222332655506,False,3.0
2010,RS,,https://www.congressoemfoco.com.br/noticia/82698/a-disputa-para-o-senado-estado-por-estado,,,28-29/09,Datafolha,,,,Abgail Pereira (PCdoB),12.0,,,congresso_em_foco,2010-RS-061,duas_mencoes_agregadas,False,False,2010-10-02T07:00:00-03:00,abgail pereira pcdob,Abgail Pereira (PCdoB),Abigail Pereira PCdoB,0.134715858846809,False,4.0
2010,RS,,https://www.congressoemfoco.com.br/noticia/82698/a-disputa-para-o-senado-estado-por-estado,,,28-29/09,Datafolha,,,,Vera Guasso (PSTU),2.0,,,congresso_em_foco,2010-RS-061,duas_mencoes_agregadas,False,False,2010-10-02T07:00:00-03:00,vera guasso pstu,Vera Guasso (PSTU),Vera Guasso PSTU,0.0049377979028059,False,6.0
2010,RS,,https://www.congressoemfoco.com.br/noticia/82698/a-disputa-para-o-senado-estado-por-estado,,,28-29/09,Datafolha,,,,José Schneider (PMN),1.0,,,congresso_em_foco,2010-RS-061,duas_mencoes_agregadas,False,False,2010-10-02T07:00:00-03:00,jose schneider pmn,José Schneider (PMN),José Schneider PMN,0.002809390318529,False,7.0
2010,RS,,https://www.congressoemfoco.com.br/noticia/82698/a-disputa-para-o-senado-estado-por-estado,,,28-29/09,Datafolha,,,,Professor Marcos Monteiro (PV),1.0,,,congresso_em_foco,2010-RS-061,duas_mencoes_agregadas,False,False,2010-10-02T07:00:00-03:00,professor marcos monteiro pv,Professor Marcos Monteiro (PV),Marcos Monteiro PV,0.0088326265854061,False,5.0
2010,RS,,https://www.congressoemfoco.com.br/noticia/82698/a-disputa-para-o-senado-estado-por-estado,,,28-29/09,Datafolha,,,,Lucas (Psol),1.0,,,congresso_em_foco,2010-RS-061,duas_mencoes_agregadas,False,False,2010-10-02T07:00:00-03:00,lucas psol,Lucas (Psol),,,,
2010,RS,,https://www.congressoemfoco.com.br/noticia/82698/a-disputa-para-o-senado-estado-por-estado,,,21-23/09,Ibope,,,,Ana Amélia Lemos (PP),48.0,,,congresso_em_foco,2010-RS-062,duas_mencoes_agregadas,False,False,2010-10-02T07:00:00-03:00,ana amelia lemos pp,Ana Amélia Lemos (PP),Ana Amélia Lemos PP,0.2953942604298225,True,2.0
2010,RS,,https://www.congressoemfoco.com.br/noticia/82698/a-disputa-para-o-senado-estado-por-estado,,,21-23/09,Ibope,,,,Paulo Paim (PT),46.0,,,congresso_em_foco,2010-RS-062,duas_mencoes_agregadas,False,False,2010-10-02T07:00:00-03:00,paulo paim pt,Paulo Paim (PT),Paulo Paim PT,0.3383481083687489,True,1.0
2010,RS,,https://www.congressoemfoco.com.br/noticia/82698/a-disputa-para-o-senado-estado-por-estado,,,21-23/09,Ibope,,,,Germano Rigotto (PMDB),33.0,,,congresso_em_foco,2010-RS-062,duas_mencoes_agregadas,False,False,2010-10-02T07:00:00-03:00,germano rigotto pmdb,Germano Rigotto (PMDB),Germano Rigotto PMDB,0.2124222332655506,False,3.0
2010,RS,,https://www.congressoemfoco.com.br/noticia/82698/a-disputa-para-o-senado-estado-por-estado,,,21-23/09,Ibope,,,,Abgail Pereira (PCdoB),16.0,,,congresso_em_foco,2010-RS-062,duas_mencoes_agregadas,False,False,2010-10-02T07:00:00-03:00,abgail pereira pcdob,Abgail Pereira (PCdoB),Abigail Pereira PCdoB,0.134715858846809,False,4.0
2010,RS,,https://www.congressoemfoco.com.br/noticia/82698/a-disputa-para-o-senado-estado-por-estado,,,21-23/09,Ibope,,,,Vera Guasso (PSTU),3.0,,,congresso_em_foco,2010-RS-062,duas_mencoes_agregadas,False,False,2010-10-02T07:00:00-03:00,vera guasso pstu,Vera Guasso (PSTU),Vera Guasso PSTU,0.0049377979028059,False,6.0
2010,RS,,https://www.congressoemfoco.com.br/noticia/82698/a-disputa-para-o-senado-estado-por-estado,,,21-23/09,Ibope,,,,Lucas (Psol),1.0,,,congresso_em_foco,2010-RS-062,duas_mencoes_agregadas,False,False,2010-10-02T07:00:00-03:00,lucas psol,Lucas (Psol),,,,
2010,RS,,https://www.congressoemfoco.com.br/noticia/82698/a-disputa-para-o-senado-estado-por-estado,,,21-23/09,Ibope,,,,Professor Marcos Monteiro (PV),1.0,,,congresso_em_foco,2010-RS-062,duas_mencoes_agregadas,False,False,2010-10-02T07:00:00-03:00,professor marcos monteiro pv,Professor Marcos Monteiro (PV),Marcos Monteiro PV,0.0088326265854061,False,5.0
2010,RS,,https://www.congressoemfoco.com.br/noticia/82698/a-disputa-para-o-senado-estado-por-estado,,,21-23/09,Ibope,,,,Roberto Gross (PTC),1.0,,,congresso_em_foco,2010-RS-062,duas_mencoes_agregadas,False,False,2010-10-02T07:00:00-03:00,roberto gross ptc,Roberto Gross (PTC),Roberto Gross PTC,0.000604903040947,False,9.0
2010,RS,,https://www.congressoemfoco.com.br/noticia/82698/a-disputa-para-o-senado-estado-por-estado,,,21-23/09,Ibope,,,,Berna Menezes (Psol),1.0,,,congresso_em_foco,2010-RS-062,duas_mencoes_agregadas,False,False,2010-10-02T07:00:00-03:00,berna menezes psol,Berna Menezes (Psol),Berna Menezes PSOL,0.0019348212413808,False,8.0
2010,RS,,https://www.congressoemfoco.com.br/noticia/82698/a-disputa-para-o-senado-estado-por-estado,,,21-22/09,Datafolha,,,,Ana Amélia Lemos (PP),49.0,,,congresso_em_foco,2010-RS-063,duas_mencoes_agregadas,False,False,2010-10-02T07:00:00-03:00,ana amelia lemos pp,Ana Amélia Lemos (PP),Ana Amélia Lemos PP,0.2953942604298225,True,2.0
2010,RS,,https://www.congressoemfoco.com.br/noticia/82698/a-disputa-para-o-senado-estado-por-estado,,,21-22/09,Datafolha,,,,Paulo Paim (PT),45.0,,,congresso_em_foco,2010-RS-063,duas_mencoes_agregadas,False,False,2010-10-02T07:00:00-03:00,paulo paim pt,Paulo Paim (PT),Paulo Paim PT,0.3383481083687489,True,1.0
2010,RS,,https://www.congressoemfoco.com.br/noticia/82698/a-disputa-para-o-senado-estado-por-estado,,,21-22/09,Datafolha,,,,Germano Rigotto (PMDB),38.0,,,congresso_em_foco,2010-RS-063,duas_mencoes_agregadas,False,False,2010-10-02T07:00:00-03:00,germano rigotto pmdb,Germano Rigotto (PMDB),Germano Rigotto PMDB,0.2124222332655506,False,3.0
2010,RS,,https://www.congressoemfoco.com.br/noticia/82698/a-disputa-para-o-senado-estado-por-estado,,,21-22/09,Datafolha,,,,Abgail Pereira (PCdoB),10.0,,,congresso_em_foco,2010-RS-063,duas_mencoes_agregadas,False,False,2010-10-02T07:00:00-03:00,abgail pereira pcdob,Abgail Pereira (PCdoB),Abigail Pereira PCdoB,0.134715858846809,False,4.0
2010,RS,,https://www.congressoemfoco.com.br/noticia/82698/a-disputa-para-o-senado-estado-por-estado,,,21-22/09,Datafolha,,,,Vera Guasso (PSTU),2.0,,,congresso_em_foco,2010-RS-063,duas_mencoes_agregadas,False,False,2010-10-02T07:00:00-03:00,vera guasso pstu,Vera Guasso (PSTU),Vera Guasso PSTU,0.0049377979028059,False,6.0
2010,RS,,https://www.congressoemfoco.com.br/noticia/82698/a-disputa-para-o-senado-estado-por-estado,,,21-22/09,Datafolha,,,,José Schneider (PMN),2.0,,,congresso_em_foco,2010-RS-063,duas_mencoes_agregadas,False,False,2010-10-02T07:00:00-03:00,jose schneider pmn,José Schneider (PMN),José Schneider PMN,0.002809390318529,False,7.0
2010,RO,,https://www.congressoemfoco.com.br/noticia/82698/a-disputa-para-o-senado-estado-por-estado,,,02-06/09,Phoenix,,,,Valdir Raupp (PMDB),32.9,,,congresso_em_foco,2010-RO-064,nao_identificado,False,False,2010-10-02T07:00:00-03:00,valdir raupp pmdb,Valdir Raupp (PMDB),Valdir Raupp PMDB,0.0643912643382982,False,3.0
2010,RO,,https://www.congressoemfoco.com.br/noticia/82698/a-disputa-para-o-senado-estado-por-estado,,,02-06/09,Phoenix,,,,Ivo Cassol (PP),30.64,,,congresso_em_foco,2010-RO-064,nao_identificado,False,False,2010-10-02T07:00:00-03:00,ivo cassol pp,Ivo Cassol (PP),Ivo Cassol PP,0.6073539954631056,True,1.0
2010,RO,,https://www.congressoemfoco.com.br/noticia/82698/a-disputa-para-o-senado-estado-por-estado,,,02-06/09,Phoenix,,,,Fátima Cleide (PT),17.68,,,congresso_em_foco,2010-RO-064,nao_identificado,False,False,2010-10-02T07:00:00-03:00,fatima cleide pt,Fátima Cleide (PT),Fátima Cleide PT,0.0030134501797637,False,6.0
2010,RO,,https://www.congressoemfoco.com.br/noticia/82698/a-disputa-para-o-senado-estado-por-estado,,,28-30/08,Ibope,,,,Ivo Cassol (PP),52.0,,,congresso_em_foco,2010-RO-065,duas_mencoes_agregadas,False,False,2010-10-02T07:00:00-03:00,ivo cassol pp,Ivo Cassol (PP),Ivo Cassol PP,0.6073539954631056,True,1.0
2010,RO,,https://www.congressoemfoco.com.br/noticia/82698/a-disputa-para-o-senado-estado-por-estado,,,28-30/08,Ibope,,,,Valdir Raupp (PMDB),47.0,,,congresso_em_foco,2010-RO-065,duas_mencoes_agregadas,False,False,2010-10-02T07:00:00-03:00,valdir raupp pmdb,Valdir Raupp (PMDB),Valdir Raupp PMDB,0.0643912643382982,False,3.0
2010,RO,,https://www.congressoemfoco.com.br/noticia/82698/a-disputa-para-o-senado-estado-por-estado,,,28-30/08,Ibope,,,,Fátima Cleide (PT),26.0,,,congresso_em_foco,2010-RO-065,duas_mencoes_agregadas,False,False,2010-10-02T07:00:00-03:00,fatima cleide pt,Fátima Cleide (PT),Fátima Cleide PT,0.0030134501797637,False,6.0
2010,RO,,https://www.congressoemfoco.com.br/noticia/82698/a-disputa-para-o-senado-estado-por-estado,,,28-30/08,Ibope,,,,Melki Donadon (PHS),10.0,,,congresso_em_foco,2010-RO-065,duas_mencoes_agregadas,False,False,2010-10-02T07:00:00-03:00,melki donadon phs,Melki Donadon (PHS),Melki Donadon PHS,0.0,False,7.0
2010,RO,,https://www.congressoemfoco.com.br/noticia/82698/a-disputa-para-o-senado-estado-por-estado,,,28-30/08,Ibope,,,,Agnaldo Muniz (PSC),8.0,,,congresso_em_foco,2010-RO-065,duas_mencoes_agregadas,False,False,2010-10-02T07:00:00-03:00,agnaldo muniz psc,Agnaldo Muniz (PSC),Agnaldo Muniz PSC,0.2507971665810649,True,2.0
2010,RO,,https://www.congressoemfoco.com.br/noticia/82698/a-disputa-para-o-senado-estado-por-estado,,,28-30/08,Ibope,,,,Aluizio Vidal (Psol),2.0,,,congresso_em_foco,2010-RO-065,duas_mencoes_agregadas,False,False,2010-10-02T07:00:00-03:00,aluizio vidal psol,Aluizio Vidal (Psol),Aluizio Vidal PSOL,0.0586532699880157,False,4.0
2010,RO,,https://www.congressoemfoco.com.br/noticia/82698/a-disputa-para-o-senado-estado-por-estado,,,28-30/08,Ibope,,,,Pimenta de Rondônia (Psol),1.0,,,congresso_em_foco,2010-RO-065,duas_mencoes_agregadas,False,False,2010-10-02T07:00:00-03:00,pimenta de rondonia psol,Pimenta de Rondônia (Psol),Pimenta de Rondônia PSOL,0.0157908534497517,False,5.0
2010,RO,,https://www.congressoemfoco.com.br/noticia/82698/a-disputa-para-o-senado-estado-por-estado,,,27-29/08,Ibope,,,,Ivo Cassol (PP),45.0,,,congresso_em_foco,2010-RO-066,duas_mencoes_agregadas,False,False,2010-10-02T07:00:00-03:00,ivo cassol pp,Ivo Cassol (PP),Ivo Cassol PP,0.6073539954631056,True,1.0
2010,RO,,https://www.congressoemfoco.com.br/noticia/82698/a-disputa-para-o-senado-estado-por-estado,,,27-29/08,Ibope,,,,Valdir Raupp (PMDB),39.0,,,congresso_em_foco,2010-RO-066,duas_mencoes_agregadas,False,False,2010-10-02T07:00:00-03:00,valdir raupp pmdb,Valdir Raupp (PMDB),Valdir Raupp PMDB,0.0643912643382982,False,3.0
2010,RO,,https://www.congressoemfoco.com.br/noticia/82698/a-disputa-para-o-senado-estado-por-estado,,,27-29/08,Ibope,,,,Fátima Cleide (PT),29.0,,,congresso_em_foco,2010-RO-066,duas_mencoes_agregadas,False,False,2010-10-02T07:00:00-03:00,fatima cleide pt,Fátima Cleide (PT),Fátima Cleide PT,0.0030134501797637,False,6.0
2010,RO,,https://www.congressoemfoco.com.br/noticia/82698/a-disputa-para-o-senado-estado-por-estado,,,27-29/08,Ibope,,,,Melki Donadon (PHS),10.0,,,congresso_em_foco,2010-RO-066,duas_mencoes_agregadas,False,False,2010-10-02T07:00:00-03:00,melki donadon phs,Melki Donadon (PHS),Melki Donadon PHS,0.0,False,7.0
2010,RO,,https://www.congressoemfoco.com.br/noticia/82698/a-disputa-para-o-senado-estado-por-estado,,,27-29/08,Ibope,,,,Agnaldo Muniz (PSC),7.0,,,congresso_em_foco,2010-RO-066,duas_mencoes_agregadas,False,False,2010-10-02T07:00:00-03:00,agnaldo muniz psc,Agnaldo Muniz (PSC),Agnaldo Muniz PSC,0.2507971665810649,True,2.0
2010,RO,,https://www.congressoemfoco.com.br/noticia/82698/a-disputa-para-o-senado-estado-por-estado,,,27-29/08,Ibope,,,,Aluizio Vidal (Psol),5.0,,,congresso_em_foco,2010-RO-066,duas_mencoes_agregadas,False,False,2010-10-02T07:00:00-03:00,aluizio vidal psol,Aluizio Vidal (Psol),Aluizio Vidal PSOL,0.0586532699880157,False,4.0
2010,RR,,https://www.congressoemfoco.com.br/noticia/82698/a-disputa-para-o-senado-estado-por-estado,,,06-09/09,Phoenix,,,,Romero Jucá (PMDB),30.88,,,congresso_em_foco,2010-RR-067,nao_identificado,False,False,2010-10-02T07:00:00-03:00,romero juca pmdb,Romero Jucá (PMDB),Romero Jucá PMDB,0.2791361177601447,True,1.0
2010,RR,,https://www.congressoemfoco.com.br/noticia/82698/a-disputa-para-o-senado-estado-por-estado,,,06-09/09,Phoenix,,,,Ângela Portela (PT),23.66,,,congresso_em_foco,2010-RR-067,nao_identificado,False,False,2010-10-02T07:00:00-03:00,angela portela pt,Ângela Portela (PT),Ângela Portela PT,0.2614947132329381,True,2.0
2010,RR,,https://www.congressoemfoco.com.br/noticia/82698/a-disputa-para-o-senado-estado-por-estado,,,06-09/09,Phoenix,,,,Marluce Pinto (PSDB),14.94,,,congresso_em_foco,2010-RR-067,nao_identificado,False,False,2010-10-02T07:00:00-03:00,marluce pinto psdb,Marluce Pinto (PSDB),Marluce Pinto PSDB,0.2142459995853516,False,3.0
2010,RR,,https://www.congressoemfoco.com.br/noticia/82698/a-disputa-para-o-senado-estado-por-estado,,,06-09/09,Phoenix,,,,Telmário Mota (PDT),4.23,,,congresso_em_foco,2010-RR-067,nao_identificado,False,False,2010-10-02T07:00:00-03:00,telmario mota pdt,Telmário Mota (PDT),Telmário Mota PDT,0.1283548824848747,False,4.0
2010,RR,,https://www.congressoemfoco.com.br/noticia/82698/a-disputa-para-o-senado-estado-por-estado,,,06-09/09,Phoenix,,,,Hiran Gonçalves (PHS),2.37,,,congresso_em_foco,2010-RR-067,nao_identificado,False,False,2010-10-02T07:00:00-03:00,hiran goncalves phs,Hiran Gonçalves (PHS),Hiran Gonçalves PHS,0.0743964038675386,False,5.0
2010,RR,,https://www.congressoemfoco.com.br/noticia/82698/a-disputa-para-o-senado-estado-por-estado,,,28-30/08,Ibope,,,,Romero Jucá (PMDB),53.0,,,congresso_em_foco,2010-RR-068,duas_mencoes_agregadas,False,False,2010-10-02T07:00:00-03:00,romero juca pmdb,Romero Jucá (PMDB),Romero Jucá PMDB,0.2791361177601447,True,1.0
2010,RR,,https://www.congressoemfoco.com.br/noticia/82698/a-disputa-para-o-senado-estado-por-estado,,,28-30/08,Ibope,,,,Ângela Portela (PT),47.0,,,congresso_em_foco,2010-RR-068,duas_mencoes_agregadas,False,False,2010-10-02T07:00:00-03:00,angela portela pt,Ângela Portela (PT),Ângela Portela PT,0.2614947132329381,True,2.0
2010,RR,,https://www.congressoemfoco.com.br/noticia/82698/a-disputa-para-o-senado-estado-por-estado,,,28-30/08,Ibope,,,,Marluce Pinto (PSDB),40.0,,,congresso_em_foco,2010-RR-068,duas_mencoes_agregadas,False,False,2010-10-02T07:00:00-03:00,marluce pinto psdb,Marluce Pinto (PSDB),Marluce Pinto PSDB,0.2142459995853516,False,3.0
2010,RR,,https://www.congressoemfoco.com.br/noticia/82698/a-disputa-para-o-senado-estado-por-estado,,,28-30/08,Ibope,,,,Telmário Mota (PDT),11.0,,,congresso_em_foco,2010-RR-068,duas_mencoes_agregadas,False,False,2010-10-02T07:00:00-03:00,telmario mota pdt,Telmário Mota (PDT),Telmário Mota PDT,0.1283548824848747,False,4.0
2010,RR,,https://www.congressoemfoco.com.br/noticia/82698/a-disputa-para-o-senado-estado-por-estado,,,28-30/08,Ibope,,,,Aimberê Freitas (PV),4.0,,,congresso_em_foco,2010-RR-068,duas_mencoes_agregadas,False,False,2010-10-02T07:00:00-03:00,aimbere freitas pv,Aimberê Freitas (PV),Aimberê Freitas PV,0.042371883069152,False,6.0
2010,RR,,https://www.congressoemfoco.com.br/noticia/82698/a-disputa-para-o-senado-estado-por-estado,,,28-30/08,Ibope,,,,Hiran Gonçalves (PHS),4.0,,,congresso_em_foco,2010-RR-068,duas_mencoes_agregadas,False,False,2010-10-02T07:00:00-03:00,hiran goncalves phs,Hiran Gonçalves (PHS),Hiran Gonçalves PHS,0.0743964038675386,False,5.0
2010,RR,,https://www.congressoemfoco.com.br/noticia/82698/a-disputa-para-o-senado-estado-por-estado,,,28-30/08,Ibope,,,,Jorge Schwinden (Psol),1.0,,,congresso_em_foco,2010-RR-068,duas_mencoes_agregadas,False,False,2010-10-02T07:00:00-03:00,jorge schwinden psol,Jorge Schwinden (Psol),Jorge Schwinden PSOL,0.0,False,7.0
2010,RR,,https://www.congressoemfoco.com.br/noticia/82698/a-disputa-para-o-senado-estado-por-estado,,,27-29/07,Ibope,,,,Romero Jucá (PMDB),52.0,,,congresso_em_foco,2010-RR-069,duas_mencoes_agregadas,False,False,2010-10-02T07:00:00-03:00,romero juca pmdb,Romero Jucá (PMDB),Romero Jucá PMDB,0.2791361177601447,True,1.0
2010,RR,,https://www.congressoemfoco.com.br/noticia/82698/a-disputa-para-o-senado-estado-por-estado,,,27-29/07,Ibope,,,,Marluce Pinto (PSDB),41.0,,,congresso_em_foco,2010-RR-069,duas_mencoes_agregadas,False,False,2010-10-02T07:00:00-03:00,marluce pinto psdb,Marluce Pinto (PSDB),Marluce Pinto PSDB,0.2142459995853516,False,3.0
2010,RR,,https://www.congressoemfoco.com.br/noticia/82698/a-disputa-para-o-senado-estado-por-estado,,,27-29/07,Ibope,,,,Ângela Portela (PT),36.0,,,congresso_em_foco,2010-RR-069,duas_mencoes_agregadas,False,False,2010-10-02T07:00:00-03:00,angela portela pt,Ângela Portela (PT),Ângela Portela PT,0.2614947132329381,True,2.0
2010,RR,,https://www.congressoemfoco.com.br/noticia/82698/a-disputa-para-o-senado-estado-por-estado,,,27-29/07,Ibope,,,,Telmário Mota (PDT),8.0,,,congresso_em_foco,2010-RR-069,duas_mencoes_agregadas,False,False,2010-10-02T07:00:00-03:00,telmario mota pdt,Telmário Mota (PDT),Telmário Mota PDT,0.1283548824848747,False,4.0
2010,RR,,https://www.congressoemfoco.com.br/noticia/82698/a-disputa-para-o-senado-estado-por-estado,,,27-29/07,Ibope,,,,Hiran Gonçalves (PHS),4.0,,,congresso_em_foco,2010-RR-069,duas_mencoes_agregadas,False,False,2010-10-02T07:00:00-03:00,hiran goncalves phs,Hiran Gonçalves (PHS),Hiran Gonçalves PHS,0.0743964038675386,False,5.0
2010,RR,,https://www.congressoemfoco.com.br/noticia/82698/a-disputa-para-o-senado-estado-por-estado,,,27-29/07,Ibope,,,,Aimberê Freitas (PV),2.0,,,congresso_em_foco,2010-RR-069,duas_mencoes_agregadas,False,False,2010-10-02T07:00:00-03:00,aimbere freitas pv,Aimberê Freitas (PV),Aimberê Freitas PV,0.042371883069152,False,6.0
2010,RR,,https://www.congressoemfoco.com.br/noticia/82698/a-disputa-para-o-senado-estado-por-estado,,,27-29/07,Ibope,,,,Leopoldo Junior (PCO),1.0,,,congresso_em_foco,2010-RR-069,duas_mencoes_agregadas,False,False,2010-10-02T07:00:00-03:00,leopoldo junior pco,Leopoldo Junior (PCO),Leopoldo Junior PCO,0.0,False,9.0
2010,RR,,https://www.congressoemfoco.com.br/noticia/82698/a-disputa-para-o-senado-estado-por-estado,,,27-29/07,Ibope,,,,Lauro Barreto (PHS),1.0,,,congresso_em_foco,2010-RR-069,duas_mencoes_agregadas,False,False,2010-10-02T07:00:00-03:00,lauro barreto phs,Lauro Barreto (PHS),Lauro Barreto PHS,0.0,False,8.0
2010,SC,,https://www.congressoemfoco.com.br/noticia/82698/a-disputa-para-o-senado-estado-por-estado,,,21-23/09,Ibope,,,,Luiz Henrique da Silveira (PMDB),45.0,,,congresso_em_foco,2010-SC-070,duas_mencoes_agregadas,False,False,2010-10-02T07:00:00-03:00,luiz henrique da silveira pmdb,Luiz Henrique da Silveira (PMDB),Luiz Henrique da Silveira PMDB,0.2843695336357437,True,1.0
2010,SC,,https://www.congressoemfoco.com.br/noticia/82698/a-disputa-para-o-senado-estado-por-estado,,,21-23/09,Ibope,,,,Paulo Bauer (DEM),25.0,,,congresso_em_foco,2010-SC-070,duas_mencoes_agregadas,False,False,2010-10-02T07:00:00-03:00,paulo bauer dem,Paulo Bauer (DEM),Paulo Bauer PSDB,0.2531886825956541,True,2.0
2010,SC,,https://www.congressoemfoco.com.br/noticia/82698/a-disputa-para-o-senado-estado-por-estado,,,21-23/09,Ibope,,,,Claudio Vignatti (PT),21.0,,,congresso_em_foco,2010-SC-070,duas_mencoes_agregadas,False,False,2010-10-02T07:00:00-03:00,claudio vignatti pt,Claudio Vignatti (PT),Cláudio Vignatti PT,0.1944180640315583,False,3.0
2010,SC,,https://www.congressoemfoco.com.br/noticia/82698/a-disputa-para-o-senado-estado-por-estado,,,21-23/09,Ibope,,,,Hugo Biehl (PP),11.0,,,congresso_em_foco,2010-SC-070,duas_mencoes_agregadas,False,False,2010-10-02T07:00:00-03:00,hugo biehl pp,Hugo Biehl (PP),Hugo Biehl PP,0.1034733838370796,False,4.0
2010,SC,,https://www.congressoemfoco.com.br/noticia/82698/a-disputa-para-o-senado-estado-por-estado,,,21-23/09,Ibope,,,,Ghizoni (PC do B),5.0,,,congresso_em_foco,2010-SC-070,duas_mencoes_agregadas,False,False,2010-10-02T07:00:00-03:00,ghizoni pc do b,Ghizoni (PC do B),João Ghizoni PCdoB,0.0897687991922971,False,5.0
2010,SC,,https://www.congressoemfoco.com.br/noticia/82698/a-disputa-para-o-senado-estado-por-estado,,,21-23/09,Ibope,,,,Joaninha (PSTU),3.0,,,congresso_em_foco,2010-SC-070,duas_mencoes_agregadas,False,False,2010-10-02T07:00:00-03:00,joaninha pstu,Joaninha (PSTU),João Ghizoni PCdoB,0.0897687991922971,False,5.0
2010,SC,,https://www.congressoemfoco.com.br/noticia/82698/a-disputa-para-o-senado-estado-por-estado,,,21-23/09,Ibope,,,,Beth Tiscoski (PP),3.0,,,congresso_em_foco,2010-SC-070,duas_mencoes_agregadas,False,False,2010-10-02T07:00:00-03:00,beth tiscoski pp,Beth Tiscoski (PP),Elizabeth Tiscoski PP,0.0512806534818797,False,6.0
2010,SC,,https://www.congressoemfoco.com.br/noticia/82698/a-disputa-para-o-senado-estado-por-estado,,,21-23/09,Ibope,,,,Fabiano Piovezan (PV),1.0,,,congresso_em_foco,2010-SC-070,duas_mencoes_agregadas,False,False,2010-10-02T07:00:00-03:00,fabiano piovezan pv,Fabiano Piovezan (PV),Fabiano Piovezan PV,0.0181460579055641,False,7.0
2010,SC,,https://www.congressoemfoco.com.br/noticia/82698/a-disputa-para-o-senado-estado-por-estado,,,21-23/09,Ibope,,,,Alex (PSTU),1.0,,,congresso_em_foco,2010-SC-070,duas_mencoes_agregadas,False,False,2010-10-02T07:00:00-03:00,alex pstu,Alex (PSTU),Alex Sander da Silva PSTU,0.0018123582750174,False,9.0
2010,SC,,https://www.congressoemfoco.com.br/noticia/82698/a-disputa-para-o-senado-estado-por-estado,,,21-23/09,Ibope,,,,Professor Wesley (PPS),1.0,,,congresso_em_foco,2010-SC-070,duas_mencoes_agregadas,False,False,2010-10-02T07:00:00-03:00,professor wesley pps,Professor Wesley (PPS),,,,
2010,SC,,https://www.congressoemfoco.com.br/noticia/82698/a-disputa-para-o-senado-estado-por-estado,,,21-23/09,Ibope,,,,Paulo Afonso (Psol),1.0,,,congresso_em_foco,2010-SC-070,duas_mencoes_agregadas,False,False,2010-10-02T07:00:00-03:00,paulo afonso psol,Paulo Afonso (Psol),Paulo Afonso Piovezan PSOL,0.0035424670452056,False,8.0
2010,SC,,https://www.congressoemfoco.com.br/noticia/82698/a-disputa-para-o-senado-estado-por-estado,,,15-16/09,Mapa,,,,Luiz Henrique da Silveira (PMDB),40.5,,,congresso_em_foco,2010-SC-071,duas_mencoes_agregadas,False,False,2010-10-02T07:00:00-03:00,luiz henrique da silveira pmdb,Luiz Henrique da Silveira (PMDB),Luiz Henrique da Silveira PMDB,0.2843695336357437,True,1.0
2010,SC,,https://www.congressoemfoco.com.br/noticia/82698/a-disputa-para-o-senado-estado-por-estado,,,15-16/09,Mapa,,,,Paulo Bauer (DEM),24.9,,,congresso_em_foco,2010-SC-071,duas_mencoes_agregadas,False,False,2010-10-02T07:00:00-03:00,paulo bauer dem,Paulo Bauer (DEM),Paulo Bauer PSDB,0.2531886825956541,True,2.0
2010,SC,,https://www.congressoemfoco.com.br/noticia/82698/a-disputa-para-o-senado-estado-por-estado,,,15-16/09,Mapa,,,,Claudio Vignatti (PT),17.6,,,congresso_em_foco,2010-SC-071,duas_mencoes_agregadas,False,False,2010-10-02T07:00:00-03:00,claudio vignatti pt,Claudio Vignatti (PT),Cláudio Vignatti PT,0.1944180640315583,False,3.0
2010,SC,,https://www.congressoemfoco.com.br/noticia/82698/a-disputa-para-o-senado-estado-por-estado,,,15-16/09,Mapa,,,,Hugo Biehl (PP),11.4,,,congresso_em_foco,2010-SC-071,duas_mencoes_agregadas,False,False,2010-10-02T07:00:00-03:00,hugo biehl pp,Hugo Biehl (PP),Hugo Biehl PP,0.1034733838370796,False,4.0
2010,SC,,https://www.congressoemfoco.com.br/noticia/82698/a-disputa-para-o-senado-estado-por-estado,,,15-16/09,Mapa,,,,Paulo Afonso (Psol),9.0,,,congresso_em_foco,2010-SC-071,duas_mencoes_agregadas,False,False,2010-10-02T07:00:00-03:00,paulo afonso psol,Paulo Afonso (Psol),Paulo Afonso Piovezan PSOL,0.0035424670452056,False,8.0
2010,SC,,https://www.congressoemfoco.com.br/noticia/82698/a-disputa-para-o-senado-estado-por-estado,,,15-16/09,Mapa,,,,Beth Tiscoski (PP),4.7,,,congresso_em_foco,2010-SC-071,duas_mencoes_agregadas,False,False,2010-10-02T07:00:00-03:00,beth tiscoski pp,Beth Tiscoski (PP),Elizabeth Tiscoski PP,0.0512806534818797,False,6.0
2010,SC,,https://www.congressoemfoco.com.br/noticia/82698/a-disputa-para-o-senado-estado-por-estado,,,15-16/09,Mapa,,,,Ghizoni (PC do B),4.2,,,congresso_em_foco,2010-SC-071,duas_mencoes_agregadas,False,False,2010-10-02T07:00:00-03:00,ghizoni pc do b,Ghizoni (PC do B),João Ghizoni PCdoB,0.0897687991922971,False,5.0
2010,SC,,https://www.congressoemfoco.com.br/noticia/82698/a-disputa-para-o-senado-estado-por-estado,,,15-16/09,Mapa,,,,Fabiano Piovezan (PV),3.0,,,congresso_em_foco,2010-SC-071,duas_mencoes_agregadas,False,False,2010-10-02T07:00:00-03:00,fabiano piovezan pv,Fabiano Piovezan (PV),Fabiano Piovezan PV,0.0181460579055641,False,7.0
2010,SC,,https://www.congressoemfoco.com.br/noticia/82698/a-disputa-para-o-senado-estado-por-estado,,,15-16/09,Mapa,,,,Professor Wesley (PPS),2.4,,,congresso_em_foco,2010-SC-071,duas_mencoes_agregadas,False,False,2010-10-02T07:00:00-03:00,professor wesley pps,Professor Wesley (PPS),,,,
2010,SC,,https://www.congressoemfoco.com.br/noticia/82698/a-disputa-para-o-senado-estado-por-estado,,,15-16/09,Mapa,,,,Joaninha (PSTU),2.0,,,congresso_em_foco,2010-SC-071,duas_mencoes_agregadas,False,False,2010-10-02T07:00:00-03:00,joaninha pstu,Joaninha (PSTU),João Ghizoni PCdoB,0.0897687991922971,False,5.0
2010,SC,,https://www.congressoemfoco.com.br/noticia/82698/a-disputa-para-o-senado-estado-por-estado,,,15-16/09,Mapa,,,,Alex (PSTU),0.7,,,congresso_em_foco,2010-SC-071,duas_mencoes_agregadas,False,False,2010-10-02T07:00:00-03:00,alex pstu,Alex (PSTU),Alex Sander da Silva PSTU,0.0018123582750174,False,9.0
2010,SC,,https://www.congressoemfoco.com.br/noticia/82698/a-disputa-para-o-senado-estado-por-estado,,,07-09/09,Ibope,,,,Luiz Henrique da Silveira (PMDB),45.0,,,congresso_em_foco,2010-SC-072,duas_mencoes_agregadas,False,False,2010-10-02T07:00:00-03:00,luiz henrique da silveira pmdb,Luiz Henrique da Silveira (PMDB),Luiz Henrique da Silveira PMDB,0.2843695336357437,True,1.0
2010,SC,,https://www.congressoemfoco.com.br/noticia/82698/a-disputa-para-o-senado-estado-por-estado,,,07-09/09,Ibope,,,,Paulo Bauer (DEM),23.0,,,congresso_em_foco,2010-SC-072,duas_mencoes_agregadas,False,False,2010-10-02T07:00:00-03:00,paulo bauer dem,Paulo Bauer (DEM),Paulo Bauer PSDB,0.2531886825956541,True,2.0
2010,SC,,https://www.congressoemfoco.com.br/noticia/82698/a-disputa-para-o-senado-estado-por-estado,,,07-09/09,Ibope,,,,Claudio Vignatti (PT),16.0,,,congresso_em_foco,2010-SC-072,duas_mencoes_agregadas,False,False,2010-10-02T07:00:00-03:00,claudio vignatti pt,Claudio Vignatti (PT),Cláudio Vignatti PT,0.1944180640315583,False,3.0
2010,SC,,https://www.congressoemfoco.com.br/noticia/82698/a-disputa-para-o-senado-estado-por-estado,,,07-09/09,Ibope,,,,Hugo Biehl (PP),11.0,,,congresso_em_foco,2010-SC-072,duas_mencoes_agregadas,False,False,2010-10-02T07:00:00-03:00,hugo biehl pp,Hugo Biehl (PP),Hugo Biehl PP,0.1034733838370796,False,4.0
2010,SC,,https://www.congressoemfoco.com.br/noticia/82698/a-disputa-para-o-senado-estado-por-estado,,,07-09/09,Ibope,,,,Joaninha (PSTU),5.0,,,congresso_em_foco,2010-SC-072,duas_mencoes_agregadas,False,False,2010-10-02T07:00:00-03:00,joaninha pstu,Joaninha (PSTU),João Ghizoni PCdoB,0.0897687991922971,False,5.0
2010,SC,,https://www.congressoemfoco.com.br/noticia/82698/a-disputa-para-o-senado-estado-por-estado,,,07-09/09,Ibope,,,,Beth Tiscoski (PP),4.0,,,congresso_em_foco,2010-SC-072,duas_mencoes_agregadas,False,False,2010-10-02T07:00:00-03:00,beth tiscoski pp,Beth Tiscoski (PP),Elizabeth Tiscoski PP,0.0512806534818797,False,6.0
2010,SC,,https://www.congressoemfoco.com.br/noticia/82698/a-disputa-para-o-senado-estado-por-estado,,,07-09/09,Ibope,,,,Fabiano Piovezan (PV),3.0,,,congresso_em_foco,2010-SC-072,duas_mencoes_agregadas,False,False,2010-10-02T07:00:00-03:00,fabiano piovezan pv,Fabiano Piovezan (PV),Fabiano Piovezan PV,0.0181460579055641,False,7.0
2010,SC,,https://www.congressoemfoco.com.br/noticia/82698/a-disputa-para-o-senado-estado-por-estado,,,07-09/09,Ibope,,,,Ghizoni (PC do B),3.0,,,congresso_em_foco,2010-SC-072,duas_mencoes_agregadas,False,False,2010-10-02T07:00:00-03:00,ghizoni pc do b,Ghizoni (PC do B),João Ghizoni PCdoB,0.0897687991922971,False,5.0
2010,SC,,https://www.congressoemfoco.com.br/noticia/82698/a-disputa-para-o-senado-estado-por-estado,,,07-09/09,Ibope,,,,Paulo Afonso (Psol),2.0,,,congresso_em_foco,2010-SC-072,duas_mencoes_agregadas,False,False,2010-10-02T07:00:00-03:00,paulo afonso psol,Paulo Afonso (Psol),Paulo Afonso Piovezan PSOL,0.0035424670452056,False,8.0
2010,SC,,https://www.congressoemfoco.com.br/noticia/82698/a-disputa-para-o-senado-estado-por-estado,,,07-09/09,Ibope,,,,Professor Wesley (PPS),1.0,,,congresso_em_foco,2010-SC-072,duas_mencoes_agregadas,False,False,2010-10-02T07:00:00-03:00,professor wesley pps,Professor Wesley (PPS),,,,
2010,SC,,https://www.congressoemfoco.com.br/noticia/82698/a-disputa-para-o-senado-estado-por-estado,,,07-09/09,Ibope,,,,Alex (PSTU),1.0,,,congresso_em_foco,2010-SC-072,duas_mencoes_agregadas,False,False,2010-10-02T07:00:00-03:00,alex pstu,Alex (PSTU),Alex Sander da Silva PSTU,0.0018123582750174,False,9.0
2010,SP,,https://www.congressoemfoco.com.br/noticia/82698/a-disputa-para-o-senado-estado-por-estado,,,28-29/09,Datafolha,,,,Netinho de Paula (PCdoB),39.0,,,congresso_em_foco,2010-SP-073,duas_mencoes_agregadas,False,False,2010-10-02T07:00:00-03:00,netinho de paula pcdob,Netinho de Paula (PCdoB),Netinho de Paula PCdoB,0.211353636585627,False,3.0
2010,SP,,https://www.congressoemfoco.com.br/noticia/82698/a-disputa-para-o-senado-estado-por-estado,,,28-29/09,Datafolha,,,,Marta Suplicy (PT),37.0,,,congresso_em_foco,2010-SP-073,duas_mencoes_agregadas,False,False,2010-10-02T07:00:00-03:00,marta suplicy pt,Marta Suplicy (PT),Marta Suplicy PT,0.2260550522473956,True,2.0
2010,SP,,https://www.congressoemfoco.com.br/noticia/82698/a-disputa-para-o-senado-estado-por-estado,,,28-29/09,Datafolha,,,,Aloysio Nunes Ferreira (PSDB),29.0,,,congresso_em_foco,2010-SP-073,duas_mencoes_agregadas,False,False,2010-10-02T07:00:00-03:00,aloysio nunes ferreira psdb,Aloysio Nunes Ferreira (PSDB),Aloysio Nunes PSDB,0.3042289803539112,True,1.0
2010,SP,,https://www.congressoemfoco.com.br/noticia/82698/a-disputa-para-o-senado-estado-por-estado,,,28-29/09,Datafolha,,,,Romeu Tuma (PTB),20.0,,,congresso_em_foco,2010-SP-073,duas_mencoes_agregadas,False,False,2010-10-02T07:00:00-03:00,romeu tuma ptb,Romeu Tuma (PTB),Romeu Tuma PTB,0.1079472992721806,False,5.0
2010,SP,,https://www.congressoemfoco.com.br/noticia/82698/a-disputa-para-o-senado-estado-por-estado,,,28-29/09,Datafolha,,,,Ciro Moura (PTC),8.0,,,congresso_em_foco,2010-SP-073,duas_mencoes_agregadas,False,False,2010-10-02T07:00:00-03:00,ciro moura ptc,Ciro Moura (PTC),Ciro Moura PTC,0.0074951933548839,False,7.0
2010,SP,,https://www.congressoemfoco.com.br/noticia/82698/a-disputa-para-o-senado-estado-por-estado,,,28-29/09,Datafolha,,,,Moacyr Franco (PSL),6.0,,,congresso_em_foco,2010-SP-073,duas_mencoes_agregadas,False,False,2010-10-02T07:00:00-03:00,moacyr franco psl,Moacyr Franco (PSL),Moacyr Franco PSL,0.0111928971199173,False,6.0
2010,SP,,https://www.congressoemfoco.com.br/noticia/82698/a-disputa-para-o-senado-estado-por-estado,,,28-29/09,Datafolha,,,,Ricardo Young (PV),5.0,,,congresso_em_foco,2010-SP-073,duas_mencoes_agregadas,False,False,2010-10-02T07:00:00-03:00,ricardo young pv,Ricardo Young (PV),Ricardo Young PV,0.1119568133475694,False,4.0
2010,SP,,https://www.congressoemfoco.com.br/noticia/82698/a-disputa-para-o-senado-estado-por-estado,,,28-29/09,Datafolha,,,,Ana Luiza (PSTU),3.0,,,congresso_em_foco,2010-SP-073,duas_mencoes_agregadas,False,False,2010-10-02T07:00:00-03:00,ana luiza pstu,Ana Luiza (PSTU),Ana Luiza de Figueiredo PSTU,0.0029749498698583,False,11.0
2010,SP,,https://www.congressoemfoco.com.br/noticia/82698/a-disputa-para-o-senado-estado-por-estado,,,28-29/09,Datafolha,,,,Serpa (PSB),2.0,,,congresso_em_foco,2010-SP-073,duas_mencoes_agregadas,False,False,2010-10-02T07:00:00-03:00,serpa psb,Serpa (PSB),Alexandre Serpa PSB,0.0040805876846727,False,10.0
2010,SP,,https://www.congressoemfoco.com.br/noticia/82698/a-disputa-para-o-senado-estado-por-estado,,,28-29/09,Datafolha,,,,Marcelo Henrique (Psol),1.0,,,congresso_em_foco,2010-SP-073,duas_mencoes_agregadas,False,False,2010-10-02T07:00:00-03:00,marcelo henrique psol,Marcelo Henrique (Psol),Marcelo Henrique PSOL,0.0067865236714951,False,8.0
2010,SP,,https://www.congressoemfoco.com.br/noticia/82698/a-disputa-para-o-senado-estado-por-estado,,,28-29/09,Datafolha,,,,Afonso Teixeira (PCO),1.0,,,congresso_em_foco,2010-SP-073,duas_mencoes_agregadas,False,False,2010-10-02T07:00:00-03:00,afonso teixeira pco,Afonso Teixeira (PCO),Afonso Teixeira Filho PCO,0.0003965330978569,False,12.0
2010,SP,,https://www.congressoemfoco.com.br/noticia/82698/a-disputa-para-o-senado-estado-por-estado,,,28-29/09,Datafolha,,,,Dirceu Travesso (PSTU),1.0,,,congresso_em_foco,2010-SP-073,duas_mencoes_agregadas,False,False,2010-10-02T07:00:00-03:00,dirceu travesso pstu,Dirceu Travesso (PSTU),,,,
2010,SP,,https://www.congressoemfoco.com.br/noticia/82698/a-disputa-para-o-senado-estado-por-estado,,,21-23/09,Ibope,,,,Marta Suplicy (PT),38.0,,,congresso_em_foco,2010-SP-074,duas_mencoes_agregadas,False,False,2010-10-02T07:00:00-03:00,marta suplicy pt,Marta Suplicy (PT),Marta Suplicy PT,0.2260550522473956,True,2.0
2010,SP,,https://www.congressoemfoco.com.br/noticia/82698/a-disputa-para-o-senado-estado-por-estado,,,21-23/09,Ibope,,,,Netinho de Paula (PCdoB),37.0,,,congresso_em_foco,2010-SP-074,duas_mencoes_agregadas,False,False,2010-10-02T07:00:00-03:00,netinho de paula pcdob,Netinho de Paula (PCdoB),Netinho de Paula PCdoB,0.211353636585627,False,3.0
2010,SP,,https://www.congressoemfoco.com.br/noticia/82698/a-disputa-para-o-senado-estado-por-estado,,,21-23/09,Ibope,,,,Aloysio Nunes Ferreira (PSDB),25.0,,,congresso_em_foco,2010-SP-074,duas_mencoes_agregadas,False,False,2010-10-02T07:00:00-03:00,aloysio nunes ferreira psdb,Aloysio Nunes Ferreira (PSDB),Aloysio Nunes PSDB,0.3042289803539112,True,1.0
2010,SP,,https://www.congressoemfoco.com.br/noticia/82698/a-disputa-para-o-senado-estado-por-estado,,,21-23/09,Ibope,,,,Romeu Tuma (PTB),20.0,,,congresso_em_foco,2010-SP-074,duas_mencoes_agregadas,False,False,2010-10-02T07:00:00-03:00,romeu tuma ptb,Romeu Tuma (PTB),Romeu Tuma PTB,0.1079472992721806,False,5.0
2010,SP,,https://www.congressoemfoco.com.br/noticia/82698/a-disputa-para-o-senado-estado-por-estado,,,21-23/09,Ibope,,,,Ciro Moura (PTC),7.0,,,congresso_em_foco,2010-SP-074,duas_mencoes_agregadas,False,False,2010-10-02T07:00:00-03:00,ciro moura ptc,Ciro Moura (PTC),Ciro Moura PTC,0.0074951933548839,False,7.0
2010,SP,,https://www.congressoemfoco.com.br/noticia/82698/a-disputa-para-o-senado-estado-por-estado,,,21-23/09,Ibope,,,,Moacyr Franco (PSL),5.0,,,congresso_em_foco,2010-SP-074,duas_mencoes_agregadas,False,False,2010-10-02T07:00:00-03:00,moacyr franco psl,Moacyr Franco (PSL),Moacyr Franco PSL,0.0111928971199173,False,6.0
2010,SP,,https://www.congressoemfoco.com.br/noticia/82698/a-disputa-para-o-senado-estado-por-estado,,,21-23/09,Ibope,,,,Ricardo Young (PV),5.0,,,congresso_em_foco,2010-SP-074,duas_mencoes_agregadas,False,False,2010-10-02T07:00:00-03:00,ricardo young pv,Ricardo Young (PV),Ricardo Young PV,0.1119568133475694,False,4.0
2010,SP,,https://www.congressoemfoco.com.br/noticia/82698/a-disputa-para-o-senado-estado-por-estado,,,21-23/09,Ibope,,,,Serpa (PSB),2.0,,,congresso_em_foco,2010-SP-074,duas_mencoes_agregadas,False,False,2010-10-02T07:00:00-03:00,serpa psb,Serpa (PSB),Alexandre Serpa PSB,0.0040805876846727,False,10.0
2010,SP,,https://www.congressoemfoco.com.br/noticia/82698/a-disputa-para-o-senado-estado-por-estado,,,21-23/09,Ibope,,,,Ana Luiza (PSTU),2.0,,,congresso_em_foco,2010-SP-074,duas_mencoes_agregadas,False,False,2010-10-02T07:00:00-03:00,ana luiza pstu,Ana Luiza (PSTU),Ana Luiza de Figueiredo PSTU,0.0029749498698583,False,11.0
2010,SP,,https://www.congressoemfoco.com.br/noticia/82698/a-disputa-para-o-senado-estado-por-estado,,,21-23/09,Ibope,,,,Afonso Teixeira (PCO),1.0,,,congresso_em_foco,2010-SP-074,duas_mencoes_agregadas,False,False,2010-10-02T07:00:00-03:00,afonso teixeira pco,Afonso Teixeira (PCO),Afonso Teixeira Filho PCO,0.0003965330978569,False,12.0
2010,SP,,https://www.congressoemfoco.com.br/noticia/82698/a-disputa-para-o-senado-estado-por-estado,,,21-23/09,Ibope,,,,Marcelo Henrique (Psol),1.0,,,congresso_em_foco,2010-SP-074,duas_mencoes_agregadas,False,False,2010-10-02T07:00:00-03:00,marcelo henrique psol,Marcelo Henrique (Psol),Marcelo Henrique PSOL,0.0067865236714951,False,8.0
2010,SP,,https://www.congressoemfoco.com.br/noticia/82698/a-disputa-para-o-senado-estado-por-estado,,,13-14/09,Datafolha,,,,Marta Suplicy (PT),35.0,,,congresso_em_foco,2010-SP-075,duas_mencoes_agregadas,False,False,2010-10-02T07:00:00-03:00,marta suplicy pt,Marta Suplicy (PT),Marta Suplicy PT,0.2260550522473956,True,2.0
2010,SP,,https://www.congressoemfoco.com.br/noticia/82698/a-disputa-para-o-senado-estado-por-estado,,,13-14/09,Datafolha,,,,Netinho de Paula (PCdoB),34.0,,,congresso_em_foco,2010-SP-075,duas_mencoes_agregadas,False,False,2010-10-02T07:00:00-03:00,netinho de paula pcdob,Netinho de Paula (PCdoB),Netinho de Paula PCdoB,0.211353636585627,False,3.0
2010,SP,,https://www.congressoemfoco.com.br/noticia/82698/a-disputa-para-o-senado-estado-por-estado,,,13-14/09,Datafolha,,,,Romeu Tuma (PTB),22.0,,,congresso_em_foco,2010-SP-075,duas_mencoes_agregadas,False,False,2010-10-02T07:00:00-03:00,romeu tuma ptb,Romeu Tuma (PTB),Romeu Tuma PTB,0.1079472992721806,False,5.0
2010,SP,,https://www.congressoemfoco.com.br/noticia/82698/a-disputa-para-o-senado-estado-por-estado,,,13-14/09,Datafolha,,,,Aloysio Nunes Ferreira (PSDB),17.0,,,congresso_em_foco,2010-SP-075,duas_mencoes_agregadas,False,False,2010-10-02T07:00:00-03:00,aloysio nunes ferreira psdb,Aloysio Nunes Ferreira (PSDB),Aloysio Nunes PSDB,0.3042289803539112,True,1.0
2010,SP,,https://www.congressoemfoco.com.br/noticia/82698/a-disputa-para-o-senado-estado-por-estado,,,13-14/09,Datafolha,,,,Ciro Moura (PTC),11.0,,,congresso_em_foco,2010-SP-075,duas_mencoes_agregadas,False,False,2010-10-02T07:00:00-03:00,ciro moura ptc,Ciro Moura (PTC),Ciro Moura PTC,0.0074951933548839,False,7.0
2010,SP,,https://www.congressoemfoco.com.br/noticia/82698/a-disputa-para-o-senado-estado-por-estado,,,13-14/09,Datafolha,,,,Moacyr Franco (PSL),7.0,,,congresso_em_foco,2010-SP-075,duas_mencoes_agregadas,False,False,2010-10-02T07:00:00-03:00,moacyr franco psl,Moacyr Franco (PSL),Moacyr Franco PSL,0.0111928971199173,False,6.0
2010,SP,,https://www.congressoemfoco.com.br/noticia/82698/a-disputa-para-o-senado-estado-por-estado,,,13-14/09,Datafolha,,,,Ana Luiza (PSTU),3.0,,,congresso_em_foco,2010-SP-075,duas_mencoes_agregadas,False,False,2010-10-02T07:00:00-03:00,ana luiza pstu,Ana Luiza (PSTU),Ana Luiza de Figueiredo PSTU,0.0029749498698583,False,11.0
2010,SP,,https://www.congressoemfoco.com.br/noticia/82698/a-disputa-para-o-senado-estado-por-estado,,,13-14/09,Datafolha,,,,Ricardo Young (PV),3.0,,,congresso_em_foco,2010-SP-075,duas_mencoes_agregadas,False,False,2010-10-02T07:00:00-03:00,ricardo young pv,Ricardo Young (PV),Ricardo Young PV,0.1119568133475694,False,4.0
2010,SP,,https://www.congressoemfoco.com.br/noticia/82698/a-disputa-para-o-senado-estado-por-estado,,,13-14/09,Datafolha,,,,Serpa (PSB),2.0,,,congresso_em_foco,2010-SP-075,duas_mencoes_agregadas,False,False,2010-10-02T07:00:00-03:00,serpa psb,Serpa (PSB),Alexandre Serpa PSB,0.0040805876846727,False,10.0
2010,SP,,https://www.congressoemfoco.com.br/noticia/82698/a-disputa-para-o-senado-estado-por-estado,,,13-14/09,Datafolha,,,,Marcelo Henrique (Psol),2.0,,,congresso_em_foco,2010-SP-075,duas_mencoes_agregadas,False,False,2010-10-02T07:00:00-03:00,marcelo henrique psol,Marcelo Henrique (Psol),Marcelo Henrique PSOL,0.0067865236714951,False,8.0
2010,SP,,https://www.congressoemfoco.com.br/noticia/82698/a-disputa-para-o-senado-estado-por-estado,,,13-14/09,Datafolha,,,,Dirceu Travesso (PSTU),2.0,,,congresso_em_foco,2010-SP-075,duas_mencoes_agregadas,False,False,2010-10-02T07:00:00-03:00,dirceu travesso pstu,Dirceu Travesso (PSTU),,,,
2010,SP,,https://www.congressoemfoco.com.br/noticia/82698/a-disputa-para-o-senado-estado-por-estado,,,13-14/09,Datafolha,,,,Afonso Teixeira (PCO),1.0,,,congresso_em_foco,2010-SP-075,duas_mencoes_agregadas,False,False,2010-10-02T07:00:00-03:00,afonso teixeira pco,Afonso Teixeira (PCO),Afonso Teixeira Filho PCO,0.0003965330978569,False,12.0
2010,SE,,https://www.congressoemfoco.com.br/noticia/82698/a-disputa-para-o-senado-estado-por-estado,,,20-22/09,Ibope,,,,Antônio Carlos Valadares (PSB),41.0,,,congresso_em_foco,2010-SE-076,duas_mencoes_agregadas,False,False,2010-10-02T07:00:00-03:00,antonio carlos valadares psb,Antônio Carlos Valadares (PSB),Antônio Carlos Valadares PSB,0.2561747077005779,True,2.0
2010,SE,,https://www.congressoemfoco.com.br/noticia/82698/a-disputa-para-o-senado-estado-por-estado,,,20-22/09,Ibope,,,,Eduardo Amorim (PSC),38.0,,,congresso_em_foco,2010-SE-076,duas_mencoes_agregadas,False,False,2010-10-02T07:00:00-03:00,eduardo amorim psc,Eduardo Amorim (PSC),Eduardo Amorim PSC,0.3364918693723961,True,1.0
2010,SE,,https://www.congressoemfoco.com.br/noticia/82698/a-disputa-para-o-senado-estado-por-estado,,,20-22/09,Ibope,,,,Albano Franco (PSDB),35.0,,,congresso_em_foco,2010-SE-076,duas_mencoes_agregadas,False,False,2010-10-02T07:00:00-03:00,albano franco psdb,Albano Franco (PSDB),Albano Franco PSDB,0.1829103615105496,False,3.0
2010,SE,,https://www.congressoemfoco.com.br/noticia/82698/a-disputa-para-o-senado-estado-por-estado,,,20-22/09,Ibope,,,,José Carlos Machado (DEM),13.0,,,congresso_em_foco,2010-SE-076,duas_mencoes_agregadas,False,False,2010-10-02T07:00:00-03:00,jose carlos machado dem,José Carlos Machado (DEM),José Carlos Machado DEM,0.139851095282892,False,4.0
2010,SE,,https://www.congressoemfoco.com.br/noticia/82698/a-disputa-para-o-senado-estado-por-estado,,,20-22/09,Ibope,,,,Emanuel Cacho (PPS),4.0,,,congresso_em_foco,2010-SE-076,duas_mencoes_agregadas,False,False,2010-10-02T07:00:00-03:00,emanuel cacho pps,Emanuel Cacho (PPS),Emanuel Cacho PPS,0.0358688348340276,False,5.0
2010,SE,,https://www.congressoemfoco.com.br/noticia/82698/a-disputa-para-o-senado-estado-por-estado,,,20-22/09,Ibope,,,,Antônio Leite (PV),2.0,,,congresso_em_foco,2010-SE-076,duas_mencoes_agregadas,False,False,2010-10-02T07:00:00-03:00,antonio leite pv,Antônio Leite (PV),Antônio Leite PV,0.0148114500739147,False,6.0
2010,SE,,https://www.congressoemfoco.com.br/noticia/82698/a-disputa-para-o-senado-estado-por-estado,,,20-22/09,Ibope,,,,Atamario Cordeiro (Psol),1.0,,,congresso_em_foco,2010-SE-076,duas_mencoes_agregadas,False,False,2010-10-02T07:00:00-03:00,atamario cordeiro psol,Atamario Cordeiro (Psol),Atamiro Cordeiro PSOL,0.0068979975809703,False,8.0
2010,SE,,https://www.congressoemfoco.com.br/noticia/82698/a-disputa-para-o-senado-estado-por-estado,,,20-22/09,Ibope,,,,Gugu Liberato (PRTB),1.0,,,congresso_em_foco,2010-SE-076,duas_mencoes_agregadas,False,False,2010-10-02T07:00:00-03:00,gugu liberato prtb,Gugu Liberato (PRTB),,,,
2010,SE,,https://www.congressoemfoco.com.br/noticia/82698/a-disputa-para-o-senado-estado-por-estado,,,02-05/09,Soma,,,,Antônio Carlos Valadares (PSB),44.7,,,congresso_em_foco,2010-SE-077,duas_mencoes_agregadas,False,False,2010-10-02T07:00:00-03:00,antonio carlos valadares psb,Antônio Carlos Valadares (PSB),Antônio Carlos Valadares PSB,0.2561747077005779,True,2.0
2010,SE,,https://www.congressoemfoco.com.br/noticia/82698/a-disputa-para-o-senado-estado-por-estado,,,02-05/09,Soma,,,,Albano Franco (PSDB),37.5,,,congresso_em_foco,2010-SE-077,duas_mencoes_agregadas,False,False,2010-10-02T07:00:00-03:00,albano franco psdb,Albano Franco (PSDB),Albano Franco PSDB,0.1829103615105496,False,3.0
2010,SE,,https://www.congressoemfoco.com.br/noticia/82698/a-disputa-para-o-senado-estado-por-estado,,,02-05/09,Soma,,,,Eduardo Amorim (PSC),32.4,,,congresso_em_foco,2010-SE-077,duas_mencoes_agregadas,False,False,2010-10-02T07:00:00-03:00,eduardo amorim psc,Eduardo Amorim (PSC),Eduardo Amorim PSC,0.3364918693723961,True,1.0
2010,SE,,https://www.congressoemfoco.com.br/noticia/82698/a-disputa-para-o-senado-estado-por-estado,,,02-05/09,Soma,,,,José Carlos Machado (DEM),11.8,,,congresso_em_foco,2010-SE-077,duas_mencoes_agregadas,False,False,2010-10-02T07:00:00-03:00,jose carlos machado dem,José Carlos Machado (DEM),José Carlos Machado DEM,0.139851095282892,False,4.0
2010,SE,,https://www.congressoemfoco.com.br/noticia/82698/a-disputa-para-o-senado-estado-por-estado,,,02-05/09,Soma,,,,Antônio Leite (PV),1.8,,,congresso_em_foco,2010-SE-077,duas_mencoes_agregadas,False,False,2010-10-02T07:00:00-03:00,antonio leite pv,Antônio Leite (PV),Antônio Leite PV,0.0148114500739147,False,6.0
2010,SE,,https://www.congressoemfoco.com.br/noticia/82698/a-disputa-para-o-senado-estado-por-estado,,,02-05/09,Soma,,,,Emanuel Cacho (PPS),1.0,,,congresso_em_foco,2010-SE-077,duas_mencoes_agregadas,False,False,2010-10-02T07:00:00-03:00,emanuel cacho pps,Emanuel Cacho (PPS),Emanuel Cacho PPS,0.0358688348340276,False,5.0
2010,SE,,https://www.congressoemfoco.com.br/noticia/82698/a-disputa-para-o-senado-estado-por-estado,,,24-26/08,Ibope,,,,Antônio Carlos Valadares (PSB),35.0,,,congresso_em_foco,2010-SE-078,duas_mencoes_agregadas,False,False,2010-10-02T07:00:00-03:00,antonio carlos valadares psb,Antônio Carlos Valadares (PSB),Antônio Carlos Valadares PSB,0.2561747077005779,True,2.0
2010,SE,,https://www.congressoemfoco.com.br/noticia/82698/a-disputa-para-o-senado-estado-por-estado,,,24-26/08,Ibope,,,,Albano Franco (PSDB),34.0,,,congresso_em_foco,2010-SE-078,duas_mencoes_agregadas,False,False,2010-10-02T07:00:00-03:00,albano franco psdb,Albano Franco (PSDB),Albano Franco PSDB,0.1829103615105496,False,3.0
2010,SE,,https://www.congressoemfoco.com.br/noticia/82698/a-disputa-para-o-senado-estado-por-estado,,,24-26/08,Ibope,,,,Eduardo Amorim (PSC),25.0,,,congresso_em_foco,2010-SE-078,duas_mencoes_agregadas,False,False,2010-10-02T07:00:00-03:00,eduardo amorim psc,Eduardo Amorim (PSC),Eduardo Amorim PSC,0.3364918693723961,True,1.0
2010,SE,,https://www.congressoemfoco.com.br/noticia/82698/a-disputa-para-o-senado-estado-por-estado,,,24-26/08,Ibope,,,,José Carlos Machado (DEM),7.0,,,congresso_em_foco,2010-SE-078,duas_mencoes_agregadas,False,False,2010-10-02T07:00:00-03:00,jose carlos machado dem,José Carlos Machado (DEM),José Carlos Machado DEM,0.139851095282892,False,4.0
2010,SE,,https://www.congressoemfoco.com.br/noticia/82698/a-disputa-para-o-senado-estado-por-estado,,,24-26/08,Ibope,,,,Gugu Liberato (PRTB),1.0,,,congresso_em_foco,2010-SE-078,duas_mencoes_agregadas,False,False,2010-10-02T07:00:00-03:00,gugu liberato prtb,Gugu Liberato (PRTB),,,,
2010,SE,,https://www.congressoemfoco.com.br/noticia/82698/a-disputa-para-o-senado-estado-por-estado,,,24-26/08,Ibope,,,,João Augusto Nascimento (PSDC),1.0,,,congresso_em_foco,2010-SE-078,duas_mencoes_agregadas,False,False,2010-10-02T07:00:00-03:00,joao augusto nascimento psdc,João Augusto Nascimento (PSDC),João Augusto Nascimento PSDC,0.0036656363392017,False,10.0
2010,SE,,https://www.congressoemfoco.com.br/noticia/82698/a-disputa-para-o-senado-estado-por-estado,,,24-26/08,Ibope,,,,Emanuel Cacho (PPS),1.0,,,congresso_em_foco,2010-SE-078,duas_mencoes_agregadas,False,False,2010-10-02T07:00:00-03:00,emanuel cacho pps,Emanuel Cacho (PPS),Emanuel Cacho PPS,0.0358688348340276,False,5.0
2010,SE,,https://www.congressoemfoco.com.br/noticia/82698/a-disputa-para-o-senado-estado-por-estado,,,24-26/08,Ibope,,,,Antônio Leite (PV),1.0,,,congresso_em_foco,2010-SE-078,duas_mencoes_agregadas,False,False,2010-10-02T07:00:00-03:00,antonio leite pv,Antônio Leite (PV),Antônio Leite PV,0.0148114500739147,False,6.0
2010,SE,,https://www.congressoemfoco.com.br/noticia/82698/a-disputa-para-o-senado-estado-por-estado,,,24-26/08,Ibope,,,,Lourdinha (PSTU),1.0,,,congresso_em_foco,2010-SE-078,duas_mencoes_agregadas,False,False,2010-10-02T07:00:00-03:00,lourdinha pstu,Lourdinha (PSTU),,,,
2010,SE,,https://www.congressoemfoco.com.br/noticia/82698/a-disputa-para-o-senado-estado-por-estado,,,24-26/08,Ibope,,,,Paulinho da União Tur (PRTB),1.0,,,congresso_em_foco,2010-SE-078,duas_mencoes_agregadas,False,False,2010-10-02T07:00:00-03:00,paulinho da uniao tur prtb,Paulinho da União Tur (PRTB),Paulinho da União Tur PRTB,0.0131003897325628,False,7.0
2010,SE,,https://www.congressoemfoco.com.br/noticia/82698/a-disputa-para-o-senado-estado-por-estado,,,24-26/08,Ibope,,,,Professor Lula (PCB),1.0,,,congresso_em_foco,2010-SE-078,duas_mencoes_agregadas,False,False,2010-10-02T07:00:00-03:00,professor lula pcb,Professor Lula (PCB),Professor Lula PCB,0.0039747345786856,False,9.0
2010,SE,,https://www.congressoemfoco.com.br/noticia/82698/a-disputa-para-o-senado-estado-por-estado,,,24-26/08,Ibope,,,,Professor Marques (PCB),1.0,,,congresso_em_foco,2010-SE-078,duas_mencoes_agregadas,False,False,2010-10-02T07:00:00-03:00,professor marques pcb,Professor Marques (PCB),Professor Lula PCB,0.0039747345786856,False,9.0
2010,TO,,https://www.congressoemfoco.com.br/noticia/82698/a-disputa-para-o-senado-estado-por-estado,,,26-28/09,Ibope,,,,João Ribeiro (PR),49.0,,,congresso_em_foco,2010-TO-079,duas_mencoes_agregadas,False,False,2010-10-02T07:00:00-03:00,joao ribeiro pr,João Ribeiro (PR),João Ribeiro PR,0.0373566223374854,False,4.0
2010,TO,,https://www.congressoemfoco.com.br/noticia/82698/a-disputa-para-o-senado-estado-por-estado,,,26-28/09,Ibope,,,,Marcelo Miranda (PMDB),39.0,,,congresso_em_foco,2010-TO-079,duas_mencoes_agregadas,False,False,2010-10-02T07:00:00-03:00,marcelo miranda pmdb,Marcelo Miranda (PMDB),Marcelo Miranda PMDB,0.3395459918990438,True,1.0
2010,TO,,https://www.congressoemfoco.com.br/noticia/82698/a-disputa-para-o-senado-estado-por-estado,,,26-28/09,Ibope,,,,Vicentinho Alves (PR),35.0,,,congresso_em_foco,2010-TO-079,duas_mencoes_agregadas,False,False,2010-10-02T07:00:00-03:00,vicentinho alves pr,Vicentinho Alves (PR),Vicentinho Alves PR,0.3309450750389162,True,2.0
2010,TO,,https://www.congressoemfoco.com.br/noticia/82698/a-disputa-para-o-senado-estado-por-estado,,,26-28/09,Ibope,,,,Paulo Mourão (PT),30.0,,,congresso_em_foco,2010-TO-079,duas_mencoes_agregadas,False,False,2010-10-02T07:00:00-03:00,paulo mourao pt,Paulo Mourão (PT),Paulo Mourão PT,0.2921523107245545,False,3.0
2010,TO,,https://www.congressoemfoco.com.br/noticia/82698/a-disputa-para-o-senado-estado-por-estado,,,18-20/09,Ibope,,,,Marcelo Miranda (PMDB),46.0,,,congresso_em_foco,2010-TO-080,duas_mencoes_agregadas,False,False,2010-10-02T07:00:00-03:00,marcelo miranda pmdb,Marcelo Miranda (PMDB),Marcelo Miranda PMDB,0.3395459918990438,True,1.0
2010,TO,,https://www.congressoemfoco.com.br/noticia/82698/a-disputa-para-o-senado-estado-por-estado,,,18-20/09,Ibope,,,,João Ribeiro (PR),46.0,,,congresso_em_foco,2010-TO-080,duas_mencoes_agregadas,False,False,2010-10-02T07:00:00-03:00,joao ribeiro pr,João Ribeiro (PR),João Ribeiro PR,0.0373566223374854,False,4.0
2010,TO,,https://www.congressoemfoco.com.br/noticia/82698/a-disputa-para-o-senado-estado-por-estado,,,18-20/09,Ibope,,,,Paulo Mourão (PT),29.0,,,congresso_em_foco,2010-TO-080,duas_mencoes_agregadas,False,False,2010-10-02T07:00:00-03:00,paulo mourao pt,Paulo Mourão (PT),Paulo Mourão PT,0.2921523107245545,False,3.0
2010,TO,,https://www.congressoemfoco.com.br/noticia/82698/a-disputa-para-o-senado-estado-por-estado,,,18-20/09,Ibope,,,,Vicentinho Alves (PR),28.0,,,congresso_em_foco,2010-TO-080,duas_mencoes_agregadas,False,False,2010-10-02T07:00:00-03:00,vicentinho alves pr,Vicentinho Alves (PR),Vicentinho Alves PR,0.3309450750389162,True,2.0
2010,TO,,https://www.congressoemfoco.com.br/noticia/82698/a-disputa-para-o-senado-estado-por-estado,,,06-10/09,Serpes,,,,Marcelo Miranda (PMDB),22.6,,,congresso_em_foco,2010-TO-081,nao_identificado,False,False,2010-10-02T07:00:00-03:00,marcelo miranda pmdb,Marcelo Miranda (PMDB),Marcelo Miranda PMDB,0.3395459918990438,True,1.0
2010,TO,,https://www.congressoemfoco.com.br/noticia/82698/a-disputa-para-o-senado-estado-por-estado,,,06-10/09,Serpes,,,,João Ribeiro (PR),22.4,,,congresso_em_foco,2010-TO-081,nao_identificado,False,False,2010-10-02T07:00:00-03:00,joao ribeiro pr,João Ribeiro (PR),João Ribeiro PR,0.0373566223374854,False,4.0
2010,TO,,https://www.congressoemfoco.com.br/noticia/82698/a-disputa-para-o-senado-estado-por-estado,,,06-10/09,Serpes,,,,Paulo Mourão (PT),16.6,,,congresso_em_foco,2010-TO-081,nao_identificado,False,False,2010-10-02T07:00:00-03:00,paulo mourao pt,Paulo Mourão (PT),Paulo Mourão PT,0.2921523107245545,False,3.0
2010,TO,,https://www.congressoemfoco.com.br/noticia/82698/a-disputa-para-o-senado-estado-por-estado,,,06-10/09,Serpes,,,,Vicentinho Alves (PR),14.4,,,congresso_em_foco,2010-TO-081,nao_identificado,False,False,2010-10-02T07:00:00-03:00,vicentinho alves pr,Vicentinho Alves (PR),Vicentinho Alves PR,0.3309450750389162,True,2.0
