id_rodada,ano,uf,instituto,periodo_campo,candidato_rotulo,percentual,formato_inferido,formato_confirmado,fonte_primaria_confirmada,publicado_em,url
2010-AC-001,2010,AC,Ibope,28-30/08,Jorge Viana (PT),63.0,duas_mencoes_agregadas,False,False,2010-10-02T07:00:00-03:00,https://www.congressoemfoco.com.br/noticia/82698/a-disputa-para-o-senado-estado-por-estado
2010-AC-001,2010,AC,Ibope,28-30/08,Petecão (PMN),38.0,duas_mencoes_agregadas,False,False,2010-10-02T07:00:00-03:00,https://www.congressoemfoco.com.br/noticia/82698/a-disputa-para-o-senado-estado-por-estado
2010-AC-001,2010,AC,Ibope,28-30/08,Edvaldo Magalhães (PC do B),31.0,duas_mencoes_agregadas,False,False,2010-10-02T07:00:00-03:00,https://www.congressoemfoco.com.br/noticia/82698/a-disputa-para-o-senado-estado-por-estado
2010-AC-001,2010,AC,Ibope,28-30/08,João Correia (PMDB),11.0,duas_mencoes_agregadas,False,False,2010-10-02T07:00:00-03:00,https://www.congressoemfoco.com.br/noticia/82698/a-disputa-para-o-senado-estado-por-estado
2010-AC-001,2010,AC,Ibope,28-30/08,Cezar Henrique (Psol),2.0,duas_mencoes_agregadas,False,False,2010-10-02T07:00:00-03:00,https://www.congressoemfoco.com.br/noticia/82698/a-disputa-para-o-senado-estado-por-estado
2010-AC-002,2010,AC,Ibope,27-29/07,Jorge Viana (PT),64.0,duas_mencoes_agregadas,False,False,2010-10-02T07:00:00-03:00,https://www.congressoemfoco.com.br/noticia/82698/a-disputa-para-o-senado-estado-por-estado
2010-AC-002,2010,AC,Ibope,27-29/07,Petecão (PMN),35.0,duas_mencoes_agregadas,False,False,2010-10-02T07:00:00-03:00,https://www.congressoemfoco.com.br/noticia/82698/a-disputa-para-o-senado-estado-por-estado
2010-AC-002,2010,AC,Ibope,27-29/07,Edvaldo Magalhães (PC do B),27.0,duas_mencoes_agregadas,False,False,2010-10-02T07:00:00-03:00,https://www.congressoemfoco.com.br/noticia/82698/a-disputa-para-o-senado-estado-por-estado
2010-AC-002,2010,AC,Ibope,27-29/07,João Correia (PMDB),7.0,duas_mencoes_agregadas,False,False,2010-10-02T07:00:00-03:00,https://www.congressoemfoco.com.br/noticia/82698/a-disputa-para-o-senado-estado-por-estado
2010-AC-002,2010,AC,Ibope,27-29/07,Cezar Henrique (Psol),3.0,duas_mencoes_agregadas,False,False,2010-10-02T07:00:00-03:00,https://www.congressoemfoco.com.br/noticia/82698/a-disputa-para-o-senado-estado-por-estado
2010-AC-003,2010,AC,Ibope,12-14/07,Jorge Viana (PT),67.0,duas_mencoes_agregadas,False,False,2010-10-02T07:00:00-03:00,https://www.congressoemfoco.com.br/noticia/82698/a-disputa-para-o-senado-estado-por-estado
2010-AC-003,2010,AC,Ibope,12-14/07,Petecão (PMN),31.0,duas_mencoes_agregadas,False,False,2010-10-02T07:00:00-03:00,https://www.congressoemfoco.com.br/noticia/82698/a-disputa-para-o-senado-estado-por-estado
2010-AC-003,2010,AC,Ibope,12-14/07,Edvaldo Magalhães (PC do B),27.0,duas_mencoes_agregadas,False,False,2010-10-02T07:00:00-03:00,https://www.congressoemfoco.com.br/noticia/82698/a-disputa-para-o-senado-estado-por-estado
2010-AC-003,2010,AC,Ibope,12-14/07,João Correia (PMDB),11.0,duas_mencoes_agregadas,False,False,2010-10-02T07:00:00-03:00,https://www.congressoemfoco.com.br/noticia/82698/a-disputa-para-o-senado-estado-por-estado
2010-AL-004,2010,AL,Ibope,11-13/09,Renan Calheiros,54.0,duas_mencoes_agregadas,False,False,2010-10-02T07:00:00-03:00,https://www.congressoemfoco.com.br/noticia/82698/a-disputa-para-o-senado-estado-por-estado
2010-AL-004,2010,AL,Ibope,11-13/09,Heloisa Helena (Psol),41.0,duas_mencoes_agregadas,False,False,2010-10-02T07:00:00-03:00,https://www.congressoemfoco.com.br/noticia/82698/a-disputa-para-o-senado-estado-por-estado
2010-AL-004,2010,AL,Ibope,11-13/09,Benedito de Lira (PP),35.0,duas_mencoes_agregadas,False,False,2010-10-02T07:00:00-03:00,https://www.congressoemfoco.com.br/noticia/82698/a-disputa-para-o-senado-estado-por-estado
2010-AL-004,2010,AL,Ibope,11-13/09,Eduardo Bomfim (PC do B),4.0,duas_mencoes_agregadas,False,False,2010-10-02T07:00:00-03:00,https://www.congressoemfoco.com.br/noticia/82698/a-disputa-para-o-senado-estado-por-estado
2010-AL-004,2010,AL,Ibope,11-13/09,Zé Costa (PPS),4.0,duas_mencoes_agregadas,False,False,2010-10-02T07:00:00-03:00,https://www.congressoemfoco.com.br/noticia/82698/a-disputa-para-o-senado-estado-por-estado
2010-AL-004,2010,AL,Ibope,11-13/09,Alvaro Vasconcelos (PTB),2.0,duas_mencoes_agregadas,False,False,2010-10-02T07:00:00-03:00,https://www.congressoemfoco.com.br/noticia/82698/a-disputa-para-o-senado-estado-por-estado
2010-AL-004,2010,AL,Ibope,11-13/09,Afonso Lacerda (PRTB),1.0,duas_mencoes_agregadas,False,False,2010-10-02T07:00:00-03:00,https://www.congressoemfoco.com.br/noticia/82698/a-disputa-para-o-senado-estado-por-estado
2010-AL-004,2010,AL,Ibope,11-13/09,Diógenes Paes (PCB),1.0,duas_mencoes_agregadas,False,False,2010-10-02T07:00:00-03:00,https://www.congressoemfoco.com.br/noticia/82698/a-disputa-para-o-senado-estado-por-estado
2010-AL-004,2010,AL,Ibope,11-13/09,Flavio Emilio (PTB),1.0,duas_mencoes_agregadas,False,False,2010-10-02T07:00:00-03:00,https://www.congressoemfoco.com.br/noticia/82698/a-disputa-para-o-senado-estado-por-estado
2010-AL-004,2010,AL,Ibope,11-13/09,Paulo Nunes (PRTB),1.0,duas_mencoes_agregadas,False,False,2010-10-02T07:00:00-03:00,https://www.congressoemfoco.com.br/noticia/82698/a-disputa-para-o-senado-estado-por-estado
2010-AL-005,2010,AL,Sensus,03-05/09,Renan Calheiros,46.8,duas_mencoes_agregadas,False,False,2010-10-02T07:00:00-03:00,https://www.congressoemfoco.com.br/noticia/82698/a-disputa-para-o-senado-estado-por-estado
2010-AL-005,2010,AL,Sensus,03-05/09,Heloisa Helena (Psol),42.1,duas_mencoes_agregadas,False,False,2010-10-02T07:00:00-03:00,https://www.congressoemfoco.com.br/noticia/82698/a-disputa-para-o-senado-estado-por-estado
2010-AL-005,2010,AL,Sensus,03-05/09,Benedito de Lira (PP),31.8,duas_mencoes_agregadas,False,False,2010-10-02T07:00:00-03:00,https://www.congressoemfoco.com.br/noticia/82698/a-disputa-para-o-senado-estado-por-estado
2010-AL-005,2010,AL,Sensus,03-05/09,Eduardo Bomfim (PC do B),6.2,duas_mencoes_agregadas,False,False,2010-10-02T07:00:00-03:00,https://www.congressoemfoco.com.br/noticia/82698/a-disputa-para-o-senado-estado-por-estado
2010-AL-005,2010,AL,Sensus,03-05/09,Zé Costa (PPS),4.2,duas_mencoes_agregadas,False,False,2010-10-02T07:00:00-03:00,https://www.congressoemfoco.com.br/noticia/82698/a-disputa-para-o-senado-estado-por-estado
2010-AL-005,2010,AL,Sensus,03-05/09,Afonso Lacerda (PRTB),2.8,duas_mencoes_agregadas,False,False,2010-10-02T07:00:00-03:00,https://www.congressoemfoco.com.br/noticia/82698/a-disputa-para-o-senado-estado-por-estado
2010-AL-005,2010,AL,Sensus,03-05/09,Paulo Nunes (PRTB),2.4,duas_mencoes_agregadas,False,False,2010-10-02T07:00:00-03:00,https://www.congressoemfoco.com.br/noticia/82698/a-disputa-para-o-senado-estado-por-estado
2010-AL-005,2010,AL,Sensus,03-05/09,Alvaro Vasconcelos (PTB),1.8,duas_mencoes_agregadas,False,False,2010-10-02T07:00:00-03:00,https://www.congressoemfoco.com.br/noticia/82698/a-disputa-para-o-senado-estado-por-estado
2010-AL-005,2010,AL,Sensus,03-05/09,Diógenes Paes (PCB),1.0,duas_mencoes_agregadas,False,False,2010-10-02T07:00:00-03:00,https://www.congressoemfoco.com.br/noticia/82698/a-disputa-para-o-senado-estado-por-estado
2010-AL-006,2010,AL,Ibope,21-23/08,Heloisa Helena (Psol),44.0,duas_mencoes_agregadas,False,False,2010-10-02T07:00:00-03:00,https://www.congressoemfoco.com.br/noticia/82698/a-disputa-para-o-senado-estado-por-estado
2010-AL-006,2010,AL,Ibope,21-23/08,Renan Calheiros,42.0,duas_mencoes_agregadas,False,False,2010-10-02T07:00:00-03:00,https://www.congressoemfoco.com.br/noticia/82698/a-disputa-para-o-senado-estado-por-estado
2010-AL-006,2010,AL,Ibope,21-23/08,Benedito de Lira (PP),28.0,duas_mencoes_agregadas,False,False,2010-10-02T07:00:00-03:00,https://www.congressoemfoco.com.br/noticia/82698/a-disputa-para-o-senado-estado-por-estado
2010-AL-006,2010,AL,Ibope,21-23/08,Zé Costa (PPS),4.0,duas_mencoes_agregadas,False,False,2010-10-02T07:00:00-03:00,https://www.congressoemfoco.com.br/noticia/82698/a-disputa-para-o-senado-estado-por-estado
2010-AL-006,2010,AL,Ibope,21-23/08,Eduardo Bomfim (PC do B),2.0,duas_mencoes_agregadas,False,False,2010-10-02T07:00:00-03:00,https://www.congressoemfoco.com.br/noticia/82698/a-disputa-para-o-senado-estado-por-estado
2010-AL-006,2010,AL,Ibope,21-23/08,Alvaro Vasconcelos (PTB),2.0,duas_mencoes_agregadas,False,False,2010-10-02T07:00:00-03:00,https://www.congressoemfoco.com.br/noticia/82698/a-disputa-para-o-senado-estado-por-estado
2010-AL-006,2010,AL,Ibope,21-23/08,Paulo Nunes (PRTB),2.0,duas_mencoes_agregadas,False,False,2010-10-02T07:00:00-03:00,https://www.congressoemfoco.com.br/noticia/82698/a-disputa-para-o-senado-estado-por-estado
2010-AL-006,2010,AL,Ibope,21-23/08,Afonso Lacerda (PRTB),1.0,duas_mencoes_agregadas,False,False,2010-10-02T07:00:00-03:00,https://www.congressoemfoco.com.br/noticia/82698/a-disputa-para-o-senado-estado-por-estado
2010-AL-006,2010,AL,Ibope,21-23/08,Diógenes Paes (PCB),1.0,duas_mencoes_agregadas,False,False,2010-10-02T07:00:00-03:00,https://www.congressoemfoco.com.br/noticia/82698/a-disputa-para-o-senado-estado-por-estado
2010-AL-006,2010,AL,Ibope,21-23/08,Flavio Emilio (PTB),1.0,duas_mencoes_agregadas,False,False,2010-10-02T07:00:00-03:00,https://www.congressoemfoco.com.br/noticia/82698/a-disputa-para-o-senado-estado-por-estado
2010-AP-007,2010,AP,Escutec,18-21/09,Capiberibe (PSB),39.0,duas_mencoes_agregadas,False,False,2010-10-02T07:00:00-03:00,https://www.congressoemfoco.com.br/noticia/82698/a-disputa-para-o-senado-estado-por-estado
2010-AP-007,2010,AP,Escutec,18-21/09,Gilvam Borges (PMDB),36.0,duas_mencoes_agregadas,False,False,2010-10-02T07:00:00-03:00,https://www.congressoemfoco.com.br/noticia/82698/a-disputa-para-o-senado-estado-por-estado
2010-AP-007,2010,AP,Escutec,18-21/09,Randolfe (Psol),36.0,duas_mencoes_agregadas,False,False,2010-10-02T07:00:00-03:00,https://www.congressoemfoco.com.br/noticia/82698/a-disputa-para-o-senado-estado-por-estado
2010-AP-007,2010,AP,Escutec,18-21/09,Waldez (PDT),35.0,duas_mencoes_agregadas,False,False,2010-10-02T07:00:00-03:00,https://www.congressoemfoco.com.br/noticia/82698/a-disputa-para-o-senado-estado-por-estado
2010-AP-007,2010,AP,Escutec,18-21/09,Papaleo (PSDB),12.0,duas_mencoes_agregadas,False,False,2010-10-02T07:00:00-03:00,https://www.congressoemfoco.com.br/noticia/82698/a-disputa-para-o-senado-estado-por-estado
2010-AP-007,2010,AP,Escutec,18-21/09,Professor Marcos (PT),3.0,duas_mencoes_agregadas,False,False,2010-10-02T07:00:00-03:00,https://www.congressoemfoco.com.br/noticia/82698/a-disputa-para-o-senado-estado-por-estado
2010-AP-007,2010,AP,Escutec,18-21/09,Claudio Vigilante (PSTU),1.0,duas_mencoes_agregadas,False,False,2010-10-02T07:00:00-03:00,https://www.congressoemfoco.com.br/noticia/82698/a-disputa-para-o-senado-estado-por-estado
2010-AP-008,2010,AP,Ibope,10-12/09,Capiberibe (PSB),39.0,duas_mencoes_agregadas,False,False,2010-10-02T07:00:00-03:00,https://www.congressoemfoco.com.br/noticia/82698/a-disputa-para-o-senado-estado-por-estado
2010-AP-008,2010,AP,Ibope,10-12/09,Gilvam Borges (PMDB),36.0,duas_mencoes_agregadas,False,False,2010-10-02T07:00:00-03:00,https://www.congressoemfoco.com.br/noticia/82698/a-disputa-para-o-senado-estado-por-estado
2010-AP-008,2010,AP,Ibope,10-12/09,Randolfe (Psol),36.0,duas_mencoes_agregadas,False,False,2010-10-02T07:00:00-03:00,https://www.congressoemfoco.com.br/noticia/82698/a-disputa-para-o-senado-estado-por-estado
2010-AP-008,2010,AP,Ibope,10-12/09,Waldez (PDT),35.0,duas_mencoes_agregadas,False,False,2010-10-02T07:00:00-03:00,https://www.congressoemfoco.com.br/noticia/82698/a-disputa-para-o-senado-estado-por-estado
2010-AP-008,2010,AP,Ibope,10-12/09,Papaleo (PSDB),12.0,duas_mencoes_agregadas,False,False,2010-10-02T07:00:00-03:00,https://www.congressoemfoco.com.br/noticia/82698/a-disputa-para-o-senado-estado-por-estado
2010-AP-008,2010,AP,Ibope,10-12/09,Professor Marcos (PT),3.0,duas_mencoes_agregadas,False,False,2010-10-02T07:00:00-03:00,https://www.congressoemfoco.com.br/noticia/82698/a-disputa-para-o-senado-estado-por-estado
2010-AP-008,2010,AP,Ibope,10-12/09,Claudio Vigilante (PSTU),1.0,duas_mencoes_agregadas,False,False,2010-10-02T07:00:00-03:00,https://www.congressoemfoco.com.br/noticia/82698/a-disputa-para-o-senado-estado-por-estado
2010-AP-009,2010,AP,Ibope,01/09,Waldez (PDT),38.0,duas_mencoes_agregadas,False,False,2010-10-02T07:00:00-03:00,https://www.congressoemfoco.com.br/noticia/82698/a-disputa-para-o-senado-estado-por-estado
2010-AP-009,2010,AP,Ibope,01/09,Capiberibe (PSB),30.0,duas_mencoes_agregadas,False,False,2010-10-02T07:00:00-03:00,https://www.congressoemfoco.com.br/noticia/82698/a-disputa-para-o-senado-estado-por-estado
2010-AP-009,2010,AP,Ibope,01/09,Gilvam Borges (PMDB),28.0,duas_mencoes_agregadas,False,False,2010-10-02T07:00:00-03:00,https://www.congressoemfoco.com.br/noticia/82698/a-disputa-para-o-senado-estado-por-estado
2010-AP-009,2010,AP,Ibope,01/09,Randolfe (Psol),21.0,duas_mencoes_agregadas,False,False,2010-10-02T07:00:00-03:00,https://www.congressoemfoco.com.br/noticia/82698/a-disputa-para-o-senado-estado-por-estado
2010-AP-009,2010,AP,Ibope,01/09,Papaleo (PSDB),11.0,duas_mencoes_agregadas,False,False,2010-10-02T07:00:00-03:00,https://www.congressoemfoco.com.br/noticia/82698/a-disputa-para-o-senado-estado-por-estado
2010-AP-009,2010,AP,Ibope,01/09,Professor Marcos (PT),4.0,duas_mencoes_agregadas,False,False,2010-10-02T07:00:00-03:00,https://www.congressoemfoco.com.br/noticia/82698/a-disputa-para-o-senado-estado-por-estado
2010-AP-009,2010,AP,Ibope,01/09,Claudio Vigilante (PSTU),3.0,duas_mencoes_agregadas,False,False,2010-10-02T07:00:00-03:00,https://www.congressoemfoco.com.br/noticia/82698/a-disputa-para-o-senado-estado-por-estado
2010-AM-010,2010,AM,Perspectiva,16-22/09,Eduardo Braga (PMDB),39.0,nao_identificado,False,False,2010-10-02T07:00:00-03:00,https://www.congressoemfoco.com.br/noticia/82698/a-disputa-para-o-senado-estado-por-estado
2010-AM-010,2010,AM,Perspectiva,16-22/09,Vanessa Graziotin (PCdoB),22.0,nao_identificado,False,False,2010-10-02T07:00:00-03:00,https://www.congressoemfoco.com.br/noticia/82698/a-disputa-para-o-senado-estado-por-estado
2010-AM-010,2010,AM,Perspectiva,16-22/09,Arthur Virgílio (PSDB),20.0,nao_identificado,False,False,2010-10-02T07:00:00-03:00,https://www.congressoemfoco.com.br/noticia/82698/a-disputa-para-o-senado-estado-por-estado
2010-AM-010,2010,AM,Perspectiva,16-22/09,Jefferson Praia (PDT),5.0,nao_identificado,False,False,2010-10-02T07:00:00-03:00,https://www.congressoemfoco.com.br/noticia/82698/a-disputa-para-o-senado-estado-por-estado
2010-AM-010,2010,AM,Perspectiva,16-22/09,Marilene Corrêa (PT),4.0,nao_identificado,False,False,2010-10-02T07:00:00-03:00,https://www.congressoemfoco.com.br/noticia/82698/a-disputa-para-o-senado-estado-por-estado
2010-AM-011,2010,AM,Action,11-15/09,Eduardo Braga (PMDB),81.0,duas_mencoes_agregadas,False,False,2010-10-02T07:00:00-03:00,https://www.congressoemfoco.com.br/noticia/82698/a-disputa-para-o-senado-estado-por-estado
2010-AM-011,2010,AM,Action,11-15/09,Vanessa Graziotin (PCdoB),41.0,duas_mencoes_agregadas,False,False,2010-10-02T07:00:00-03:00,https://www.congressoemfoco.com.br/noticia/82698/a-disputa-para-o-senado-estado-por-estado
2010-AM-011,2010,AM,Action,11-15/09,Arthur Virgílio (PSDB),40.0,duas_mencoes_agregadas,False,False,2010-10-02T07:00:00-03:00,https://www.congressoemfoco.com.br/noticia/82698/a-disputa-para-o-senado-estado-por-estado
2010-AM-011,2010,AM,Action,11-15/09,Jefferson Praia (PDT),7.0,duas_mencoes_agregadas,False,False,2010-10-02T07:00:00-03:00,https://www.congressoemfoco.com.br/noticia/82698/a-disputa-para-o-senado-estado-por-estado
2010-AM-011,2010,AM,Action,11-15/09,Marilene Corrêa (PT),6.0,duas_mencoes_agregadas,False,False,2010-10-02T07:00:00-03:00,https://www.congressoemfoco.com.br/noticia/82698/a-disputa-para-o-senado-estado-por-estado
2010-AM-011,2010,AM,Action,11-15/09,Francisco Castelo (PCB),1.0,duas_mencoes_agregadas,False,False,2010-10-02T07:00:00-03:00,https://www.congressoemfoco.com.br/noticia/82698/a-disputa-para-o-senado-estado-por-estado
2010-AM-011,2010,AM,Action,11-15/09,Evandro Carrera (Psol),1.0,duas_mencoes_agregadas,False,False,2010-10-02T07:00:00-03:00,https://www.congressoemfoco.com.br/noticia/82698/a-disputa-para-o-senado-estado-por-estado
2010-AM-012,2010,AM,Ibope,10-12/09,Eduardo Braga (PMDB),80.0,duas_mencoes_agregadas,False,False,2010-10-02T07:00:00-03:00,https://www.congressoemfoco.com.br/noticia/82698/a-disputa-para-o-senado-estado-por-estado
2010-AM-012,2010,AM,Ibope,10-12/09,Vanessa Graziotin (PCdoB),39.0,duas_mencoes_agregadas,False,False,2010-10-02T07:00:00-03:00,https://www.congressoemfoco.com.br/noticia/82698/a-disputa-para-o-senado-estado-por-estado
2010-AM-012,2010,AM,Ibope,10-12/09,Arthur Virgílio (PSDB),34.0,duas_mencoes_agregadas,False,False,2010-10-02T07:00:00-03:00,https://www.congressoemfoco.com.br/noticia/82698/a-disputa-para-o-senado-estado-por-estado
2010-AM-012,2010,AM,Ibope,10-12/09,Jefferson Praia (PDT),9.0,duas_mencoes_agregadas,False,False,2010-10-02T07:00:00-03:00,https://www.congressoemfoco.com.br/noticia/82698/a-disputa-para-o-senado-estado-por-estado
2010-AM-012,2010,AM,Ibope,10-12/09,Marilene Corrêa (PT),5.0,duas_mencoes_agregadas,False,False,2010-10-02T07:00:00-03:00,https://www.congressoemfoco.com.br/noticia/82698/a-disputa-para-o-senado-estado-por-estado
2010-AM-012,2010,AM,Ibope,10-12/09,Francisco Castelo (PCB),1.0,duas_mencoes_agregadas,False,False,2010-10-02T07:00:00-03:00,https://www.congressoemfoco.com.br/noticia/82698/a-disputa-para-o-senado-estado-por-estado
2010-BA-013,2010,BA,Datafolha,28-29/09,César Borges (PR),34.0,duas_mencoes_agregadas,False,False,2010-10-02T07:00:00-03:00,https://www.congressoemfoco.com.br/noticia/82698/a-disputa-para-o-senado-estado-por-estado
2010-BA-013,2010,BA,Datafolha,28-29/09,Lídice da Mata (PSB),34.0,duas_mencoes_agregadas,False,False,2010-10-02T07:00:00-03:00,https://www.congressoemfoco.com.br/noticia/82698/a-disputa-para-o-senado-estado-por-estado
2010-BA-013,2010,BA,Datafolha,28-29/09,Walter Pinheiro (PT),30.0,duas_mencoes_agregadas,False,False,2010-10-02T07:00:00-03:00,https://www.congressoemfoco.com.br/noticia/82698/a-disputa-para-o-senado-estado-por-estado
2010-BA-013,2010,BA,Datafolha,28-29/09,José Carlos Aleluia (DEM),13.0,duas_mencoes_agregadas,False,False,2010-10-02T07:00:00-03:00,https://www.congressoemfoco.com.br/noticia/82698/a-disputa-para-o-senado-estado-por-estado
2010-BA-013,2010,BA,Datafolha,28-29/09,José Ronaldo (DEM),12.0,duas_mencoes_agregadas,False,False,2010-10-02T07:00:00-03:00,https://www.congressoemfoco.com.br/noticia/82698/a-disputa-para-o-senado-estado-por-estado
2010-BA-013,2010,BA,Datafolha,28-29/09,Evaldo Brito (PTB),11.0,duas_mencoes_agregadas,False,False,2010-10-02T07:00:00-03:00,https://www.congressoemfoco.com.br/noticia/82698/a-disputa-para-o-senado-estado-por-estado
2010-BA-013,2010,BA,Datafolha,28-29/09,Edson Duarte (PV),3.0,duas_mencoes_agregadas,False,False,2010-10-02T07:00:00-03:00,https://www.congressoemfoco.com.br/noticia/82698/a-disputa-para-o-senado-estado-por-estado
2010-BA-013,2010,BA,Datafolha,28-29/09,Zilmar (Psol),1.0,duas_mencoes_agregadas,False,False,2010-10-02T07:00:00-03:00,https://www.congressoemfoco.com.br/noticia/82698/a-disputa-para-o-senado-estado-por-estado
2010-BA-013,2010,BA,Datafolha,28-29/09,França (Psol),1.0,duas_mencoes_agregadas,False,False,2010-10-02T07:00:00-03:00,https://www.congressoemfoco.com.br/noticia/82698/a-disputa-para-o-senado-estado-por-estado
2010-BA-014,2010,BA,Ibope,21-23/09,Walter Pinheiro (PT),35.0,duas_mencoes_agregadas,False,False,2010-10-02T07:00:00-03:00,https://www.congressoemfoco.com.br/noticia/82698/a-disputa-para-o-senado-estado-por-estado
2010-BA-014,2010,BA,Ibope,21-23/09,Lídice da Mata (PSB),32.0,duas_mencoes_agregadas,False,False,2010-10-02T07:00:00-03:00,https://www.congressoemfoco.com.br/noticia/82698/a-disputa-para-o-senado-estado-por-estado
2010-BA-014,2010,BA,Ibope,21-23/09,César Borges (PR),29.0,duas_mencoes_agregadas,False,False,2010-10-02T07:00:00-03:00,https://www.congressoemfoco.com.br/noticia/82698/a-disputa-para-o-senado-estado-por-estado
2010-BA-014,2010,BA,Ibope,21-23/09,José Ronaldo (DEM),12.0,duas_mencoes_agregadas,False,False,2010-10-02T07:00:00-03:00,https://www.congressoemfoco.com.br/noticia/82698/a-disputa-para-o-senado-estado-por-estado
2010-BA-014,2010,BA,Ibope,21-23/09,José Carlos Aleluia (DEM),9.0,duas_mencoes_agregadas,False,False,2010-10-02T07:00:00-03:00,https://www.congressoemfoco.com.br/noticia/82698/a-disputa-para-o-senado-estado-por-estado
2010-BA-014,2010,BA,Ibope,21-23/09,Evaldo Brito (PTB),9.0,duas_mencoes_agregadas,False,False,2010-10-02T07:00:00-03:00,https://www.congressoemfoco.com.br/noticia/82698/a-disputa-para-o-senado-estado-por-estado
2010-BA-014,2010,BA,Ibope,21-23/09,Edson Duarte (PV),3.0,duas_mencoes_agregadas,False,False,2010-10-02T07:00:00-03:00,https://www.congressoemfoco.com.br/noticia/82698/a-disputa-para-o-senado-estado-por-estado
2010-BA-014,2010,BA,Ibope,21-23/09,Zilmar (Psol),2.0,duas_mencoes_agregadas,False,False,2010-10-02T07:00:00-03:00,https://www.congressoemfoco.com.br/noticia/82698/a-disputa-para-o-senado-estado-por-estado
2010-BA-014,2010,BA,Ibope,21-23/09,França (Psol),1.0,duas_mencoes_agregadas,False,False,2010-10-02T07:00:00-03:00,https://www.congressoemfoco.com.br/noticia/82698/a-disputa-para-o-senado-estado-por-estado
2010-BA-014,2010,BA,Ibope,21-23/09,Albione (PSTU),1.0,duas_mencoes_agregadas,False,False,2010-10-02T07:00:00-03:00,https://www.congressoemfoco.com.br/noticia/82698/a-disputa-para-o-senado-estado-por-estado
2010-BA-014,2010,BA,Ibope,21-23/09,Carlos Sampaio (PCB),1.0,duas_mencoes_agregadas,False,False,2010-10-02T07:00:00-03:00,https://www.congressoemfoco.com.br/noticia/82698/a-disputa-para-o-senado-estado-por-estado
2010-BA-015,2010,BA,Datafolha,13-14/09,César Borges (PR),25.0,nao_identificado,False,False,2010-10-02T07:00:00-03:00,https://www.congressoemfoco.com.br/noticia/82698/a-disputa-para-o-senado-estado-por-estado
2010-BA-015,2010,BA,Datafolha,13-14/09,Lídice da Mata (PSB),24.0,nao_identificado,False,False,2010-10-02T07:00:00-03:00,https://www.congressoemfoco.com.br/noticia/82698/a-disputa-para-o-senado-estado-por-estado
2010-BA-015,2010,BA,Datafolha,13-14/09,Walter Pinheiro (PT),23.0,nao_identificado,False,False,2010-10-02T07:00:00-03:00,https://www.congressoemfoco.com.br/noticia/82698/a-disputa-para-o-senado-estado-por-estado
2010-BA-015,2010,BA,Datafolha,13-14/09,José Ronaldo (DEM),9.0,nao_identificado,False,False,2010-10-02T07:00:00-03:00,https://www.congressoemfoco.com.br/noticia/82698/a-disputa-para-o-senado-estado-por-estado
2010-BA-015,2010,BA,Datafolha,13-14/09,Evaldo Brito (PTB),7.0,nao_identificado,False,False,2010-10-02T07:00:00-03:00,https://www.congressoemfoco.com.br/noticia/82698/a-disputa-para-o-senado-estado-por-estado
2010-BA-015,2010,BA,Datafolha,13-14/09,José Carlos Aleluia (DEM),6.0,nao_identificado,False,False,2010-10-02T07:00:00-03:00,https://www.congressoemfoco.com.br/noticia/82698/a-disputa-para-o-senado-estado-por-estado
2010-BA-015,2010,BA,Datafolha,13-14/09,Edson Duarte (PV),2.0,nao_identificado,False,False,2010-10-02T07:00:00-03:00,https://www.congressoemfoco.com.br/noticia/82698/a-disputa-para-o-senado-estado-por-estado
2010-BA-015,2010,BA,Datafolha,13-14/09,Zilmar (Psol),2.0,nao_identificado,False,False,2010-10-02T07:00:00-03:00,https://www.congressoemfoco.com.br/noticia/82698/a-disputa-para-o-senado-estado-por-estado
2010-BA-015,2010,BA,Datafolha,13-14/09,França (Psol),1.0,nao_identificado,False,False,2010-10-02T07:00:00-03:00,https://www.congressoemfoco.com.br/noticia/82698/a-disputa-para-o-senado-estado-por-estado
2010-BA-015,2010,BA,Datafolha,13-14/09,Albione (PSTU),1.0,nao_identificado,False,False,2010-10-02T07:00:00-03:00,https://www.congressoemfoco.com.br/noticia/82698/a-disputa-para-o-senado-estado-por-estado
2010-CE-016,2010,CE,Ibope,27-29/09,Tasso Jereissati (PSDB),50.0,duas_mencoes_agregadas,False,False,2010-10-02T07:00:00-03:00,https://www.congressoemfoco.com.br/noticia/82698/a-disputa-para-o-senado-estado-por-estado
2010-CE-016,2010,CE,Ibope,27-29/09,Eunício de Oliveira (PMDB),47.0,duas_mencoes_agregadas,False,False,2010-10-02T07:00:00-03:00,https://www.congressoemfoco.com.br/noticia/82698/a-disputa-para-o-senado-estado-por-estado
2010-CE-016,2010,CE,Ibope,27-29/09,José Pimentel (PT),42.0,duas_mencoes_agregadas,False,False,2010-10-02T07:00:00-03:00,https://www.congressoemfoco.com.br/noticia/82698/a-disputa-para-o-senado-estado-por-estado
2010-CE-016,2010,CE,Ibope,27-29/09,Alexandre Pereira (PPS),3.0,duas_mencoes_agregadas,False,False,2010-10-02T07:00:00-03:00,https://www.congressoemfoco.com.br/noticia/82698/a-disputa-para-o-senado-estado-por-estado
2010-CE-016,2010,CE,Ibope,27-29/09,Marilene Torres (Psol),1.0,duas_mencoes_agregadas,False,False,2010-10-02T07:00:00-03:00,https://www.congressoemfoco.com.br/noticia/82698/a-disputa-para-o-senado-estado-por-estado
2010-CE-016,2010,CE,Ibope,27-29/09,Tarcísio Leitão (PCB),1.0,duas_mencoes_agregadas,False,False,2010-10-02T07:00:00-03:00,https://www.congressoemfoco.com.br/noticia/82698/a-disputa-para-o-senado-estado-por-estado
2010-CE-016,2010,CE,Ibope,27-29/09,Raquel Dias (PSTU),1.0,duas_mencoes_agregadas,False,False,2010-10-02T07:00:00-03:00,https://www.congressoemfoco.com.br/noticia/82698/a-disputa-para-o-senado-estado-por-estado
2010-CE-016,2010,CE,Ibope,27-29/09,Reginaldo Araújo (PSTU),1.0,duas_mencoes_agregadas,False,False,2010-10-02T07:00:00-03:00,https://www.congressoemfoco.com.br/noticia/82698/a-disputa-para-o-senado-estado-por-estado
2010-CE-016,2010,CE,Ibope,27-29/09,"Paulo Eduardo Teixeira, o Pólo (PV)",1.0,duas_mencoes_agregadas,False,False,2010-10-02T07:00:00-03:00,https://www.congressoemfoco.com.br/noticia/82698/a-disputa-para-o-senado-estado-por-estado
2010-CE-017,2010,CE,Datafolha,9-10/09,Tasso Jereissati (PSDB),48.0,duas_mencoes_agregadas,False,False,2010-10-02T07:00:00-03:00,https://www.congressoemfoco.com.br/noticia/82698/a-disputa-para-o-senado-estado-por-estado
2010-CE-017,2010,CE,Datafolha,9-10/09,Eunício de Oliveira (PMDB),34.0,duas_mencoes_agregadas,False,False,2010-10-02T07:00:00-03:00,https://www.congressoemfoco.com.br/noticia/82698/a-disputa-para-o-senado-estado-por-estado
2010-CE-017,2010,CE,Datafolha,9-10/09,José Pimentel (PT),31.0,duas_mencoes_agregadas,False,False,2010-10-02T07:00:00-03:00,https://www.congressoemfoco.com.br/noticia/82698/a-disputa-para-o-senado-estado-por-estado
2010-CE-017,2010,CE,Datafolha,9-10/09,Tarcísio Leitão (PCB),2.0,duas_mencoes_agregadas,False,False,2010-10-02T07:00:00-03:00,https://www.congressoemfoco.com.br/noticia/82698/a-disputa-para-o-senado-estado-por-estado
2010-CE-017,2010,CE,Datafolha,9-10/09,Alexandre Pereira (PPS),2.0,duas_mencoes_agregadas,False,False,2010-10-02T07:00:00-03:00,https://www.congressoemfoco.com.br/noticia/82698/a-disputa-para-o-senado-estado-por-estado
2010-CE-017,2010,CE,Datafolha,9-10/09,Raquel Dias (PSTU),2.0,duas_mencoes_agregadas,False,False,2010-10-02T07:00:00-03:00,https://www.congressoemfoco.com.br/noticia/82698/a-disputa-para-o-senado-estado-por-estado
2010-CE-017,2010,CE,Datafolha,9-10/09,Marilene Torres (Psol),1.0,duas_mencoes_agregadas,False,False,2010-10-02T07:00:00-03:00,https://www.congressoemfoco.com.br/noticia/82698/a-disputa-para-o-senado-estado-por-estado
2010-CE-017,2010,CE,Datafolha,9-10/09,Reginaldo Araújo (PSTU),1.0,duas_mencoes_agregadas,False,False,2010-10-02T07:00:00-03:00,https://www.congressoemfoco.com.br/noticia/82698/a-disputa-para-o-senado-estado-por-estado
2010-CE-017,2010,CE,Datafolha,9-10/09,Benedito Oliveira (PCB),1.0,duas_mencoes_agregadas,False,False,2010-10-02T07:00:00-03:00,https://www.congressoemfoco.com.br/noticia/82698/a-disputa-para-o-senado-estado-por-estado
2010-CE-017,2010,CE,Datafolha,9-10/09,"Paulo Eduardo Teixeira, o Pólo (PV)",1.0,duas_mencoes_agregadas,False,False,2010-10-02T07:00:00-03:00,https://www.congressoemfoco.com.br/noticia/82698/a-disputa-para-o-senado-estado-por-estado
2010-CE-018,2010,CE,Ibope,30/08,01/09 - Tasso Jereissati (PSDB),63.0,duas_mencoes_agregadas,False,False,2010-10-02T07:00:00-03:00,https://www.congressoemfoco.com.br/noticia/82698/a-disputa-para-o-senado-estado-por-estado
2010-CE-018,2010,CE,Ibope,30/08,Eunício de Oliveira (PMDB),35.0,duas_mencoes_agregadas,False,False,2010-10-02T07:00:00-03:00,https://www.congressoemfoco.com.br/noticia/82698/a-disputa-para-o-senado-estado-por-estado
2010-CE-018,2010,CE,Ibope,30/08,José Pimentel (PT),31.0,duas_mencoes_agregadas,False,False,2010-10-02T07:00:00-03:00,https://www.congressoemfoco.com.br/noticia/82698/a-disputa-para-o-senado-estado-por-estado
2010-CE-018,2010,CE,Ibope,30/08,Tarcísio Leitão (PCB),3.0,duas_mencoes_agregadas,False,False,2010-10-02T07:00:00-03:00,https://www.congressoemfoco.com.br/noticia/82698/a-disputa-para-o-senado-estado-por-estado
2010-CE-018,2010,CE,Ibope,30/08,Alexandre Pereira (PPS),2.0,duas_mencoes_agregadas,False,False,2010-10-02T07:00:00-03:00,https://www.congressoemfoco.com.br/noticia/82698/a-disputa-para-o-senado-estado-por-estado
2010-CE-018,2010,CE,Ibope,30/08,Marilene Torres (Psol),2.0,duas_mencoes_agregadas,False,False,2010-10-02T07:00:00-03:00,https://www.congressoemfoco.com.br/noticia/82698/a-disputa-para-o-senado-estado-por-estado
2010-CE-018,2010,CE,Ibope,30/08,Raquel Dias (PSTU),1.0,duas_mencoes_agregadas,False,False,2010-10-02T07:00:00-03:00,https://www.congressoemfoco.com.br/noticia/82698/a-disputa-para-o-senado-estado-por-estado
2010-CE-018,2010,CE,Ibope,30/08,Benedito Oliveira (PCB),1.0,duas_mencoes_agregadas,False,False,2010-10-02T07:00:00-03:00,https://www.congressoemfoco.com.br/noticia/82698/a-disputa-para-o-senado-estado-por-estado
2010-CE-018,2010,CE,Ibope,30/08,Reginaldo Araújo (PSTU),1.0,duas_mencoes_agregadas,False,False,2010-10-02T07:00:00-03:00,https://www.congressoemfoco.com.br/noticia/82698/a-disputa-para-o-senado-estado-por-estado
2010-DF-019,2010,DF,Datafolha,28-29/09,Cristovam Buarque (PDT),48.0,duas_mencoes_agregadas,False,False,2010-10-02T07:00:00-03:00,https://www.congressoemfoco.com.br/noticia/82698/a-disputa-para-o-senado-estado-por-estado
2010-DF-019,2010,DF,Datafolha,28-29/09,Rodrigo Rollemberg (PSB),38.0,duas_mencoes_agregadas,False,False,2010-10-02T07:00:00-03:00,https://www.congressoemfoco.com.br/noticia/82698/a-disputa-para-o-senado-estado-por-estado
2010-DF-019,2010,DF,Datafolha,28-29/09,Alberto Fraga (DEM),24.0,duas_mencoes_agregadas,False,False,2010-10-02T07:00:00-03:00,https://www.congressoemfoco.com.br/noticia/82698/a-disputa-para-o-senado-estado-por-estado
2010-DF-019,2010,DF,Datafolha,28-29/09,Maria Abadia (PSDB),23.0,duas_mencoes_agregadas,False,False,2010-10-02T07:00:00-03:00,https://www.congressoemfoco.com.br/noticia/82698/a-disputa-para-o-senado-estado-por-estado
2010-DF-019,2010,DF,Datafolha,28-29/09,Pastor (Milton Tadashi (PTN),2.0,duas_mencoes_agregadas,False,False,2010-10-02T07:00:00-03:00,https://www.congressoemfoco.com.br/noticia/82698/a-disputa-para-o-senado-estado-por-estado
2010-DF-019,2010,DF,Datafolha,28-29/09,Chico Sant'anna (Psol),1.0,duas_mencoes_agregadas,False,False,2010-10-02T07:00:00-03:00,https://www.congressoemfoco.com.br/noticia/82698/a-disputa-para-o-senado-estado-por-estado
2010-DF-019,2010,DF,Datafolha,28-29/09,Rosana Chaib (PCB),1.0,duas_mencoes_agregadas,False,False,2010-10-02T07:00:00-03:00,https://www.congressoemfoco.com.br/noticia/82698/a-disputa-para-o-senado-estado-por-estado
2010-DF-019,2010,DF,Datafolha,28-29/09,Gerônimo (PSL),1.0,duas_mencoes_agregadas,False,False,2010-10-02T07:00:00-03:00,https://www.congressoemfoco.com.br/noticia/82698/a-disputa-para-o-senado-estado-por-estado
2010-DF-019,2010,DF,Datafolha,28-29/09,Moacir Bueno (PV),1.0,duas_mencoes_agregadas,False,False,2010-10-02T07:00:00-03:00,https://www.congressoemfoco.com.br/noticia/82698/a-disputa-para-o-senado-estado-por-estado
2010-DF-019,2010,DF,Datafolha,28-29/09,Jorge Antunes (Psol),1.0,duas_mencoes_agregadas,False,False,2010-10-02T07:00:00-03:00,https://www.congressoemfoco.com.br/noticia/82698/a-disputa-para-o-senado-estado-por-estado
2010-DF-019,2010,DF,Datafolha,28-29/09,Cadu Valadares (PV),1.0,duas_mencoes_agregadas,False,False,2010-10-02T07:00:00-03:00,https://www.congressoemfoco.com.br/noticia/82698/a-disputa-para-o-senado-estado-por-estado
2010-DF-020,2010,DF,Ibope,21-23/09,Cristovam Buarque (PDT),50.0,duas_mencoes_agregadas,False,False,2010-10-02T07:00:00-03:00,https://www.congressoemfoco.com.br/noticia/82698/a-disputa-para-o-senado-estado-por-estado
2010-DF-020,2010,DF,Ibope,21-23/09,Rodrigo Rollemberg (PSB),41.0,duas_mencoes_agregadas,False,False,2010-10-02T07:00:00-03:00,https://www.congressoemfoco.com.br/noticia/82698/a-disputa-para-o-senado-estado-por-estado
2010-DF-020,2010,DF,Ibope,21-23/09,Maria Abadia (PSDB),24.0,duas_mencoes_agregadas,False,False,2010-10-02T07:00:00-03:00,https://www.congressoemfoco.com.br/noticia/82698/a-disputa-para-o-senado-estado-por-estado
2010-DF-020,2010,DF,Ibope,21-23/09,Alberto Fraga (DEM),20.0,duas_mencoes_agregadas,False,False,2010-10-02T07:00:00-03:00,https://www.congressoemfoco.com.br/noticia/82698/a-disputa-para-o-senado-estado-por-estado
2010-DF-020,2010,DF,Ibope,21-23/09,Cadu Valadares (PV),2.0,duas_mencoes_agregadas,False,False,2010-10-02T07:00:00-03:00,https://www.congressoemfoco.com.br/noticia/82698/a-disputa-para-o-senado-estado-por-estado
2010-DF-020,2010,DF,Ibope,21-23/09,Chico Sant'anna (Psol),2.0,duas_mencoes_agregadas,False,False,2010-10-02T07:00:00-03:00,https://www.congressoemfoco.com.br/noticia/82698/a-disputa-para-o-senado-estado-por-estado
2010-DF-020,2010,DF,Ibope,21-23/09,Jorge Antunes (Psol),1.0,duas_mencoes_agregadas,False,False,2010-10-02T07:00:00-03:00,https://www.congressoemfoco.com.br/noticia/82698/a-disputa-para-o-senado-estado-por-estado
2010-DF-020,2010,DF,Ibope,21-23/09,Pastor Milton Tadashi (PTN),1.0,duas_mencoes_agregadas,False,False,2010-10-02T07:00:00-03:00,https://www.congressoemfoco.com.br/noticia/82698/a-disputa-para-o-senado-estado-por-estado
2010-DF-020,2010,DF,Ibope,21-23/09,Moacir Bueno (PV),1.0,duas_mencoes_agregadas,False,False,2010-10-02T07:00:00-03:00,https://www.congressoemfoco.com.br/noticia/82698/a-disputa-para-o-senado-estado-por-estado
2010-DF-020,2010,DF,Ibope,21-23/09,Robson (PSTU),1.0,duas_mencoes_agregadas,False,False,2010-10-02T07:00:00-03:00,https://www.congressoemfoco.com.br/noticia/82698/a-disputa-para-o-senado-estado-por-estado
2010-DF-021,2010,DF,Datafolha,21-22/09,Cristovam Buarque (PDT),45.0,duas_mencoes_agregadas,False,False,2010-10-02T07:00:00-03:00,https://www.congressoemfoco.com.br/noticia/82698/a-disputa-para-o-senado-estado-por-estado
2010-DF-021,2010,DF,Datafolha,21-22/09,Rodrigo Rollemberg (PSB),36.0,duas_mencoes_agregadas,False,False,2010-10-02T07:00:00-03:00,https://www.congressoemfoco.com.br/noticia/82698/a-disputa-para-o-senado-estado-por-estado
2010-DF-021,2010,DF,Datafolha,21-22/09,Maria Abadia (PSDB),22.0,duas_mencoes_agregadas,False,False,2010-10-02T07:00:00-03:00,https://www.congressoemfoco.com.br/noticia/82698/a-disputa-para-o-senado-estado-por-estado
2010-DF-021,2010,DF,Datafolha,21-22/09,Alberto Fraga (DEM),18.0,duas_mencoes_agregadas,False,False,2010-10-02T07:00:00-03:00,https://www.congressoemfoco.com.br/noticia/82698/a-disputa-para-o-senado-estado-por-estado
2010-DF-021,2010,DF,Datafolha,21-22/09,Chico Sant'anna (Psol),2.0,duas_mencoes_agregadas,False,False,2010-10-02T07:00:00-03:00,https://www.congressoemfoco.com.br/noticia/82698/a-disputa-para-o-senado-estado-por-estado
2010-DF-021,2010,DF,Datafolha,21-22/09,Pastor Milton Tadashi (PTN),2.0,duas_mencoes_agregadas,False,False,2010-10-02T07:00:00-03:00,https://www.congressoemfoco.com.br/noticia/82698/a-disputa-para-o-senado-estado-por-estado
2010-DF-021,2010,DF,Datafolha,21-22/09,Rosana Chaib (PCB),1.0,duas_mencoes_agregadas,False,False,2010-10-02T07:00:00-03:00,https://www.congressoemfoco.com.br/noticia/82698/a-disputa-para-o-senado-estado-por-estado
2010-ES-022,2010,ES,Flexconsult,26-28/09,Magno Malta (PR),68.0,duas_mencoes_agregadas,False,False,2010-10-02T07:00:00-03:00,https://www.congressoemfoco.com.br/noticia/82698/a-disputa-para-o-senado-estado-por-estado
2010-ES-022,2010,ES,Flexconsult,26-28/09,Ricardo Ferraço (PMDB),58.1,duas_mencoes_agregadas,False,False,2010-10-02T07:00:00-03:00,https://www.congressoemfoco.com.br/noticia/82698/a-disputa-para-o-senado-estado-por-estado
2010-ES-022,2010,ES,Flexconsult,26-28/09,Rita Camata (PSDB),25.7,duas_mencoes_agregadas,False,False,2010-10-02T07:00:00-03:00,https://www.congressoemfoco.com.br/noticia/82698/a-disputa-para-o-senado-estado-por-estado
2010-ES-022,2010,ES,Flexconsult,26-28/09,Professor Renato (Psol),8.8,duas_mencoes_agregadas,False,False,2010-10-02T07:00:00-03:00,https://www.congressoemfoco.com.br/noticia/82698/a-disputa-para-o-senado-estado-por-estado
2010-ES-022,2010,ES,Flexconsult,26-28/09,José Carlos Gratz (PSL),4.4,duas_mencoes_agregadas,False,False,2010-10-02T07:00:00-03:00,https://www.congressoemfoco.com.br/noticia/82698/a-disputa-para-o-senado-estado-por-estado
2010-ES-023,2010,ES,Visão,20-22/09,Magno Malta (PR),66.4,duas_mencoes_agregadas,False,False,2010-10-02T07:00:00-03:00,https://www.congressoemfoco.com.br/noticia/82698/a-disputa-para-o-senado-estado-por-estado
2010-ES-023,2010,ES,Visão,20-22/09,Ricardo Ferraço (PMDB),59.3,duas_mencoes_agregadas,False,False,2010-10-02T07:00:00-03:00,https://www.congressoemfoco.com.br/noticia/82698/a-disputa-para-o-senado-estado-por-estado
2010-ES-023,2010,ES,Visão,20-22/09,Rita Camata (PSDB),28.8,duas_mencoes_agregadas,False,False,2010-10-02T07:00:00-03:00,https://www.congressoemfoco.com.br/noticia/82698/a-disputa-para-o-senado-estado-por-estado
2010-ES-023,2010,ES,Visão,20-22/09,Professor Renato (Psol),9.4,duas_mencoes_agregadas,False,False,2010-10-02T07:00:00-03:00,https://www.congressoemfoco.com.br/noticia/82698/a-disputa-para-o-senado-estado-por-estado
2010-ES-023,2010,ES,Visão,20-22/09,José Carlos Gratz (PSL),5.1,duas_mencoes_agregadas,False,False,2010-10-02T07:00:00-03:00,https://www.congressoemfoco.com.br/noticia/82698/a-disputa-para-o-senado-estado-por-estado
2010-ES-024,2010,ES,Ibope,07-09/09,Magno Malta (PR),59.0,duas_mencoes_agregadas,False,False,2010-10-02T07:00:00-03:00,https://www.congressoemfoco.com.br/noticia/82698/a-disputa-para-o-senado-estado-por-estado
2010-ES-024,2010,ES,Ibope,07-09/09,Ricardo Ferraço (PMDB),52.0,duas_mencoes_agregadas,False,False,2010-10-02T07:00:00-03:00,https://www.congressoemfoco.com.br/noticia/82698/a-disputa-para-o-senado-estado-por-estado
2010-ES-024,2010,ES,Ibope,07-09/09,Rita Camata (PSDB),24.0,duas_mencoes_agregadas,False,False,2010-10-02T07:00:00-03:00,https://www.congressoemfoco.com.br/noticia/82698/a-disputa-para-o-senado-estado-por-estado
2010-ES-024,2010,ES,Ibope,07-09/09,José Carlos Gratz (PSL),5.0,duas_mencoes_agregadas,False,False,2010-10-02T07:00:00-03:00,https://www.congressoemfoco.com.br/noticia/82698/a-disputa-para-o-senado-estado-por-estado
2010-ES-024,2010,ES,Ibope,07-09/09,Professor Renato (Psol),5.0,duas_mencoes_agregadas,False,False,2010-10-02T07:00:00-03:00,https://www.congressoemfoco.com.br/noticia/82698/a-disputa-para-o-senado-estado-por-estado
2010-GO-025,2010,GO,Serpes,25-27/09,Demóstenes Torres (DEM),32.5,nao_identificado,False,False,2010-10-02T07:00:00-03:00,https://www.congressoemfoco.com.br/noticia/82698/a-disputa-para-o-senado-estado-por-estado
2010-GO-025,2010,GO,Serpes,25-27/09,Lúcia Vânia (PSDB),22.99,nao_identificado,False,False,2010-10-02T07:00:00-03:00,https://www.congressoemfoco.com.br/noticia/82698/a-disputa-para-o-senado-estado-por-estado
2010-GO-025,2010,GO,Serpes,25-27/09,Pedro Wilson (PT),9.7,nao_identificado,False,False,2010-10-02T07:00:00-03:00,https://www.congressoemfoco.com.br/noticia/82698/a-disputa-para-o-senado-estado-por-estado
2010-GO-025,2010,GO,Serpes,25-27/09,Adib Elias (PMDB),4.4,nao_identificado,False,False,2010-10-02T07:00:00-03:00,https://www.congressoemfoco.com.br/noticia/82698/a-disputa-para-o-senado-estado-por-estado
2010-GO-025,2010,GO,Serpes,25-27/09,Paulo Roberto Cunha (PP),3.6,nao_identificado,False,False,2010-10-02T07:00:00-03:00,https://www.congressoemfoco.com.br/noticia/82698/a-disputa-para-o-senado-estado-por-estado
2010-GO-025,2010,GO,Serpes,25-27/09,Elias Vaz (Psol),1.0,nao_identificado,False,False,2010-10-02T07:00:00-03:00,https://www.congressoemfoco.com.br/noticia/82698/a-disputa-para-o-senado-estado-por-estado
2010-GO-025,2010,GO,Serpes,25-27/09,Rubens Donizzeti (PSTU),0.6,nao_identificado,False,False,2010-10-02T07:00:00-03:00,https://www.congressoemfoco.com.br/noticia/82698/a-disputa-para-o-senado-estado-por-estado
2010-GO-025,2010,GO,Serpes,25-27/09,Bernardo Bispo (PCB),0.5,nao_identificado,False,False,2010-10-02T07:00:00-03:00,https://www.congressoemfoco.com.br/noticia/82698/a-disputa-para-o-senado-estado-por-estado
2010-GO-026,2010,GO,Ibope,21-23/09,Demóstenes Torres (DEM),52.0,duas_mencoes_agregadas,False,False,2010-10-02T07:00:00-03:00,https://www.congressoemfoco.com.br/noticia/82698/a-disputa-para-o-senado-estado-por-estado
2010-GO-026,2010,GO,Ibope,21-23/09,Lúcia Vânia (PSDB),39.0,duas_mencoes_agregadas,False,False,2010-10-02T07:00:00-03:00,https://www.congressoemfoco.com.br/noticia/82698/a-disputa-para-o-senado-estado-por-estado
2010-GO-026,2010,GO,Ibope,21-23/09,Pedro Wilson (PT),18.0,duas_mencoes_agregadas,False,False,2010-10-02T07:00:00-03:00,https://www.congressoemfoco.com.br/noticia/82698/a-disputa-para-o-senado-estado-por-estado
2010-GO-026,2010,GO,Ibope,21-23/09,Adib Elias (PMDB),11.0,duas_mencoes_agregadas,False,False,2010-10-02T07:00:00-03:00,https://www.congressoemfoco.com.br/noticia/82698/a-disputa-para-o-senado-estado-por-estado
2010-GO-026,2010,GO,Ibope,21-23/09,Renner (PP),7.0,duas_mencoes_agregadas,False,False,2010-10-02T07:00:00-03:00,https://www.congressoemfoco.com.br/noticia/82698/a-disputa-para-o-senado-estado-por-estado
2010-GO-026,2010,GO,Ibope,21-23/09,Paulo Roberto Cunha (PP),6.0,duas_mencoes_agregadas,False,False,2010-10-02T07:00:00-03:00,https://www.congressoemfoco.com.br/noticia/82698/a-disputa-para-o-senado-estado-por-estado
2010-GO-026,2010,GO,Ibope,21-23/09,Elias Vaz (Psol),3.0,duas_mencoes_agregadas,False,False,2010-10-02T07:00:00-03:00,https://www.congressoemfoco.com.br/noticia/82698/a-disputa-para-o-senado-estado-por-estado
2010-GO-026,2010,GO,Ibope,21-23/09,Rubens Donizzeti (PSTU),1.0,duas_mencoes_agregadas,False,False,2010-10-02T07:00:00-03:00,https://www.congressoemfoco.com.br/noticia/82698/a-disputa-para-o-senado-estado-por-estado
2010-GO-026,2010,GO,Ibope,21-23/09,Bernardo Bispo (PCB),1.0,duas_mencoes_agregadas,False,False,2010-10-02T07:00:00-03:00,https://www.congressoemfoco.com.br/noticia/82698/a-disputa-para-o-senado-estado-por-estado
2010-GO-027,2010,GO,Ibope,07-09/09,Demóstenes Torres (DEM),49.0,duas_mencoes_agregadas,False,False,2010-10-02T07:00:00-03:00,https://www.congressoemfoco.com.br/noticia/82698/a-disputa-para-o-senado-estado-por-estado
2010-GO-027,2010,GO,Ibope,07-09/09,Lúcia Vânia (PSDB),39.0,duas_mencoes_agregadas,False,False,2010-10-02T07:00:00-03:00,https://www.congressoemfoco.com.br/noticia/82698/a-disputa-para-o-senado-estado-por-estado
2010-GO-027,2010,GO,Ibope,07-09/09,Pedro Wilson (PT),15.0,duas_mencoes_agregadas,False,False,2010-10-02T07:00:00-03:00,https://www.congressoemfoco.com.br/noticia/82698/a-disputa-para-o-senado-estado-por-estado
2010-GO-027,2010,GO,Ibope,07-09/09,Paulo Roberto Cunha (PP),7.0,duas_mencoes_agregadas,False,False,2010-10-02T07:00:00-03:00,https://www.congressoemfoco.com.br/noticia/82698/a-disputa-para-o-senado-estado-por-estado
2010-GO-027,2010,GO,Ibope,07-09/09,Adib Elias (PMDB),7.0,duas_mencoes_agregadas,False,False,2010-10-02T07:00:00-03:00,https://www.congressoemfoco.com.br/noticia/82698/a-disputa-para-o-senado-estado-por-estado
2010-GO-027,2010,GO,Ibope,07-09/09,Renner (PP),6.0,duas_mencoes_agregadas,False,False,2010-10-02T07:00:00-03:00,https://www.congressoemfoco.com.br/noticia/82698/a-disputa-para-o-senado-estado-por-estado
2010-GO-027,2010,GO,Ibope,07-09/09,Elias Vaz (Psol),3.0,duas_mencoes_agregadas,False,False,2010-10-02T07:00:00-03:00,https://www.congressoemfoco.com.br/noticia/82698/a-disputa-para-o-senado-estado-por-estado
2010-GO-027,2010,GO,Ibope,07-09/09,Rubens Donizzeti (PSTU),2.0,duas_mencoes_agregadas,False,False,2010-10-02T07:00:00-03:00,https://www.congressoemfoco.com.br/noticia/82698/a-disputa-para-o-senado-estado-por-estado
2010-GO-027,2010,GO,Ibope,07-09/09,Bernardo Bispo (PCB),1.0,duas_mencoes_agregadas,False,False,2010-10-02T07:00:00-03:00,https://www.congressoemfoco.com.br/noticia/82698/a-disputa-para-o-senado-estado-por-estado
2010-MA-028,2010,MA,Escutec,18-21/09,Edison Lobão (PMDB),54.8,duas_mencoes_agregadas,False,False,2010-10-02T07:00:00-03:00,https://www.congressoemfoco.com.br/noticia/82698/a-disputa-para-o-senado-estado-por-estado
2010-MA-028,2010,MA,Escutec,18-21/09,João Alberto,39.3,duas_mencoes_agregadas,False,False,2010-10-02T07:00:00-03:00,https://www.congressoemfoco.com.br/noticia/82698/a-disputa-para-o-senado-estado-por-estado
2010-MA-028,2010,MA,Escutec,18-21/09,Zé Reinaldo (PSB),25.1,duas_mencoes_agregadas,False,False,2010-10-02T07:00:00-03:00,https://www.congressoemfoco.com.br/noticia/82698/a-disputa-para-o-senado-estado-por-estado
2010-MA-028,2010,MA,Escutec,18-21/09,Edson Vidigal (PSDB),28.0,duas_mencoes_agregadas,False,False,2010-10-02T07:00:00-03:00,https://www.congressoemfoco.com.br/noticia/82698/a-disputa-para-o-senado-estado-por-estado
2010-MA-028,2010,MA,Escutec,18-21/09,Roberto Rocha (PSDB),17.9,duas_mencoes_agregadas,False,False,2010-10-02T07:00:00-03:00,https://www.congressoemfoco.com.br/noticia/82698/a-disputa-para-o-senado-estado-por-estado
2010-MA-028,2010,MA,Escutec,18-21/09,Professor Adonilson (PC do B),1.8,duas_mencoes_agregadas,False,False,2010-10-02T07:00:00-03:00,https://www.congressoemfoco.com.br/noticia/82698/a-disputa-para-o-senado-estado-por-estado
2010-MA-028,2010,MA,Escutec,18-21/09,Noleto (PSTU),1.4,duas_mencoes_agregadas,False,False,2010-10-02T07:00:00-03:00,https://www.congressoemfoco.com.br/noticia/82698/a-disputa-para-o-senado-estado-por-estado
2010-MA-028,2010,MA,Escutec,18-21/09,Charles Vieira (PCB),1.0,duas_mencoes_agregadas,False,False,2010-10-02T07:00:00-03:00,https://www.congressoemfoco.com.br/noticia/82698/a-disputa-para-o-senado-estado-por-estado
2010-MA-028,2010,MA,Escutec,18-21/09,Professora Socorro (Psol),0.4,duas_mencoes_agregadas,False,False,2010-10-02T07:00:00-03:00,https://www.congressoemfoco.com.br/noticia/82698/a-disputa-para-o-senado-estado-por-estado
2010-MA-028,2010,MA,Escutec,18-21/09,Claudicea Durans (PSTU),0.3,duas_mencoes_agregadas,False,False,2010-10-02T07:00:00-03:00,https://www.congressoemfoco.com.br/noticia/82698/a-disputa-para-o-senado-estado-por-estado
2010-MA-028,2010,MA,Escutec,18-21/09,Paulo Rios (Psol),0.3,duas_mencoes_agregadas,False,False,2010-10-02T07:00:00-03:00,https://www.congressoemfoco.com.br/noticia/82698/a-disputa-para-o-senado-estado-por-estado
2010-MA-029,2010,MA,Ibope,14-16/09,Edison Lobão (PMDB),42.0,duas_mencoes_agregadas,False,False,2010-10-02T07:00:00-03:00,https://www.congressoemfoco.com.br/noticia/82698/a-disputa-para-o-senado-estado-por-estado
2010-MA-029,2010,MA,Ibope,14-16/09,João Alberto,33.0,duas_mencoes_agregadas,False,False,2010-10-02T07:00:00-03:00,https://www.congressoemfoco.com.br/noticia/82698/a-disputa-para-o-senado-estado-por-estado
2010-MA-029,2010,MA,Ibope,14-16/09,Zé Reinaldo (PSB),16.0,duas_mencoes_agregadas,False,False,2010-10-02T07:00:00-03:00,https://www.congressoemfoco.com.br/noticia/82698/a-disputa-para-o-senado-estado-por-estado
2010-MA-029,2010,MA,Ibope,14-16/09,Edson Vidigal (PSDB),11.0,duas_mencoes_agregadas,False,False,2010-10-02T07:00:00-03:00,https://www.congressoemfoco.com.br/noticia/82698/a-disputa-para-o-senado-estado-por-estado
2010-MA-029,2010,MA,Ibope,14-16/09,Roberto Rocha (PSDB),10.0,duas_mencoes_agregadas,False,False,2010-10-02T07:00:00-03:00,https://www.congressoemfoco.com.br/noticia/82698/a-disputa-para-o-senado-estado-por-estado
2010-MA-029,2010,MA,Ibope,14-16/09,Noleto (PSTU),2.0,duas_mencoes_agregadas,False,False,2010-10-02T07:00:00-03:00,https://www.congressoemfoco.com.br/noticia/82698/a-disputa-para-o-senado-estado-por-estado
2010-MA-029,2010,MA,Ibope,14-16/09,Charles Vieira (PCB),1.0,duas_mencoes_agregadas,False,False,2010-10-02T07:00:00-03:00,https://www.congressoemfoco.com.br/noticia/82698/a-disputa-para-o-senado-estado-por-estado
2010-MA-029,2010,MA,Ibope,14-16/09,Claudicea Durans (PSTU),1.0,duas_mencoes_agregadas,False,False,2010-10-02T07:00:00-03:00,https://www.congressoemfoco.com.br/noticia/82698/a-disputa-para-o-senado-estado-por-estado
2010-MA-029,2010,MA,Ibope,14-16/09,Paulo Rios (Psol),1.0,duas_mencoes_agregadas,False,False,2010-10-02T07:00:00-03:00,https://www.congressoemfoco.com.br/noticia/82698/a-disputa-para-o-senado-estado-por-estado
2010-MA-029,2010,MA,Ibope,14-16/09,Professor Adonilson (PC do B),1.0,duas_mencoes_agregadas,False,False,2010-10-02T07:00:00-03:00,https://www.congressoemfoco.com.br/noticia/82698/a-disputa-para-o-senado-estado-por-estado
2010-MA-029,2010,MA,Ibope,14-16/09,Professora Socorro (Psol),1.0,duas_mencoes_agregadas,False,False,2010-10-02T07:00:00-03:00,https://www.congressoemfoco.com.br/noticia/82698/a-disputa-para-o-senado-estado-por-estado
2010-MA-030,2010,MA,Ibope,24-29/08,Edison Lobão (PMDB),39.0,duas_mencoes_agregadas,False,False,2010-10-02T07:00:00-03:00,https://www.congressoemfoco.com.br/noticia/82698/a-disputa-para-o-senado-estado-por-estado
2010-MA-030,2010,MA,Ibope,24-29/08,João Alberto,28.0,duas_mencoes_agregadas,False,False,2010-10-02T07:00:00-03:00,https://www.congressoemfoco.com.br/noticia/82698/a-disputa-para-o-senado-estado-por-estado
2010-MA-030,2010,MA,Ibope,24-29/08,Zé Reinaldo (PSB),16.0,duas_mencoes_agregadas,False,False,2010-10-02T07:00:00-03:00,https://www.congressoemfoco.com.br/noticia/82698/a-disputa-para-o-senado-estado-por-estado
2010-MA-030,2010,MA,Ibope,24-29/08,Edson Vidigal (PSDB),10.0,duas_mencoes_agregadas,False,False,2010-10-02T07:00:00-03:00,https://www.congressoemfoco.com.br/noticia/82698/a-disputa-para-o-senado-estado-por-estado
2010-MA-030,2010,MA,Ibope,24-29/08,Roberto Rocha (PSDB),7.0,duas_mencoes_agregadas,False,False,2010-10-02T07:00:00-03:00,https://www.congressoemfoco.com.br/noticia/82698/a-disputa-para-o-senado-estado-por-estado
2010-MA-030,2010,MA,Ibope,24-29/08,Noleto (PSTU),2.0,duas_mencoes_agregadas,False,False,2010-10-02T07:00:00-03:00,https://www.congressoemfoco.com.br/noticia/82698/a-disputa-para-o-senado-estado-por-estado
2010-MA-030,2010,MA,Ibope,24-29/08,Professora Socorro (Psol),2.0,duas_mencoes_agregadas,False,False,2010-10-02T07:00:00-03:00,https://www.congressoemfoco.com.br/noticia/82698/a-disputa-para-o-senado-estado-por-estado
2010-MA-030,2010,MA,Ibope,24-29/08,Charles Vieira (PCB),1.0,duas_mencoes_agregadas,False,False,2010-10-02T07:00:00-03:00,https://www.congressoemfoco.com.br/noticia/82698/a-disputa-para-o-senado-estado-por-estado
2010-MA-030,2010,MA,Ibope,24-29/08,Paulo Rios (Psol),1.0,duas_mencoes_agregadas,False,False,2010-10-02T07:00:00-03:00,https://www.congressoemfoco.com.br/noticia/82698/a-disputa-para-o-senado-estado-por-estado
2010-MA-030,2010,MA,Ibope,24-29/08,Professor Adonilson (PC do B),1.0,duas_mencoes_agregadas,False,False,2010-10-02T07:00:00-03:00,https://www.congressoemfoco.com.br/noticia/82698/a-disputa-para-o-senado-estado-por-estado
2010-MT-031,2010,MT,Gazeta Dados,25-26/09,Blairo Maggi (PR),64.0,duas_mencoes_agregadas,False,False,2010-10-02T07:00:00-03:00,https://www.congressoemfoco.com.br/noticia/82698/a-disputa-para-o-senado-estado-por-estado
2010-MT-031,2010,MT,Gazeta Dados,25-26/09,Carlos Abicalil (PT),29.0,duas_mencoes_agregadas,False,False,2010-10-02T07:00:00-03:00,https://www.congressoemfoco.com.br/noticia/82698/a-disputa-para-o-senado-estado-por-estado
2010-MT-031,2010,MT,Gazeta Dados,25-26/09,Antero Paes de Barros (PSDB),28.0,duas_mencoes_agregadas,False,False,2010-10-02T07:00:00-03:00,https://www.congressoemfoco.com.br/noticia/82698/a-disputa-para-o-senado-estado-por-estado
2010-MT-031,2010,MT,Gazeta Dados,25-26/09,Pedro Taques (PDT),28.0,duas_mencoes_agregadas,False,False,2010-10-02T07:00:00-03:00,https://www.congressoemfoco.com.br/noticia/82698/a-disputa-para-o-senado-estado-por-estado
2010-MT-032,2010,MT,Ibope,21-23/09,Blairo Maggi (PR),67.0,duas_mencoes_agregadas,False,False,2010-10-02T07:00:00-03:00,https://www.congressoemfoco.com.br/noticia/82698/a-disputa-para-o-senado-estado-por-estado
2010-MT-032,2010,MT,Ibope,21-23/09,Carlos Abicalil (PT),36.0,duas_mencoes_agregadas,False,False,2010-10-02T07:00:00-03:00,https://www.congressoemfoco.com.br/noticia/82698/a-disputa-para-o-senado-estado-por-estado
2010-MT-032,2010,MT,Ibope,21-23/09,Antero Paes de Barros (PSDB),24.0,duas_mencoes_agregadas,False,False,2010-10-02T07:00:00-03:00,https://www.congressoemfoco.com.br/noticia/82698/a-disputa-para-o-senado-estado-por-estado
2010-MT-032,2010,MT,Ibope,21-23/09,Pedro Taques (PDT),21.0,duas_mencoes_agregadas,False,False,2010-10-02T07:00:00-03:00,https://www.congressoemfoco.com.br/noticia/82698/a-disputa-para-o-senado-estado-por-estado
2010-MT-032,2010,MT,Ibope,21-23/09,Procurador Mauro (Psol),7.0,duas_mencoes_agregadas,False,False,2010-10-02T07:00:00-03:00,https://www.congressoemfoco.com.br/noticia/82698/a-disputa-para-o-senado-estado-por-estado
2010-MT-032,2010,MT,Ibope,21-23/09,Jorge Yanai (DEM),6.0,duas_mencoes_agregadas,False,False,2010-10-02T07:00:00-03:00,https://www.congressoemfoco.com.br/noticia/82698/a-disputa-para-o-senado-estado-por-estado
2010-MT-032,2010,MT,Ibope,21-23/09,Naildo (PV),1.0,duas_mencoes_agregadas,False,False,2010-10-02T07:00:00-03:00,https://www.congressoemfoco.com.br/noticia/82698/a-disputa-para-o-senado-estado-por-estado
2010-MT-033,2010,MT,Ibope,31/08,02/09 - Blairo Maggi (PR),71.0,duas_mencoes_agregadas,False,False,2010-10-02T07:00:00-03:00,https://www.congressoemfoco.com.br/noticia/82698/a-disputa-para-o-senado-estado-por-estado
2010-MT-033,2010,MT,Ibope,31/08,Carlos Abicalil (PT),32.0,duas_mencoes_agregadas,False,False,2010-10-02T07:00:00-03:00,https://www.congressoemfoco.com.br/noticia/82698/a-disputa-para-o-senado-estado-por-estado
2010-MT-033,2010,MT,Ibope,31/08,Antero Paes de Barros (PSDB),27.0,duas_mencoes_agregadas,False,False,2010-10-02T07:00:00-03:00,https://www.congressoemfoco.com.br/noticia/82698/a-disputa-para-o-senado-estado-por-estado
2010-MT-033,2010,MT,Ibope,31/08,Pedro Taques (PDT),15.0,duas_mencoes_agregadas,False,False,2010-10-02T07:00:00-03:00,https://www.congressoemfoco.com.br/noticia/82698/a-disputa-para-o-senado-estado-por-estado
2010-MT-033,2010,MT,Ibope,31/08,Procurador Mauro (Psol),4.0,duas_mencoes_agregadas,False,False,2010-10-02T07:00:00-03:00,https://www.congressoemfoco.com.br/noticia/82698/a-disputa-para-o-senado-estado-por-estado
2010-MT-033,2010,MT,Ibope,31/08,Jorge Yanai (DEM),2.0,duas_mencoes_agregadas,False,False,2010-10-02T07:00:00-03:00,https://www.congressoemfoco.com.br/noticia/82698/a-disputa-para-o-senado-estado-por-estado
2010-MT-033,2010,MT,Ibope,31/08,Naildo (PV),1.0,duas_mencoes_agregadas,False,False,2010-10-02T07:00:00-03:00,https://www.congressoemfoco.com.br/noticia/82698/a-disputa-para-o-senado-estado-por-estado
2010-MS-034,2010,MS,Ibope,21-23/09,Delcídio do Amaral (PT),63.0,duas_mencoes_agregadas,False,False,2010-10-02T07:00:00-03:00,https://www.congressoemfoco.com.br/noticia/82698/a-disputa-para-o-senado-estado-por-estado
2010-MS-034,2010,MS,Ibope,21-23/09,Dagoberto Nogueira (PDT),37.0,duas_mencoes_agregadas,False,False,2010-10-02T07:00:00-03:00,https://www.congressoemfoco.com.br/noticia/82698/a-disputa-para-o-senado-estado-por-estado
2010-MS-034,2010,MS,Ibope,21-23/09,Valdemir Moka (PMDB),32.0,duas_mencoes_agregadas,False,False,2010-10-02T07:00:00-03:00,https://www.congressoemfoco.com.br/noticia/82698/a-disputa-para-o-senado-estado-por-estado
2010-MS-034,2010,MS,Ibope,21-23/09,Murilo Zaiuth (DEM),29.0,duas_mencoes_agregadas,False,False,2010-10-02T07:00:00-03:00,https://www.congressoemfoco.com.br/noticia/82698/a-disputa-para-o-senado-estado-por-estado
2010-MS-034,2010,MS,Ibope,21-23/09,Jorge Batista (Psol),1.0,duas_mencoes_agregadas,False,False,2010-10-02T07:00:00-03:00,https://www.congressoemfoco.com.br/noticia/82698/a-disputa-para-o-senado-estado-por-estado
2010-MS-035,2010,MS,Ibrape,17-19/09,Delcídio do Amaral (PT),64.0,duas_mencoes_agregadas,False,False,2010-10-02T07:00:00-03:00,https://www.congressoemfoco.com.br/noticia/82698/a-disputa-para-o-senado-estado-por-estado
2010-MS-035,2010,MS,Ibrape,17-19/09,Dagoberto Nogueira (PDT),38.0,duas_mencoes_agregadas,False,False,2010-10-02T07:00:00-03:00,https://www.congressoemfoco.com.br/noticia/82698/a-disputa-para-o-senado-estado-por-estado
2010-MS-035,2010,MS,Ibrape,17-19/09,Valdemir Moka (PMDB),38.0,duas_mencoes_agregadas,False,False,2010-10-02T07:00:00-03:00,https://www.congressoemfoco.com.br/noticia/82698/a-disputa-para-o-senado-estado-por-estado
2010-MS-035,2010,MS,Ibrape,17-19/09,Murilo Zaiuth (DEM),25.0,duas_mencoes_agregadas,False,False,2010-10-02T07:00:00-03:00,https://www.congressoemfoco.com.br/noticia/82698/a-disputa-para-o-senado-estado-por-estado
2010-MS-035,2010,MS,Ibrape,17-19/09,Jorge Batista (Psol),2.0,duas_mencoes_agregadas,False,False,2010-10-02T07:00:00-03:00,https://www.congressoemfoco.com.br/noticia/82698/a-disputa-para-o-senado-estado-por-estado
2010-MS-036,2010,MS,Ibope,31/08,02/09 - Delcídio do Amaral (PT),64.0,duas_mencoes_agregadas,False,False,2010-10-02T07:00:00-03:00,https://www.congressoemfoco.com.br/noticia/82698/a-disputa-para-o-senado-estado-por-estado
2010-MS-036,2010,MS,Ibope,31/08,Dagoberto Nogueira (PDT),35.0,duas_mencoes_agregadas,False,False,2010-10-02T07:00:00-03:00,https://www.congressoemfoco.com.br/noticia/82698/a-disputa-para-o-senado-estado-por-estado
2010-MS-036,2010,MS,Ibope,31/08,Valdemir Moka (PMDB),30.0,duas_mencoes_agregadas,False,False,2010-10-02T07:00:00-03:00,https://www.congressoemfoco.com.br/noticia/82698/a-disputa-para-o-senado-estado-por-estado
2010-MS-036,2010,MS,Ibope,31/08,Murilo Zaiuth (DEM),18.0,duas_mencoes_agregadas,False,False,2010-10-02T07:00:00-03:00,https://www.congressoemfoco.com.br/noticia/82698/a-disputa-para-o-senado-estado-por-estado
2010-MS-036,2010,MS,Ibope,31/08,Jorge Batista (Psol),1.0,duas_mencoes_agregadas,False,False,2010-10-02T07:00:00-03:00,https://www.congressoemfoco.com.br/noticia/82698/a-disputa-para-o-senado-estado-por-estado
2010-MG-037,2010,MG,Datafolha,28-29/09,Aécio Neves (PSDB),67.0,duas_mencoes_agregadas,False,False,2010-10-02T07:00:00-03:00,https://www.congressoemfoco.com.br/noticia/82698/a-disputa-para-o-senado-estado-por-estado
2010-MG-037,2010,MG,Datafolha,28-29/09,Itamar Franco (PPS),43.0,duas_mencoes_agregadas,False,False,2010-10-02T07:00:00-03:00,https://www.congressoemfoco.com.br/noticia/82698/a-disputa-para-o-senado-estado-por-estado
2010-MG-037,2010,MG,Datafolha,28-29/09,Fernando Pimentel (PT),34.0,duas_mencoes_agregadas,False,False,2010-10-02T07:00:00-03:00,https://www.congressoemfoco.com.br/noticia/82698/a-disputa-para-o-senado-estado-por-estado
2010-MG-037,2010,MG,Datafolha,28-29/09,Zito Vieira (PCdoB),4.0,duas_mencoes_agregadas,False,False,2010-10-02T07:00:00-03:00,https://www.congressoemfoco.com.br/noticia/82698/a-disputa-para-o-senado-estado-por-estado
2010-MG-037,2010,MG,Datafolha,28-29/09,Marilda Ribeiro (Psol),2.0,duas_mencoes_agregadas,False,False,2010-10-02T07:00:00-03:00,https://www.congressoemfoco.com.br/noticia/82698/a-disputa-para-o-senado-estado-por-estado
2010-MG-037,2010,MG,Datafolha,28-29/09,Miguel Martini (PHS),2.0,duas_mencoes_agregadas,False,False,2010-10-02T07:00:00-03:00,https://www.congressoemfoco.com.br/noticia/82698/a-disputa-para-o-senado-estado-por-estado
2010-MG-037,2010,MG,Datafolha,28-29/09,Rafael Pimenta (PCB),1.0,duas_mencoes_agregadas,False,False,2010-10-02T07:00:00-03:00,https://www.congressoemfoco.com.br/noticia/82698/a-disputa-para-o-senado-estado-por-estado
2010-MG-037,2010,MG,Datafolha,28-29/09,José João da Silva (PSTU),1.0,duas_mencoes_agregadas,False,False,2010-10-02T07:00:00-03:00,https://www.congressoemfoco.com.br/noticia/82698/a-disputa-para-o-senado-estado-por-estado
2010-MG-037,2010,MG,Datafolha,28-29/09,Betão (PCO),1.0,duas_mencoes_agregadas,False,False,2010-10-02T07:00:00-03:00,https://www.congressoemfoco.com.br/noticia/82698/a-disputa-para-o-senado-estado-por-estado
2010-MG-037,2010,MG,Datafolha,28-29/09,Efraim Moura (PSTU),1.0,duas_mencoes_agregadas,False,False,2010-10-02T07:00:00-03:00,https://www.congressoemfoco.com.br/noticia/82698/a-disputa-para-o-senado-estado-por-estado
2010-MG-037,2010,MG,Datafolha,28-29/09,Mineirinho (Psol),1.0,duas_mencoes_agregadas,False,False,2010-10-02T07:00:00-03:00,https://www.congressoemfoco.com.br/noticia/82698/a-disputa-para-o-senado-estado-por-estado
2010-MG-038,2010,MG,Ibope,23-25/09,Aécio Neves (PSDB),69.0,duas_mencoes_agregadas,False,False,2010-10-02T07:00:00-03:00,https://www.congressoemfoco.com.br/noticia/82698/a-disputa-para-o-senado-estado-por-estado
2010-MG-038,2010,MG,Ibope,23-25/09,Itamar Franco (PPS),44.0,duas_mencoes_agregadas,False,False,2010-10-02T07:00:00-03:00,https://www.congressoemfoco.com.br/noticia/82698/a-disputa-para-o-senado-estado-por-estado
2010-MG-038,2010,MG,Ibope,23-25/09,Fernando Pimentel (PT),29.0,duas_mencoes_agregadas,False,False,2010-10-02T07:00:00-03:00,https://www.congressoemfoco.com.br/noticia/82698/a-disputa-para-o-senado-estado-por-estado
2010-MG-038,2010,MG,Ibope,23-25/09,Zito Vieira (PCdoB),3.0,duas_mencoes_agregadas,False,False,2010-10-02T07:00:00-03:00,https://www.congressoemfoco.com.br/noticia/82698/a-disputa-para-o-senado-estado-por-estado
2010-MG-038,2010,MG,Ibope,23-25/09,Miguel Martini (PHS),2.0,duas_mencoes_agregadas,False,False,2010-10-02T07:00:00-03:00,https://www.congressoemfoco.com.br/noticia/82698/a-disputa-para-o-senado-estado-por-estado
2010-MG-039,2010,MG,Ibope,18-20/09,Aécio Neves (PSDB),67.0,duas_mencoes_agregadas,False,False,2010-10-02T07:00:00-03:00,https://www.congressoemfoco.com.br/noticia/82698/a-disputa-para-o-senado-estado-por-estado
2010-MG-039,2010,MG,Ibope,18-20/09,Itamar Franco (PPS),44.0,duas_mencoes_agregadas,False,False,2010-10-02T07:00:00-03:00,https://www.congressoemfoco.com.br/noticia/82698/a-disputa-para-o-senado-estado-por-estado
2010-MG-039,2010,MG,Ibope,18-20/09,Fernando Pimentel (PT),30.0,duas_mencoes_agregadas,False,False,2010-10-02T07:00:00-03:00,https://www.congressoemfoco.com.br/noticia/82698/a-disputa-para-o-senado-estado-por-estado
2010-MG-039,2010,MG,Ibope,18-20/09,Zito Vieira (PCdoB),2.0,duas_mencoes_agregadas,False,False,2010-10-02T07:00:00-03:00,https://www.congressoemfoco.com.br/noticia/82698/a-disputa-para-o-senado-estado-por-estado
2010-PA-040,2010,PA,Ibope,14-16/09,Jader Barbalho (PMDB),42.0,duas_mencoes_agregadas,False,False,2010-10-02T07:00:00-03:00,https://www.congressoemfoco.com.br/noticia/82698/a-disputa-para-o-senado-estado-por-estado
2010-PA-040,2010,PA,Ibope,14-16/09,Flexa Ribeiro (PSDB),33.0,duas_mencoes_agregadas,False,False,2010-10-02T07:00:00-03:00,https://www.congressoemfoco.com.br/noticia/82698/a-disputa-para-o-senado-estado-por-estado
2010-PA-040,2010,PA,Ibope,14-16/09,Paulo Rocha (PT),29.0,duas_mencoes_agregadas,False,False,2010-10-02T07:00:00-03:00,https://www.congressoemfoco.com.br/noticia/82698/a-disputa-para-o-senado-estado-por-estado
2010-PA-040,2010,PA,Ibope,14-16/09,Marinor Brito (Psol),8.0,duas_mencoes_agregadas,False,False,2010-10-02T07:00:00-03:00,https://www.congressoemfoco.com.br/noticia/82698/a-disputa-para-o-senado-estado-por-estado
2010-PA-040,2010,PA,Ibope,14-16/09,Paulo Braga (PSTU),7.0,duas_mencoes_agregadas,False,False,2010-10-02T07:00:00-03:00,https://www.congressoemfoco.com.br/noticia/82698/a-disputa-para-o-senado-estado-por-estado
2010-PA-040,2010,PA,Ibope,14-16/09,Abel Ribeiro (PSTU),3.0,duas_mencoes_agregadas,False,False,2010-10-02T07:00:00-03:00,https://www.congressoemfoco.com.br/noticia/82698/a-disputa-para-o-senado-estado-por-estado
2010-PA-040,2010,PA,Ibope,14-16/09,Professora Neide (PSB),2.0,duas_mencoes_agregadas,False,False,2010-10-02T07:00:00-03:00,https://www.congressoemfoco.com.br/noticia/82698/a-disputa-para-o-senado-estado-por-estado
2010-PA-040,2010,PA,Ibope,14-16/09,João Augusto (Psol),2.0,duas_mencoes_agregadas,False,False,2010-10-02T07:00:00-03:00,https://www.congressoemfoco.com.br/noticia/82698/a-disputa-para-o-senado-estado-por-estado
2010-PA-040,2010,PA,Ibope,14-16/09,Yamada (PTB),2.0,duas_mencoes_agregadas,False,False,2010-10-02T07:00:00-03:00,https://www.congressoemfoco.com.br/noticia/82698/a-disputa-para-o-senado-estado-por-estado
2010-PA-040,2010,PA,Ibope,14-16/09,Savanas (PV),1.0,duas_mencoes_agregadas,False,False,2010-10-02T07:00:00-03:00,https://www.congressoemfoco.com.br/noticia/82698/a-disputa-para-o-senado-estado-por-estado
2010-PA-041,2010,PA,Veritate,09-14/09,Jader Barbalho (PMDB),33.5,nao_identificado,False,False,2010-10-02T07:00:00-03:00,https://www.congressoemfoco.com.br/noticia/82698/a-disputa-para-o-senado-estado-por-estado
2010-PA-041,2010,PA,Veritate,09-14/09,Paulo Rocha (PT),22.4,nao_identificado,False,False,2010-10-02T07:00:00-03:00,https://www.congressoemfoco.com.br/noticia/82698/a-disputa-para-o-senado-estado-por-estado
2010-PA-041,2010,PA,Veritate,09-14/09,Flexa Ribeiro (PSDB),21.3,nao_identificado,False,False,2010-10-02T07:00:00-03:00,https://www.congressoemfoco.com.br/noticia/82698/a-disputa-para-o-senado-estado-por-estado
2010-PA-041,2010,PA,Veritate,09-14/09,Marinor Brito (Psol),4.2,nao_identificado,False,False,2010-10-02T07:00:00-03:00,https://www.congressoemfoco.com.br/noticia/82698/a-disputa-para-o-senado-estado-por-estado
2010-PA-042,2010,PA,Ibope,24-26/09,Jader Barbalho (PMDB),50.0,duas_mencoes_agregadas,False,False,2010-10-02T07:00:00-03:00,https://www.congressoemfoco.com.br/noticia/82698/a-disputa-para-o-senado-estado-por-estado
2010-PA-042,2010,PA,Ibope,24-26/09,Paulo Rocha (PT),28.0,duas_mencoes_agregadas,False,False,2010-10-02T07:00:00-03:00,https://www.congressoemfoco.com.br/noticia/82698/a-disputa-para-o-senado-estado-por-estado
2010-PA-042,2010,PA,Ibope,24-26/09,Flexa Ribeiro (PSDB),23.0,duas_mencoes_agregadas,False,False,2010-10-02T07:00:00-03:00,https://www.congressoemfoco.com.br/noticia/82698/a-disputa-para-o-senado-estado-por-estado
2010-PA-042,2010,PA,Ibope,24-26/09,Marinor Brito (Psol),7.0,duas_mencoes_agregadas,False,False,2010-10-02T07:00:00-03:00,https://www.congressoemfoco.com.br/noticia/82698/a-disputa-para-o-senado-estado-por-estado
2010-PA-042,2010,PA,Ibope,24-26/09,Paulo Braga (PSTU),5.0,duas_mencoes_agregadas,False,False,2010-10-02T07:00:00-03:00,https://www.congressoemfoco.com.br/noticia/82698/a-disputa-para-o-senado-estado-por-estado
2010-PA-042,2010,PA,Ibope,24-26/09,João Augusto (Psol),4.0,duas_mencoes_agregadas,False,False,2010-10-02T07:00:00-03:00,https://www.congressoemfoco.com.br/noticia/82698/a-disputa-para-o-senado-estado-por-estado
2010-PA-042,2010,PA,Ibope,24-26/09,Professora Neide (PSB),3.0,duas_mencoes_agregadas,False,False,2010-10-02T07:00:00-03:00,https://www.congressoemfoco.com.br/noticia/82698/a-disputa-para-o-senado-estado-por-estado
2010-PA-042,2010,PA,Ibope,24-26/09,Abel Ribeiro (PSTU),3.0,duas_mencoes_agregadas,False,False,2010-10-02T07:00:00-03:00,https://www.congressoemfoco.com.br/noticia/82698/a-disputa-para-o-senado-estado-por-estado
2010-PA-042,2010,PA,Ibope,24-26/09,Yamada (PTB),3.0,duas_mencoes_agregadas,False,False,2010-10-02T07:00:00-03:00,https://www.congressoemfoco.com.br/noticia/82698/a-disputa-para-o-senado-estado-por-estado
2010-PA-042,2010,PA,Ibope,24-26/09,Savanas (PV),1.0,duas_mencoes_agregadas,False,False,2010-10-02T07:00:00-03:00,https://www.congressoemfoco.com.br/noticia/82698/a-disputa-para-o-senado-estado-por-estado
2010-PB-043,2010,PB,Ibope,14-16/09,Cássio Cunha Lima (PSDB),49.0,duas_mencoes_agregadas,False,False,2010-10-02T07:00:00-03:00,https://www.congressoemfoco.com.br/noticia/82698/a-disputa-para-o-senado-estado-por-estado
2010-PB-043,2010,PB,Ibope,14-16/09,Vitalzinho (PMDB),33.0,duas_mencoes_agregadas,False,False,2010-10-02T07:00:00-03:00,https://www.congressoemfoco.com.br/noticia/82698/a-disputa-para-o-senado-estado-por-estado
2010-PB-043,2010,PB,Ibope,14-16/09,Efraim Morais (DEM),29.0,duas_mencoes_agregadas,False,False,2010-10-02T07:00:00-03:00,https://www.congressoemfoco.com.br/noticia/82698/a-disputa-para-o-senado-estado-por-estado
2010-PB-043,2010,PB,Ibope,14-16/09,Wilson Santiago (PMDB),24.0,duas_mencoes_agregadas,False,False,2010-10-02T07:00:00-03:00,https://www.congressoemfoco.com.br/noticia/82698/a-disputa-para-o-senado-estado-por-estado
2010-PB-043,2010,PB,Ibope,14-16/09,Vital Farias (PCB),4.0,duas_mencoes_agregadas,False,False,2010-10-02T07:00:00-03:00,https://www.congressoemfoco.com.br/noticia/82698/a-disputa-para-o-senado-estado-por-estado
2010-PB-043,2010,PB,Ibope,14-16/09,Edgard Malagodi (Psol),1.0,duas_mencoes_agregadas,False,False,2010-10-02T07:00:00-03:00,https://www.congressoemfoco.com.br/noticia/82698/a-disputa-para-o-senado-estado-por-estado
2010-PB-043,2010,PB,Ibope,14-16/09,Marcos Dias (Psol),1.0,duas_mencoes_agregadas,False,False,2010-10-02T07:00:00-03:00,https://www.congressoemfoco.com.br/noticia/82698/a-disputa-para-o-senado-estado-por-estado
2010-PB-044,2010,PB,Ibope,24-26/08,Cássio Cunha Lima (PSDB),46.0,duas_mencoes_agregadas,False,False,2010-10-02T07:00:00-03:00,https://www.congressoemfoco.com.br/noticia/82698/a-disputa-para-o-senado-estado-por-estado
2010-PB-044,2010,PB,Ibope,24-26/08,Vitalzinho (PMDB),29.0,duas_mencoes_agregadas,False,False,2010-10-02T07:00:00-03:00,https://www.congressoemfoco.com.br/noticia/82698/a-disputa-para-o-senado-estado-por-estado
2010-PB-044,2010,PB,Ibope,24-26/08,Efraim Morais (DEM),25.0,duas_mencoes_agregadas,False,False,2010-10-02T07:00:00-03:00,https://www.congressoemfoco.com.br/noticia/82698/a-disputa-para-o-senado-estado-por-estado
2010-PB-044,2010,PB,Ibope,24-26/08,Wilson Santiago (PMDB),19.0,duas_mencoes_agregadas,False,False,2010-10-02T07:00:00-03:00,https://www.congressoemfoco.com.br/noticia/82698/a-disputa-para-o-senado-estado-por-estado
2010-PB-044,2010,PB,Ibope,24-26/08,Vital Farias (PCB),3.0,duas_mencoes_agregadas,False,False,2010-10-02T07:00:00-03:00,https://www.congressoemfoco.com.br/noticia/82698/a-disputa-para-o-senado-estado-por-estado
2010-PB-044,2010,PB,Ibope,24-26/08,Maria das Dores (PCO),2.0,duas_mencoes_agregadas,False,False,2010-10-02T07:00:00-03:00,https://www.congressoemfoco.com.br/noticia/82698/a-disputa-para-o-senado-estado-por-estado
2010-PB-044,2010,PB,Ibope,24-26/08,Edgard Malagodi (Psol),1.0,duas_mencoes_agregadas,False,False,2010-10-02T07:00:00-03:00,https://www.congressoemfoco.com.br/noticia/82698/a-disputa-para-o-senado-estado-por-estado
2010-PB-044,2010,PB,Ibope,24-26/08,Marcos Dias (Psol),1.0,duas_mencoes_agregadas,False,False,2010-10-02T07:00:00-03:00,https://www.congressoemfoco.com.br/noticia/82698/a-disputa-para-o-senado-estado-por-estado
2010-PB-045,2010,PB,Índice,14-15/08,Cássio Cunha Lima (PSDB),31.6,nao_identificado,False,False,2010-10-02T07:00:00-03:00,https://www.congressoemfoco.com.br/noticia/82698/a-disputa-para-o-senado-estado-por-estado
2010-PB-045,2010,PB,Índice,14-15/08,"Vitalzinho (PMDB)17,8%, Efraim Morais (DEM)",17.2,nao_identificado,False,False,2010-10-02T07:00:00-03:00,https://www.congressoemfoco.com.br/noticia/82698/a-disputa-para-o-senado-estado-por-estado
2010-PB-045,2010,PB,Índice,14-15/08,Wilson Santiago (PMDB),13.0,nao_identificado,False,False,2010-10-02T07:00:00-03:00,https://www.congressoemfoco.com.br/noticia/82698/a-disputa-para-o-senado-estado-por-estado
2010-PB-045,2010,PB,Índice,14-15/08,Vital Farias (PCB),3.1,nao_identificado,False,False,2010-10-02T07:00:00-03:00,https://www.congressoemfoco.com.br/noticia/82698/a-disputa-para-o-senado-estado-por-estado
2010-PB-045,2010,PB,Índice,14-15/08,Marcos Dias (Psol),1.3,nao_identificado,False,False,2010-10-02T07:00:00-03:00,https://www.congressoemfoco.com.br/noticia/82698/a-disputa-para-o-senado-estado-por-estado
2010-PB-045,2010,PB,Índice,14-15/08,Edgard Malagodi (Psol),1.1,nao_identificado,False,False,2010-10-02T07:00:00-03:00,https://www.congressoemfoco.com.br/noticia/82698/a-disputa-para-o-senado-estado-por-estado
2010-PB-045,2010,PB,Índice,14-15/08,Maria das Dores (PCO),0.6,nao_identificado,False,False,2010-10-02T07:00:00-03:00,https://www.congressoemfoco.com.br/noticia/82698/a-disputa-para-o-senado-estado-por-estado
2010-PR-046,2010,PR,Datafolha,13-14/09,Roberto Requião (PMDB),44.0,duas_mencoes_agregadas,False,False,2010-10-02T07:00:00-03:00,https://www.congressoemfoco.com.br/noticia/82698/a-disputa-para-o-senado-estado-por-estado
2010-PR-046,2010,PR,Datafolha,13-14/09,Gleisi Hoffman (PT),44.0,duas_mencoes_agregadas,False,False,2010-10-02T07:00:00-03:00,https://www.congressoemfoco.com.br/noticia/82698/a-disputa-para-o-senado-estado-por-estado
2010-PR-046,2010,PR,Datafolha,13-14/09,Gustavo Fruet (PSDB),21.0,duas_mencoes_agregadas,False,False,2010-10-02T07:00:00-03:00,https://www.congressoemfoco.com.br/noticia/82698/a-disputa-para-o-senado-estado-por-estado
2010-PR-046,2010,PR,Datafolha,13-14/09,Ricardo Barros (PP),18.0,duas_mencoes_agregadas,False,False,2010-10-02T07:00:00-03:00,https://www.congressoemfoco.com.br/noticia/82698/a-disputa-para-o-senado-estado-por-estado
2010-PR-046,2010,PR,Datafolha,13-14/09,Rubens Hering (PV),3.0,duas_mencoes_agregadas,False,False,2010-10-02T07:00:00-03:00,https://www.congressoemfoco.com.br/noticia/82698/a-disputa-para-o-senado-estado-por-estado
2010-PR-046,2010,PR,Datafolha,13-14/09,Gilberto (PSB),2.0,duas_mencoes_agregadas,False,False,2010-10-02T07:00:00-03:00,https://www.congressoemfoco.com.br/noticia/82698/a-disputa-para-o-senado-estado-por-estado
2010-PR-046,2010,PR,Datafolha,13-14/09,Piva (Psol),1.0,duas_mencoes_agregadas,False,False,2010-10-02T07:00:00-03:00,https://www.congressoemfoco.com.br/noticia/82698/a-disputa-para-o-senado-estado-por-estado
2010-PR-046,2010,PR,Datafolha,13-14/09,Valmor (Psol),1.0,duas_mencoes_agregadas,False,False,2010-10-02T07:00:00-03:00,https://www.congressoemfoco.com.br/noticia/82698/a-disputa-para-o-senado-estado-por-estado
2010-PR-046,2010,PR,Datafolha,13-14/09,Sargento QE Pedroso (PRTB),1.0,duas_mencoes_agregadas,False,False,2010-10-02T07:00:00-03:00,https://www.congressoemfoco.com.br/noticia/82698/a-disputa-para-o-senado-estado-por-estado
2010-PR-047,2010,PR,Datafolha,08-09/09,Roberto Requião (PMDB),47.0,duas_mencoes_agregadas,False,False,2010-10-02T07:00:00-03:00,https://www.congressoemfoco.com.br/noticia/82698/a-disputa-para-o-senado-estado-por-estado
2010-PR-047,2010,PR,Datafolha,08-09/09,Gleisi Hoffman (PT),41.0,duas_mencoes_agregadas,False,False,2010-10-02T07:00:00-03:00,https://www.congressoemfoco.com.br/noticia/82698/a-disputa-para-o-senado-estado-por-estado
2010-PR-047,2010,PR,Datafolha,08-09/09,Gustavo Fruet (PSDB),22.0,duas_mencoes_agregadas,False,False,2010-10-02T07:00:00-03:00,https://www.congressoemfoco.com.br/noticia/82698/a-disputa-para-o-senado-estado-por-estado
2010-PR-047,2010,PR,Datafolha,08-09/09,Ricardo Barros (PP),16.0,duas_mencoes_agregadas,False,False,2010-10-02T07:00:00-03:00,https://www.congressoemfoco.com.br/noticia/82698/a-disputa-para-o-senado-estado-por-estado
2010-PR-047,2010,PR,Datafolha,08-09/09,Sargento Jensen (PRTB),2.0,duas_mencoes_agregadas,False,False,2010-10-02T07:00:00-03:00,https://www.congressoemfoco.com.br/noticia/82698/a-disputa-para-o-senado-estado-por-estado
2010-PR-047,2010,PR,Datafolha,08-09/09,Gilberto (PSB),2.0,duas_mencoes_agregadas,False,False,2010-10-02T07:00:00-03:00,https://www.congressoemfoco.com.br/noticia/82698/a-disputa-para-o-senado-estado-por-estado
2010-PR-047,2010,PR,Datafolha,08-09/09,Rubens Hering (PV),2.0,duas_mencoes_agregadas,False,False,2010-10-02T07:00:00-03:00,https://www.congressoemfoco.com.br/noticia/82698/a-disputa-para-o-senado-estado-por-estado
2010-PR-047,2010,PR,Datafolha,08-09/09,Piva (Psol),2.0,duas_mencoes_agregadas,False,False,2010-10-02T07:00:00-03:00,https://www.congressoemfoco.com.br/noticia/82698/a-disputa-para-o-senado-estado-por-estado
2010-PR-047,2010,PR,Datafolha,08-09/09,Valmor (Psol),1.0,duas_mencoes_agregadas,False,False,2010-10-02T07:00:00-03:00,https://www.congressoemfoco.com.br/noticia/82698/a-disputa-para-o-senado-estado-por-estado
2010-PR-047,2010,PR,Datafolha,08-09/09,Irineu Fritz (PT do B),1.0,duas_mencoes_agregadas,False,False,2010-10-02T07:00:00-03:00,https://www.congressoemfoco.com.br/noticia/82698/a-disputa-para-o-senado-estado-por-estado
2010-PR-047,2010,PR,Datafolha,08-09/09,Sargento QE Pedroso (PRTB),1.0,duas_mencoes_agregadas,False,False,2010-10-02T07:00:00-03:00,https://www.congressoemfoco.com.br/noticia/82698/a-disputa-para-o-senado-estado-por-estado
2010-PR-048,2010,PR,Ibope,06-08/09,Roberto Requião (PMDB),50.0,duas_mencoes_agregadas,False,False,2010-10-02T07:00:00-03:00,https://www.congressoemfoco.com.br/noticia/82698/a-disputa-para-o-senado-estado-por-estado
2010-PR-048,2010,PR,Ibope,06-08/09,Gleisi Hoffman (PT),47.0,duas_mencoes_agregadas,False,False,2010-10-02T07:00:00-03:00,https://www.congressoemfoco.com.br/noticia/82698/a-disputa-para-o-senado-estado-por-estado
2010-PR-048,2010,PR,Ibope,06-08/09,Gustavo Fruet (PSDB),21.0,duas_mencoes_agregadas,False,False,2010-10-02T07:00:00-03:00,https://www.congressoemfoco.com.br/noticia/82698/a-disputa-para-o-senado-estado-por-estado
2010-PR-048,2010,PR,Ibope,06-08/09,Ricardo Barros (PP),15.0,duas_mencoes_agregadas,False,False,2010-10-02T07:00:00-03:00,https://www.congressoemfoco.com.br/noticia/82698/a-disputa-para-o-senado-estado-por-estado
2010-PR-048,2010,PR,Ibope,06-08/09,Gilberto (PSB),2.0,duas_mencoes_agregadas,False,False,2010-10-02T07:00:00-03:00,https://www.congressoemfoco.com.br/noticia/82698/a-disputa-para-o-senado-estado-por-estado
2010-PR-048,2010,PR,Ibope,06-08/09,Rubens Hering (PV),2.0,duas_mencoes_agregadas,False,False,2010-10-02T07:00:00-03:00,https://www.congressoemfoco.com.br/noticia/82698/a-disputa-para-o-senado-estado-por-estado
2010-PR-048,2010,PR,Ibope,06-08/09,Piva (Psol),1.0,duas_mencoes_agregadas,False,False,2010-10-02T07:00:00-03:00,https://www.congressoemfoco.com.br/noticia/82698/a-disputa-para-o-senado-estado-por-estado
2010-PR-048,2010,PR,Ibope,06-08/09,Valmor (Psol),1.0,duas_mencoes_agregadas,False,False,2010-10-02T07:00:00-03:00,https://www.congressoemfoco.com.br/noticia/82698/a-disputa-para-o-senado-estado-por-estado
2010-PE-049,2010,PE,Datafolha,28-29/09,Humberto Costa (PT),50.0,duas_mencoes_agregadas,False,False,2010-10-02T07:00:00-03:00,https://www.congressoemfoco.com.br/noticia/82698/a-disputa-para-o-senado-estado-por-estado
2010-PE-049,2010,PE,Datafolha,28-29/09,Armando Monteiro Neto (PTB),42.0,duas_mencoes_agregadas,False,False,2010-10-02T07:00:00-03:00,https://www.congressoemfoco.com.br/noticia/82698/a-disputa-para-o-senado-estado-por-estado
2010-PE-049,2010,PE,Datafolha,28-29/09,Marco Maciel (DEM) tem,31.0,duas_mencoes_agregadas,False,False,2010-10-02T07:00:00-03:00,https://www.congressoemfoco.com.br/noticia/82698/a-disputa-para-o-senado-estado-por-estado
2010-PE-049,2010,PE,Datafolha,28-29/09,Raul Jungmann (PPS),11.0,duas_mencoes_agregadas,False,False,2010-10-02T07:00:00-03:00,https://www.congressoemfoco.com.br/noticia/82698/a-disputa-para-o-senado-estado-por-estado
2010-PE-049,2010,PE,Datafolha,28-29/09,Renê Patriota (PV),1.0,duas_mencoes_agregadas,False,False,2010-10-02T07:00:00-03:00,https://www.congressoemfoco.com.br/noticia/82698/a-disputa-para-o-senado-estado-por-estado
2010-PE-049,2010,PE,Datafolha,28-29/09,Hélio Cabral (PSTU),1.0,duas_mencoes_agregadas,False,False,2010-10-02T07:00:00-03:00,https://www.congressoemfoco.com.br/noticia/82698/a-disputa-para-o-senado-estado-por-estado
2010-PE-049,2010,PE,Datafolha,28-29/09,Simone Fontana (PSTU),1.0,duas_mencoes_agregadas,False,False,2010-10-02T07:00:00-03:00,https://www.congressoemfoco.com.br/noticia/82698/a-disputa-para-o-senado-estado-por-estado
2010-PE-049,2010,PE,Datafolha,28-29/09,Lairson Lucena (PRTB),1.0,duas_mencoes_agregadas,False,False,2010-10-02T07:00:00-03:00,https://www.congressoemfoco.com.br/noticia/82698/a-disputa-para-o-senado-estado-por-estado
2010-PE-049,2010,PE,Datafolha,28-29/09,Danúbio Aguiar (PCB),1.0,duas_mencoes_agregadas,False,False,2010-10-02T07:00:00-03:00,https://www.congressoemfoco.com.br/noticia/82698/a-disputa-para-o-senado-estado-por-estado
2010-PE-050,2010,PE,Ibope,21-23/09,Humberto Costa (PT),59.0,duas_mencoes_agregadas,False,False,2010-10-02T07:00:00-03:00,https://www.congressoemfoco.com.br/noticia/82698/a-disputa-para-o-senado-estado-por-estado
2010-PE-050,2010,PE,Ibope,21-23/09,Armando Monteiro Neto (PTB),43.0,duas_mencoes_agregadas,False,False,2010-10-02T07:00:00-03:00,https://www.congressoemfoco.com.br/noticia/82698/a-disputa-para-o-senado-estado-por-estado
2010-PE-050,2010,PE,Ibope,21-23/09,Marco Maciel (DEM) tem,33.0,duas_mencoes_agregadas,False,False,2010-10-02T07:00:00-03:00,https://www.congressoemfoco.com.br/noticia/82698/a-disputa-para-o-senado-estado-por-estado
2010-PE-050,2010,PE,Ibope,21-23/09,Raul Jungmann (PPS),10.0,duas_mencoes_agregadas,False,False,2010-10-02T07:00:00-03:00,https://www.congressoemfoco.com.br/noticia/82698/a-disputa-para-o-senado-estado-por-estado
2010-PE-050,2010,PE,Ibope,21-23/09,Renê Patriota (PV),1.0,duas_mencoes_agregadas,False,False,2010-10-02T07:00:00-03:00,https://www.congressoemfoco.com.br/noticia/82698/a-disputa-para-o-senado-estado-por-estado
2010-PE-050,2010,PE,Ibope,21-23/09,Simone Fontana (PSTU),1.0,duas_mencoes_agregadas,False,False,2010-10-02T07:00:00-03:00,https://www.congressoemfoco.com.br/noticia/82698/a-disputa-para-o-senado-estado-por-estado
2010-PE-050,2010,PE,Ibope,21-23/09,Hélio Cabral (PSTU),1.0,duas_mencoes_agregadas,False,False,2010-10-02T07:00:00-03:00,https://www.congressoemfoco.com.br/noticia/82698/a-disputa-para-o-senado-estado-por-estado
2010-PE-051,2010,PE,Datafolha,13-14/09,Humberto Costa (PT),47.0,duas_mencoes_agregadas,False,False,2010-10-02T07:00:00-03:00,https://www.congressoemfoco.com.br/noticia/82698/a-disputa-para-o-senado-estado-por-estado
2010-PE-051,2010,PE,Datafolha,13-14/09,Marco Maciel (DEM) tem,34.0,duas_mencoes_agregadas,False,False,2010-10-02T07:00:00-03:00,https://www.congressoemfoco.com.br/noticia/82698/a-disputa-para-o-senado-estado-por-estado
2010-PE-051,2010,PE,Datafolha,13-14/09,Armando Monteiro Neto (PTB),32.0,duas_mencoes_agregadas,False,False,2010-10-02T07:00:00-03:00,https://www.congressoemfoco.com.br/noticia/82698/a-disputa-para-o-senado-estado-por-estado
2010-PE-051,2010,PE,Datafolha,13-14/09,Raul Jungmann (PPS),11.0,duas_mencoes_agregadas,False,False,2010-10-02T07:00:00-03:00,https://www.congressoemfoco.com.br/noticia/82698/a-disputa-para-o-senado-estado-por-estado
2010-PE-051,2010,PE,Datafolha,13-14/09,Hélio Cabral (PSTU),2.0,duas_mencoes_agregadas,False,False,2010-10-02T07:00:00-03:00,https://www.congressoemfoco.com.br/noticia/82698/a-disputa-para-o-senado-estado-por-estado
2010-PE-051,2010,PE,Datafolha,13-14/09,Renê Patriota (PV),2.0,duas_mencoes_agregadas,False,False,2010-10-02T07:00:00-03:00,https://www.congressoemfoco.com.br/noticia/82698/a-disputa-para-o-senado-estado-por-estado
2010-PE-051,2010,PE,Datafolha,13-14/09,Danúbio Aguiar (PCB),1.0,duas_mencoes_agregadas,False,False,2010-10-02T07:00:00-03:00,https://www.congressoemfoco.com.br/noticia/82698/a-disputa-para-o-senado-estado-por-estado
2010-PE-051,2010,PE,Datafolha,13-14/09,Simone Fontana (PSTU),1.0,duas_mencoes_agregadas,False,False,2010-10-02T07:00:00-03:00,https://www.congressoemfoco.com.br/noticia/82698/a-disputa-para-o-senado-estado-por-estado
2010-PE-051,2010,PE,Datafolha,13-14/09,Jerônimo Ribeiro (Psol),1.0,duas_mencoes_agregadas,False,False,2010-10-02T07:00:00-03:00,https://www.congressoemfoco.com.br/noticia/82698/a-disputa-para-o-senado-estado-por-estado
2010-PI-052,2010,PI,Jales,20-25/09,Wellington Dias (PT),61.7,duas_mencoes_agregadas,False,False,2010-10-02T07:00:00-03:00,https://www.congressoemfoco.com.br/noticia/82698/a-disputa-para-o-senado-estado-por-estado
2010-PI-052,2010,PI,Jales,20-25/09,"Ciro Nogueira Filho (PP)29,7%, Mão Santa (PSC)",27.9,duas_mencoes_agregadas,False,False,2010-10-02T07:00:00-03:00,https://www.congressoemfoco.com.br/noticia/82698/a-disputa-para-o-senado-estado-por-estado
2010-PI-052,2010,PI,Jales,20-25/09,Heráclito Fortes (DEM),25.3,duas_mencoes_agregadas,False,False,2010-10-02T07:00:00-03:00,https://www.congressoemfoco.com.br/noticia/82698/a-disputa-para-o-senado-estado-por-estado
2010-PI-052,2010,PI,Jales,20-25/09,Antonio José Medeiros (PT),14.8,duas_mencoes_agregadas,False,False,2010-10-02T07:00:00-03:00,https://www.congressoemfoco.com.br/noticia/82698/a-disputa-para-o-senado-estado-por-estado
2010-PI-052,2010,PI,Jales,20-25/09,Sargento R. Silva (PP),1.3,duas_mencoes_agregadas,False,False,2010-10-02T07:00:00-03:00,https://www.congressoemfoco.com.br/noticia/82698/a-disputa-para-o-senado-estado-por-estado
2010-PI-052,2010,PI,Jales,20-25/09,Toim Dufrango (PSL),1.2,duas_mencoes_agregadas,False,False,2010-10-02T07:00:00-03:00,https://www.congressoemfoco.com.br/noticia/82698/a-disputa-para-o-senado-estado-por-estado
2010-PI-052,2010,PI,Jales,20-25/09,Pastor Moisés Pinto (PMN),1.1,duas_mencoes_agregadas,False,False,2010-10-02T07:00:00-03:00,https://www.congressoemfoco.com.br/noticia/82698/a-disputa-para-o-senado-estado-por-estado
2010-PI-052,2010,PI,Jales,20-25/09,Antonio Florentino (PV),0.8,duas_mencoes_agregadas,False,False,2010-10-02T07:00:00-03:00,https://www.congressoemfoco.com.br/noticia/82698/a-disputa-para-o-senado-estado-por-estado
2010-PI-052,2010,PI,Jales,20-25/09,Gervásio Santos (PSTU),0.2,duas_mencoes_agregadas,False,False,2010-10-02T07:00:00-03:00,https://www.congressoemfoco.com.br/noticia/82698/a-disputa-para-o-senado-estado-por-estado
2010-PI-052,2010,PI,Jales,20-25/09,Marineide Albuquerque (Psol),0.1,duas_mencoes_agregadas,False,False,2010-10-02T07:00:00-03:00,https://www.congressoemfoco.com.br/noticia/82698/a-disputa-para-o-senado-estado-por-estado
2010-PI-052,2010,PI,Jales,20-25/09,Zilton Duarte (Psol),0.1,duas_mencoes_agregadas,False,False,2010-10-02T07:00:00-03:00,https://www.congressoemfoco.com.br/noticia/82698/a-disputa-para-o-senado-estado-por-estado
2010-PI-053,2010,PI,Ibope,21-23/09,Wellington Dias (PT),59.0,duas_mencoes_agregadas,False,False,2010-10-02T07:00:00-03:00,https://www.congressoemfoco.com.br/noticia/82698/a-disputa-para-o-senado-estado-por-estado
2010-PI-053,2010,PI,Ibope,21-23/09,Mão Santa (PSC),30.0,duas_mencoes_agregadas,False,False,2010-10-02T07:00:00-03:00,https://www.congressoemfoco.com.br/noticia/82698/a-disputa-para-o-senado-estado-por-estado
2010-PI-053,2010,PI,Ibope,21-23/09,Ciro Nogueira Filho (PP),27.0,duas_mencoes_agregadas,False,False,2010-10-02T07:00:00-03:00,https://www.congressoemfoco.com.br/noticia/82698/a-disputa-para-o-senado-estado-por-estado
2010-PI-053,2010,PI,Ibope,21-23/09,Heráclito Fortes (DEM),20.0,duas_mencoes_agregadas,False,False,2010-10-02T07:00:00-03:00,https://www.congressoemfoco.com.br/noticia/82698/a-disputa-para-o-senado-estado-por-estado
2010-PI-053,2010,PI,Ibope,21-23/09,Antonio José Medeiros (PT),13.0,duas_mencoes_agregadas,False,False,2010-10-02T07:00:00-03:00,https://www.congressoemfoco.com.br/noticia/82698/a-disputa-para-o-senado-estado-por-estado
2010-PI-053,2010,PI,Ibope,21-23/09,Toim Dufrango (PSL),1.0,duas_mencoes_agregadas,False,False,2010-10-02T07:00:00-03:00,https://www.congressoemfoco.com.br/noticia/82698/a-disputa-para-o-senado-estado-por-estado
2010-PI-053,2010,PI,Ibope,21-23/09,Antonio Florentino (PV),1.0,duas_mencoes_agregadas,False,False,2010-10-02T07:00:00-03:00,https://www.congressoemfoco.com.br/noticia/82698/a-disputa-para-o-senado-estado-por-estado
2010-PI-053,2010,PI,Ibope,21-23/09,Pastor Moisés Pinto (PMN),1.0,duas_mencoes_agregadas,False,False,2010-10-02T07:00:00-03:00,https://www.congressoemfoco.com.br/noticia/82698/a-disputa-para-o-senado-estado-por-estado
2010-PI-054,2010,PI,Ibope,07-09/09,Wellington Dias (PT),55.0,duas_mencoes_agregadas,False,False,2010-10-02T07:00:00-03:00,https://www.congressoemfoco.com.br/noticia/82698/a-disputa-para-o-senado-estado-por-estado
2010-PI-054,2010,PI,Ibope,07-09/09,Mão Santa (PSC),29.0,duas_mencoes_agregadas,False,False,2010-10-02T07:00:00-03:00,https://www.congressoemfoco.com.br/noticia/82698/a-disputa-para-o-senado-estado-por-estado
2010-PI-054,2010,PI,Ibope,07-09/09,Ciro Nogueira Filho (PP),23.0,duas_mencoes_agregadas,False,False,2010-10-02T07:00:00-03:00,https://www.congressoemfoco.com.br/noticia/82698/a-disputa-para-o-senado-estado-por-estado
2010-PI-054,2010,PI,Ibope,07-09/09,Heráclito Fortes (DEM),21.0,duas_mencoes_agregadas,False,False,2010-10-02T07:00:00-03:00,https://www.congressoemfoco.com.br/noticia/82698/a-disputa-para-o-senado-estado-por-estado
2010-PI-054,2010,PI,Ibope,07-09/09,Antonio José Medeiros (PT),11.0,duas_mencoes_agregadas,False,False,2010-10-02T07:00:00-03:00,https://www.congressoemfoco.com.br/noticia/82698/a-disputa-para-o-senado-estado-por-estado
2010-PI-054,2010,PI,Ibope,07-09/09,Antonio Florentino (PV),1.0,duas_mencoes_agregadas,False,False,2010-10-02T07:00:00-03:00,https://www.congressoemfoco.com.br/noticia/82698/a-disputa-para-o-senado-estado-por-estado
2010-PI-054,2010,PI,Ibope,07-09/09,Pastor Moisés Pinto (PMN),1.0,duas_mencoes_agregadas,False,False,2010-10-02T07:00:00-03:00,https://www.congressoemfoco.com.br/noticia/82698/a-disputa-para-o-senado-estado-por-estado
2010-PI-054,2010,PI,Ibope,07-09/09,Sargento R. Silva (PP),1.0,duas_mencoes_agregadas,False,False,2010-10-02T07:00:00-03:00,https://www.congressoemfoco.com.br/noticia/82698/a-disputa-para-o-senado-estado-por-estado
2010-PI-054,2010,PI,Ibope,07-09/09,Toim Dufrango (PSL),1.0,duas_mencoes_agregadas,False,False,2010-10-02T07:00:00-03:00,https://www.congressoemfoco.com.br/noticia/82698/a-disputa-para-o-senado-estado-por-estado
2010-RJ-055,2010,RJ,Datafolha,28-29/09,Lindbergh Farias (PT),40.0,duas_mencoes_agregadas,False,False,2010-10-02T07:00:00-03:00,https://www.congressoemfoco.com.br/noticia/82698/a-disputa-para-o-senado-estado-por-estado
2010-RJ-055,2010,RJ,Datafolha,28-29/09,Marcelo Crivella (PRB),38.0,duas_mencoes_agregadas,False,False,2010-10-02T07:00:00-03:00,https://www.congressoemfoco.com.br/noticia/82698/a-disputa-para-o-senado-estado-por-estado
2010-RJ-055,2010,RJ,Datafolha,28-29/09,Cesar Maia (DEM),24.0,duas_mencoes_agregadas,False,False,2010-10-02T07:00:00-03:00,https://www.congressoemfoco.com.br/noticia/82698/a-disputa-para-o-senado-estado-por-estado
2010-RJ-055,2010,RJ,Datafolha,28-29/09,Jorge Picciani (PMDB),24.0,duas_mencoes_agregadas,False,False,2010-10-02T07:00:00-03:00,https://www.congressoemfoco.com.br/noticia/82698/a-disputa-para-o-senado-estado-por-estado
2010-RJ-055,2010,RJ,Datafolha,28-29/09,Waguinho (PTdoB),13.0,duas_mencoes_agregadas,False,False,2010-10-02T07:00:00-03:00,https://www.congressoemfoco.com.br/noticia/82698/a-disputa-para-o-senado-estado-por-estado
2010-RJ-055,2010,RJ,Datafolha,28-29/09,Marcelo Cerqueira (PPS),6.0,duas_mencoes_agregadas,False,False,2010-10-02T07:00:00-03:00,https://www.congressoemfoco.com.br/noticia/82698/a-disputa-para-o-senado-estado-por-estado
2010-RJ-055,2010,RJ,Datafolha,28-29/09,Milton Temer (Psol),5.0,duas_mencoes_agregadas,False,False,2010-10-02T07:00:00-03:00,https://www.congressoemfoco.com.br/noticia/82698/a-disputa-para-o-senado-estado-por-estado
2010-RJ-055,2010,RJ,Datafolha,28-29/09,Carlos Dias (PTdoB),2.0,duas_mencoes_agregadas,False,False,2010-10-02T07:00:00-03:00,https://www.congressoemfoco.com.br/noticia/82698/a-disputa-para-o-senado-estado-por-estado
2010-RJ-055,2010,RJ,Datafolha,28-29/09,Wladimir Mutt (PCB),1.0,duas_mencoes_agregadas,False,False,2010-10-02T07:00:00-03:00,https://www.congressoemfoco.com.br/noticia/82698/a-disputa-para-o-senado-estado-por-estado
2010-RJ-055,2010,RJ,Datafolha,28-29/09,Claiton (PSTU),1.0,duas_mencoes_agregadas,False,False,2010-10-02T07:00:00-03:00,https://www.congressoemfoco.com.br/noticia/82698/a-disputa-para-o-senado-estado-por-estado
2010-RJ-055,2010,RJ,Datafolha,28-29/09,Heitor (PSTU),1.0,duas_mencoes_agregadas,False,False,2010-10-02T07:00:00-03:00,https://www.congressoemfoco.com.br/noticia/82698/a-disputa-para-o-senado-estado-por-estado
2010-RJ-056,2010,RJ,Ibope,21-23/09,Lindbergh Farias (PT),37.0,duas_mencoes_agregadas,False,False,2010-10-02T07:00:00-03:00,https://www.congressoemfoco.com.br/noticia/82698/a-disputa-para-o-senado-estado-por-estado
2010-RJ-056,2010,RJ,Ibope,21-23/09,Marcelo Crivella (PRB),34.0,duas_mencoes_agregadas,False,False,2010-10-02T07:00:00-03:00,https://www.congressoemfoco.com.br/noticia/82698/a-disputa-para-o-senado-estado-por-estado
2010-RJ-056,2010,RJ,Ibope,21-23/09,Cesar Maia (DEM),23.0,duas_mencoes_agregadas,False,False,2010-10-02T07:00:00-03:00,https://www.congressoemfoco.com.br/noticia/82698/a-disputa-para-o-senado-estado-por-estado
2010-RJ-056,2010,RJ,Ibope,21-23/09,Jorge Picciani (PMDB),23.0,duas_mencoes_agregadas,False,False,2010-10-02T07:00:00-03:00,https://www.congressoemfoco.com.br/noticia/82698/a-disputa-para-o-senado-estado-por-estado
2010-RJ-056,2010,RJ,Ibope,21-23/09,Waguinho (PT do B),7.0,duas_mencoes_agregadas,False,False,2010-10-02T07:00:00-03:00,https://www.congressoemfoco.com.br/noticia/82698/a-disputa-para-o-senado-estado-por-estado
2010-RJ-056,2010,RJ,Ibope,21-23/09,Marcelo Cerqueira (PPS),3.0,duas_mencoes_agregadas,False,False,2010-10-02T07:00:00-03:00,https://www.congressoemfoco.com.br/noticia/82698/a-disputa-para-o-senado-estado-por-estado
2010-RJ-056,2010,RJ,Ibope,21-23/09,Milton Temer (Psol),2.0,duas_mencoes_agregadas,False,False,2010-10-02T07:00:00-03:00,https://www.congressoemfoco.com.br/noticia/82698/a-disputa-para-o-senado-estado-por-estado
2010-RJ-056,2010,RJ,Ibope,21-23/09,Carlos Dias (PTdoB),1.0,duas_mencoes_agregadas,False,False,2010-10-02T07:00:00-03:00,https://www.congressoemfoco.com.br/noticia/82698/a-disputa-para-o-senado-estado-por-estado
2010-RJ-057,2010,RJ,Datafolha,13-14/09,Marcelo Crivella (PRB),40.0,duas_mencoes_agregadas,False,False,2010-10-02T07:00:00-03:00,https://www.congressoemfoco.com.br/noticia/82698/a-disputa-para-o-senado-estado-por-estado
2010-RJ-057,2010,RJ,Datafolha,13-14/09,Lindbergh Farias (PT),38.0,duas_mencoes_agregadas,False,False,2010-10-02T07:00:00-03:00,https://www.congressoemfoco.com.br/noticia/82698/a-disputa-para-o-senado-estado-por-estado
2010-RJ-057,2010,RJ,Datafolha,13-14/09,Cesar Maia (DEM),27.0,duas_mencoes_agregadas,False,False,2010-10-02T07:00:00-03:00,https://www.congressoemfoco.com.br/noticia/82698/a-disputa-para-o-senado-estado-por-estado
2010-RJ-057,2010,RJ,Datafolha,13-14/09,Jorge Picciani (PMDB),21.0,duas_mencoes_agregadas,False,False,2010-10-02T07:00:00-03:00,https://www.congressoemfoco.com.br/noticia/82698/a-disputa-para-o-senado-estado-por-estado
2010-RJ-057,2010,RJ,Datafolha,13-14/09,Waguinho (PTdoB),7.0,duas_mencoes_agregadas,False,False,2010-10-02T07:00:00-03:00,https://www.congressoemfoco.com.br/noticia/82698/a-disputa-para-o-senado-estado-por-estado
2010-RJ-057,2010,RJ,Datafolha,13-14/09,Marcelo Cerqueira (PPS),4.0,duas_mencoes_agregadas,False,False,2010-10-02T07:00:00-03:00,https://www.congressoemfoco.com.br/noticia/82698/a-disputa-para-o-senado-estado-por-estado
2010-RJ-057,2010,RJ,Datafolha,13-14/09,Milton Temer (Psol),4.0,duas_mencoes_agregadas,False,False,2010-10-02T07:00:00-03:00,https://www.congressoemfoco.com.br/noticia/82698/a-disputa-para-o-senado-estado-por-estado
2010-RJ-057,2010,RJ,Datafolha,13-14/09,Carlos Dias (PTdoB),3.0,duas_mencoes_agregadas,False,False,2010-10-02T07:00:00-03:00,https://www.congressoemfoco.com.br/noticia/82698/a-disputa-para-o-senado-estado-por-estado
2010-RJ-057,2010,RJ,Datafolha,13-14/09,Wladimir Mutt (PCB),1.0,duas_mencoes_agregadas,False,False,2010-10-02T07:00:00-03:00,https://www.congressoemfoco.com.br/noticia/82698/a-disputa-para-o-senado-estado-por-estado
2010-RJ-057,2010,RJ,Datafolha,13-14/09,Claiton (PSTU),1.0,duas_mencoes_agregadas,False,False,2010-10-02T07:00:00-03:00,https://www.congressoemfoco.com.br/noticia/82698/a-disputa-para-o-senado-estado-por-estado
2010-RN-058,2010,RN,Ibope,20-22/09,Garibaldi Alves Filho (PMDB),60.0,duas_mencoes_agregadas,False,False,2010-10-02T07:00:00-03:00,https://www.congressoemfoco.com.br/noticia/82698/a-disputa-para-o-senado-estado-por-estado
2010-RN-058,2010,RN,Ibope,20-22/09,José Agripino (DEM),58.0,duas_mencoes_agregadas,False,False,2010-10-02T07:00:00-03:00,https://www.congressoemfoco.com.br/noticia/82698/a-disputa-para-o-senado-estado-por-estado
2010-RN-058,2010,RN,Ibope,20-22/09,Vilma (PSB),37.0,duas_mencoes_agregadas,False,False,2010-10-02T07:00:00-03:00,https://www.congressoemfoco.com.br/noticia/82698/a-disputa-para-o-senado-estado-por-estado
2010-RN-058,2010,RN,Ibope,20-22/09,Hugo Manso (PT),6.0,duas_mencoes_agregadas,False,False,2010-10-02T07:00:00-03:00,https://www.congressoemfoco.com.br/noticia/82698/a-disputa-para-o-senado-estado-por-estado
2010-RN-058,2010,RN,Ibope,20-22/09,Sávio (PC do B),1.0,duas_mencoes_agregadas,False,False,2010-10-02T07:00:00-03:00,https://www.congressoemfoco.com.br/noticia/82698/a-disputa-para-o-senado-estado-por-estado
2010-RN-058,2010,RN,Ibope,20-22/09,Dr. Joanilson (PSDC),1.0,duas_mencoes_agregadas,False,False,2010-10-02T07:00:00-03:00,https://www.congressoemfoco.com.br/noticia/82698/a-disputa-para-o-senado-estado-por-estado
2010-RN-058,2010,RN,Ibope,20-22/09,Alexandre Guedes (PSTU),1.0,duas_mencoes_agregadas,False,False,2010-10-02T07:00:00-03:00,https://www.congressoemfoco.com.br/noticia/82698/a-disputa-para-o-senado-estado-por-estado
2010-RN-058,2010,RN,Ibope,20-22/09,Dário (PSTU),1.0,duas_mencoes_agregadas,False,False,2010-10-02T07:00:00-03:00,https://www.congressoemfoco.com.br/noticia/82698/a-disputa-para-o-senado-estado-por-estado
2010-RN-059,2010,RN,Start,11-13/09,Garibaldi Alves Filho (PMDB),51.3,duas_mencoes_agregadas,False,False,2010-10-02T07:00:00-03:00,https://www.congressoemfoco.com.br/noticia/82698/a-disputa-para-o-senado-estado-por-estado
2010-RN-059,2010,RN,Start,11-13/09,José Agripino (DEM),50.3,duas_mencoes_agregadas,False,False,2010-10-02T07:00:00-03:00,https://www.congressoemfoco.com.br/noticia/82698/a-disputa-para-o-senado-estado-por-estado
2010-RN-059,2010,RN,Start,11-13/09,Vilma (PSB),37.4,duas_mencoes_agregadas,False,False,2010-10-02T07:00:00-03:00,https://www.congressoemfoco.com.br/noticia/82698/a-disputa-para-o-senado-estado-por-estado
2010-RN-059,2010,RN,Start,11-13/09,Hugo Manso (PT),5.8,duas_mencoes_agregadas,False,False,2010-10-02T07:00:00-03:00,https://www.congressoemfoco.com.br/noticia/82698/a-disputa-para-o-senado-estado-por-estado
2010-RN-059,2010,RN,Start,11-13/09,Alexandre Guedes (PSTU),1.8,duas_mencoes_agregadas,False,False,2010-10-02T07:00:00-03:00,https://www.congressoemfoco.com.br/noticia/82698/a-disputa-para-o-senado-estado-por-estado
2010-RN-059,2010,RN,Start,11-13/09,Dr. Joanilson (PSDC),1.8,duas_mencoes_agregadas,False,False,2010-10-02T07:00:00-03:00,https://www.congressoemfoco.com.br/noticia/82698/a-disputa-para-o-senado-estado-por-estado
2010-RN-059,2010,RN,Start,11-13/09,Sávio (PC do B),1.3,duas_mencoes_agregadas,False,False,2010-10-02T07:00:00-03:00,https://www.congressoemfoco.com.br/noticia/82698/a-disputa-para-o-senado-estado-por-estado
2010-RN-059,2010,RN,Start,11-13/09,Ronaldo Garcia (Psol),0.9,duas_mencoes_agregadas,False,False,2010-10-02T07:00:00-03:00,https://www.congressoemfoco.com.br/noticia/82698/a-disputa-para-o-senado-estado-por-estado
2010-RN-059,2010,RN,Start,11-13/09,Valdemar Soares (Psol),0.5,duas_mencoes_agregadas,False,False,2010-10-02T07:00:00-03:00,https://www.congressoemfoco.com.br/noticia/82698/a-disputa-para-o-senado-estado-por-estado
2010-RN-059,2010,RN,Start,11-13/09,Marconio Cruz (PRTB),0.4,duas_mencoes_agregadas,False,False,2010-10-02T07:00:00-03:00,https://www.congressoemfoco.com.br/noticia/82698/a-disputa-para-o-senado-estado-por-estado
2010-RN-059,2010,RN,Start,11-13/09,"Pr. Clóvis Costa (PTC) 0,3, Dário (PSTU)",0.2,duas_mencoes_agregadas,False,False,2010-10-02T07:00:00-03:00,https://www.congressoemfoco.com.br/noticia/82698/a-disputa-para-o-senado-estado-por-estado
2010-RN-060,2010,RN,Ibope,08-10/09,Garibaldi Alves Filho (PMDB),60.0,duas_mencoes_agregadas,False,False,2010-10-02T07:00:00-03:00,https://www.congressoemfoco.com.br/noticia/82698/a-disputa-para-o-senado-estado-por-estado
2010-RN-060,2010,RN,Ibope,08-10/09,José Agripino (DEM),54.0,duas_mencoes_agregadas,False,False,2010-10-02T07:00:00-03:00,https://www.congressoemfoco.com.br/noticia/82698/a-disputa-para-o-senado-estado-por-estado
2010-RN-060,2010,RN,Ibope,08-10/09,Vilma (PSB),35.0,duas_mencoes_agregadas,False,False,2010-10-02T07:00:00-03:00,https://www.congressoemfoco.com.br/noticia/82698/a-disputa-para-o-senado-estado-por-estado
2010-RN-060,2010,RN,Ibope,08-10/09,Hugo Manso (PT),6.0,duas_mencoes_agregadas,False,False,2010-10-02T07:00:00-03:00,https://www.congressoemfoco.com.br/noticia/82698/a-disputa-para-o-senado-estado-por-estado
2010-RN-060,2010,RN,Ibope,08-10/09,Dário (PSTU),1.0,duas_mencoes_agregadas,False,False,2010-10-02T07:00:00-03:00,https://www.congressoemfoco.com.br/noticia/82698/a-disputa-para-o-senado-estado-por-estado
2010-RN-060,2010,RN,Ibope,08-10/09,Dr. Joanilson (PSDC),1.0,duas_mencoes_agregadas,False,False,2010-10-02T07:00:00-03:00,https://www.congressoemfoco.com.br/noticia/82698/a-disputa-para-o-senado-estado-por-estado
2010-RN-060,2010,RN,Ibope,08-10/09,Ronaldo Garcia (Psol),1.0,duas_mencoes_agregadas,False,False,2010-10-02T07:00:00-03:00,https://www.congressoemfoco.com.br/noticia/82698/a-disputa-para-o-senado-estado-por-estado
2010-RN-060,2010,RN,Ibope,08-10/09,Sávio (PCdoB),1.0,duas_mencoes_agregadas,False,False,2010-10-02T07:00:00-03:00,https://www.congressoemfoco.com.br/noticia/82698/a-disputa-para-o-senado-estado-por-estado
2010-RS-061,2010,RS,Datafolha,28-29/09,Ana Amélia Lemos (PP),53.0,duas_mencoes_agregadas,False,False,2010-10-02T07:00:00-03:00,https://www.congressoemfoco.com.br/noticia/82698/a-disputa-para-o-senado-estado-por-estado
2010-RS-061,2010,RS,Datafolha,28-29/09,Paulo Paim (PT),49.0,duas_mencoes_agregadas,False,False,2010-10-02T07:00:00-03:00,https://www.congressoemfoco.com.br/noticia/82698/a-disputa-para-o-senado-estado-por-estado
2010-RS-061,2010,RS,Datafolha,28-29/09,Germano Rigotto (PMDB),39.0,duas_mencoes_agregadas,False,False,2010-10-02T07:00:00-03:00,https://www.congressoemfoco.com.br/noticia/82698/a-disputa-para-o-senado-estado-por-estado
2010-RS-061,2010,RS,Datafolha,28-29/09,Abgail Pereira (PCdoB),12.0,duas_mencoes_agregadas,False,False,2010-10-02T07:00:00-03:00,https://www.congressoemfoco.com.br/noticia/82698/a-disputa-para-o-senado-estado-por-estado
2010-RS-061,2010,RS,Datafolha,28-29/09,Vera Guasso (PSTU),2.0,duas_mencoes_agregadas,False,False,2010-10-02T07:00:00-03:00,https://www.congressoemfoco.com.br/noticia/82698/a-disputa-para-o-senado-estado-por-estado
2010-RS-061,2010,RS,Datafolha,28-29/09,José Schneider (PMN),1.0,duas_mencoes_agregadas,False,False,2010-10-02T07:00:00-03:00,https://www.congressoemfoco.com.br/noticia/82698/a-disputa-para-o-senado-estado-por-estado
2010-RS-061,2010,RS,Datafolha,28-29/09,Professor Marcos Monteiro (PV),1.0,duas_mencoes_agregadas,False,False,2010-10-02T07:00:00-03:00,https://www.congressoemfoco.com.br/noticia/82698/a-disputa-para-o-senado-estado-por-estado
2010-RS-061,2010,RS,Datafolha,28-29/09,Lucas (Psol),1.0,duas_mencoes_agregadas,False,False,2010-10-02T07:00:00-03:00,https://www.congressoemfoco.com.br/noticia/82698/a-disputa-para-o-senado-estado-por-estado
2010-RS-062,2010,RS,Ibope,21-23/09,Ana Amélia Lemos (PP),48.0,duas_mencoes_agregadas,False,False,2010-10-02T07:00:00-03:00,https://www.congressoemfoco.com.br/noticia/82698/a-disputa-para-o-senado-estado-por-estado
2010-RS-062,2010,RS,Ibope,21-23/09,Paulo Paim (PT),46.0,duas_mencoes_agregadas,False,False,2010-10-02T07:00:00-03:00,https://www.congressoemfoco.com.br/noticia/82698/a-disputa-para-o-senado-estado-por-estado
2010-RS-062,2010,RS,Ibope,21-23/09,Germano Rigotto (PMDB),33.0,duas_mencoes_agregadas,False,False,2010-10-02T07:00:00-03:00,https://www.congressoemfoco.com.br/noticia/82698/a-disputa-para-o-senado-estado-por-estado
2010-RS-062,2010,RS,Ibope,21-23/09,Abgail Pereira (PCdoB),16.0,duas_mencoes_agregadas,False,False,2010-10-02T07:00:00-03:00,https://www.congressoemfoco.com.br/noticia/82698/a-disputa-para-o-senado-estado-por-estado
2010-RS-062,2010,RS,Ibope,21-23/09,Vera Guasso (PSTU),3.0,duas_mencoes_agregadas,False,False,2010-10-02T07:00:00-03:00,https://www.congressoemfoco.com.br/noticia/82698/a-disputa-para-o-senado-estado-por-estado
2010-RS-062,2010,RS,Ibope,21-23/09,Lucas (Psol),1.0,duas_mencoes_agregadas,False,False,2010-10-02T07:00:00-03:00,https://www.congressoemfoco.com.br/noticia/82698/a-disputa-para-o-senado-estado-por-estado
2010-RS-062,2010,RS,Ibope,21-23/09,Professor Marcos Monteiro (PV),1.0,duas_mencoes_agregadas,False,False,2010-10-02T07:00:00-03:00,https://www.congressoemfoco.com.br/noticia/82698/a-disputa-para-o-senado-estado-por-estado
2010-RS-062,2010,RS,Ibope,21-23/09,Roberto Gross (PTC),1.0,duas_mencoes_agregadas,False,False,2010-10-02T07:00:00-03:00,https://www.congressoemfoco.com.br/noticia/82698/a-disputa-para-o-senado-estado-por-estado
2010-RS-062,2010,RS,Ibope,21-23/09,Berna Menezes (Psol),1.0,duas_mencoes_agregadas,False,False,2010-10-02T07:00:00-03:00,https://www.congressoemfoco.com.br/noticia/82698/a-disputa-para-o-senado-estado-por-estado
2010-RS-063,2010,RS,Datafolha,21-22/09,Ana Amélia Lemos (PP),49.0,duas_mencoes_agregadas,False,False,2010-10-02T07:00:00-03:00,https://www.congressoemfoco.com.br/noticia/82698/a-disputa-para-o-senado-estado-por-estado
2010-RS-063,2010,RS,Datafolha,21-22/09,Paulo Paim (PT),45.0,duas_mencoes_agregadas,False,False,2010-10-02T07:00:00-03:00,https://www.congressoemfoco.com.br/noticia/82698/a-disputa-para-o-senado-estado-por-estado
2010-RS-063,2010,RS,Datafolha,21-22/09,Germano Rigotto (PMDB),38.0,duas_mencoes_agregadas,False,False,2010-10-02T07:00:00-03:00,https://www.congressoemfoco.com.br/noticia/82698/a-disputa-para-o-senado-estado-por-estado
2010-RS-063,2010,RS,Datafolha,21-22/09,Abgail Pereira (PCdoB),10.0,duas_mencoes_agregadas,False,False,2010-10-02T07:00:00-03:00,https://www.congressoemfoco.com.br/noticia/82698/a-disputa-para-o-senado-estado-por-estado
2010-RS-063,2010,RS,Datafolha,21-22/09,Vera Guasso (PSTU),2.0,duas_mencoes_agregadas,False,False,2010-10-02T07:00:00-03:00,https://www.congressoemfoco.com.br/noticia/82698/a-disputa-para-o-senado-estado-por-estado
2010-RS-063,2010,RS,Datafolha,21-22/09,José Schneider (PMN),2.0,duas_mencoes_agregadas,False,False,2010-10-02T07:00:00-03:00,https://www.congressoemfoco.com.br/noticia/82698/a-disputa-para-o-senado-estado-por-estado
2010-RO-064,2010,RO,Phoenix,02-06/09,Valdir Raupp (PMDB),32.9,nao_identificado,False,False,2010-10-02T07:00:00-03:00,https://www.congressoemfoco.com.br/noticia/82698/a-disputa-para-o-senado-estado-por-estado
2010-RO-064,2010,RO,Phoenix,02-06/09,Ivo Cassol (PP),30.64,nao_identificado,False,False,2010-10-02T07:00:00-03:00,https://www.congressoemfoco.com.br/noticia/82698/a-disputa-para-o-senado-estado-por-estado
2010-RO-064,2010,RO,Phoenix,02-06/09,Fátima Cleide (PT),17.68,nao_identificado,False,False,2010-10-02T07:00:00-03:00,https://www.congressoemfoco.com.br/noticia/82698/a-disputa-para-o-senado-estado-por-estado
2010-RO-065,2010,RO,Ibope,28-30/08,Ivo Cassol (PP),52.0,duas_mencoes_agregadas,False,False,2010-10-02T07:00:00-03:00,https://www.congressoemfoco.com.br/noticia/82698/a-disputa-para-o-senado-estado-por-estado
2010-RO-065,2010,RO,Ibope,28-30/08,Valdir Raupp (PMDB),47.0,duas_mencoes_agregadas,False,False,2010-10-02T07:00:00-03:00,https://www.congressoemfoco.com.br/noticia/82698/a-disputa-para-o-senado-estado-por-estado
2010-RO-065,2010,RO,Ibope,28-30/08,Fátima Cleide (PT),26.0,duas_mencoes_agregadas,False,False,2010-10-02T07:00:00-03:00,https://www.congressoemfoco.com.br/noticia/82698/a-disputa-para-o-senado-estado-por-estado
2010-RO-065,2010,RO,Ibope,28-30/08,Melki Donadon (PHS),10.0,duas_mencoes_agregadas,False,False,2010-10-02T07:00:00-03:00,https://www.congressoemfoco.com.br/noticia/82698/a-disputa-para-o-senado-estado-por-estado
2010-RO-065,2010,RO,Ibope,28-30/08,Agnaldo Muniz (PSC),8.0,duas_mencoes_agregadas,False,False,2010-10-02T07:00:00-03:00,https://www.congressoemfoco.com.br/noticia/82698/a-disputa-para-o-senado-estado-por-estado
2010-RO-065,2010,RO,Ibope,28-30/08,Aluizio Vidal (Psol),2.0,duas_mencoes_agregadas,False,False,2010-10-02T07:00:00-03:00,https://www.congressoemfoco.com.br/noticia/82698/a-disputa-para-o-senado-estado-por-estado
2010-RO-065,2010,RO,Ibope,28-30/08,Pimenta de Rondônia (Psol),1.0,duas_mencoes_agregadas,False,False,2010-10-02T07:00:00-03:00,https://www.congressoemfoco.com.br/noticia/82698/a-disputa-para-o-senado-estado-por-estado
2010-RO-066,2010,RO,Ibope,27-29/08,Ivo Cassol (PP),45.0,duas_mencoes_agregadas,False,False,2010-10-02T07:00:00-03:00,https://www.congressoemfoco.com.br/noticia/82698/a-disputa-para-o-senado-estado-por-estado
2010-RO-066,2010,RO,Ibope,27-29/08,Valdir Raupp (PMDB),39.0,duas_mencoes_agregadas,False,False,2010-10-02T07:00:00-03:00,https://www.congressoemfoco.com.br/noticia/82698/a-disputa-para-o-senado-estado-por-estado
2010-RO-066,2010,RO,Ibope,27-29/08,Fátima Cleide (PT),29.0,duas_mencoes_agregadas,False,False,2010-10-02T07:00:00-03:00,https://www.congressoemfoco.com.br/noticia/82698/a-disputa-para-o-senado-estado-por-estado
2010-RO-066,2010,RO,Ibope,27-29/08,Melki Donadon (PHS),10.0,duas_mencoes_agregadas,False,False,2010-10-02T07:00:00-03:00,https://www.congressoemfoco.com.br/noticia/82698/a-disputa-para-o-senado-estado-por-estado
2010-RO-066,2010,RO,Ibope,27-29/08,Agnaldo Muniz (PSC),7.0,duas_mencoes_agregadas,False,False,2010-10-02T07:00:00-03:00,https://www.congressoemfoco.com.br/noticia/82698/a-disputa-para-o-senado-estado-por-estado
2010-RO-066,2010,RO,Ibope,27-29/08,Aluizio Vidal (Psol),5.0,duas_mencoes_agregadas,False,False,2010-10-02T07:00:00-03:00,https://www.congressoemfoco.com.br/noticia/82698/a-disputa-para-o-senado-estado-por-estado
2010-RR-067,2010,RR,Phoenix,06-09/09,Romero Jucá (PMDB),30.88,nao_identificado,False,False,2010-10-02T07:00:00-03:00,https://www.congressoemfoco.com.br/noticia/82698/a-disputa-para-o-senado-estado-por-estado
2010-RR-067,2010,RR,Phoenix,06-09/09,Ângela Portela (PT),23.66,nao_identificado,False,False,2010-10-02T07:00:00-03:00,https://www.congressoemfoco.com.br/noticia/82698/a-disputa-para-o-senado-estado-por-estado
2010-RR-067,2010,RR,Phoenix,06-09/09,Marluce Pinto (PSDB),14.94,nao_identificado,False,False,2010-10-02T07:00:00-03:00,https://www.congressoemfoco.com.br/noticia/82698/a-disputa-para-o-senado-estado-por-estado
2010-RR-067,2010,RR,Phoenix,06-09/09,Telmário Mota (PDT),4.23,nao_identificado,False,False,2010-10-02T07:00:00-03:00,https://www.congressoemfoco.com.br/noticia/82698/a-disputa-para-o-senado-estado-por-estado
2010-RR-067,2010,RR,Phoenix,06-09/09,Hiran Gonçalves (PHS),2.37,nao_identificado,False,False,2010-10-02T07:00:00-03:00,https://www.congressoemfoco.com.br/noticia/82698/a-disputa-para-o-senado-estado-por-estado
2010-RR-068,2010,RR,Ibope,28-30/08,Romero Jucá (PMDB),53.0,duas_mencoes_agregadas,False,False,2010-10-02T07:00:00-03:00,https://www.congressoemfoco.com.br/noticia/82698/a-disputa-para-o-senado-estado-por-estado
2010-RR-068,2010,RR,Ibope,28-30/08,Ângela Portela (PT),47.0,duas_mencoes_agregadas,False,False,2010-10-02T07:00:00-03:00,https://www.congressoemfoco.com.br/noticia/82698/a-disputa-para-o-senado-estado-por-estado
2010-RR-068,2010,RR,Ibope,28-30/08,Marluce Pinto (PSDB),40.0,duas_mencoes_agregadas,False,False,2010-10-02T07:00:00-03:00,https://www.congressoemfoco.com.br/noticia/82698/a-disputa-para-o-senado-estado-por-estado
2010-RR-068,2010,RR,Ibope,28-30/08,Telmário Mota (PDT),11.0,duas_mencoes_agregadas,False,False,2010-10-02T07:00:00-03:00,https://www.congressoemfoco.com.br/noticia/82698/a-disputa-para-o-senado-estado-por-estado
2010-RR-068,2010,RR,Ibope,28-30/08,Aimberê Freitas (PV),4.0,duas_mencoes_agregadas,False,False,2010-10-02T07:00:00-03:00,https://www.congressoemfoco.com.br/noticia/82698/a-disputa-para-o-senado-estado-por-estado
2010-RR-068,2010,RR,Ibope,28-30/08,Hiran Gonçalves (PHS),4.0,duas_mencoes_agregadas,False,False,2010-10-02T07:00:00-03:00,https://www.congressoemfoco.com.br/noticia/82698/a-disputa-para-o-senado-estado-por-estado
2010-RR-068,2010,RR,Ibope,28-30/08,Jorge Schwinden (Psol),1.0,duas_mencoes_agregadas,False,False,2010-10-02T07:00:00-03:00,https://www.congressoemfoco.com.br/noticia/82698/a-disputa-para-o-senado-estado-por-estado
2010-RR-069,2010,RR,Ibope,27-29/07,Romero Jucá (PMDB),52.0,duas_mencoes_agregadas,False,False,2010-10-02T07:00:00-03:00,https://www.congressoemfoco.com.br/noticia/82698/a-disputa-para-o-senado-estado-por-estado
2010-RR-069,2010,RR,Ibope,27-29/07,Marluce Pinto (PSDB),41.0,duas_mencoes_agregadas,False,False,2010-10-02T07:00:00-03:00,https://www.congressoemfoco.com.br/noticia/82698/a-disputa-para-o-senado-estado-por-estado
2010-RR-069,2010,RR,Ibope,27-29/07,Ângela Portela (PT),36.0,duas_mencoes_agregadas,False,False,2010-10-02T07:00:00-03:00,https://www.congressoemfoco.com.br/noticia/82698/a-disputa-para-o-senado-estado-por-estado
2010-RR-069,2010,RR,Ibope,27-29/07,Telmário Mota (PDT),8.0,duas_mencoes_agregadas,False,False,2010-10-02T07:00:00-03:00,https://www.congressoemfoco.com.br/noticia/82698/a-disputa-para-o-senado-estado-por-estado
2010-RR-069,2010,RR,Ibope,27-29/07,Hiran Gonçalves (PHS),4.0,duas_mencoes_agregadas,False,False,2010-10-02T07:00:00-03:00,https://www.congressoemfoco.com.br/noticia/82698/a-disputa-para-o-senado-estado-por-estado
2010-RR-069,2010,RR,Ibope,27-29/07,Aimberê Freitas (PV),2.0,duas_mencoes_agregadas,False,False,2010-10-02T07:00:00-03:00,https://www.congressoemfoco.com.br/noticia/82698/a-disputa-para-o-senado-estado-por-estado
2010-RR-069,2010,RR,Ibope,27-29/07,Leopoldo Junior (PCO),1.0,duas_mencoes_agregadas,False,False,2010-10-02T07:00:00-03:00,https://www.congressoemfoco.com.br/noticia/82698/a-disputa-para-o-senado-estado-por-estado
2010-RR-069,2010,RR,Ibope,27-29/07,Lauro Barreto (PHS),1.0,duas_mencoes_agregadas,False,False,2010-10-02T07:00:00-03:00,https://www.congressoemfoco.com.br/noticia/82698/a-disputa-para-o-senado-estado-por-estado
2010-SC-070,2010,SC,Ibope,21-23/09,Luiz Henrique da Silveira (PMDB),45.0,duas_mencoes_agregadas,False,False,2010-10-02T07:00:00-03:00,https://www.congressoemfoco.com.br/noticia/82698/a-disputa-para-o-senado-estado-por-estado
2010-SC-070,2010,SC,Ibope,21-23/09,Paulo Bauer (DEM),25.0,duas_mencoes_agregadas,False,False,2010-10-02T07:00:00-03:00,https://www.congressoemfoco.com.br/noticia/82698/a-disputa-para-o-senado-estado-por-estado
2010-SC-070,2010,SC,Ibope,21-23/09,Claudio Vignatti (PT),21.0,duas_mencoes_agregadas,False,False,2010-10-02T07:00:00-03:00,https://www.congressoemfoco.com.br/noticia/82698/a-disputa-para-o-senado-estado-por-estado
2010-SC-070,2010,SC,Ibope,21-23/09,Hugo Biehl (PP),11.0,duas_mencoes_agregadas,False,False,2010-10-02T07:00:00-03:00,https://www.congressoemfoco.com.br/noticia/82698/a-disputa-para-o-senado-estado-por-estado
2010-SC-070,2010,SC,Ibope,21-23/09,Ghizoni (PC do B),5.0,duas_mencoes_agregadas,False,False,2010-10-02T07:00:00-03:00,https://www.congressoemfoco.com.br/noticia/82698/a-disputa-para-o-senado-estado-por-estado
2010-SC-070,2010,SC,Ibope,21-23/09,Joaninha (PSTU),3.0,duas_mencoes_agregadas,False,False,2010-10-02T07:00:00-03:00,https://www.congressoemfoco.com.br/noticia/82698/a-disputa-para-o-senado-estado-por-estado
2010-SC-070,2010,SC,Ibope,21-23/09,Beth Tiscoski (PP),3.0,duas_mencoes_agregadas,False,False,2010-10-02T07:00:00-03:00,https://www.congressoemfoco.com.br/noticia/82698/a-disputa-para-o-senado-estado-por-estado
2010-SC-070,2010,SC,Ibope,21-23/09,Fabiano Piovezan (PV),1.0,duas_mencoes_agregadas,False,False,2010-10-02T07:00:00-03:00,https://www.congressoemfoco.com.br/noticia/82698/a-disputa-para-o-senado-estado-por-estado
2010-SC-070,2010,SC,Ibope,21-23/09,Alex (PSTU),1.0,duas_mencoes_agregadas,False,False,2010-10-02T07:00:00-03:00,https://www.congressoemfoco.com.br/noticia/82698/a-disputa-para-o-senado-estado-por-estado
2010-SC-070,2010,SC,Ibope,21-23/09,Professor Wesley (PPS),1.0,duas_mencoes_agregadas,False,False,2010-10-02T07:00:00-03:00,https://www.congressoemfoco.com.br/noticia/82698/a-disputa-para-o-senado-estado-por-estado
2010-SC-070,2010,SC,Ibope,21-23/09,Paulo Afonso (Psol),1.0,duas_mencoes_agregadas,False,False,2010-10-02T07:00:00-03:00,https://www.congressoemfoco.com.br/noticia/82698/a-disputa-para-o-senado-estado-por-estado
2010-SC-071,2010,SC,Mapa,15-16/09,Luiz Henrique da Silveira (PMDB),40.5,duas_mencoes_agregadas,False,False,2010-10-02T07:00:00-03:00,https://www.congressoemfoco.com.br/noticia/82698/a-disputa-para-o-senado-estado-por-estado
2010-SC-071,2010,SC,Mapa,15-16/09,Paulo Bauer (DEM),24.9,duas_mencoes_agregadas,False,False,2010-10-02T07:00:00-03:00,https://www.congressoemfoco.com.br/noticia/82698/a-disputa-para-o-senado-estado-por-estado
2010-SC-071,2010,SC,Mapa,15-16/09,Claudio Vignatti (PT),17.6,duas_mencoes_agregadas,False,False,2010-10-02T07:00:00-03:00,https://www.congressoemfoco.com.br/noticia/82698/a-disputa-para-o-senado-estado-por-estado
2010-SC-071,2010,SC,Mapa,15-16/09,Hugo Biehl (PP),11.4,duas_mencoes_agregadas,False,False,2010-10-02T07:00:00-03:00,https://www.congressoemfoco.com.br/noticia/82698/a-disputa-para-o-senado-estado-por-estado
2010-SC-071,2010,SC,Mapa,15-16/09,Paulo Afonso (Psol),9.0,duas_mencoes_agregadas,False,False,2010-10-02T07:00:00-03:00,https://www.congressoemfoco.com.br/noticia/82698/a-disputa-para-o-senado-estado-por-estado
2010-SC-071,2010,SC,Mapa,15-16/09,Beth Tiscoski (PP),4.7,duas_mencoes_agregadas,False,False,2010-10-02T07:00:00-03:00,https://www.congressoemfoco.com.br/noticia/82698/a-disputa-para-o-senado-estado-por-estado
2010-SC-071,2010,SC,Mapa,15-16/09,Ghizoni (PC do B),4.2,duas_mencoes_agregadas,False,False,2010-10-02T07:00:00-03:00,https://www.congressoemfoco.com.br/noticia/82698/a-disputa-para-o-senado-estado-por-estado
2010-SC-071,2010,SC,Mapa,15-16/09,Fabiano Piovezan (PV),3.0,duas_mencoes_agregadas,False,False,2010-10-02T07:00:00-03:00,https://www.congressoemfoco.com.br/noticia/82698/a-disputa-para-o-senado-estado-por-estado
2010-SC-071,2010,SC,Mapa,15-16/09,Professor Wesley (PPS),2.4,duas_mencoes_agregadas,False,False,2010-10-02T07:00:00-03:00,https://www.congressoemfoco.com.br/noticia/82698/a-disputa-para-o-senado-estado-por-estado
2010-SC-071,2010,SC,Mapa,15-16/09,Joaninha (PSTU),2.0,duas_mencoes_agregadas,False,False,2010-10-02T07:00:00-03:00,https://www.congressoemfoco.com.br/noticia/82698/a-disputa-para-o-senado-estado-por-estado
2010-SC-071,2010,SC,Mapa,15-16/09,Alex (PSTU),0.7,duas_mencoes_agregadas,False,False,2010-10-02T07:00:00-03:00,https://www.congressoemfoco.com.br/noticia/82698/a-disputa-para-o-senado-estado-por-estado
2010-SC-072,2010,SC,Ibope,07-09/09,Luiz Henrique da Silveira (PMDB),45.0,duas_mencoes_agregadas,False,False,2010-10-02T07:00:00-03:00,https://www.congressoemfoco.com.br/noticia/82698/a-disputa-para-o-senado-estado-por-estado
2010-SC-072,2010,SC,Ibope,07-09/09,Paulo Bauer (DEM),23.0,duas_mencoes_agregadas,False,False,2010-10-02T07:00:00-03:00,https://www.congressoemfoco.com.br/noticia/82698/a-disputa-para-o-senado-estado-por-estado
2010-SC-072,2010,SC,Ibope,07-09/09,Claudio Vignatti (PT),16.0,duas_mencoes_agregadas,False,False,2010-10-02T07:00:00-03:00,https://www.congressoemfoco.com.br/noticia/82698/a-disputa-para-o-senado-estado-por-estado
2010-SC-072,2010,SC,Ibope,07-09/09,Hugo Biehl (PP),11.0,duas_mencoes_agregadas,False,False,2010-10-02T07:00:00-03:00,https://www.congressoemfoco.com.br/noticia/82698/a-disputa-para-o-senado-estado-por-estado
2010-SC-072,2010,SC,Ibope,07-09/09,Joaninha (PSTU),5.0,duas_mencoes_agregadas,False,False,2010-10-02T07:00:00-03:00,https://www.congressoemfoco.com.br/noticia/82698/a-disputa-para-o-senado-estado-por-estado
2010-SC-072,2010,SC,Ibope,07-09/09,Beth Tiscoski (PP),4.0,duas_mencoes_agregadas,False,False,2010-10-02T07:00:00-03:00,https://www.congressoemfoco.com.br/noticia/82698/a-disputa-para-o-senado-estado-por-estado
2010-SC-072,2010,SC,Ibope,07-09/09,Fabiano Piovezan (PV),3.0,duas_mencoes_agregadas,False,False,2010-10-02T07:00:00-03:00,https://www.congressoemfoco.com.br/noticia/82698/a-disputa-para-o-senado-estado-por-estado
2010-SC-072,2010,SC,Ibope,07-09/09,Ghizoni (PC do B),3.0,duas_mencoes_agregadas,False,False,2010-10-02T07:00:00-03:00,https://www.congressoemfoco.com.br/noticia/82698/a-disputa-para-o-senado-estado-por-estado
2010-SC-072,2010,SC,Ibope,07-09/09,Paulo Afonso (Psol),2.0,duas_mencoes_agregadas,False,False,2010-10-02T07:00:00-03:00,https://www.congressoemfoco.com.br/noticia/82698/a-disputa-para-o-senado-estado-por-estado
2010-SC-072,2010,SC,Ibope,07-09/09,Professor Wesley (PPS),1.0,duas_mencoes_agregadas,False,False,2010-10-02T07:00:00-03:00,https://www.congressoemfoco.com.br/noticia/82698/a-disputa-para-o-senado-estado-por-estado
2010-SC-072,2010,SC,Ibope,07-09/09,Alex (PSTU),1.0,duas_mencoes_agregadas,False,False,2010-10-02T07:00:00-03:00,https://www.congressoemfoco.com.br/noticia/82698/a-disputa-para-o-senado-estado-por-estado
2010-SP-073,2010,SP,Datafolha,28-29/09,Netinho de Paula (PCdoB),39.0,duas_mencoes_agregadas,False,False,2010-10-02T07:00:00-03:00,https://www.congressoemfoco.com.br/noticia/82698/a-disputa-para-o-senado-estado-por-estado
2010-SP-073,2010,SP,Datafolha,28-29/09,Marta Suplicy (PT),37.0,duas_mencoes_agregadas,False,False,2010-10-02T07:00:00-03:00,https://www.congressoemfoco.com.br/noticia/82698/a-disputa-para-o-senado-estado-por-estado
2010-SP-073,2010,SP,Datafolha,28-29/09,Aloysio Nunes Ferreira (PSDB),29.0,duas_mencoes_agregadas,False,False,2010-10-02T07:00:00-03:00,https://www.congressoemfoco.com.br/noticia/82698/a-disputa-para-o-senado-estado-por-estado
2010-SP-073,2010,SP,Datafolha,28-29/09,Romeu Tuma (PTB),20.0,duas_mencoes_agregadas,False,False,2010-10-02T07:00:00-03:00,https://www.congressoemfoco.com.br/noticia/82698/a-disputa-para-o-senado-estado-por-estado
2010-SP-073,2010,SP,Datafolha,28-29/09,Ciro Moura (PTC),8.0,duas_mencoes_agregadas,False,False,2010-10-02T07:00:00-03:00,https://www.congressoemfoco.com.br/noticia/82698/a-disputa-para-o-senado-estado-por-estado
2010-SP-073,2010,SP,Datafolha,28-29/09,Moacyr Franco (PSL),6.0,duas_mencoes_agregadas,False,False,2010-10-02T07:00:00-03:00,https://www.congressoemfoco.com.br/noticia/82698/a-disputa-para-o-senado-estado-por-estado
2010-SP-073,2010,SP,Datafolha,28-29/09,Ricardo Young (PV),5.0,duas_mencoes_agregadas,False,False,2010-10-02T07:00:00-03:00,https://www.congressoemfoco.com.br/noticia/82698/a-disputa-para-o-senado-estado-por-estado
2010-SP-073,2010,SP,Datafolha,28-29/09,Ana Luiza (PSTU),3.0,duas_mencoes_agregadas,False,False,2010-10-02T07:00:00-03:00,https://www.congressoemfoco.com.br/noticia/82698/a-disputa-para-o-senado-estado-por-estado
2010-SP-073,2010,SP,Datafolha,28-29/09,Serpa (PSB),2.0,duas_mencoes_agregadas,False,False,2010-10-02T07:00:00-03:00,https://www.congressoemfoco.com.br/noticia/82698/a-disputa-para-o-senado-estado-por-estado
2010-SP-073,2010,SP,Datafolha,28-29/09,Marcelo Henrique (Psol),1.0,duas_mencoes_agregadas,False,False,2010-10-02T07:00:00-03:00,https://www.congressoemfoco.com.br/noticia/82698/a-disputa-para-o-senado-estado-por-estado
2010-SP-073,2010,SP,Datafolha,28-29/09,Afonso Teixeira (PCO),1.0,duas_mencoes_agregadas,False,False,2010-10-02T07:00:00-03:00,https://www.congressoemfoco.com.br/noticia/82698/a-disputa-para-o-senado-estado-por-estado
2010-SP-073,2010,SP,Datafolha,28-29/09,Dirceu Travesso (PSTU),1.0,duas_mencoes_agregadas,False,False,2010-10-02T07:00:00-03:00,https://www.congressoemfoco.com.br/noticia/82698/a-disputa-para-o-senado-estado-por-estado
2010-SP-074,2010,SP,Ibope,21-23/09,Marta Suplicy (PT),38.0,duas_mencoes_agregadas,False,False,2010-10-02T07:00:00-03:00,https://www.congressoemfoco.com.br/noticia/82698/a-disputa-para-o-senado-estado-por-estado
2010-SP-074,2010,SP,Ibope,21-23/09,Netinho de Paula (PCdoB),37.0,duas_mencoes_agregadas,False,False,2010-10-02T07:00:00-03:00,https://www.congressoemfoco.com.br/noticia/82698/a-disputa-para-o-senado-estado-por-estado
2010-SP-074,2010,SP,Ibope,21-23/09,Aloysio Nunes Ferreira (PSDB),25.0,duas_mencoes_agregadas,False,False,2010-10-02T07:00:00-03:00,https://www.congressoemfoco.com.br/noticia/82698/a-disputa-para-o-senado-estado-por-estado
2010-SP-074,2010,SP,Ibope,21-23/09,Romeu Tuma (PTB),20.0,duas_mencoes_agregadas,False,False,2010-10-02T07:00:00-03:00,https://www.congressoemfoco.com.br/noticia/82698/a-disputa-para-o-senado-estado-por-estado
2010-SP-074,2010,SP,Ibope,21-23/09,Ciro Moura (PTC),7.0,duas_mencoes_agregadas,False,False,2010-10-02T07:00:00-03:00,https://www.congressoemfoco.com.br/noticia/82698/a-disputa-para-o-senado-estado-por-estado
2010-SP-074,2010,SP,Ibope,21-23/09,Moacyr Franco (PSL),5.0,duas_mencoes_agregadas,False,False,2010-10-02T07:00:00-03:00,https://www.congressoemfoco.com.br/noticia/82698/a-disputa-para-o-senado-estado-por-estado
2010-SP-074,2010,SP,Ibope,21-23/09,Ricardo Young (PV),5.0,duas_mencoes_agregadas,False,False,2010-10-02T07:00:00-03:00,https://www.congressoemfoco.com.br/noticia/82698/a-disputa-para-o-senado-estado-por-estado
2010-SP-074,2010,SP,Ibope,21-23/09,Serpa (PSB),2.0,duas_mencoes_agregadas,False,False,2010-10-02T07:00:00-03:00,https://www.congressoemfoco.com.br/noticia/82698/a-disputa-para-o-senado-estado-por-estado
2010-SP-074,2010,SP,Ibope,21-23/09,Ana Luiza (PSTU),2.0,duas_mencoes_agregadas,False,False,2010-10-02T07:00:00-03:00,https://www.congressoemfoco.com.br/noticia/82698/a-disputa-para-o-senado-estado-por-estado
2010-SP-074,2010,SP,Ibope,21-23/09,Afonso Teixeira (PCO),1.0,duas_mencoes_agregadas,False,False,2010-10-02T07:00:00-03:00,https://www.congressoemfoco.com.br/noticia/82698/a-disputa-para-o-senado-estado-por-estado
2010-SP-074,2010,SP,Ibope,21-23/09,Marcelo Henrique (Psol),1.0,duas_mencoes_agregadas,False,False,2010-10-02T07:00:00-03:00,https://www.congressoemfoco.com.br/noticia/82698/a-disputa-para-o-senado-estado-por-estado
2010-SP-075,2010,SP,Datafolha,13-14/09,Marta Suplicy (PT),35.0,duas_mencoes_agregadas,False,False,2010-10-02T07:00:00-03:00,https://www.congressoemfoco.com.br/noticia/82698/a-disputa-para-o-senado-estado-por-estado
2010-SP-075,2010,SP,Datafolha,13-14/09,Netinho de Paula (PCdoB),34.0,duas_mencoes_agregadas,False,False,2010-10-02T07:00:00-03:00,https://www.congressoemfoco.com.br/noticia/82698/a-disputa-para-o-senado-estado-por-estado
2010-SP-075,2010,SP,Datafolha,13-14/09,Romeu Tuma (PTB),22.0,duas_mencoes_agregadas,False,False,2010-10-02T07:00:00-03:00,https://www.congressoemfoco.com.br/noticia/82698/a-disputa-para-o-senado-estado-por-estado
2010-SP-075,2010,SP,Datafolha,13-14/09,Aloysio Nunes Ferreira (PSDB),17.0,duas_mencoes_agregadas,False,False,2010-10-02T07:00:00-03:00,https://www.congressoemfoco.com.br/noticia/82698/a-disputa-para-o-senado-estado-por-estado
2010-SP-075,2010,SP,Datafolha,13-14/09,Ciro Moura (PTC),11.0,duas_mencoes_agregadas,False,False,2010-10-02T07:00:00-03:00,https://www.congressoemfoco.com.br/noticia/82698/a-disputa-para-o-senado-estado-por-estado
2010-SP-075,2010,SP,Datafolha,13-14/09,Moacyr Franco (PSL),7.0,duas_mencoes_agregadas,False,False,2010-10-02T07:00:00-03:00,https://www.congressoemfoco.com.br/noticia/82698/a-disputa-para-o-senado-estado-por-estado
2010-SP-075,2010,SP,Datafolha,13-14/09,Ana Luiza (PSTU),3.0,duas_mencoes_agregadas,False,False,2010-10-02T07:00:00-03:00,https://www.congressoemfoco.com.br/noticia/82698/a-disputa-para-o-senado-estado-por-estado
2010-SP-075,2010,SP,Datafolha,13-14/09,Ricardo Young (PV),3.0,duas_mencoes_agregadas,False,False,2010-10-02T07:00:00-03:00,https://www.congressoemfoco.com.br/noticia/82698/a-disputa-para-o-senado-estado-por-estado
2010-SP-075,2010,SP,Datafolha,13-14/09,Serpa (PSB),2.0,duas_mencoes_agregadas,False,False,2010-10-02T07:00:00-03:00,https://www.congressoemfoco.com.br/noticia/82698/a-disputa-para-o-senado-estado-por-estado
2010-SP-075,2010,SP,Datafolha,13-14/09,Marcelo Henrique (Psol),2.0,duas_mencoes_agregadas,False,False,2010-10-02T07:00:00-03:00,https://www.congressoemfoco.com.br/noticia/82698/a-disputa-para-o-senado-estado-por-estado
2010-SP-075,2010,SP,Datafolha,13-14/09,Dirceu Travesso (PSTU),2.0,duas_mencoes_agregadas,False,False,2010-10-02T07:00:00-03:00,https://www.congressoemfoco.com.br/noticia/82698/a-disputa-para-o-senado-estado-por-estado
2010-SP-075,2010,SP,Datafolha,13-14/09,Afonso Teixeira (PCO),1.0,duas_mencoes_agregadas,False,False,2010-10-02T07:00:00-03:00,https://www.congressoemfoco.com.br/noticia/82698/a-disputa-para-o-senado-estado-por-estado
2010-SE-076,2010,SE,Ibope,20-22/09,Antônio Carlos Valadares (PSB),41.0,duas_mencoes_agregadas,False,False,2010-10-02T07:00:00-03:00,https://www.congressoemfoco.com.br/noticia/82698/a-disputa-para-o-senado-estado-por-estado
2010-SE-076,2010,SE,Ibope,20-22/09,Eduardo Amorim (PSC),38.0,duas_mencoes_agregadas,False,False,2010-10-02T07:00:00-03:00,https://www.congressoemfoco.com.br/noticia/82698/a-disputa-para-o-senado-estado-por-estado
2010-SE-076,2010,SE,Ibope,20-22/09,Albano Franco (PSDB),35.0,duas_mencoes_agregadas,False,False,2010-10-02T07:00:00-03:00,https://www.congressoemfoco.com.br/noticia/82698/a-disputa-para-o-senado-estado-por-estado
2010-SE-076,2010,SE,Ibope,20-22/09,José Carlos Machado (DEM),13.0,duas_mencoes_agregadas,False,False,2010-10-02T07:00:00-03:00,https://www.congressoemfoco.com.br/noticia/82698/a-disputa-para-o-senado-estado-por-estado
2010-SE-076,2010,SE,Ibope,20-22/09,Emanuel Cacho (PPS),4.0,duas_mencoes_agregadas,False,False,2010-10-02T07:00:00-03:00,https://www.congressoemfoco.com.br/noticia/82698/a-disputa-para-o-senado-estado-por-estado
2010-SE-076,2010,SE,Ibope,20-22/09,Antônio Leite (PV),2.0,duas_mencoes_agregadas,False,False,2010-10-02T07:00:00-03:00,https://www.congressoemfoco.com.br/noticia/82698/a-disputa-para-o-senado-estado-por-estado
2010-SE-076,2010,SE,Ibope,20-22/09,Atamario Cordeiro (Psol),1.0,duas_mencoes_agregadas,False,False,2010-10-02T07:00:00-03:00,https://www.congressoemfoco.com.br/noticia/82698/a-disputa-para-o-senado-estado-por-estado
2010-SE-076,2010,SE,Ibope,20-22/09,Gugu Liberato (PRTB),1.0,duas_mencoes_agregadas,False,False,2010-10-02T07:00:00-03:00,https://www.congressoemfoco.com.br/noticia/82698/a-disputa-para-o-senado-estado-por-estado
2010-SE-077,2010,SE,Soma,02-05/09,Antônio Carlos Valadares (PSB),44.7,duas_mencoes_agregadas,False,False,2010-10-02T07:00:00-03:00,https://www.congressoemfoco.com.br/noticia/82698/a-disputa-para-o-senado-estado-por-estado
2010-SE-077,2010,SE,Soma,02-05/09,Albano Franco (PSDB),37.5,duas_mencoes_agregadas,False,False,2010-10-02T07:00:00-03:00,https://www.congressoemfoco.com.br/noticia/82698/a-disputa-para-o-senado-estado-por-estado
2010-SE-077,2010,SE,Soma,02-05/09,Eduardo Amorim (PSC),32.4,duas_mencoes_agregadas,False,False,2010-10-02T07:00:00-03:00,https://www.congressoemfoco.com.br/noticia/82698/a-disputa-para-o-senado-estado-por-estado
2010-SE-077,2010,SE,Soma,02-05/09,José Carlos Machado (DEM),11.8,duas_mencoes_agregadas,False,False,2010-10-02T07:00:00-03:00,https://www.congressoemfoco.com.br/noticia/82698/a-disputa-para-o-senado-estado-por-estado
2010-SE-077,2010,SE,Soma,02-05/09,Antônio Leite (PV),1.8,duas_mencoes_agregadas,False,False,2010-10-02T07:00:00-03:00,https://www.congressoemfoco.com.br/noticia/82698/a-disputa-para-o-senado-estado-por-estado
2010-SE-077,2010,SE,Soma,02-05/09,Emanuel Cacho (PPS),1.0,duas_mencoes_agregadas,False,False,2010-10-02T07:00:00-03:00,https://www.congressoemfoco.com.br/noticia/82698/a-disputa-para-o-senado-estado-por-estado
2010-SE-078,2010,SE,Ibope,24-26/08,Antônio Carlos Valadares (PSB),35.0,duas_mencoes_agregadas,False,False,2010-10-02T07:00:00-03:00,https://www.congressoemfoco.com.br/noticia/82698/a-disputa-para-o-senado-estado-por-estado
2010-SE-078,2010,SE,Ibope,24-26/08,Albano Franco (PSDB),34.0,duas_mencoes_agregadas,False,False,2010-10-02T07:00:00-03:00,https://www.congressoemfoco.com.br/noticia/82698/a-disputa-para-o-senado-estado-por-estado
2010-SE-078,2010,SE,Ibope,24-26/08,Eduardo Amorim (PSC),25.0,duas_mencoes_agregadas,False,False,2010-10-02T07:00:00-03:00,https://www.congressoemfoco.com.br/noticia/82698/a-disputa-para-o-senado-estado-por-estado
2010-SE-078,2010,SE,Ibope,24-26/08,José Carlos Machado (DEM),7.0,duas_mencoes_agregadas,False,False,2010-10-02T07:00:00-03:00,https://www.congressoemfoco.com.br/noticia/82698/a-disputa-para-o-senado-estado-por-estado
2010-SE-078,2010,SE,Ibope,24-26/08,Gugu Liberato (PRTB),1.0,duas_mencoes_agregadas,False,False,2010-10-02T07:00:00-03:00,https://www.congressoemfoco.com.br/noticia/82698/a-disputa-para-o-senado-estado-por-estado
2010-SE-078,2010,SE,Ibope,24-26/08,João Augusto Nascimento (PSDC),1.0,duas_mencoes_agregadas,False,False,2010-10-02T07:00:00-03:00,https://www.congressoemfoco.com.br/noticia/82698/a-disputa-para-o-senado-estado-por-estado
2010-SE-078,2010,SE,Ibope,24-26/08,Emanuel Cacho (PPS),1.0,duas_mencoes_agregadas,False,False,2010-10-02T07:00:00-03:00,https://www.congressoemfoco.com.br/noticia/82698/a-disputa-para-o-senado-estado-por-estado
2010-SE-078,2010,SE,Ibope,24-26/08,Antônio Leite (PV),1.0,duas_mencoes_agregadas,False,False,2010-10-02T07:00:00-03:00,https://www.congressoemfoco.com.br/noticia/82698/a-disputa-para-o-senado-estado-por-estado
2010-SE-078,2010,SE,Ibope,24-26/08,Lourdinha (PSTU),1.0,duas_mencoes_agregadas,False,False,2010-10-02T07:00:00-03:00,https://www.congressoemfoco.com.br/noticia/82698/a-disputa-para-o-senado-estado-por-estado
2010-SE-078,2010,SE,Ibope,24-26/08,Paulinho da União Tur (PRTB),1.0,duas_mencoes_agregadas,False,False,2010-10-02T07:00:00-03:00,https://www.congressoemfoco.com.br/noticia/82698/a-disputa-para-o-senado-estado-por-estado
2010-SE-078,2010,SE,Ibope,24-26/08,Professor Lula (PCB),1.0,duas_mencoes_agregadas,False,False,2010-10-02T07:00:00-03:00,https://www.congressoemfoco.com.br/noticia/82698/a-disputa-para-o-senado-estado-por-estado
2010-SE-078,2010,SE,Ibope,24-26/08,Professor Marques (PCB),1.0,duas_mencoes_agregadas,False,False,2010-10-02T07:00:00-03:00,https://www.congressoemfoco.com.br/noticia/82698/a-disputa-para-o-senado-estado-por-estado
2010-TO-079,2010,TO,Ibope,26-28/09,João Ribeiro (PR),49.0,duas_mencoes_agregadas,False,False,2010-10-02T07:00:00-03:00,https://www.congressoemfoco.com.br/noticia/82698/a-disputa-para-o-senado-estado-por-estado
2010-TO-079,2010,TO,Ibope,26-28/09,Marcelo Miranda (PMDB),39.0,duas_mencoes_agregadas,False,False,2010-10-02T07:00:00-03:00,https://www.congressoemfoco.com.br/noticia/82698/a-disputa-para-o-senado-estado-por-estado
2010-TO-079,2010,TO,Ibope,26-28/09,Vicentinho Alves (PR),35.0,duas_mencoes_agregadas,False,False,2010-10-02T07:00:00-03:00,https://www.congressoemfoco.com.br/noticia/82698/a-disputa-para-o-senado-estado-por-estado
2010-TO-079,2010,TO,Ibope,26-28/09,Paulo Mourão (PT),30.0,duas_mencoes_agregadas,False,False,2010-10-02T07:00:00-03:00,https://www.congressoemfoco.com.br/noticia/82698/a-disputa-para-o-senado-estado-por-estado
2010-TO-080,2010,TO,Ibope,18-20/09,Marcelo Miranda (PMDB),46.0,duas_mencoes_agregadas,False,False,2010-10-02T07:00:00-03:00,https://www.congressoemfoco.com.br/noticia/82698/a-disputa-para-o-senado-estado-por-estado
2010-TO-080,2010,TO,Ibope,18-20/09,João Ribeiro (PR),46.0,duas_mencoes_agregadas,False,False,2010-10-02T07:00:00-03:00,https://www.congressoemfoco.com.br/noticia/82698/a-disputa-para-o-senado-estado-por-estado
2010-TO-080,2010,TO,Ibope,18-20/09,Paulo Mourão (PT),29.0,duas_mencoes_agregadas,False,False,2010-10-02T07:00:00-03:00,https://www.congressoemfoco.com.br/noticia/82698/a-disputa-para-o-senado-estado-por-estado
2010-TO-080,2010,TO,Ibope,18-20/09,Vicentinho Alves (PR),28.0,duas_mencoes_agregadas,False,False,2010-10-02T07:00:00-03:00,https://www.congressoemfoco.com.br/noticia/82698/a-disputa-para-o-senado-estado-por-estado
2010-TO-081,2010,TO,Serpes,06-10/09,Marcelo Miranda (PMDB),22.6,nao_identificado,False,False,2010-10-02T07:00:00-03:00,https://www.congressoemfoco.com.br/noticia/82698/a-disputa-para-o-senado-estado-por-estado
2010-TO-081,2010,TO,Serpes,06-10/09,João Ribeiro (PR),22.4,nao_identificado,False,False,2010-10-02T07:00:00-03:00,https://www.congressoemfoco.com.br/noticia/82698/a-disputa-para-o-senado-estado-por-estado
2010-TO-081,2010,TO,Serpes,06-10/09,Paulo Mourão (PT),16.6,nao_identificado,False,False,2010-10-02T07:00:00-03:00,https://www.congressoemfoco.com.br/noticia/82698/a-disputa-para-o-senado-estado-por-estado
2010-TO-081,2010,TO,Serpes,06-10/09,Vicentinho Alves (PR),14.4,nao_identificado,False,False,2010-10-02T07:00:00-03:00,https://www.congressoemfoco.com.br/noticia/82698/a-disputa-para-o-senado-estado-por-estado
