ano,uf,pagina,url,tabela,linha,periodo_campo,instituto,margem_erro_texto,margem_erro_pp,formato,candidato_rotulo,percentual,valor_original,contexto
2018,AC,Eleições estaduais no Acre em 2018,https://pt.wikipedia.org/wiki/Elei%C3%A7%C3%B5es_estaduais_no_Acre_em_2018,1,1,18/08 a 21/08/2018,Ibope,±3%,3.0,duas_mencoes_agregadas,Petecão (PSD),39.0,39%,"Senado Federal | Governo do Estado | Pesquisas de intenção de voto | Candidatos ao Senado Federal | Levando em conta que para o senado o eleitor irá votar duas vezes, as pesquisas possuem um universo de 200% | Senado Federal[editar | editar código]"
2018,AC,Eleições estaduais no Acre em 2018,https://pt.wikipedia.org/wiki/Elei%C3%A7%C3%B5es_estaduais_no_Acre_em_2018,1,1,18/08 a 21/08/2018,Ibope,±3%,3.0,duas_mencoes_agregadas,Bittar (MDB),34.0,34%,"Senado Federal | Governo do Estado | Pesquisas de intenção de voto | Candidatos ao Senado Federal | Levando em conta que para o senado o eleitor irá votar duas vezes, as pesquisas possuem um universo de 200% | Senado Federal[editar | editar código]"
2018,AC,Eleições estaduais no Acre em 2018,https://pt.wikipedia.org/wiki/Elei%C3%A7%C3%B5es_estaduais_no_Acre_em_2018,1,1,18/08 a 21/08/2018,Ibope,±3%,3.0,duas_mencoes_agregadas,Viana (PT),43.0,43%,"Senado Federal | Governo do Estado | Pesquisas de intenção de voto | Candidatos ao Senado Federal | Levando em conta que para o senado o eleitor irá votar duas vezes, as pesquisas possuem um universo de 200% | Senado Federal[editar | editar código]"
2018,AC,Eleições estaduais no Acre em 2018,https://pt.wikipedia.org/wiki/Elei%C3%A7%C3%B5es_estaduais_no_Acre_em_2018,1,1,18/08 a 21/08/2018,Ibope,±3%,3.0,duas_mencoes_agregadas,Amorim (PT),30.0,30%,"Senado Federal | Governo do Estado | Pesquisas de intenção de voto | Candidatos ao Senado Federal | Levando em conta que para o senado o eleitor irá votar duas vezes, as pesquisas possuem um universo de 200% | Senado Federal[editar | editar código]"
2018,AC,Eleições estaduais no Acre em 2018,https://pt.wikipedia.org/wiki/Elei%C3%A7%C3%B5es_estaduais_no_Acre_em_2018,1,1,18/08 a 21/08/2018,Ibope,±3%,3.0,duas_mencoes_agregadas,Kinpara (REDE),10.0,10%,"Senado Federal | Governo do Estado | Pesquisas de intenção de voto | Candidatos ao Senado Federal | Levando em conta que para o senado o eleitor irá votar duas vezes, as pesquisas possuem um universo de 200% | Senado Federal[editar | editar código]"
2018,AC,Eleições estaduais no Acre em 2018,https://pt.wikipedia.org/wiki/Elei%C3%A7%C3%B5es_estaduais_no_Acre_em_2018,1,1,18/08 a 21/08/2018,Ibope,±3%,3.0,duas_mencoes_agregadas,Pedraza (PSL),2.0,2%,"Senado Federal | Governo do Estado | Pesquisas de intenção de voto | Candidatos ao Senado Federal | Levando em conta que para o senado o eleitor irá votar duas vezes, as pesquisas possuem um universo de 200% | Senado Federal[editar | editar código]"
2018,AC,Eleições estaduais no Acre em 2018,https://pt.wikipedia.org/wiki/Elei%C3%A7%C3%B5es_estaduais_no_Acre_em_2018,1,2,17/09 a 19/09/2018,Ibope,±3%,3.0,duas_mencoes_agregadas,Petecão (PSD),52.0,52%,"Senado Federal | Governo do Estado | Pesquisas de intenção de voto | Candidatos ao Senado Federal | Levando em conta que para o senado o eleitor irá votar duas vezes, as pesquisas possuem um universo de 200% | Senado Federal[editar | editar código]"
2018,AC,Eleições estaduais no Acre em 2018,https://pt.wikipedia.org/wiki/Elei%C3%A7%C3%B5es_estaduais_no_Acre_em_2018,1,2,17/09 a 19/09/2018,Ibope,±3%,3.0,duas_mencoes_agregadas,Bittar (MDB),39.0,39%,"Senado Federal | Governo do Estado | Pesquisas de intenção de voto | Candidatos ao Senado Federal | Levando em conta que para o senado o eleitor irá votar duas vezes, as pesquisas possuem um universo de 200% | Senado Federal[editar | editar código]"
2018,AC,Eleições estaduais no Acre em 2018,https://pt.wikipedia.org/wiki/Elei%C3%A7%C3%B5es_estaduais_no_Acre_em_2018,1,2,17/09 a 19/09/2018,Ibope,±3%,3.0,duas_mencoes_agregadas,Viana (PT),35.0,35%,"Senado Federal | Governo do Estado | Pesquisas de intenção de voto | Candidatos ao Senado Federal | Levando em conta que para o senado o eleitor irá votar duas vezes, as pesquisas possuem um universo de 200% | Senado Federal[editar | editar código]"
2018,AC,Eleições estaduais no Acre em 2018,https://pt.wikipedia.org/wiki/Elei%C3%A7%C3%B5es_estaduais_no_Acre_em_2018,1,2,17/09 a 19/09/2018,Ibope,±3%,3.0,duas_mencoes_agregadas,Amorim (PT),30.0,30%,"Senado Federal | Governo do Estado | Pesquisas de intenção de voto | Candidatos ao Senado Federal | Levando em conta que para o senado o eleitor irá votar duas vezes, as pesquisas possuem um universo de 200% | Senado Federal[editar | editar código]"
2018,AC,Eleições estaduais no Acre em 2018,https://pt.wikipedia.org/wiki/Elei%C3%A7%C3%B5es_estaduais_no_Acre_em_2018,1,2,17/09 a 19/09/2018,Ibope,±3%,3.0,duas_mencoes_agregadas,Kinpara (REDE),12.0,12%,"Senado Federal | Governo do Estado | Pesquisas de intenção de voto | Candidatos ao Senado Federal | Levando em conta que para o senado o eleitor irá votar duas vezes, as pesquisas possuem um universo de 200% | Senado Federal[editar | editar código]"
2018,AC,Eleições estaduais no Acre em 2018,https://pt.wikipedia.org/wiki/Elei%C3%A7%C3%B5es_estaduais_no_Acre_em_2018,1,2,17/09 a 19/09/2018,Ibope,±3%,3.0,duas_mencoes_agregadas,Pedraza (PSL),1.0,1%,"Senado Federal | Governo do Estado | Pesquisas de intenção de voto | Candidatos ao Senado Federal | Levando em conta que para o senado o eleitor irá votar duas vezes, as pesquisas possuem um universo de 200% | Senado Federal[editar | editar código]"
2018,AL,Eleições estaduais em Alagoas em 2018,https://pt.wikipedia.org/wiki/Elei%C3%A7%C3%B5es_estaduais_em_Alagoas_em_2018,1,1,13/08 a 15/08/2018,Ibope,±3%,3.0,duas_mencoes_agregadas,Calheiros (MDB),33.0,33%,"Senado Federal | Governo do Estado | Pesquisas de intenção de voto | Deputados Federais eleitos | Levando em conta que para o senado o eleitor irá votar duas vezes, as pesquisas possuem um universo de 200% | Senado Federal[editar | editar código]"
2018,AL,Eleições estaduais em Alagoas em 2018,https://pt.wikipedia.org/wiki/Elei%C3%A7%C3%B5es_estaduais_em_Alagoas_em_2018,1,1,13/08 a 15/08/2018,Ibope,±3%,3.0,duas_mencoes_agregadas,Cunha (PSDB),19.0,19%,"Senado Federal | Governo do Estado | Pesquisas de intenção de voto | Deputados Federais eleitos | Levando em conta que para o senado o eleitor irá votar duas vezes, as pesquisas possuem um universo de 200% | Senado Federal[editar | editar código]"
2018,AL,Eleições estaduais em Alagoas em 2018,https://pt.wikipedia.org/wiki/Elei%C3%A7%C3%B5es_estaduais_em_Alagoas_em_2018,1,1,13/08 a 15/08/2018,Ibope,±3%,3.0,duas_mencoes_agregadas,Lira (PP),25.0,25%,"Senado Federal | Governo do Estado | Pesquisas de intenção de voto | Deputados Federais eleitos | Levando em conta que para o senado o eleitor irá votar duas vezes, as pesquisas possuem um universo de 200% | Senado Federal[editar | editar código]"
2018,AL,Eleições estaduais em Alagoas em 2018,https://pt.wikipedia.org/wiki/Elei%C3%A7%C3%B5es_estaduais_em_Alagoas_em_2018,1,1,13/08 a 15/08/2018,Ibope,±3%,3.0,duas_mencoes_agregadas,Quintella (PR),18.0,18%,"Senado Federal | Governo do Estado | Pesquisas de intenção de voto | Deputados Federais eleitos | Levando em conta que para o senado o eleitor irá votar duas vezes, as pesquisas possuem um universo de 200% | Senado Federal[editar | editar código]"
2018,AL,Eleições estaduais em Alagoas em 2018,https://pt.wikipedia.org/wiki/Elei%C3%A7%C3%B5es_estaduais_em_Alagoas_em_2018,1,1,13/08 a 15/08/2018,Ibope,±3%,3.0,duas_mencoes_agregadas,Cabral (PATRI),10.0,10%,"Senado Federal | Governo do Estado | Pesquisas de intenção de voto | Deputados Federais eleitos | Levando em conta que para o senado o eleitor irá votar duas vezes, as pesquisas possuem um universo de 200% | Senado Federal[editar | editar código]"
2018,AL,Eleições estaduais em Alagoas em 2018,https://pt.wikipedia.org/wiki/Elei%C3%A7%C3%B5es_estaduais_em_Alagoas_em_2018,1,1,13/08 a 15/08/2018,Ibope,±3%,3.0,duas_mencoes_agregadas,Cícero (PSOL),7.0,7%,"Senado Federal | Governo do Estado | Pesquisas de intenção de voto | Deputados Federais eleitos | Levando em conta que para o senado o eleitor irá votar duas vezes, as pesquisas possuem um universo de 200% | Senado Federal[editar | editar código]"
2018,AL,Eleições estaduais em Alagoas em 2018,https://pt.wikipedia.org/wiki/Elei%C3%A7%C3%B5es_estaduais_em_Alagoas_em_2018,1,2,17/09 a 19/09/2018,Ibope,±3%,3.0,duas_mencoes_agregadas,Calheiros (MDB),39.0,39%,"Senado Federal | Governo do Estado | Pesquisas de intenção de voto | Deputados Federais eleitos | Levando em conta que para o senado o eleitor irá votar duas vezes, as pesquisas possuem um universo de 200% | Senado Federal[editar | editar código]"
2018,AL,Eleições estaduais em Alagoas em 2018,https://pt.wikipedia.org/wiki/Elei%C3%A7%C3%B5es_estaduais_em_Alagoas_em_2018,1,2,17/09 a 19/09/2018,Ibope,±3%,3.0,duas_mencoes_agregadas,Cunha (PSDB),37.0,37%,"Senado Federal | Governo do Estado | Pesquisas de intenção de voto | Deputados Federais eleitos | Levando em conta que para o senado o eleitor irá votar duas vezes, as pesquisas possuem um universo de 200% | Senado Federal[editar | editar código]"
2018,AL,Eleições estaduais em Alagoas em 2018,https://pt.wikipedia.org/wiki/Elei%C3%A7%C3%B5es_estaduais_em_Alagoas_em_2018,1,2,17/09 a 19/09/2018,Ibope,±3%,3.0,duas_mencoes_agregadas,Lira (PP),23.0,23%,"Senado Federal | Governo do Estado | Pesquisas de intenção de voto | Deputados Federais eleitos | Levando em conta que para o senado o eleitor irá votar duas vezes, as pesquisas possuem um universo de 200% | Senado Federal[editar | editar código]"
2018,AL,Eleições estaduais em Alagoas em 2018,https://pt.wikipedia.org/wiki/Elei%C3%A7%C3%B5es_estaduais_em_Alagoas_em_2018,1,2,17/09 a 19/09/2018,Ibope,±3%,3.0,duas_mencoes_agregadas,Quintella (PR),18.0,18%,"Senado Federal | Governo do Estado | Pesquisas de intenção de voto | Deputados Federais eleitos | Levando em conta que para o senado o eleitor irá votar duas vezes, as pesquisas possuem um universo de 200% | Senado Federal[editar | editar código]"
2018,AL,Eleições estaduais em Alagoas em 2018,https://pt.wikipedia.org/wiki/Elei%C3%A7%C3%B5es_estaduais_em_Alagoas_em_2018,1,2,17/09 a 19/09/2018,Ibope,±3%,3.0,duas_mencoes_agregadas,Cabral (PATRI),5.0,5%,"Senado Federal | Governo do Estado | Pesquisas de intenção de voto | Deputados Federais eleitos | Levando em conta que para o senado o eleitor irá votar duas vezes, as pesquisas possuem um universo de 200% | Senado Federal[editar | editar código]"
2018,AL,Eleições estaduais em Alagoas em 2018,https://pt.wikipedia.org/wiki/Elei%C3%A7%C3%B5es_estaduais_em_Alagoas_em_2018,1,2,17/09 a 19/09/2018,Ibope,±3%,3.0,duas_mencoes_agregadas,Cícero (PSOL),4.0,4%,"Senado Federal | Governo do Estado | Pesquisas de intenção de voto | Deputados Federais eleitos | Levando em conta que para o senado o eleitor irá votar duas vezes, as pesquisas possuem um universo de 200% | Senado Federal[editar | editar código]"
2018,AP,Eleições estaduais no Amapá em 2018,https://pt.wikipedia.org/wiki/Elei%C3%A7%C3%B5es_estaduais_no_Amap%C3%A1_em_2018,1,1,14/09 a 16/09/2018,Ibope,±3%,3.0,duas_mencoes_agregadas,Randolfe (REDE),59.0,59%,"Senado Federal | Governo do Estado | Pesquisas de intenção de voto | Deputados estaduais eleitos | Levando em conta que para o senado o eleitor irá votar duas vezes, as pesquisas possuem um universo de 200% | Senado Federal[editar | editar código]"
2018,AP,Eleições estaduais no Amapá em 2018,https://pt.wikipedia.org/wiki/Elei%C3%A7%C3%B5es_estaduais_no_Amap%C3%A1_em_2018,1,1,14/09 a 16/09/2018,Ibope,±3%,3.0,duas_mencoes_agregadas,Janete (PSB),30.0,30%,"Senado Federal | Governo do Estado | Pesquisas de intenção de voto | Deputados estaduais eleitos | Levando em conta que para o senado o eleitor irá votar duas vezes, as pesquisas possuem um universo de 200% | Senado Federal[editar | editar código]"
2018,AP,Eleições estaduais no Amapá em 2018,https://pt.wikipedia.org/wiki/Elei%C3%A7%C3%B5es_estaduais_no_Amap%C3%A1_em_2018,1,1,14/09 a 16/09/2018,Ibope,±3%,3.0,duas_mencoes_agregadas,Lucas (PTB),22.0,22%,"Senado Federal | Governo do Estado | Pesquisas de intenção de voto | Deputados estaduais eleitos | Levando em conta que para o senado o eleitor irá votar duas vezes, as pesquisas possuem um universo de 200% | Senado Federal[editar | editar código]"
2018,AP,Eleições estaduais no Amapá em 2018,https://pt.wikipedia.org/wiki/Elei%C3%A7%C3%B5es_estaduais_no_Amap%C3%A1_em_2018,1,1,14/09 a 16/09/2018,Ibope,±3%,3.0,duas_mencoes_agregadas,Gilvam (MDB),13.0,13%,"Senado Federal | Governo do Estado | Pesquisas de intenção de voto | Deputados estaduais eleitos | Levando em conta que para o senado o eleitor irá votar duas vezes, as pesquisas possuem um universo de 200% | Senado Federal[editar | editar código]"
2018,AP,Eleições estaduais no Amapá em 2018,https://pt.wikipedia.org/wiki/Elei%C3%A7%C3%B5es_estaduais_no_Amap%C3%A1_em_2018,1,1,14/09 a 16/09/2018,Ibope,±3%,3.0,duas_mencoes_agregadas,Palaes (MDB),12.0,12%,"Senado Federal | Governo do Estado | Pesquisas de intenção de voto | Deputados estaduais eleitos | Levando em conta que para o senado o eleitor irá votar duas vezes, as pesquisas possuem um universo de 200% | Senado Federal[editar | editar código]"
2018,AP,Eleições estaduais no Amapá em 2018,https://pt.wikipedia.org/wiki/Elei%C3%A7%C3%B5es_estaduais_no_Amap%C3%A1_em_2018,1,1,14/09 a 16/09/2018,Ibope,±3%,3.0,duas_mencoes_agregadas,Amanajás (PPS),12.0,12%,"Senado Federal | Governo do Estado | Pesquisas de intenção de voto | Deputados estaduais eleitos | Levando em conta que para o senado o eleitor irá votar duas vezes, as pesquisas possuem um universo de 200% | Senado Federal[editar | editar código]"
2018,AM,Eleições estaduais no Amazonas em 2018,https://pt.wikipedia.org/wiki/Elei%C3%A7%C3%B5es_estaduais_no_Amazonas_em_2018,1,1,17 de agosto de 2018,Ibope,±3%,3.0,duas_mencoes_agregadas,Braga (MDB),40.0,40%,Senador | 2.º turno | 1.º turno | Governo do Estado | Senador[editar | editar código]
2018,AM,Eleições estaduais no Amazonas em 2018,https://pt.wikipedia.org/wiki/Elei%C3%A7%C3%B5es_estaduais_no_Amazonas_em_2018,1,1,17 de agosto de 2018,Ibope,±3%,3.0,duas_mencoes_agregadas,Vanessa (PCdoB),24.0,24%,Senador | 2.º turno | 1.º turno | Governo do Estado | Senador[editar | editar código]
2018,AM,Eleições estaduais no Amazonas em 2018,https://pt.wikipedia.org/wiki/Elei%C3%A7%C3%B5es_estaduais_no_Amazonas_em_2018,1,1,17 de agosto de 2018,Ibope,±3%,3.0,duas_mencoes_agregadas,Plinio (PSDB),15.0,15%,Senador | 2.º turno | 1.º turno | Governo do Estado | Senador[editar | editar código]
2018,AM,Eleições estaduais no Amazonas em 2018,https://pt.wikipedia.org/wiki/Elei%C3%A7%C3%B5es_estaduais_no_Amazonas_em_2018,1,1,17 de agosto de 2018,Ibope,±3%,3.0,duas_mencoes_agregadas,Alfredo (PR),22.0,22%,Senador | 2.º turno | 1.º turno | Governo do Estado | Senador[editar | editar código]
2018,AM,Eleições estaduais no Amazonas em 2018,https://pt.wikipedia.org/wiki/Elei%C3%A7%C3%B5es_estaduais_no_Amazonas_em_2018,1,1,17 de agosto de 2018,Ibope,±3%,3.0,duas_mencoes_agregadas,Hissa (PDT),17.0,17%,Senador | 2.º turno | 1.º turno | Governo do Estado | Senador[editar | editar código]
2018,AM,Eleições estaduais no Amazonas em 2018,https://pt.wikipedia.org/wiki/Elei%C3%A7%C3%B5es_estaduais_no_Amazonas_em_2018,1,1,17 de agosto de 2018,Ibope,±3%,3.0,duas_mencoes_agregadas,Castro (REDE),5.0,5%,Senador | 2.º turno | 1.º turno | Governo do Estado | Senador[editar | editar código]
2018,AM,Eleições estaduais no Amazonas em 2018,https://pt.wikipedia.org/wiki/Elei%C3%A7%C3%B5es_estaduais_no_Amazonas_em_2018,1,1,17 de agosto de 2018,Ibope,±3%,3.0,duas_mencoes_agregadas,Fernando (PSOL),6.0,6%,Senador | 2.º turno | 1.º turno | Governo do Estado | Senador[editar | editar código]
2018,AM,Eleições estaduais no Amazonas em 2018,https://pt.wikipedia.org/wiki/Elei%C3%A7%C3%B5es_estaduais_no_Amazonas_em_2018,1,1,17 de agosto de 2018,Ibope,±3%,3.0,duas_mencoes_agregadas,Rondinely (PSOL),2.0,2%,Senador | 2.º turno | 1.º turno | Governo do Estado | Senador[editar | editar código]
2018,AM,Eleições estaduais no Amazonas em 2018,https://pt.wikipedia.org/wiki/Elei%C3%A7%C3%B5es_estaduais_no_Amazonas_em_2018,1,2,18 de setembro de 2018,Ibope,±3%,3.0,duas_mencoes_agregadas,Braga (MDB),48.0,48%,Senador | 2.º turno | 1.º turno | Governo do Estado | Senador[editar | editar código]
2018,AM,Eleições estaduais no Amazonas em 2018,https://pt.wikipedia.org/wiki/Elei%C3%A7%C3%B5es_estaduais_no_Amazonas_em_2018,1,2,18 de setembro de 2018,Ibope,±3%,3.0,duas_mencoes_agregadas,Vanessa (PCdoB),27.0,27%,Senador | 2.º turno | 1.º turno | Governo do Estado | Senador[editar | editar código]
2018,AM,Eleições estaduais no Amazonas em 2018,https://pt.wikipedia.org/wiki/Elei%C3%A7%C3%B5es_estaduais_no_Amazonas_em_2018,1,2,18 de setembro de 2018,Ibope,±3%,3.0,duas_mencoes_agregadas,Plinio (PSDB),20.0,20%,Senador | 2.º turno | 1.º turno | Governo do Estado | Senador[editar | editar código]
2018,AM,Eleições estaduais no Amazonas em 2018,https://pt.wikipedia.org/wiki/Elei%C3%A7%C3%B5es_estaduais_no_Amazonas_em_2018,1,2,18 de setembro de 2018,Ibope,±3%,3.0,duas_mencoes_agregadas,Alfredo (PR),28.0,28%,Senador | 2.º turno | 1.º turno | Governo do Estado | Senador[editar | editar código]
2018,AM,Eleições estaduais no Amazonas em 2018,https://pt.wikipedia.org/wiki/Elei%C3%A7%C3%B5es_estaduais_no_Amazonas_em_2018,1,2,18 de setembro de 2018,Ibope,±3%,3.0,duas_mencoes_agregadas,Hissa (PDT),15.0,15%,Senador | 2.º turno | 1.º turno | Governo do Estado | Senador[editar | editar código]
2018,AM,Eleições estaduais no Amazonas em 2018,https://pt.wikipedia.org/wiki/Elei%C3%A7%C3%B5es_estaduais_no_Amazonas_em_2018,1,2,18 de setembro de 2018,Ibope,±3%,3.0,duas_mencoes_agregadas,Castro (REDE),11.0,11%,Senador | 2.º turno | 1.º turno | Governo do Estado | Senador[editar | editar código]
2018,AM,Eleições estaduais no Amazonas em 2018,https://pt.wikipedia.org/wiki/Elei%C3%A7%C3%B5es_estaduais_no_Amazonas_em_2018,1,2,18 de setembro de 2018,Ibope,±3%,3.0,duas_mencoes_agregadas,Fernando (PSOL),4.0,4%,Senador | 2.º turno | 1.º turno | Governo do Estado | Senador[editar | editar código]
2018,AM,Eleições estaduais no Amazonas em 2018,https://pt.wikipedia.org/wiki/Elei%C3%A7%C3%B5es_estaduais_no_Amazonas_em_2018,1,2,18 de setembro de 2018,Ibope,±3%,3.0,duas_mencoes_agregadas,Rondinely (PSOL),3.0,3%,Senador | 2.º turno | 1.º turno | Governo do Estado | Senador[editar | editar código]
2018,AM,Eleições estaduais no Amazonas em 2018,https://pt.wikipedia.org/wiki/Elei%C3%A7%C3%B5es_estaduais_no_Amazonas_em_2018,1,3,5 de outubro de 2018,Ibope,±3%,3.0,duas_mencoes_agregadas,Braga (MDB),42.0,42%,Senador | 2.º turno | 1.º turno | Governo do Estado | Senador[editar | editar código]
2018,AM,Eleições estaduais no Amazonas em 2018,https://pt.wikipedia.org/wiki/Elei%C3%A7%C3%B5es_estaduais_no_Amazonas_em_2018,1,3,5 de outubro de 2018,Ibope,±3%,3.0,duas_mencoes_agregadas,Vanessa (PCdoB),31.0,31%,Senador | 2.º turno | 1.º turno | Governo do Estado | Senador[editar | editar código]
2018,AM,Eleições estaduais no Amazonas em 2018,https://pt.wikipedia.org/wiki/Elei%C3%A7%C3%B5es_estaduais_no_Amazonas_em_2018,1,3,5 de outubro de 2018,Ibope,±3%,3.0,duas_mencoes_agregadas,Plinio (PSDB),31.0,31%,Senador | 2.º turno | 1.º turno | Governo do Estado | Senador[editar | editar código]
2018,AM,Eleições estaduais no Amazonas em 2018,https://pt.wikipedia.org/wiki/Elei%C3%A7%C3%B5es_estaduais_no_Amazonas_em_2018,1,3,5 de outubro de 2018,Ibope,±3%,3.0,duas_mencoes_agregadas,Alfredo (PR),29.0,29%,Senador | 2.º turno | 1.º turno | Governo do Estado | Senador[editar | editar código]
2018,AM,Eleições estaduais no Amazonas em 2018,https://pt.wikipedia.org/wiki/Elei%C3%A7%C3%B5es_estaduais_no_Amazonas_em_2018,1,3,5 de outubro de 2018,Ibope,±3%,3.0,duas_mencoes_agregadas,Hissa (PDT),16.0,16%,Senador | 2.º turno | 1.º turno | Governo do Estado | Senador[editar | editar código]
2018,AM,Eleições estaduais no Amazonas em 2018,https://pt.wikipedia.org/wiki/Elei%C3%A7%C3%B5es_estaduais_no_Amazonas_em_2018,1,3,5 de outubro de 2018,Ibope,±3%,3.0,duas_mencoes_agregadas,Castro (REDE),15.0,15%,Senador | 2.º turno | 1.º turno | Governo do Estado | Senador[editar | editar código]
2018,AM,Eleições estaduais no Amazonas em 2018,https://pt.wikipedia.org/wiki/Elei%C3%A7%C3%B5es_estaduais_no_Amazonas_em_2018,1,3,5 de outubro de 2018,Ibope,±3%,3.0,duas_mencoes_agregadas,Fernando (PSOL),5.0,5%,Senador | 2.º turno | 1.º turno | Governo do Estado | Senador[editar | editar código]
2018,AM,Eleições estaduais no Amazonas em 2018,https://pt.wikipedia.org/wiki/Elei%C3%A7%C3%B5es_estaduais_no_Amazonas_em_2018,1,3,5 de outubro de 2018,Ibope,±3%,3.0,duas_mencoes_agregadas,Rondinely (PSOL),1.0,1%,Senador | 2.º turno | 1.º turno | Governo do Estado | Senador[editar | editar código]
2018,BA,Eleições estaduais na Bahia em 2018,https://pt.wikipedia.org/wiki/Elei%C3%A7%C3%B5es_estaduais_na_Bahia_em_2018,1,1,16 e 17 de agosto de 2018,TV Itapoan/Real Time Big Data,,,duas_mencoes_agregadas,Wagner (PT),36.0,36%,"Pesquisas para senador | Pesquisa para governador | Primeiro turno | Pesquisas eleitorais | Levando em conta que para o Senado o eleitor irá votar duas vezes, as pesquisas possuem um universo de 200%. | Pesquisas para senador[editar | editar código]"
2018,BA,Eleições estaduais na Bahia em 2018,https://pt.wikipedia.org/wiki/Elei%C3%A7%C3%B5es_estaduais_na_Bahia_em_2018,1,1,16 e 17 de agosto de 2018,TV Itapoan/Real Time Big Data,,,duas_mencoes_agregadas,Lázaro (PSC),15.0,15%,"Pesquisas para senador | Pesquisa para governador | Primeiro turno | Pesquisas eleitorais | Levando em conta que para o Senado o eleitor irá votar duas vezes, as pesquisas possuem um universo de 200%. | Pesquisas para senador[editar | editar código]"
2018,BA,Eleições estaduais na Bahia em 2018,https://pt.wikipedia.org/wiki/Elei%C3%A7%C3%B5es_estaduais_na_Bahia_em_2018,1,1,16 e 17 de agosto de 2018,TV Itapoan/Real Time Big Data,,,duas_mencoes_agregadas,Jutahy (PSDB),10.0,10%,"Pesquisas para senador | Pesquisa para governador | Primeiro turno | Pesquisas eleitorais | Levando em conta que para o Senado o eleitor irá votar duas vezes, as pesquisas possuem um universo de 200%. | Pesquisas para senador[editar | editar código]"
2018,BA,Eleições estaduais na Bahia em 2018,https://pt.wikipedia.org/wiki/Elei%C3%A7%C3%B5es_estaduais_na_Bahia_em_2018,1,1,16 e 17 de agosto de 2018,TV Itapoan/Real Time Big Data,,,duas_mencoes_agregadas,Coronel (PSD),10.0,10%,"Pesquisas para senador | Pesquisa para governador | Primeiro turno | Pesquisas eleitorais | Levando em conta que para o Senado o eleitor irá votar duas vezes, as pesquisas possuem um universo de 200%. | Pesquisas para senador[editar | editar código]"
2018,BA,Eleições estaduais na Bahia em 2018,https://pt.wikipedia.org/wiki/Elei%C3%A7%C3%B5es_estaduais_na_Bahia_em_2018,1,1,16 e 17 de agosto de 2018,TV Itapoan/Real Time Big Data,,,duas_mencoes_agregadas,Vianna (MDB),1.0,1%,"Pesquisas para senador | Pesquisa para governador | Primeiro turno | Pesquisas eleitorais | Levando em conta que para o Senado o eleitor irá votar duas vezes, as pesquisas possuem um universo de 200%. | Pesquisas para senador[editar | editar código]"
2018,BA,Eleições estaduais na Bahia em 2018,https://pt.wikipedia.org/wiki/Elei%C3%A7%C3%B5es_estaduais_na_Bahia_em_2018,1,1,16 e 17 de agosto de 2018,TV Itapoan/Real Time Big Data,,,duas_mencoes_agregadas,Nogueira (PSOL),0.0,0%,"Pesquisas para senador | Pesquisa para governador | Primeiro turno | Pesquisas eleitorais | Levando em conta que para o Senado o eleitor irá votar duas vezes, as pesquisas possuem um universo de 200%. | Pesquisas para senador[editar | editar código]"
2018,BA,Eleições estaduais na Bahia em 2018,https://pt.wikipedia.org/wiki/Elei%C3%A7%C3%B5es_estaduais_na_Bahia_em_2018,1,1,16 e 17 de agosto de 2018,TV Itapoan/Real Time Big Data,,,duas_mencoes_agregadas,Maurício (DC),2.0,2%,"Pesquisas para senador | Pesquisa para governador | Primeiro turno | Pesquisas eleitorais | Levando em conta que para o Senado o eleitor irá votar duas vezes, as pesquisas possuem um universo de 200%. | Pesquisas para senador[editar | editar código]"
2018,BA,Eleições estaduais na Bahia em 2018,https://pt.wikipedia.org/wiki/Elei%C3%A7%C3%B5es_estaduais_na_Bahia_em_2018,1,1,16 e 17 de agosto de 2018,TV Itapoan/Real Time Big Data,,,duas_mencoes_agregadas,Rangel (PSL),1.0,1%,"Pesquisas para senador | Pesquisa para governador | Primeiro turno | Pesquisas eleitorais | Levando em conta que para o Senado o eleitor irá votar duas vezes, as pesquisas possuem um universo de 200%. | Pesquisas para senador[editar | editar código]"
2018,BA,Eleições estaduais na Bahia em 2018,https://pt.wikipedia.org/wiki/Elei%C3%A7%C3%B5es_estaduais_na_Bahia_em_2018,1,1,16 e 17 de agosto de 2018,TV Itapoan/Real Time Big Data,,,duas_mencoes_agregadas,José (REDE),0.0,0%,"Pesquisas para senador | Pesquisa para governador | Primeiro turno | Pesquisas eleitorais | Levando em conta que para o Senado o eleitor irá votar duas vezes, as pesquisas possuem um universo de 200%. | Pesquisas para senador[editar | editar código]"
2018,BA,Eleições estaduais na Bahia em 2018,https://pt.wikipedia.org/wiki/Elei%C3%A7%C3%B5es_estaduais_na_Bahia_em_2018,1,1,16 e 17 de agosto de 2018,TV Itapoan/Real Time Big Data,,,duas_mencoes_agregadas,Santos (PCO),0.0,0%,"Pesquisas para senador | Pesquisa para governador | Primeiro turno | Pesquisas eleitorais | Levando em conta que para o Senado o eleitor irá votar duas vezes, as pesquisas possuem um universo de 200%. | Pesquisas para senador[editar | editar código]"
2018,BA,Eleições estaduais na Bahia em 2018,https://pt.wikipedia.org/wiki/Elei%C3%A7%C3%B5es_estaduais_na_Bahia_em_2018,1,1,16 e 17 de agosto de 2018,TV Itapoan/Real Time Big Data,,,duas_mencoes_agregadas,Cotrim (PRTB),2.0,2%,"Pesquisas para senador | Pesquisa para governador | Primeiro turno | Pesquisas eleitorais | Levando em conta que para o Senado o eleitor irá votar duas vezes, as pesquisas possuem um universo de 200%. | Pesquisas para senador[editar | editar código]"
2018,BA,Eleições estaduais na Bahia em 2018,https://pt.wikipedia.org/wiki/Elei%C3%A7%C3%B5es_estaduais_na_Bahia_em_2018,1,2,19 a 21 de agosto de 2018,TV Bahia/Ibope,,,duas_mencoes_agregadas,Wagner (PT),34.0,34%,"Pesquisas para senador | Pesquisa para governador | Primeiro turno | Pesquisas eleitorais | Levando em conta que para o Senado o eleitor irá votar duas vezes, as pesquisas possuem um universo de 200%. | Pesquisas para senador[editar | editar código]"
2018,BA,Eleições estaduais na Bahia em 2018,https://pt.wikipedia.org/wiki/Elei%C3%A7%C3%B5es_estaduais_na_Bahia_em_2018,1,2,19 a 21 de agosto de 2018,TV Bahia/Ibope,,,duas_mencoes_agregadas,Lázaro (PSC),23.0,23%,"Pesquisas para senador | Pesquisa para governador | Primeiro turno | Pesquisas eleitorais | Levando em conta que para o Senado o eleitor irá votar duas vezes, as pesquisas possuem um universo de 200%. | Pesquisas para senador[editar | editar código]"
2018,BA,Eleições estaduais na Bahia em 2018,https://pt.wikipedia.org/wiki/Elei%C3%A7%C3%B5es_estaduais_na_Bahia_em_2018,1,2,19 a 21 de agosto de 2018,TV Bahia/Ibope,,,duas_mencoes_agregadas,Jutahy (PSDB),14.0,14%,"Pesquisas para senador | Pesquisa para governador | Primeiro turno | Pesquisas eleitorais | Levando em conta que para o Senado o eleitor irá votar duas vezes, as pesquisas possuem um universo de 200%. | Pesquisas para senador[editar | editar código]"
2018,BA,Eleições estaduais na Bahia em 2018,https://pt.wikipedia.org/wiki/Elei%C3%A7%C3%B5es_estaduais_na_Bahia_em_2018,1,2,19 a 21 de agosto de 2018,TV Bahia/Ibope,,,duas_mencoes_agregadas,Coronel (PSD),7.0,7%,"Pesquisas para senador | Pesquisa para governador | Primeiro turno | Pesquisas eleitorais | Levando em conta que para o Senado o eleitor irá votar duas vezes, as pesquisas possuem um universo de 200%. | Pesquisas para senador[editar | editar código]"
2018,BA,Eleições estaduais na Bahia em 2018,https://pt.wikipedia.org/wiki/Elei%C3%A7%C3%B5es_estaduais_na_Bahia_em_2018,1,2,19 a 21 de agosto de 2018,TV Bahia/Ibope,,,duas_mencoes_agregadas,Vianna (MDB),6.0,6%,"Pesquisas para senador | Pesquisa para governador | Primeiro turno | Pesquisas eleitorais | Levando em conta que para o Senado o eleitor irá votar duas vezes, as pesquisas possuem um universo de 200%. | Pesquisas para senador[editar | editar código]"
2018,BA,Eleições estaduais na Bahia em 2018,https://pt.wikipedia.org/wiki/Elei%C3%A7%C3%B5es_estaduais_na_Bahia_em_2018,1,2,19 a 21 de agosto de 2018,TV Bahia/Ibope,,,duas_mencoes_agregadas,Nogueira (PSOL),5.0,5%,"Pesquisas para senador | Pesquisa para governador | Primeiro turno | Pesquisas eleitorais | Levando em conta que para o Senado o eleitor irá votar duas vezes, as pesquisas possuem um universo de 200%. | Pesquisas para senador[editar | editar código]"
2018,BA,Eleições estaduais na Bahia em 2018,https://pt.wikipedia.org/wiki/Elei%C3%A7%C3%B5es_estaduais_na_Bahia_em_2018,1,2,19 a 21 de agosto de 2018,TV Bahia/Ibope,,,duas_mencoes_agregadas,Maurício (DC),5.0,5%,"Pesquisas para senador | Pesquisa para governador | Primeiro turno | Pesquisas eleitorais | Levando em conta que para o Senado o eleitor irá votar duas vezes, as pesquisas possuem um universo de 200%. | Pesquisas para senador[editar | editar código]"
2018,BA,Eleições estaduais na Bahia em 2018,https://pt.wikipedia.org/wiki/Elei%C3%A7%C3%B5es_estaduais_na_Bahia_em_2018,1,2,19 a 21 de agosto de 2018,TV Bahia/Ibope,,,duas_mencoes_agregadas,Rangel (PSL),4.0,4%,"Pesquisas para senador | Pesquisa para governador | Primeiro turno | Pesquisas eleitorais | Levando em conta que para o Senado o eleitor irá votar duas vezes, as pesquisas possuem um universo de 200%. | Pesquisas para senador[editar | editar código]"
2018,BA,Eleições estaduais na Bahia em 2018,https://pt.wikipedia.org/wiki/Elei%C3%A7%C3%B5es_estaduais_na_Bahia_em_2018,1,2,19 a 21 de agosto de 2018,TV Bahia/Ibope,,,duas_mencoes_agregadas,José (REDE),3.0,3%,"Pesquisas para senador | Pesquisa para governador | Primeiro turno | Pesquisas eleitorais | Levando em conta que para o Senado o eleitor irá votar duas vezes, as pesquisas possuem um universo de 200%. | Pesquisas para senador[editar | editar código]"
2018,BA,Eleições estaduais na Bahia em 2018,https://pt.wikipedia.org/wiki/Elei%C3%A7%C3%B5es_estaduais_na_Bahia_em_2018,1,2,19 a 21 de agosto de 2018,TV Bahia/Ibope,,,duas_mencoes_agregadas,Santos (PCO),1.0,1%,"Pesquisas para senador | Pesquisa para governador | Primeiro turno | Pesquisas eleitorais | Levando em conta que para o Senado o eleitor irá votar duas vezes, as pesquisas possuem um universo de 200%. | Pesquisas para senador[editar | editar código]"
2018,BA,Eleições estaduais na Bahia em 2018,https://pt.wikipedia.org/wiki/Elei%C3%A7%C3%B5es_estaduais_na_Bahia_em_2018,1,2,19 a 21 de agosto de 2018,TV Bahia/Ibope,,,duas_mencoes_agregadas,Cotrim (PRTB),1.0,1%,"Pesquisas para senador | Pesquisa para governador | Primeiro turno | Pesquisas eleitorais | Levando em conta que para o Senado o eleitor irá votar duas vezes, as pesquisas possuem um universo de 200%. | Pesquisas para senador[editar | editar código]"
2018,BA,Eleições estaduais na Bahia em 2018,https://pt.wikipedia.org/wiki/Elei%C3%A7%C3%B5es_estaduais_na_Bahia_em_2018,1,3,15 a 17 de setembro de 2018,TV Bahia/Ibope,,,duas_mencoes_agregadas,Wagner (PT),41.0,41%,"Pesquisas para senador | Pesquisa para governador | Primeiro turno | Pesquisas eleitorais | Levando em conta que para o Senado o eleitor irá votar duas vezes, as pesquisas possuem um universo de 200%. | Pesquisas para senador[editar | editar código]"
2018,BA,Eleições estaduais na Bahia em 2018,https://pt.wikipedia.org/wiki/Elei%C3%A7%C3%B5es_estaduais_na_Bahia_em_2018,1,3,15 a 17 de setembro de 2018,TV Bahia/Ibope,,,duas_mencoes_agregadas,Lázaro (PSC),22.0,22%,"Pesquisas para senador | Pesquisa para governador | Primeiro turno | Pesquisas eleitorais | Levando em conta que para o Senado o eleitor irá votar duas vezes, as pesquisas possuem um universo de 200%. | Pesquisas para senador[editar | editar código]"
2018,BA,Eleições estaduais na Bahia em 2018,https://pt.wikipedia.org/wiki/Elei%C3%A7%C3%B5es_estaduais_na_Bahia_em_2018,1,3,15 a 17 de setembro de 2018,TV Bahia/Ibope,,,duas_mencoes_agregadas,Jutahy (PSDB),11.0,11%,"Pesquisas para senador | Pesquisa para governador | Primeiro turno | Pesquisas eleitorais | Levando em conta que para o Senado o eleitor irá votar duas vezes, as pesquisas possuem um universo de 200%. | Pesquisas para senador[editar | editar código]"
2018,BA,Eleições estaduais na Bahia em 2018,https://pt.wikipedia.org/wiki/Elei%C3%A7%C3%B5es_estaduais_na_Bahia_em_2018,1,3,15 a 17 de setembro de 2018,TV Bahia/Ibope,,,duas_mencoes_agregadas,Coronel (PSD),15.0,15%,"Pesquisas para senador | Pesquisa para governador | Primeiro turno | Pesquisas eleitorais | Levando em conta que para o Senado o eleitor irá votar duas vezes, as pesquisas possuem um universo de 200%. | Pesquisas para senador[editar | editar código]"
2018,BA,Eleições estaduais na Bahia em 2018,https://pt.wikipedia.org/wiki/Elei%C3%A7%C3%B5es_estaduais_na_Bahia_em_2018,1,3,15 a 17 de setembro de 2018,TV Bahia/Ibope,,,duas_mencoes_agregadas,Vianna (MDB),4.0,4%,"Pesquisas para senador | Pesquisa para governador | Primeiro turno | Pesquisas eleitorais | Levando em conta que para o Senado o eleitor irá votar duas vezes, as pesquisas possuem um universo de 200%. | Pesquisas para senador[editar | editar código]"
2018,BA,Eleições estaduais na Bahia em 2018,https://pt.wikipedia.org/wiki/Elei%C3%A7%C3%B5es_estaduais_na_Bahia_em_2018,1,3,15 a 17 de setembro de 2018,TV Bahia/Ibope,,,duas_mencoes_agregadas,Nogueira (PSOL),4.0,4%,"Pesquisas para senador | Pesquisa para governador | Primeiro turno | Pesquisas eleitorais | Levando em conta que para o Senado o eleitor irá votar duas vezes, as pesquisas possuem um universo de 200%. | Pesquisas para senador[editar | editar código]"
2018,BA,Eleições estaduais na Bahia em 2018,https://pt.wikipedia.org/wiki/Elei%C3%A7%C3%B5es_estaduais_na_Bahia_em_2018,1,3,15 a 17 de setembro de 2018,TV Bahia/Ibope,,,duas_mencoes_agregadas,Maurício (DC),3.0,3%,"Pesquisas para senador | Pesquisa para governador | Primeiro turno | Pesquisas eleitorais | Levando em conta que para o Senado o eleitor irá votar duas vezes, as pesquisas possuem um universo de 200%. | Pesquisas para senador[editar | editar código]"
2018,BA,Eleições estaduais na Bahia em 2018,https://pt.wikipedia.org/wiki/Elei%C3%A7%C3%B5es_estaduais_na_Bahia_em_2018,1,3,15 a 17 de setembro de 2018,TV Bahia/Ibope,,,duas_mencoes_agregadas,Rangel (PSL),3.0,3%,"Pesquisas para senador | Pesquisa para governador | Primeiro turno | Pesquisas eleitorais | Levando em conta que para o Senado o eleitor irá votar duas vezes, as pesquisas possuem um universo de 200%. | Pesquisas para senador[editar | editar código]"
2018,BA,Eleições estaduais na Bahia em 2018,https://pt.wikipedia.org/wiki/Elei%C3%A7%C3%B5es_estaduais_na_Bahia_em_2018,1,3,15 a 17 de setembro de 2018,TV Bahia/Ibope,,,duas_mencoes_agregadas,José (REDE),1.0,1%,"Pesquisas para senador | Pesquisa para governador | Primeiro turno | Pesquisas eleitorais | Levando em conta que para o Senado o eleitor irá votar duas vezes, as pesquisas possuem um universo de 200%. | Pesquisas para senador[editar | editar código]"
2018,BA,Eleições estaduais na Bahia em 2018,https://pt.wikipedia.org/wiki/Elei%C3%A7%C3%B5es_estaduais_na_Bahia_em_2018,1,3,15 a 17 de setembro de 2018,TV Bahia/Ibope,,,duas_mencoes_agregadas,Santos (PCO),1.0,1%,"Pesquisas para senador | Pesquisa para governador | Primeiro turno | Pesquisas eleitorais | Levando em conta que para o Senado o eleitor irá votar duas vezes, as pesquisas possuem um universo de 200%. | Pesquisas para senador[editar | editar código]"
2018,BA,Eleições estaduais na Bahia em 2018,https://pt.wikipedia.org/wiki/Elei%C3%A7%C3%B5es_estaduais_na_Bahia_em_2018,1,3,15 a 17 de setembro de 2018,TV Bahia/Ibope,,,duas_mencoes_agregadas,Cotrim (PRTB),0.0,0%,"Pesquisas para senador | Pesquisa para governador | Primeiro turno | Pesquisas eleitorais | Levando em conta que para o Senado o eleitor irá votar duas vezes, as pesquisas possuem um universo de 200%. | Pesquisas para senador[editar | editar código]"
2018,BA,Eleições estaduais na Bahia em 2018,https://pt.wikipedia.org/wiki/Elei%C3%A7%C3%B5es_estaduais_na_Bahia_em_2018,1,4,23 a 25 de setembro de 2018,TV Bahia/Ibope,,,duas_mencoes_agregadas,Wagner (PT),43.0,43%,"Pesquisas para senador | Pesquisa para governador | Primeiro turno | Pesquisas eleitorais | Levando em conta que para o Senado o eleitor irá votar duas vezes, as pesquisas possuem um universo de 200%. | Pesquisas para senador[editar | editar código]"
2018,BA,Eleições estaduais na Bahia em 2018,https://pt.wikipedia.org/wiki/Elei%C3%A7%C3%B5es_estaduais_na_Bahia_em_2018,1,4,23 a 25 de setembro de 2018,TV Bahia/Ibope,,,duas_mencoes_agregadas,Lázaro (PSC),26.0,26%,"Pesquisas para senador | Pesquisa para governador | Primeiro turno | Pesquisas eleitorais | Levando em conta que para o Senado o eleitor irá votar duas vezes, as pesquisas possuem um universo de 200%. | Pesquisas para senador[editar | editar código]"
2018,BA,Eleições estaduais na Bahia em 2018,https://pt.wikipedia.org/wiki/Elei%C3%A7%C3%B5es_estaduais_na_Bahia_em_2018,1,4,23 a 25 de setembro de 2018,TV Bahia/Ibope,,,duas_mencoes_agregadas,Jutahy (PSDB),14.0,14%,"Pesquisas para senador | Pesquisa para governador | Primeiro turno | Pesquisas eleitorais | Levando em conta que para o Senado o eleitor irá votar duas vezes, as pesquisas possuem um universo de 200%. | Pesquisas para senador[editar | editar código]"
2018,BA,Eleições estaduais na Bahia em 2018,https://pt.wikipedia.org/wiki/Elei%C3%A7%C3%B5es_estaduais_na_Bahia_em_2018,1,4,23 a 25 de setembro de 2018,TV Bahia/Ibope,,,duas_mencoes_agregadas,Coronel (PSD),22.0,22%,"Pesquisas para senador | Pesquisa para governador | Primeiro turno | Pesquisas eleitorais | Levando em conta que para o Senado o eleitor irá votar duas vezes, as pesquisas possuem um universo de 200%. | Pesquisas para senador[editar | editar código]"
2018,BA,Eleições estaduais na Bahia em 2018,https://pt.wikipedia.org/wiki/Elei%C3%A7%C3%B5es_estaduais_na_Bahia_em_2018,1,4,23 a 25 de setembro de 2018,TV Bahia/Ibope,,,duas_mencoes_agregadas,Vianna (MDB),4.0,4%,"Pesquisas para senador | Pesquisa para governador | Primeiro turno | Pesquisas eleitorais | Levando em conta que para o Senado o eleitor irá votar duas vezes, as pesquisas possuem um universo de 200%. | Pesquisas para senador[editar | editar código]"
2018,BA,Eleições estaduais na Bahia em 2018,https://pt.wikipedia.org/wiki/Elei%C3%A7%C3%B5es_estaduais_na_Bahia_em_2018,1,4,23 a 25 de setembro de 2018,TV Bahia/Ibope,,,duas_mencoes_agregadas,Nogueira (PSOL),4.0,4%,"Pesquisas para senador | Pesquisa para governador | Primeiro turno | Pesquisas eleitorais | Levando em conta que para o Senado o eleitor irá votar duas vezes, as pesquisas possuem um universo de 200%. | Pesquisas para senador[editar | editar código]"
2018,BA,Eleições estaduais na Bahia em 2018,https://pt.wikipedia.org/wiki/Elei%C3%A7%C3%B5es_estaduais_na_Bahia_em_2018,1,4,23 a 25 de setembro de 2018,TV Bahia/Ibope,,,duas_mencoes_agregadas,Maurício (DC),2.0,2%,"Pesquisas para senador | Pesquisa para governador | Primeiro turno | Pesquisas eleitorais | Levando em conta que para o Senado o eleitor irá votar duas vezes, as pesquisas possuem um universo de 200%. | Pesquisas para senador[editar | editar código]"
2018,BA,Eleições estaduais na Bahia em 2018,https://pt.wikipedia.org/wiki/Elei%C3%A7%C3%B5es_estaduais_na_Bahia_em_2018,1,4,23 a 25 de setembro de 2018,TV Bahia/Ibope,,,duas_mencoes_agregadas,Rangel (PSL),4.0,4%,"Pesquisas para senador | Pesquisa para governador | Primeiro turno | Pesquisas eleitorais | Levando em conta que para o Senado o eleitor irá votar duas vezes, as pesquisas possuem um universo de 200%. | Pesquisas para senador[editar | editar código]"
2018,BA,Eleições estaduais na Bahia em 2018,https://pt.wikipedia.org/wiki/Elei%C3%A7%C3%B5es_estaduais_na_Bahia_em_2018,1,4,23 a 25 de setembro de 2018,TV Bahia/Ibope,,,duas_mencoes_agregadas,José (REDE),2.0,2%,"Pesquisas para senador | Pesquisa para governador | Primeiro turno | Pesquisas eleitorais | Levando em conta que para o Senado o eleitor irá votar duas vezes, as pesquisas possuem um universo de 200%. | Pesquisas para senador[editar | editar código]"
2018,BA,Eleições estaduais na Bahia em 2018,https://pt.wikipedia.org/wiki/Elei%C3%A7%C3%B5es_estaduais_na_Bahia_em_2018,1,4,23 a 25 de setembro de 2018,TV Bahia/Ibope,,,duas_mencoes_agregadas,Santos (PCO),1.0,1%,"Pesquisas para senador | Pesquisa para governador | Primeiro turno | Pesquisas eleitorais | Levando em conta que para o Senado o eleitor irá votar duas vezes, as pesquisas possuem um universo de 200%. | Pesquisas para senador[editar | editar código]"
2018,BA,Eleições estaduais na Bahia em 2018,https://pt.wikipedia.org/wiki/Elei%C3%A7%C3%B5es_estaduais_na_Bahia_em_2018,1,4,23 a 25 de setembro de 2018,TV Bahia/Ibope,,,duas_mencoes_agregadas,Cotrim (PRTB),1.0,1%,"Pesquisas para senador | Pesquisa para governador | Primeiro turno | Pesquisas eleitorais | Levando em conta que para o Senado o eleitor irá votar duas vezes, as pesquisas possuem um universo de 200%. | Pesquisas para senador[editar | editar código]"
2018,BA,Eleições estaduais na Bahia em 2018,https://pt.wikipedia.org/wiki/Elei%C3%A7%C3%B5es_estaduais_na_Bahia_em_2018,1,5,04 a 6 de outubro de 2018,TV Bahia/Ibope,,,duas_mencoes_agregadas,Wagner (PT),44.0,44%,"Pesquisas para senador | Pesquisa para governador | Primeiro turno | Pesquisas eleitorais | Levando em conta que para o Senado o eleitor irá votar duas vezes, as pesquisas possuem um universo de 200%. | Pesquisas para senador[editar | editar código]"
2018,BA,Eleições estaduais na Bahia em 2018,https://pt.wikipedia.org/wiki/Elei%C3%A7%C3%B5es_estaduais_na_Bahia_em_2018,1,5,04 a 6 de outubro de 2018,TV Bahia/Ibope,,,duas_mencoes_agregadas,Lázaro (PSC),30.0,30%,"Pesquisas para senador | Pesquisa para governador | Primeiro turno | Pesquisas eleitorais | Levando em conta que para o Senado o eleitor irá votar duas vezes, as pesquisas possuem um universo de 200%. | Pesquisas para senador[editar | editar código]"
2018,BA,Eleições estaduais na Bahia em 2018,https://pt.wikipedia.org/wiki/Elei%C3%A7%C3%B5es_estaduais_na_Bahia_em_2018,1,5,04 a 6 de outubro de 2018,TV Bahia/Ibope,,,duas_mencoes_agregadas,Jutahy (PSDB),13.0,13%,"Pesquisas para senador | Pesquisa para governador | Primeiro turno | Pesquisas eleitorais | Levando em conta que para o Senado o eleitor irá votar duas vezes, as pesquisas possuem um universo de 200%. | Pesquisas para senador[editar | editar código]"
2018,BA,Eleições estaduais na Bahia em 2018,https://pt.wikipedia.org/wiki/Elei%C3%A7%C3%B5es_estaduais_na_Bahia_em_2018,1,5,04 a 6 de outubro de 2018,TV Bahia/Ibope,,,duas_mencoes_agregadas,Coronel (PSD),27.0,27%,"Pesquisas para senador | Pesquisa para governador | Primeiro turno | Pesquisas eleitorais | Levando em conta que para o Senado o eleitor irá votar duas vezes, as pesquisas possuem um universo de 200%. | Pesquisas para senador[editar | editar código]"
2018,BA,Eleições estaduais na Bahia em 2018,https://pt.wikipedia.org/wiki/Elei%C3%A7%C3%B5es_estaduais_na_Bahia_em_2018,1,5,04 a 6 de outubro de 2018,TV Bahia/Ibope,,,duas_mencoes_agregadas,Vianna (MDB),4.0,4%,"Pesquisas para senador | Pesquisa para governador | Primeiro turno | Pesquisas eleitorais | Levando em conta que para o Senado o eleitor irá votar duas vezes, as pesquisas possuem um universo de 200%. | Pesquisas para senador[editar | editar código]"
2018,BA,Eleições estaduais na Bahia em 2018,https://pt.wikipedia.org/wiki/Elei%C3%A7%C3%B5es_estaduais_na_Bahia_em_2018,1,5,04 a 6 de outubro de 2018,TV Bahia/Ibope,,,duas_mencoes_agregadas,Nogueira (PSOL),3.0,3%,"Pesquisas para senador | Pesquisa para governador | Primeiro turno | Pesquisas eleitorais | Levando em conta que para o Senado o eleitor irá votar duas vezes, as pesquisas possuem um universo de 200%. | Pesquisas para senador[editar | editar código]"
2018,BA,Eleições estaduais na Bahia em 2018,https://pt.wikipedia.org/wiki/Elei%C3%A7%C3%B5es_estaduais_na_Bahia_em_2018,1,5,04 a 6 de outubro de 2018,TV Bahia/Ibope,,,duas_mencoes_agregadas,Maurício (DC),3.0,3%,"Pesquisas para senador | Pesquisa para governador | Primeiro turno | Pesquisas eleitorais | Levando em conta que para o Senado o eleitor irá votar duas vezes, as pesquisas possuem um universo de 200%. | Pesquisas para senador[editar | editar código]"
2018,BA,Eleições estaduais na Bahia em 2018,https://pt.wikipedia.org/wiki/Elei%C3%A7%C3%B5es_estaduais_na_Bahia_em_2018,1,5,04 a 6 de outubro de 2018,TV Bahia/Ibope,,,duas_mencoes_agregadas,Rangel (PSL),4.0,4%,"Pesquisas para senador | Pesquisa para governador | Primeiro turno | Pesquisas eleitorais | Levando em conta que para o Senado o eleitor irá votar duas vezes, as pesquisas possuem um universo de 200%. | Pesquisas para senador[editar | editar código]"
2018,BA,Eleições estaduais na Bahia em 2018,https://pt.wikipedia.org/wiki/Elei%C3%A7%C3%B5es_estaduais_na_Bahia_em_2018,1,5,04 a 6 de outubro de 2018,TV Bahia/Ibope,,,duas_mencoes_agregadas,José (REDE),2.0,2%,"Pesquisas para senador | Pesquisa para governador | Primeiro turno | Pesquisas eleitorais | Levando em conta que para o Senado o eleitor irá votar duas vezes, as pesquisas possuem um universo de 200%. | Pesquisas para senador[editar | editar código]"
2018,BA,Eleições estaduais na Bahia em 2018,https://pt.wikipedia.org/wiki/Elei%C3%A7%C3%B5es_estaduais_na_Bahia_em_2018,1,5,04 a 6 de outubro de 2018,TV Bahia/Ibope,,,duas_mencoes_agregadas,Santos (PCO),1.0,1%,"Pesquisas para senador | Pesquisa para governador | Primeiro turno | Pesquisas eleitorais | Levando em conta que para o Senado o eleitor irá votar duas vezes, as pesquisas possuem um universo de 200%. | Pesquisas para senador[editar | editar código]"
2018,BA,Eleições estaduais na Bahia em 2018,https://pt.wikipedia.org/wiki/Elei%C3%A7%C3%B5es_estaduais_na_Bahia_em_2018,1,5,04 a 6 de outubro de 2018,TV Bahia/Ibope,,,duas_mencoes_agregadas,Cotrim (PRTB),1.0,1%,"Pesquisas para senador | Pesquisa para governador | Primeiro turno | Pesquisas eleitorais | Levando em conta que para o Senado o eleitor irá votar duas vezes, as pesquisas possuem um universo de 200%. | Pesquisas para senador[editar | editar código]"
2018,CE,Eleições estaduais no Ceará em 2018,https://pt.wikipedia.org/wiki/Elei%C3%A7%C3%B5es_estaduais_no_Cear%C3%A1_em_2018,1,1,16 de agosto de 2018,Ibope,±3%,3.0,duas_mencoes_agregadas,Cid (PDT),55.0,55%,"Senado Federal | Governo do Estado | Pesquisas de intenção de voto | Senador | Levando em conta que para o senado o eleitor irá votar duas vezes, as pesquisas possuem um universo de 200% | Senado Federal[editar | editar código]"
2018,CE,Eleições estaduais no Ceará em 2018,https://pt.wikipedia.org/wiki/Elei%C3%A7%C3%B5es_estaduais_no_Cear%C3%A1_em_2018,1,1,16 de agosto de 2018,Ibope,±3%,3.0,duas_mencoes_agregadas,Eunício (MDB),37.0,37%,"Senado Federal | Governo do Estado | Pesquisas de intenção de voto | Senador | Levando em conta que para o senado o eleitor irá votar duas vezes, as pesquisas possuem um universo de 200% | Senado Federal[editar | editar código]"
2018,CE,Eleições estaduais no Ceará em 2018,https://pt.wikipedia.org/wiki/Elei%C3%A7%C3%B5es_estaduais_no_Cear%C3%A1_em_2018,1,1,16 de agosto de 2018,Ibope,±3%,3.0,duas_mencoes_agregadas,Girão (PROS),9.0,9%,"Senado Federal | Governo do Estado | Pesquisas de intenção de voto | Senador | Levando em conta que para o senado o eleitor irá votar duas vezes, as pesquisas possuem um universo de 200% | Senado Federal[editar | editar código]"
2018,CE,Eleições estaduais no Ceará em 2018,https://pt.wikipedia.org/wiki/Elei%C3%A7%C3%B5es_estaduais_no_Cear%C3%A1_em_2018,1,1,16 de agosto de 2018,Ibope,±3%,3.0,duas_mencoes_agregadas,Mayra (PSDB),6.0,6%,"Senado Federal | Governo do Estado | Pesquisas de intenção de voto | Senador | Levando em conta que para o senado o eleitor irá votar duas vezes, as pesquisas possuem um universo de 200% | Senado Federal[editar | editar código]"
2018,CE,Eleições estaduais no Ceará em 2018,https://pt.wikipedia.org/wiki/Elei%C3%A7%C3%B5es_estaduais_no_Cear%C3%A1_em_2018,1,1,16 de agosto de 2018,Ibope,±3%,3.0,duas_mencoes_agregadas,Ribeiro (PSL),7.0,7%,"Senado Federal | Governo do Estado | Pesquisas de intenção de voto | Senador | Levando em conta que para o senado o eleitor irá votar duas vezes, as pesquisas possuem um universo de 200% | Senado Federal[editar | editar código]"
2018,CE,Eleições estaduais no Ceará em 2018,https://pt.wikipedia.org/wiki/Elei%C3%A7%C3%B5es_estaduais_no_Cear%C3%A1_em_2018,1,1,16 de agosto de 2018,Ibope,±3%,3.0,duas_mencoes_agregadas,Simões (PSOL),4.0,4%,"Senado Federal | Governo do Estado | Pesquisas de intenção de voto | Senador | Levando em conta que para o senado o eleitor irá votar duas vezes, as pesquisas possuem um universo de 200% | Senado Federal[editar | editar código]"
2018,CE,Eleições estaduais no Ceará em 2018,https://pt.wikipedia.org/wiki/Elei%C3%A7%C3%B5es_estaduais_no_Cear%C3%A1_em_2018,1,1,16 de agosto de 2018,Ibope,±3%,3.0,duas_mencoes_agregadas,Karina (PSOL),4.0,4%,"Senado Federal | Governo do Estado | Pesquisas de intenção de voto | Senador | Levando em conta que para o senado o eleitor irá votar duas vezes, as pesquisas possuem um universo de 200% | Senado Federal[editar | editar código]"
2018,CE,Eleições estaduais no Ceará em 2018,https://pt.wikipedia.org/wiki/Elei%C3%A7%C3%B5es_estaduais_no_Cear%C3%A1_em_2018,1,1,16 de agosto de 2018,Ibope,±3%,3.0,duas_mencoes_agregadas,Saraiva (REDE),4.0,4%,"Senado Federal | Governo do Estado | Pesquisas de intenção de voto | Senador | Levando em conta que para o senado o eleitor irá votar duas vezes, as pesquisas possuem um universo de 200% | Senado Federal[editar | editar código]"
2018,CE,Eleições estaduais no Ceará em 2018,https://pt.wikipedia.org/wiki/Elei%C3%A7%C3%B5es_estaduais_no_Cear%C3%A1_em_2018,1,1,16 de agosto de 2018,Ibope,±3%,3.0,duas_mencoes_agregadas,Pinheiro (PSL),3.0,3%,"Senado Federal | Governo do Estado | Pesquisas de intenção de voto | Senador | Levando em conta que para o senado o eleitor irá votar duas vezes, as pesquisas possuem um universo de 200% | Senado Federal[editar | editar código]"
2018,CE,Eleições estaduais no Ceará em 2018,https://pt.wikipedia.org/wiki/Elei%C3%A7%C3%B5es_estaduais_no_Cear%C3%A1_em_2018,1,1,16 de agosto de 2018,Ibope,±3%,3.0,duas_mencoes_agregadas,Burns (PTC),2.0,2%,"Senado Federal | Governo do Estado | Pesquisas de intenção de voto | Senador | Levando em conta que para o senado o eleitor irá votar duas vezes, as pesquisas possuem um universo de 200% | Senado Federal[editar | editar código]"
2018,CE,Eleições estaduais no Ceará em 2018,https://pt.wikipedia.org/wiki/Elei%C3%A7%C3%B5es_estaduais_no_Cear%C3%A1_em_2018,1,1,16 de agosto de 2018,Ibope,±3%,3.0,duas_mencoes_agregadas,Barroso (PCO),3.0,3%,"Senado Federal | Governo do Estado | Pesquisas de intenção de voto | Senador | Levando em conta que para o senado o eleitor irá votar duas vezes, as pesquisas possuem um universo de 200% | Senado Federal[editar | editar código]"
2018,CE,Eleições estaduais no Ceará em 2018,https://pt.wikipedia.org/wiki/Elei%C3%A7%C3%B5es_estaduais_no_Cear%C3%A1_em_2018,1,1,16 de agosto de 2018,Ibope,±3%,3.0,duas_mencoes_agregadas,Magela (PSTU),3.0,3%,"Senado Federal | Governo do Estado | Pesquisas de intenção de voto | Senador | Levando em conta que para o senado o eleitor irá votar duas vezes, as pesquisas possuem um universo de 200% | Senado Federal[editar | editar código]"
2018,CE,Eleições estaduais no Ceará em 2018,https://pt.wikipedia.org/wiki/Elei%C3%A7%C3%B5es_estaduais_no_Cear%C3%A1_em_2018,1,1,16 de agosto de 2018,Ibope,±3%,3.0,duas_mencoes_agregadas,Bardawil (PODE),0.0,0%,"Senado Federal | Governo do Estado | Pesquisas de intenção de voto | Senador | Levando em conta que para o senado o eleitor irá votar duas vezes, as pesquisas possuem um universo de 200% | Senado Federal[editar | editar código]"
2018,CE,Eleições estaduais no Ceará em 2018,https://pt.wikipedia.org/wiki/Elei%C3%A7%C3%B5es_estaduais_no_Cear%C3%A1_em_2018,1,2,24 de setembro de 2018,Ibope,±3%,3.0,duas_mencoes_agregadas,Cid (PDT),64.0,64%,"Senado Federal | Governo do Estado | Pesquisas de intenção de voto | Senador | Levando em conta que para o senado o eleitor irá votar duas vezes, as pesquisas possuem um universo de 200% | Senado Federal[editar | editar código]"
2018,CE,Eleições estaduais no Ceará em 2018,https://pt.wikipedia.org/wiki/Elei%C3%A7%C3%B5es_estaduais_no_Cear%C3%A1_em_2018,1,2,24 de setembro de 2018,Ibope,±3%,3.0,duas_mencoes_agregadas,Eunício (MDB),39.0,39%,"Senado Federal | Governo do Estado | Pesquisas de intenção de voto | Senador | Levando em conta que para o senado o eleitor irá votar duas vezes, as pesquisas possuem um universo de 200% | Senado Federal[editar | editar código]"
2018,CE,Eleições estaduais no Ceará em 2018,https://pt.wikipedia.org/wiki/Elei%C3%A7%C3%B5es_estaduais_no_Cear%C3%A1_em_2018,1,2,24 de setembro de 2018,Ibope,±3%,3.0,duas_mencoes_agregadas,Girão (PROS),10.0,10%,"Senado Federal | Governo do Estado | Pesquisas de intenção de voto | Senador | Levando em conta que para o senado o eleitor irá votar duas vezes, as pesquisas possuem um universo de 200% | Senado Federal[editar | editar código]"
2018,CE,Eleições estaduais no Ceará em 2018,https://pt.wikipedia.org/wiki/Elei%C3%A7%C3%B5es_estaduais_no_Cear%C3%A1_em_2018,1,2,24 de setembro de 2018,Ibope,±3%,3.0,duas_mencoes_agregadas,Mayra (PSDB),9.0,9%,"Senado Federal | Governo do Estado | Pesquisas de intenção de voto | Senador | Levando em conta que para o senado o eleitor irá votar duas vezes, as pesquisas possuem um universo de 200% | Senado Federal[editar | editar código]"
2018,CE,Eleições estaduais no Ceará em 2018,https://pt.wikipedia.org/wiki/Elei%C3%A7%C3%B5es_estaduais_no_Cear%C3%A1_em_2018,1,2,24 de setembro de 2018,Ibope,±3%,3.0,duas_mencoes_agregadas,Ribeiro (PSL),3.0,3%,"Senado Federal | Governo do Estado | Pesquisas de intenção de voto | Senador | Levando em conta que para o senado o eleitor irá votar duas vezes, as pesquisas possuem um universo de 200% | Senado Federal[editar | editar código]"
2018,CE,Eleições estaduais no Ceará em 2018,https://pt.wikipedia.org/wiki/Elei%C3%A7%C3%B5es_estaduais_no_Cear%C3%A1_em_2018,1,2,24 de setembro de 2018,Ibope,±3%,3.0,duas_mencoes_agregadas,Simões (PSOL),3.0,3%,"Senado Federal | Governo do Estado | Pesquisas de intenção de voto | Senador | Levando em conta que para o senado o eleitor irá votar duas vezes, as pesquisas possuem um universo de 200% | Senado Federal[editar | editar código]"
2018,CE,Eleições estaduais no Ceará em 2018,https://pt.wikipedia.org/wiki/Elei%C3%A7%C3%B5es_estaduais_no_Cear%C3%A1_em_2018,1,2,24 de setembro de 2018,Ibope,±3%,3.0,duas_mencoes_agregadas,Karina (PSOL),2.0,2%,"Senado Federal | Governo do Estado | Pesquisas de intenção de voto | Senador | Levando em conta que para o senado o eleitor irá votar duas vezes, as pesquisas possuem um universo de 200% | Senado Federal[editar | editar código]"
2018,CE,Eleições estaduais no Ceará em 2018,https://pt.wikipedia.org/wiki/Elei%C3%A7%C3%B5es_estaduais_no_Cear%C3%A1_em_2018,1,2,24 de setembro de 2018,Ibope,±3%,3.0,duas_mencoes_agregadas,Saraiva (REDE),2.0,2%,"Senado Federal | Governo do Estado | Pesquisas de intenção de voto | Senador | Levando em conta que para o senado o eleitor irá votar duas vezes, as pesquisas possuem um universo de 200% | Senado Federal[editar | editar código]"
2018,CE,Eleições estaduais no Ceará em 2018,https://pt.wikipedia.org/wiki/Elei%C3%A7%C3%B5es_estaduais_no_Cear%C3%A1_em_2018,1,2,24 de setembro de 2018,Ibope,±3%,3.0,duas_mencoes_agregadas,Pinheiro (PSL),2.0,2%,"Senado Federal | Governo do Estado | Pesquisas de intenção de voto | Senador | Levando em conta que para o senado o eleitor irá votar duas vezes, as pesquisas possuem um universo de 200% | Senado Federal[editar | editar código]"
2018,CE,Eleições estaduais no Ceará em 2018,https://pt.wikipedia.org/wiki/Elei%C3%A7%C3%B5es_estaduais_no_Cear%C3%A1_em_2018,1,2,24 de setembro de 2018,Ibope,±3%,3.0,duas_mencoes_agregadas,Burns (PTC),1.0,1%,"Senado Federal | Governo do Estado | Pesquisas de intenção de voto | Senador | Levando em conta que para o senado o eleitor irá votar duas vezes, as pesquisas possuem um universo de 200% | Senado Federal[editar | editar código]"
2018,CE,Eleições estaduais no Ceará em 2018,https://pt.wikipedia.org/wiki/Elei%C3%A7%C3%B5es_estaduais_no_Cear%C3%A1_em_2018,1,2,24 de setembro de 2018,Ibope,±3%,3.0,duas_mencoes_agregadas,Barroso (PCO),1.0,1%,"Senado Federal | Governo do Estado | Pesquisas de intenção de voto | Senador | Levando em conta que para o senado o eleitor irá votar duas vezes, as pesquisas possuem um universo de 200% | Senado Federal[editar | editar código]"
2018,CE,Eleições estaduais no Ceará em 2018,https://pt.wikipedia.org/wiki/Elei%C3%A7%C3%B5es_estaduais_no_Cear%C3%A1_em_2018,1,2,24 de setembro de 2018,Ibope,±3%,3.0,duas_mencoes_agregadas,Magela (PSTU),1.0,1%,"Senado Federal | Governo do Estado | Pesquisas de intenção de voto | Senador | Levando em conta que para o senado o eleitor irá votar duas vezes, as pesquisas possuem um universo de 200% | Senado Federal[editar | editar código]"
2018,CE,Eleições estaduais no Ceará em 2018,https://pt.wikipedia.org/wiki/Elei%C3%A7%C3%B5es_estaduais_no_Cear%C3%A1_em_2018,1,2,24 de setembro de 2018,Ibope,±3%,3.0,duas_mencoes_agregadas,Bardawil (PODE),0.0,0%,"Senado Federal | Governo do Estado | Pesquisas de intenção de voto | Senador | Levando em conta que para o senado o eleitor irá votar duas vezes, as pesquisas possuem um universo de 200% | Senado Federal[editar | editar código]"
2018,CE,Eleições estaduais no Ceará em 2018,https://pt.wikipedia.org/wiki/Elei%C3%A7%C3%B5es_estaduais_no_Cear%C3%A1_em_2018,1,3,6 de outubro de 2018,Ibope,±3%,3.0,duas_mencoes_agregadas,Cid (PDT),70.0,70%,"Senado Federal | Governo do Estado | Pesquisas de intenção de voto | Senador | Levando em conta que para o senado o eleitor irá votar duas vezes, as pesquisas possuem um universo de 200% | Senado Federal[editar | editar código]"
2018,CE,Eleições estaduais no Ceará em 2018,https://pt.wikipedia.org/wiki/Elei%C3%A7%C3%B5es_estaduais_no_Cear%C3%A1_em_2018,1,3,6 de outubro de 2018,Ibope,±3%,3.0,duas_mencoes_agregadas,Eunício (MDB),40.0,40%,"Senado Federal | Governo do Estado | Pesquisas de intenção de voto | Senador | Levando em conta que para o senado o eleitor irá votar duas vezes, as pesquisas possuem um universo de 200% | Senado Federal[editar | editar código]"
2018,CE,Eleições estaduais no Ceará em 2018,https://pt.wikipedia.org/wiki/Elei%C3%A7%C3%B5es_estaduais_no_Cear%C3%A1_em_2018,1,3,6 de outubro de 2018,Ibope,±3%,3.0,duas_mencoes_agregadas,Girão (PROS),16.0,16%,"Senado Federal | Governo do Estado | Pesquisas de intenção de voto | Senador | Levando em conta que para o senado o eleitor irá votar duas vezes, as pesquisas possuem um universo de 200% | Senado Federal[editar | editar código]"
2018,CE,Eleições estaduais no Ceará em 2018,https://pt.wikipedia.org/wiki/Elei%C3%A7%C3%B5es_estaduais_no_Cear%C3%A1_em_2018,1,3,6 de outubro de 2018,Ibope,±3%,3.0,duas_mencoes_agregadas,Mayra (PSDB),11.0,11%,"Senado Federal | Governo do Estado | Pesquisas de intenção de voto | Senador | Levando em conta que para o senado o eleitor irá votar duas vezes, as pesquisas possuem um universo de 200% | Senado Federal[editar | editar código]"
2018,CE,Eleições estaduais no Ceará em 2018,https://pt.wikipedia.org/wiki/Elei%C3%A7%C3%B5es_estaduais_no_Cear%C3%A1_em_2018,1,3,6 de outubro de 2018,Ibope,±3%,3.0,duas_mencoes_agregadas,Ribeiro (PSL),5.0,5%,"Senado Federal | Governo do Estado | Pesquisas de intenção de voto | Senador | Levando em conta que para o senado o eleitor irá votar duas vezes, as pesquisas possuem um universo de 200% | Senado Federal[editar | editar código]"
2018,CE,Eleições estaduais no Ceará em 2018,https://pt.wikipedia.org/wiki/Elei%C3%A7%C3%B5es_estaduais_no_Cear%C3%A1_em_2018,1,3,6 de outubro de 2018,Ibope,±3%,3.0,duas_mencoes_agregadas,Simões (PSOL),4.0,4%,"Senado Federal | Governo do Estado | Pesquisas de intenção de voto | Senador | Levando em conta que para o senado o eleitor irá votar duas vezes, as pesquisas possuem um universo de 200% | Senado Federal[editar | editar código]"
2018,CE,Eleições estaduais no Ceará em 2018,https://pt.wikipedia.org/wiki/Elei%C3%A7%C3%B5es_estaduais_no_Cear%C3%A1_em_2018,1,3,6 de outubro de 2018,Ibope,±3%,3.0,duas_mencoes_agregadas,Karina (PSOL),4.0,4%,"Senado Federal | Governo do Estado | Pesquisas de intenção de voto | Senador | Levando em conta que para o senado o eleitor irá votar duas vezes, as pesquisas possuem um universo de 200% | Senado Federal[editar | editar código]"
2018,CE,Eleições estaduais no Ceará em 2018,https://pt.wikipedia.org/wiki/Elei%C3%A7%C3%B5es_estaduais_no_Cear%C3%A1_em_2018,1,3,6 de outubro de 2018,Ibope,±3%,3.0,duas_mencoes_agregadas,Saraiva (REDE),2.0,2%,"Senado Federal | Governo do Estado | Pesquisas de intenção de voto | Senador | Levando em conta que para o senado o eleitor irá votar duas vezes, as pesquisas possuem um universo de 200% | Senado Federal[editar | editar código]"
2018,CE,Eleições estaduais no Ceará em 2018,https://pt.wikipedia.org/wiki/Elei%C3%A7%C3%B5es_estaduais_no_Cear%C3%A1_em_2018,1,3,6 de outubro de 2018,Ibope,±3%,3.0,duas_mencoes_agregadas,Pinheiro (PSL),2.0,2%,"Senado Federal | Governo do Estado | Pesquisas de intenção de voto | Senador | Levando em conta que para o senado o eleitor irá votar duas vezes, as pesquisas possuem um universo de 200% | Senado Federal[editar | editar código]"
2018,CE,Eleições estaduais no Ceará em 2018,https://pt.wikipedia.org/wiki/Elei%C3%A7%C3%B5es_estaduais_no_Cear%C3%A1_em_2018,1,3,6 de outubro de 2018,Ibope,±3%,3.0,duas_mencoes_agregadas,Burns (PTC),2.0,2%,"Senado Federal | Governo do Estado | Pesquisas de intenção de voto | Senador | Levando em conta que para o senado o eleitor irá votar duas vezes, as pesquisas possuem um universo de 200% | Senado Federal[editar | editar código]"
2018,CE,Eleições estaduais no Ceará em 2018,https://pt.wikipedia.org/wiki/Elei%C3%A7%C3%B5es_estaduais_no_Cear%C3%A1_em_2018,1,3,6 de outubro de 2018,Ibope,±3%,3.0,duas_mencoes_agregadas,Barroso (PCO),1.0,1%,"Senado Federal | Governo do Estado | Pesquisas de intenção de voto | Senador | Levando em conta que para o senado o eleitor irá votar duas vezes, as pesquisas possuem um universo de 200% | Senado Federal[editar | editar código]"
2018,CE,Eleições estaduais no Ceará em 2018,https://pt.wikipedia.org/wiki/Elei%C3%A7%C3%B5es_estaduais_no_Cear%C3%A1_em_2018,1,3,6 de outubro de 2018,Ibope,±3%,3.0,duas_mencoes_agregadas,Magela (PSTU),0.0,0%,"Senado Federal | Governo do Estado | Pesquisas de intenção de voto | Senador | Levando em conta que para o senado o eleitor irá votar duas vezes, as pesquisas possuem um universo de 200% | Senado Federal[editar | editar código]"
2018,CE,Eleições estaduais no Ceará em 2018,https://pt.wikipedia.org/wiki/Elei%C3%A7%C3%B5es_estaduais_no_Cear%C3%A1_em_2018,1,3,6 de outubro de 2018,Ibope,±3%,3.0,duas_mencoes_agregadas,Bardawil (PODE),0.0,0%,"Senado Federal | Governo do Estado | Pesquisas de intenção de voto | Senador | Levando em conta que para o senado o eleitor irá votar duas vezes, as pesquisas possuem um universo de 200% | Senado Federal[editar | editar código]"
2018,DF,Eleições distritais no Distrito Federal em 2018,https://pt.wikipedia.org/wiki/Elei%C3%A7%C3%B5es_distritais_no_Distrito_Federal_em_2018,1,1,09/09 a 11/09/2018,Ibope,±3%,3.0,duas_mencoes_agregadas,Leila (PSB),24.0,24%,"Senado Federal | Governador | Pesquisas de intenção de voto | Candidatos ao Senado Federal | Levando em conta que para o senado o eleitor irá votar duas vezes, as pesquisas possuem um universo de 200% | Senado Federal[editar | editar código]"
2018,DF,Eleições distritais no Distrito Federal em 2018,https://pt.wikipedia.org/wiki/Elei%C3%A7%C3%B5es_distritais_no_Distrito_Federal_em_2018,1,1,09/09 a 11/09/2018,Ibope,±3%,3.0,duas_mencoes_agregadas,Buarque (PPS),21.0,21%,"Senado Federal | Governador | Pesquisas de intenção de voto | Candidatos ao Senado Federal | Levando em conta que para o senado o eleitor irá votar duas vezes, as pesquisas possuem um universo de 200% | Senado Federal[editar | editar código]"
2018,DF,Eleições distritais no Distrito Federal em 2018,https://pt.wikipedia.org/wiki/Elei%C3%A7%C3%B5es_distritais_no_Distrito_Federal_em_2018,1,1,09/09 a 11/09/2018,Ibope,±3%,3.0,duas_mencoes_agregadas,Izalci (PSDB),20.0,20%,"Senado Federal | Governador | Pesquisas de intenção de voto | Candidatos ao Senado Federal | Levando em conta que para o senado o eleitor irá votar duas vezes, as pesquisas possuem um universo de 200% | Senado Federal[editar | editar código]"
2018,DF,Eleições distritais no Distrito Federal em 2018,https://pt.wikipedia.org/wiki/Elei%C3%A7%C3%B5es_distritais_no_Distrito_Federal_em_2018,1,1,09/09 a 11/09/2018,Ibope,±3%,3.0,duas_mencoes_agregadas,Leite (REDE),12.0,12%,"Senado Federal | Governador | Pesquisas de intenção de voto | Candidatos ao Senado Federal | Levando em conta que para o senado o eleitor irá votar duas vezes, as pesquisas possuem um universo de 200% | Senado Federal[editar | editar código]"
2018,DF,Eleições distritais no Distrito Federal em 2018,https://pt.wikipedia.org/wiki/Elei%C3%A7%C3%B5es_distritais_no_Distrito_Federal_em_2018,1,1,09/09 a 11/09/2018,Ibope,±3%,3.0,duas_mencoes_agregadas,Wasny (PT),11.0,11%,"Senado Federal | Governador | Pesquisas de intenção de voto | Candidatos ao Senado Federal | Levando em conta que para o senado o eleitor irá votar duas vezes, as pesquisas possuem um universo de 200% | Senado Federal[editar | editar código]"
2018,DF,Eleições distritais no Distrito Federal em 2018,https://pt.wikipedia.org/wiki/Elei%C3%A7%C3%B5es_distritais_no_Distrito_Federal_em_2018,1,1,09/09 a 11/09/2018,Ibope,±3%,3.0,duas_mencoes_agregadas,Faraj (PRP),6.0,6%,"Senado Federal | Governador | Pesquisas de intenção de voto | Candidatos ao Senado Federal | Levando em conta que para o senado o eleitor irá votar duas vezes, as pesquisas possuem um universo de 200% | Senado Federal[editar | editar código]"
2018,DF,Eleições distritais no Distrito Federal em 2018,https://pt.wikipedia.org/wiki/Elei%C3%A7%C3%B5es_distritais_no_Distrito_Federal_em_2018,1,1,09/09 a 11/09/2018,Ibope,±3%,3.0,duas_mencoes_agregadas,Marques (SD),1.0,1%,"Senado Federal | Governador | Pesquisas de intenção de voto | Candidatos ao Senado Federal | Levando em conta que para o senado o eleitor irá votar duas vezes, as pesquisas possuem um universo de 200% | Senado Federal[editar | editar código]"
2018,DF,Eleições distritais no Distrito Federal em 2018,https://pt.wikipedia.org/wiki/Elei%C3%A7%C3%B5es_distritais_no_Distrito_Federal_em_2018,1,1,09/09 a 11/09/2018,Ibope,±3%,3.0,duas_mencoes_agregadas,Neves (PT),3.0,3%,"Senado Federal | Governador | Pesquisas de intenção de voto | Candidatos ao Senado Federal | Levando em conta que para o senado o eleitor irá votar duas vezes, as pesquisas possuem um universo de 200% | Senado Federal[editar | editar código]"
2018,DF,Eleições distritais no Distrito Federal em 2018,https://pt.wikipedia.org/wiki/Elei%C3%A7%C3%B5es_distritais_no_Distrito_Federal_em_2018,1,1,09/09 a 11/09/2018,Ibope,±3%,3.0,duas_mencoes_agregadas,Roque (NOVO),3.0,3%,"Senado Federal | Governador | Pesquisas de intenção de voto | Candidatos ao Senado Federal | Levando em conta que para o senado o eleitor irá votar duas vezes, as pesquisas possuem um universo de 200% | Senado Federal[editar | editar código]"
2018,DF,Eleições distritais no Distrito Federal em 2018,https://pt.wikipedia.org/wiki/Elei%C3%A7%C3%B5es_distritais_no_Distrito_Federal_em_2018,1,1,09/09 a 11/09/2018,Ibope,±3%,3.0,duas_mencoes_agregadas,Queiroz (PP),3.0,3%,"Senado Federal | Governador | Pesquisas de intenção de voto | Candidatos ao Senado Federal | Levando em conta que para o senado o eleitor irá votar duas vezes, as pesquisas possuem um universo de 200% | Senado Federal[editar | editar código]"
2018,DF,Eleições distritais no Distrito Federal em 2018,https://pt.wikipedia.org/wiki/Elei%C3%A7%C3%B5es_distritais_no_Distrito_Federal_em_2018,1,1,09/09 a 11/09/2018,Ibope,±3%,3.0,duas_mencoes_agregadas,Átila (PRTB),2.0,2%,"Senado Federal | Governador | Pesquisas de intenção de voto | Candidatos ao Senado Federal | Levando em conta que para o senado o eleitor irá votar duas vezes, as pesquisas possuem um universo de 200% | Senado Federal[editar | editar código]"
2018,DF,Eleições distritais no Distrito Federal em 2018,https://pt.wikipedia.org/wiki/Elei%C3%A7%C3%B5es_distritais_no_Distrito_Federal_em_2018,1,1,09/09 a 11/09/2018,Ibope,±3%,3.0,duas_mencoes_agregadas,Ribeiro (PMN),2.0,2%,"Senado Federal | Governador | Pesquisas de intenção de voto | Candidatos ao Senado Federal | Levando em conta que para o senado o eleitor irá votar duas vezes, as pesquisas possuem um universo de 200% | Senado Federal[editar | editar código]"
2018,DF,Eleições distritais no Distrito Federal em 2018,https://pt.wikipedia.org/wiki/Elei%C3%A7%C3%B5es_distritais_no_Distrito_Federal_em_2018,1,1,09/09 a 11/09/2018,Ibope,±3%,3.0,duas_mencoes_agregadas,Pereira (PSOL),1.0,1%,"Senado Federal | Governador | Pesquisas de intenção de voto | Candidatos ao Senado Federal | Levando em conta que para o senado o eleitor irá votar duas vezes, as pesquisas possuem um universo de 200% | Senado Federal[editar | editar código]"
2018,DF,Eleições distritais no Distrito Federal em 2018,https://pt.wikipedia.org/wiki/Elei%C3%A7%C3%B5es_distritais_no_Distrito_Federal_em_2018,1,1,09/09 a 11/09/2018,Ibope,±3%,3.0,duas_mencoes_agregadas,Sant'Anna (PSOL),2.0,2%,"Senado Federal | Governador | Pesquisas de intenção de voto | Candidatos ao Senado Federal | Levando em conta que para o senado o eleitor irá votar duas vezes, as pesquisas possuem um universo de 200% | Senado Federal[editar | editar código]"
2018,DF,Eleições distritais no Distrito Federal em 2018,https://pt.wikipedia.org/wiki/Elei%C3%A7%C3%B5es_distritais_no_Distrito_Federal_em_2018,1,1,09/09 a 11/09/2018,Ibope,±3%,3.0,duas_mencoes_agregadas,Amábile (PR),2.0,2%,"Senado Federal | Governador | Pesquisas de intenção de voto | Candidatos ao Senado Federal | Levando em conta que para o senado o eleitor irá votar duas vezes, as pesquisas possuem um universo de 200% | Senado Federal[editar | editar código]"
2018,DF,Eleições distritais no Distrito Federal em 2018,https://pt.wikipedia.org/wiki/Elei%C3%A7%C3%B5es_distritais_no_Distrito_Federal_em_2018,1,1,09/09 a 11/09/2018,Ibope,±3%,3.0,duas_mencoes_agregadas,Matoso (PCO),1.0,1%,"Senado Federal | Governador | Pesquisas de intenção de voto | Candidatos ao Senado Federal | Levando em conta que para o senado o eleitor irá votar duas vezes, as pesquisas possuem um universo de 200% | Senado Federal[editar | editar código]"
2018,DF,Eleições distritais no Distrito Federal em 2018,https://pt.wikipedia.org/wiki/Elei%C3%A7%C3%B5es_distritais_no_Distrito_Federal_em_2018,1,1,09/09 a 11/09/2018,Ibope,±3%,3.0,duas_mencoes_agregadas,Ferraz (PPL),1.0,1%,"Senado Federal | Governador | Pesquisas de intenção de voto | Candidatos ao Senado Federal | Levando em conta que para o senado o eleitor irá votar duas vezes, as pesquisas possuem um universo de 200% | Senado Federal[editar | editar código]"
2018,DF,Eleições distritais no Distrito Federal em 2018,https://pt.wikipedia.org/wiki/Elei%C3%A7%C3%B5es_distritais_no_Distrito_Federal_em_2018,1,1,09/09 a 11/09/2018,Ibope,±3%,3.0,duas_mencoes_agregadas,Teixeira (PSDB),1.0,1%,"Senado Federal | Governador | Pesquisas de intenção de voto | Candidatos ao Senado Federal | Levando em conta que para o senado o eleitor irá votar duas vezes, as pesquisas possuem um universo de 200% | Senado Federal[editar | editar código]"
2018,DF,Eleições distritais no Distrito Federal em 2018,https://pt.wikipedia.org/wiki/Elei%C3%A7%C3%B5es_distritais_no_Distrito_Federal_em_2018,1,1,09/09 a 11/09/2018,Ibope,±3%,3.0,duas_mencoes_agregadas,Walisson (PTB),1.0,1%,"Senado Federal | Governador | Pesquisas de intenção de voto | Candidatos ao Senado Federal | Levando em conta que para o senado o eleitor irá votar duas vezes, as pesquisas possuem um universo de 200% | Senado Federal[editar | editar código]"
2018,DF,Eleições distritais no Distrito Federal em 2018,https://pt.wikipedia.org/wiki/Elei%C3%A7%C3%B5es_distritais_no_Distrito_Federal_em_2018,1,1,09/09 a 11/09/2018,Ibope,±3%,3.0,duas_mencoes_agregadas,Robson (PSTU),1.0,1%,"Senado Federal | Governador | Pesquisas de intenção de voto | Candidatos ao Senado Federal | Levando em conta que para o senado o eleitor irá votar duas vezes, as pesquisas possuem um universo de 200% | Senado Federal[editar | editar código]"
2018,DF,Eleições distritais no Distrito Federal em 2018,https://pt.wikipedia.org/wiki/Elei%C3%A7%C3%B5es_distritais_no_Distrito_Federal_em_2018,1,2,14/09 a 16/09/2018,Ibope,±3%,3.0,duas_mencoes_agregadas,Leila (PSB),25.0,25%,"Senado Federal | Governador | Pesquisas de intenção de voto | Candidatos ao Senado Federal | Levando em conta que para o senado o eleitor irá votar duas vezes, as pesquisas possuem um universo de 200% | Senado Federal[editar | editar código]"
2018,DF,Eleições distritais no Distrito Federal em 2018,https://pt.wikipedia.org/wiki/Elei%C3%A7%C3%B5es_distritais_no_Distrito_Federal_em_2018,1,2,14/09 a 16/09/2018,Ibope,±3%,3.0,duas_mencoes_agregadas,Buarque (PPS),20.0,20%,"Senado Federal | Governador | Pesquisas de intenção de voto | Candidatos ao Senado Federal | Levando em conta que para o senado o eleitor irá votar duas vezes, as pesquisas possuem um universo de 200% | Senado Federal[editar | editar código]"
2018,DF,Eleições distritais no Distrito Federal em 2018,https://pt.wikipedia.org/wiki/Elei%C3%A7%C3%B5es_distritais_no_Distrito_Federal_em_2018,1,2,14/09 a 16/09/2018,Ibope,±3%,3.0,duas_mencoes_agregadas,Izalci (PSDB),19.0,19%,"Senado Federal | Governador | Pesquisas de intenção de voto | Candidatos ao Senado Federal | Levando em conta que para o senado o eleitor irá votar duas vezes, as pesquisas possuem um universo de 200% | Senado Federal[editar | editar código]"
2018,DF,Eleições distritais no Distrito Federal em 2018,https://pt.wikipedia.org/wiki/Elei%C3%A7%C3%B5es_distritais_no_Distrito_Federal_em_2018,1,2,14/09 a 16/09/2018,Ibope,±3%,3.0,duas_mencoes_agregadas,Leite (REDE),11.0,11%,"Senado Federal | Governador | Pesquisas de intenção de voto | Candidatos ao Senado Federal | Levando em conta que para o senado o eleitor irá votar duas vezes, as pesquisas possuem um universo de 200% | Senado Federal[editar | editar código]"
2018,DF,Eleições distritais no Distrito Federal em 2018,https://pt.wikipedia.org/wiki/Elei%C3%A7%C3%B5es_distritais_no_Distrito_Federal_em_2018,1,2,14/09 a 16/09/2018,Ibope,±3%,3.0,duas_mencoes_agregadas,Wasny (PT),11.0,11%,"Senado Federal | Governador | Pesquisas de intenção de voto | Candidatos ao Senado Federal | Levando em conta que para o senado o eleitor irá votar duas vezes, as pesquisas possuem um universo de 200% | Senado Federal[editar | editar código]"
2018,DF,Eleições distritais no Distrito Federal em 2018,https://pt.wikipedia.org/wiki/Elei%C3%A7%C3%B5es_distritais_no_Distrito_Federal_em_2018,1,2,14/09 a 16/09/2018,Ibope,±3%,3.0,duas_mencoes_agregadas,Faraj (PRP),7.0,7%,"Senado Federal | Governador | Pesquisas de intenção de voto | Candidatos ao Senado Federal | Levando em conta que para o senado o eleitor irá votar duas vezes, as pesquisas possuem um universo de 200% | Senado Federal[editar | editar código]"
2018,DF,Eleições distritais no Distrito Federal em 2018,https://pt.wikipedia.org/wiki/Elei%C3%A7%C3%B5es_distritais_no_Distrito_Federal_em_2018,1,2,14/09 a 16/09/2018,Ibope,±3%,3.0,duas_mencoes_agregadas,Marques (SD),2.0,2%,"Senado Federal | Governador | Pesquisas de intenção de voto | Candidatos ao Senado Federal | Levando em conta que para o senado o eleitor irá votar duas vezes, as pesquisas possuem um universo de 200% | Senado Federal[editar | editar código]"
2018,DF,Eleições distritais no Distrito Federal em 2018,https://pt.wikipedia.org/wiki/Elei%C3%A7%C3%B5es_distritais_no_Distrito_Federal_em_2018,1,2,14/09 a 16/09/2018,Ibope,±3%,3.0,duas_mencoes_agregadas,Neves (PT),4.0,4%,"Senado Federal | Governador | Pesquisas de intenção de voto | Candidatos ao Senado Federal | Levando em conta que para o senado o eleitor irá votar duas vezes, as pesquisas possuem um universo de 200% | Senado Federal[editar | editar código]"
2018,DF,Eleições distritais no Distrito Federal em 2018,https://pt.wikipedia.org/wiki/Elei%C3%A7%C3%B5es_distritais_no_Distrito_Federal_em_2018,1,2,14/09 a 16/09/2018,Ibope,±3%,3.0,duas_mencoes_agregadas,Roque (NOVO),3.0,3%,"Senado Federal | Governador | Pesquisas de intenção de voto | Candidatos ao Senado Federal | Levando em conta que para o senado o eleitor irá votar duas vezes, as pesquisas possuem um universo de 200% | Senado Federal[editar | editar código]"
2018,DF,Eleições distritais no Distrito Federal em 2018,https://pt.wikipedia.org/wiki/Elei%C3%A7%C3%B5es_distritais_no_Distrito_Federal_em_2018,1,2,14/09 a 16/09/2018,Ibope,±3%,3.0,duas_mencoes_agregadas,Queiroz (PP),2.0,2%,"Senado Federal | Governador | Pesquisas de intenção de voto | Candidatos ao Senado Federal | Levando em conta que para o senado o eleitor irá votar duas vezes, as pesquisas possuem um universo de 200% | Senado Federal[editar | editar código]"
2018,DF,Eleições distritais no Distrito Federal em 2018,https://pt.wikipedia.org/wiki/Elei%C3%A7%C3%B5es_distritais_no_Distrito_Federal_em_2018,1,2,14/09 a 16/09/2018,Ibope,±3%,3.0,duas_mencoes_agregadas,Átila (PRTB),2.0,2%,"Senado Federal | Governador | Pesquisas de intenção de voto | Candidatos ao Senado Federal | Levando em conta que para o senado o eleitor irá votar duas vezes, as pesquisas possuem um universo de 200% | Senado Federal[editar | editar código]"
2018,DF,Eleições distritais no Distrito Federal em 2018,https://pt.wikipedia.org/wiki/Elei%C3%A7%C3%B5es_distritais_no_Distrito_Federal_em_2018,1,2,14/09 a 16/09/2018,Ibope,±3%,3.0,duas_mencoes_agregadas,Ribeiro (PMN),2.0,2%,"Senado Federal | Governador | Pesquisas de intenção de voto | Candidatos ao Senado Federal | Levando em conta que para o senado o eleitor irá votar duas vezes, as pesquisas possuem um universo de 200% | Senado Federal[editar | editar código]"
2018,DF,Eleições distritais no Distrito Federal em 2018,https://pt.wikipedia.org/wiki/Elei%C3%A7%C3%B5es_distritais_no_Distrito_Federal_em_2018,1,2,14/09 a 16/09/2018,Ibope,±3%,3.0,duas_mencoes_agregadas,Pereira (PSOL),2.0,2%,"Senado Federal | Governador | Pesquisas de intenção de voto | Candidatos ao Senado Federal | Levando em conta que para o senado o eleitor irá votar duas vezes, as pesquisas possuem um universo de 200% | Senado Federal[editar | editar código]"
2018,DF,Eleições distritais no Distrito Federal em 2018,https://pt.wikipedia.org/wiki/Elei%C3%A7%C3%B5es_distritais_no_Distrito_Federal_em_2018,1,2,14/09 a 16/09/2018,Ibope,±3%,3.0,duas_mencoes_agregadas,Sant'Anna (PSOL),2.0,2%,"Senado Federal | Governador | Pesquisas de intenção de voto | Candidatos ao Senado Federal | Levando em conta que para o senado o eleitor irá votar duas vezes, as pesquisas possuem um universo de 200% | Senado Federal[editar | editar código]"
2018,DF,Eleições distritais no Distrito Federal em 2018,https://pt.wikipedia.org/wiki/Elei%C3%A7%C3%B5es_distritais_no_Distrito_Federal_em_2018,1,2,14/09 a 16/09/2018,Ibope,±3%,3.0,duas_mencoes_agregadas,Amábile (PR),2.0,2%,"Senado Federal | Governador | Pesquisas de intenção de voto | Candidatos ao Senado Federal | Levando em conta que para o senado o eleitor irá votar duas vezes, as pesquisas possuem um universo de 200% | Senado Federal[editar | editar código]"
2018,DF,Eleições distritais no Distrito Federal em 2018,https://pt.wikipedia.org/wiki/Elei%C3%A7%C3%B5es_distritais_no_Distrito_Federal_em_2018,1,2,14/09 a 16/09/2018,Ibope,±3%,3.0,duas_mencoes_agregadas,Matoso (PCO),1.0,1%,"Senado Federal | Governador | Pesquisas de intenção de voto | Candidatos ao Senado Federal | Levando em conta que para o senado o eleitor irá votar duas vezes, as pesquisas possuem um universo de 200% | Senado Federal[editar | editar código]"
2018,DF,Eleições distritais no Distrito Federal em 2018,https://pt.wikipedia.org/wiki/Elei%C3%A7%C3%B5es_distritais_no_Distrito_Federal_em_2018,1,2,14/09 a 16/09/2018,Ibope,±3%,3.0,duas_mencoes_agregadas,Ferraz (PPL),1.0,1%,"Senado Federal | Governador | Pesquisas de intenção de voto | Candidatos ao Senado Federal | Levando em conta que para o senado o eleitor irá votar duas vezes, as pesquisas possuem um universo de 200% | Senado Federal[editar | editar código]"
2018,DF,Eleições distritais no Distrito Federal em 2018,https://pt.wikipedia.org/wiki/Elei%C3%A7%C3%B5es_distritais_no_Distrito_Federal_em_2018,1,2,14/09 a 16/09/2018,Ibope,±3%,3.0,duas_mencoes_agregadas,Teixeira (PSDB),1.0,1%,"Senado Federal | Governador | Pesquisas de intenção de voto | Candidatos ao Senado Federal | Levando em conta que para o senado o eleitor irá votar duas vezes, as pesquisas possuem um universo de 200% | Senado Federal[editar | editar código]"
2018,DF,Eleições distritais no Distrito Federal em 2018,https://pt.wikipedia.org/wiki/Elei%C3%A7%C3%B5es_distritais_no_Distrito_Federal_em_2018,1,2,14/09 a 16/09/2018,Ibope,±3%,3.0,duas_mencoes_agregadas,Walisson (PTB),1.0,1%,"Senado Federal | Governador | Pesquisas de intenção de voto | Candidatos ao Senado Federal | Levando em conta que para o senado o eleitor irá votar duas vezes, as pesquisas possuem um universo de 200% | Senado Federal[editar | editar código]"
2018,DF,Eleições distritais no Distrito Federal em 2018,https://pt.wikipedia.org/wiki/Elei%C3%A7%C3%B5es_distritais_no_Distrito_Federal_em_2018,1,2,14/09 a 16/09/2018,Ibope,±3%,3.0,duas_mencoes_agregadas,Robson (PSTU),1.0,1%,"Senado Federal | Governador | Pesquisas de intenção de voto | Candidatos ao Senado Federal | Levando em conta que para o senado o eleitor irá votar duas vezes, as pesquisas possuem um universo de 200% | Senado Federal[editar | editar código]"
2018,DF,Eleições distritais no Distrito Federal em 2018,https://pt.wikipedia.org/wiki/Elei%C3%A7%C3%B5es_distritais_no_Distrito_Federal_em_2018,1,3,24/09 a 26/09/2018,Ibope,±3%,3.0,duas_mencoes_agregadas,Leila (PSB),25.0,25%,"Senado Federal | Governador | Pesquisas de intenção de voto | Candidatos ao Senado Federal | Levando em conta que para o senado o eleitor irá votar duas vezes, as pesquisas possuem um universo de 200% | Senado Federal[editar | editar código]"
2018,DF,Eleições distritais no Distrito Federal em 2018,https://pt.wikipedia.org/wiki/Elei%C3%A7%C3%B5es_distritais_no_Distrito_Federal_em_2018,1,3,24/09 a 26/09/2018,Ibope,±3%,3.0,duas_mencoes_agregadas,Buarque (PPS),22.0,22%,"Senado Federal | Governador | Pesquisas de intenção de voto | Candidatos ao Senado Federal | Levando em conta que para o senado o eleitor irá votar duas vezes, as pesquisas possuem um universo de 200% | Senado Federal[editar | editar código]"
2018,DF,Eleições distritais no Distrito Federal em 2018,https://pt.wikipedia.org/wiki/Elei%C3%A7%C3%B5es_distritais_no_Distrito_Federal_em_2018,1,3,24/09 a 26/09/2018,Ibope,±3%,3.0,duas_mencoes_agregadas,Izalci (PSDB),22.0,22%,"Senado Federal | Governador | Pesquisas de intenção de voto | Candidatos ao Senado Federal | Levando em conta que para o senado o eleitor irá votar duas vezes, as pesquisas possuem um universo de 200% | Senado Federal[editar | editar código]"
2018,DF,Eleições distritais no Distrito Federal em 2018,https://pt.wikipedia.org/wiki/Elei%C3%A7%C3%B5es_distritais_no_Distrito_Federal_em_2018,1,3,24/09 a 26/09/2018,Ibope,±3%,3.0,duas_mencoes_agregadas,Leite (REDE),15.0,15%,"Senado Federal | Governador | Pesquisas de intenção de voto | Candidatos ao Senado Federal | Levando em conta que para o senado o eleitor irá votar duas vezes, as pesquisas possuem um universo de 200% | Senado Federal[editar | editar código]"
2018,DF,Eleições distritais no Distrito Federal em 2018,https://pt.wikipedia.org/wiki/Elei%C3%A7%C3%B5es_distritais_no_Distrito_Federal_em_2018,1,3,24/09 a 26/09/2018,Ibope,±3%,3.0,duas_mencoes_agregadas,Wasny (PT),13.0,13%,"Senado Federal | Governador | Pesquisas de intenção de voto | Candidatos ao Senado Federal | Levando em conta que para o senado o eleitor irá votar duas vezes, as pesquisas possuem um universo de 200% | Senado Federal[editar | editar código]"
2018,DF,Eleições distritais no Distrito Federal em 2018,https://pt.wikipedia.org/wiki/Elei%C3%A7%C3%B5es_distritais_no_Distrito_Federal_em_2018,1,3,24/09 a 26/09/2018,Ibope,±3%,3.0,duas_mencoes_agregadas,Faraj (PRP),8.0,8%,"Senado Federal | Governador | Pesquisas de intenção de voto | Candidatos ao Senado Federal | Levando em conta que para o senado o eleitor irá votar duas vezes, as pesquisas possuem um universo de 200% | Senado Federal[editar | editar código]"
2018,DF,Eleições distritais no Distrito Federal em 2018,https://pt.wikipedia.org/wiki/Elei%C3%A7%C3%B5es_distritais_no_Distrito_Federal_em_2018,1,3,24/09 a 26/09/2018,Ibope,±3%,3.0,duas_mencoes_agregadas,Marques (SD),3.0,3%,"Senado Federal | Governador | Pesquisas de intenção de voto | Candidatos ao Senado Federal | Levando em conta que para o senado o eleitor irá votar duas vezes, as pesquisas possuem um universo de 200% | Senado Federal[editar | editar código]"
2018,DF,Eleições distritais no Distrito Federal em 2018,https://pt.wikipedia.org/wiki/Elei%C3%A7%C3%B5es_distritais_no_Distrito_Federal_em_2018,1,3,24/09 a 26/09/2018,Ibope,±3%,3.0,duas_mencoes_agregadas,Neves (PT),3.0,3%,"Senado Federal | Governador | Pesquisas de intenção de voto | Candidatos ao Senado Federal | Levando em conta que para o senado o eleitor irá votar duas vezes, as pesquisas possuem um universo de 200% | Senado Federal[editar | editar código]"
2018,DF,Eleições distritais no Distrito Federal em 2018,https://pt.wikipedia.org/wiki/Elei%C3%A7%C3%B5es_distritais_no_Distrito_Federal_em_2018,1,3,24/09 a 26/09/2018,Ibope,±3%,3.0,duas_mencoes_agregadas,Roque (NOVO),3.0,3%,"Senado Federal | Governador | Pesquisas de intenção de voto | Candidatos ao Senado Federal | Levando em conta que para o senado o eleitor irá votar duas vezes, as pesquisas possuem um universo de 200% | Senado Federal[editar | editar código]"
2018,DF,Eleições distritais no Distrito Federal em 2018,https://pt.wikipedia.org/wiki/Elei%C3%A7%C3%B5es_distritais_no_Distrito_Federal_em_2018,1,3,24/09 a 26/09/2018,Ibope,±3%,3.0,duas_mencoes_agregadas,Queiroz (PP),2.0,2%,"Senado Federal | Governador | Pesquisas de intenção de voto | Candidatos ao Senado Federal | Levando em conta que para o senado o eleitor irá votar duas vezes, as pesquisas possuem um universo de 200% | Senado Federal[editar | editar código]"
2018,DF,Eleições distritais no Distrito Federal em 2018,https://pt.wikipedia.org/wiki/Elei%C3%A7%C3%B5es_distritais_no_Distrito_Federal_em_2018,1,3,24/09 a 26/09/2018,Ibope,±3%,3.0,duas_mencoes_agregadas,Átila (PRTB),2.0,2%,"Senado Federal | Governador | Pesquisas de intenção de voto | Candidatos ao Senado Federal | Levando em conta que para o senado o eleitor irá votar duas vezes, as pesquisas possuem um universo de 200% | Senado Federal[editar | editar código]"
2018,DF,Eleições distritais no Distrito Federal em 2018,https://pt.wikipedia.org/wiki/Elei%C3%A7%C3%B5es_distritais_no_Distrito_Federal_em_2018,1,3,24/09 a 26/09/2018,Ibope,±3%,3.0,duas_mencoes_agregadas,Ribeiro (PMN),2.0,2%,"Senado Federal | Governador | Pesquisas de intenção de voto | Candidatos ao Senado Federal | Levando em conta que para o senado o eleitor irá votar duas vezes, as pesquisas possuem um universo de 200% | Senado Federal[editar | editar código]"
2018,DF,Eleições distritais no Distrito Federal em 2018,https://pt.wikipedia.org/wiki/Elei%C3%A7%C3%B5es_distritais_no_Distrito_Federal_em_2018,1,3,24/09 a 26/09/2018,Ibope,±3%,3.0,duas_mencoes_agregadas,Pereira (PSOL),2.0,2%,"Senado Federal | Governador | Pesquisas de intenção de voto | Candidatos ao Senado Federal | Levando em conta que para o senado o eleitor irá votar duas vezes, as pesquisas possuem um universo de 200% | Senado Federal[editar | editar código]"
2018,DF,Eleições distritais no Distrito Federal em 2018,https://pt.wikipedia.org/wiki/Elei%C3%A7%C3%B5es_distritais_no_Distrito_Federal_em_2018,1,3,24/09 a 26/09/2018,Ibope,±3%,3.0,duas_mencoes_agregadas,Sant'Anna (PSOL),1.0,1%,"Senado Federal | Governador | Pesquisas de intenção de voto | Candidatos ao Senado Federal | Levando em conta que para o senado o eleitor irá votar duas vezes, as pesquisas possuem um universo de 200% | Senado Federal[editar | editar código]"
2018,DF,Eleições distritais no Distrito Federal em 2018,https://pt.wikipedia.org/wiki/Elei%C3%A7%C3%B5es_distritais_no_Distrito_Federal_em_2018,1,3,24/09 a 26/09/2018,Ibope,±3%,3.0,duas_mencoes_agregadas,Amábile (PR),1.0,1%,"Senado Federal | Governador | Pesquisas de intenção de voto | Candidatos ao Senado Federal | Levando em conta que para o senado o eleitor irá votar duas vezes, as pesquisas possuem um universo de 200% | Senado Federal[editar | editar código]"
2018,DF,Eleições distritais no Distrito Federal em 2018,https://pt.wikipedia.org/wiki/Elei%C3%A7%C3%B5es_distritais_no_Distrito_Federal_em_2018,1,3,24/09 a 26/09/2018,Ibope,±3%,3.0,duas_mencoes_agregadas,Matoso (PCO),1.0,1%,"Senado Federal | Governador | Pesquisas de intenção de voto | Candidatos ao Senado Federal | Levando em conta que para o senado o eleitor irá votar duas vezes, as pesquisas possuem um universo de 200% | Senado Federal[editar | editar código]"
2018,DF,Eleições distritais no Distrito Federal em 2018,https://pt.wikipedia.org/wiki/Elei%C3%A7%C3%B5es_distritais_no_Distrito_Federal_em_2018,1,3,24/09 a 26/09/2018,Ibope,±3%,3.0,duas_mencoes_agregadas,Ferraz (PPL),1.0,1%,"Senado Federal | Governador | Pesquisas de intenção de voto | Candidatos ao Senado Federal | Levando em conta que para o senado o eleitor irá votar duas vezes, as pesquisas possuem um universo de 200% | Senado Federal[editar | editar código]"
2018,DF,Eleições distritais no Distrito Federal em 2018,https://pt.wikipedia.org/wiki/Elei%C3%A7%C3%B5es_distritais_no_Distrito_Federal_em_2018,1,3,24/09 a 26/09/2018,Ibope,±3%,3.0,duas_mencoes_agregadas,Teixeira (PSDB),1.0,1%,"Senado Federal | Governador | Pesquisas de intenção de voto | Candidatos ao Senado Federal | Levando em conta que para o senado o eleitor irá votar duas vezes, as pesquisas possuem um universo de 200% | Senado Federal[editar | editar código]"
2018,DF,Eleições distritais no Distrito Federal em 2018,https://pt.wikipedia.org/wiki/Elei%C3%A7%C3%B5es_distritais_no_Distrito_Federal_em_2018,1,3,24/09 a 26/09/2018,Ibope,±3%,3.0,duas_mencoes_agregadas,Walisson (PTB),0.0,0%,"Senado Federal | Governador | Pesquisas de intenção de voto | Candidatos ao Senado Federal | Levando em conta que para o senado o eleitor irá votar duas vezes, as pesquisas possuem um universo de 200% | Senado Federal[editar | editar código]"
2018,DF,Eleições distritais no Distrito Federal em 2018,https://pt.wikipedia.org/wiki/Elei%C3%A7%C3%B5es_distritais_no_Distrito_Federal_em_2018,1,3,24/09 a 26/09/2018,Ibope,±3%,3.0,duas_mencoes_agregadas,Robson (PSTU),0.0,0%,"Senado Federal | Governador | Pesquisas de intenção de voto | Candidatos ao Senado Federal | Levando em conta que para o senado o eleitor irá votar duas vezes, as pesquisas possuem um universo de 200% | Senado Federal[editar | editar código]"
2018,ES,Eleições estaduais no Espírito Santo em 2018,https://pt.wikipedia.org/wiki/Elei%C3%A7%C3%B5es_estaduais_no_Esp%C3%ADrito_Santo_em_2018,1,1,05/09 a 07/09/2018,Ibope,±3%,3.0,duas_mencoes_agregadas,Malta (PR),48.0,48%,"Senado Federal | Governo do Estado | Pesquisas de intenção de voto | Senadores | Levando em conta que para o senado o eleitor irá votar duas vezes, as pesquisas possuem um universo de 200%. | Senado Federal[editar | editar código]"
2018,ES,Eleições estaduais no Espírito Santo em 2018,https://pt.wikipedia.org/wiki/Elei%C3%A7%C3%B5es_estaduais_no_Esp%C3%ADrito_Santo_em_2018,1,1,05/09 a 07/09/2018,Ibope,±3%,3.0,duas_mencoes_agregadas,Ferraço (PSDB),40.0,40%,"Senado Federal | Governo do Estado | Pesquisas de intenção de voto | Senadores | Levando em conta que para o senado o eleitor irá votar duas vezes, as pesquisas possuem um universo de 200%. | Senado Federal[editar | editar código]"
2018,ES,Eleições estaduais no Espírito Santo em 2018,https://pt.wikipedia.org/wiki/Elei%C3%A7%C3%B5es_estaduais_no_Esp%C3%ADrito_Santo_em_2018,1,1,05/09 a 07/09/2018,Ibope,±3%,3.0,duas_mencoes_agregadas,Contarato (REDE),16.0,16%,"Senado Federal | Governo do Estado | Pesquisas de intenção de voto | Senadores | Levando em conta que para o senado o eleitor irá votar duas vezes, as pesquisas possuem um universo de 200%. | Senado Federal[editar | editar código]"
2018,ES,Eleições estaduais no Espírito Santo em 2018,https://pt.wikipedia.org/wiki/Elei%C3%A7%C3%B5es_estaduais_no_Esp%C3%ADrito_Santo_em_2018,1,1,05/09 a 07/09/2018,Ibope,±3%,3.0,duas_mencoes_agregadas,Marcos (PPS),9.0,9%,"Senado Federal | Governo do Estado | Pesquisas de intenção de voto | Senadores | Levando em conta que para o senado o eleitor irá votar duas vezes, as pesquisas possuem um universo de 200%. | Senado Federal[editar | editar código]"
2018,ES,Eleições estaduais no Espírito Santo em 2018,https://pt.wikipedia.org/wiki/Elei%C3%A7%C3%B5es_estaduais_no_Esp%C3%ADrito_Santo_em_2018,1,1,05/09 a 07/09/2018,Ibope,±3%,3.0,duas_mencoes_agregadas,Tavares (PT),5.0,5%,"Senado Federal | Governo do Estado | Pesquisas de intenção de voto | Senadores | Levando em conta que para o senado o eleitor irá votar duas vezes, as pesquisas possuem um universo de 200%. | Senado Federal[editar | editar código]"
2018,ES,Eleições estaduais no Espírito Santo em 2018,https://pt.wikipedia.org/wiki/Elei%C3%A7%C3%B5es_estaduais_no_Esp%C3%ADrito_Santo_em_2018,1,1,05/09 a 07/09/2018,Ibope,±3%,3.0,duas_mencoes_agregadas,Ribeiro (PCB),5.0,5%,"Senado Federal | Governo do Estado | Pesquisas de intenção de voto | Senadores | Levando em conta que para o senado o eleitor irá votar duas vezes, as pesquisas possuem um universo de 200%. | Senado Federal[editar | editar código]"
2018,ES,Eleições estaduais no Espírito Santo em 2018,https://pt.wikipedia.org/wiki/Elei%C3%A7%C3%B5es_estaduais_no_Esp%C3%ADrito_Santo_em_2018,1,1,05/09 a 07/09/2018,Ibope,±3%,3.0,duas_mencoes_agregadas,Assis (PSL),4.0,4%,"Senado Federal | Governo do Estado | Pesquisas de intenção de voto | Senadores | Levando em conta que para o senado o eleitor irá votar duas vezes, as pesquisas possuem um universo de 200%. | Senado Federal[editar | editar código]"
2018,ES,Eleições estaduais no Espírito Santo em 2018,https://pt.wikipedia.org/wiki/Elei%C3%A7%C3%B5es_estaduais_no_Esp%C3%ADrito_Santo_em_2018,1,1,05/09 a 07/09/2018,Ibope,±3%,3.0,duas_mencoes_agregadas,Bernardo (PMB),2.0,2%,"Senado Federal | Governo do Estado | Pesquisas de intenção de voto | Senadores | Levando em conta que para o senado o eleitor irá votar duas vezes, as pesquisas possuem um universo de 200%. | Senado Federal[editar | editar código]"
2018,ES,Eleições estaduais no Espírito Santo em 2018,https://pt.wikipedia.org/wiki/Elei%C3%A7%C3%B5es_estaduais_no_Esp%C3%ADrito_Santo_em_2018,1,1,05/09 a 07/09/2018,Ibope,±3%,3.0,duas_mencoes_agregadas,Carnelli (PTB),2.0,2%,"Senado Federal | Governo do Estado | Pesquisas de intenção de voto | Senadores | Levando em conta que para o senado o eleitor irá votar duas vezes, as pesquisas possuem um universo de 200%. | Senado Federal[editar | editar código]"
2018,ES,Eleições estaduais no Espírito Santo em 2018,https://pt.wikipedia.org/wiki/Elei%C3%A7%C3%B5es_estaduais_no_Esp%C3%ADrito_Santo_em_2018,1,1,05/09 a 07/09/2018,Ibope,±3%,3.0,duas_mencoes_agregadas,Pincelli (NOVO),1.0,1%,"Senado Federal | Governo do Estado | Pesquisas de intenção de voto | Senadores | Levando em conta que para o senado o eleitor irá votar duas vezes, as pesquisas possuem um universo de 200%. | Senado Federal[editar | editar código]"
2018,ES,Eleições estaduais no Espírito Santo em 2018,https://pt.wikipedia.org/wiki/Elei%C3%A7%C3%B5es_estaduais_no_Esp%C3%ADrito_Santo_em_2018,1,1,05/09 a 07/09/2018,Ibope,±3%,3.0,duas_mencoes_agregadas,Katrine (PSOL),1.0,1%,"Senado Federal | Governo do Estado | Pesquisas de intenção de voto | Senadores | Levando em conta que para o senado o eleitor irá votar duas vezes, as pesquisas possuem um universo de 200%. | Senado Federal[editar | editar código]"
2018,GO,Eleições estaduais em Goiás em 2018,https://pt.wikipedia.org/wiki/Elei%C3%A7%C3%B5es_estaduais_em_Goi%C3%A1s_em_2018,1,1,14/08 a 16/08/2018,Ibope,±3%,3.0,duas_mencoes_agregadas,Perillo (PSDB),30.0,30%,"Senado Federal | Governador | Pesquisas de intenção de voto | Turno Único | Nota: Levando em conta que para o senado o eleitor irá votar duas vezes, as pesquisas possuem um universo de 200%. | Senado Federal[editar | editar código]"
2018,GO,Eleições estaduais em Goiás em 2018,https://pt.wikipedia.org/wiki/Elei%C3%A7%C3%B5es_estaduais_em_Goi%C3%A1s_em_2018,1,1,14/08 a 16/08/2018,Ibope,±3%,3.0,duas_mencoes_agregadas,Lúcia (PSB),28.0,28%,"Senado Federal | Governador | Pesquisas de intenção de voto | Turno Único | Nota: Levando em conta que para o senado o eleitor irá votar duas vezes, as pesquisas possuem um universo de 200%. | Senado Federal[editar | editar código]"
2018,GO,Eleições estaduais em Goiás em 2018,https://pt.wikipedia.org/wiki/Elei%C3%A7%C3%B5es_estaduais_em_Goi%C3%A1s_em_2018,1,1,14/08 a 16/08/2018,Ibope,±3%,3.0,duas_mencoes_agregadas,Kajuru (PRP),26.0,26%,"Senado Federal | Governador | Pesquisas de intenção de voto | Turno Único | Nota: Levando em conta que para o senado o eleitor irá votar duas vezes, as pesquisas possuem um universo de 200%. | Senado Federal[editar | editar código]"
2018,GO,Eleições estaduais em Goiás em 2018,https://pt.wikipedia.org/wiki/Elei%C3%A7%C3%B5es_estaduais_em_Goi%C3%A1s_em_2018,1,1,14/08 a 16/08/2018,Ibope,±3%,3.0,duas_mencoes_agregadas,Cardoso (PP),18.0,18%,"Senado Federal | Governador | Pesquisas de intenção de voto | Turno Único | Nota: Levando em conta que para o senado o eleitor irá votar duas vezes, as pesquisas possuem um universo de 200%. | Senado Federal[editar | editar código]"
2018,GO,Eleições estaduais em Goiás em 2018,https://pt.wikipedia.org/wiki/Elei%C3%A7%C3%B5es_estaduais_em_Goi%C3%A1s_em_2018,1,1,14/08 a 16/08/2018,Ibope,±3%,3.0,duas_mencoes_agregadas,Bueno (PT),6.0,6%,"Senado Federal | Governador | Pesquisas de intenção de voto | Turno Único | Nota: Levando em conta que para o senado o eleitor irá votar duas vezes, as pesquisas possuem um universo de 200%. | Senado Federal[editar | editar código]"
2018,GO,Eleições estaduais em Goiás em 2018,https://pt.wikipedia.org/wiki/Elei%C3%A7%C3%B5es_estaduais_em_Goi%C3%A1s_em_2018,1,1,14/08 a 16/08/2018,Ibope,±3%,3.0,duas_mencoes_agregadas,Magda (PCB),5.0,5%,"Senado Federal | Governador | Pesquisas de intenção de voto | Turno Único | Nota: Levando em conta que para o senado o eleitor irá votar duas vezes, as pesquisas possuem um universo de 200%. | Senado Federal[editar | editar código]"
2018,GO,Eleições estaduais em Goiás em 2018,https://pt.wikipedia.org/wiki/Elei%C3%A7%C3%B5es_estaduais_em_Goi%C3%A1s_em_2018,1,1,14/08 a 16/08/2018,Ibope,±3%,3.0,duas_mencoes_agregadas,Wilder (DEM),6.0,6%,"Senado Federal | Governador | Pesquisas de intenção de voto | Turno Único | Nota: Levando em conta que para o senado o eleitor irá votar duas vezes, as pesquisas possuem um universo de 200%. | Senado Federal[editar | editar código]"
2018,GO,Eleições estaduais em Goiás em 2018,https://pt.wikipedia.org/wiki/Elei%C3%A7%C3%B5es_estaduais_em_Goi%C3%A1s_em_2018,1,2,18/09 a 20/09/2018,Ibope,±3%,3.0,duas_mencoes_agregadas,Perillo (PSDB),29.0,29%,"Senado Federal | Governador | Pesquisas de intenção de voto | Turno Único | Nota: Levando em conta que para o senado o eleitor irá votar duas vezes, as pesquisas possuem um universo de 200%. | Senado Federal[editar | editar código]"
2018,GO,Eleições estaduais em Goiás em 2018,https://pt.wikipedia.org/wiki/Elei%C3%A7%C3%B5es_estaduais_em_Goi%C3%A1s_em_2018,1,2,18/09 a 20/09/2018,Ibope,±3%,3.0,duas_mencoes_agregadas,Lúcia (PSB),26.0,26%,"Senado Federal | Governador | Pesquisas de intenção de voto | Turno Único | Nota: Levando em conta que para o senado o eleitor irá votar duas vezes, as pesquisas possuem um universo de 200%. | Senado Federal[editar | editar código]"
2018,GO,Eleições estaduais em Goiás em 2018,https://pt.wikipedia.org/wiki/Elei%C3%A7%C3%B5es_estaduais_em_Goi%C3%A1s_em_2018,1,2,18/09 a 20/09/2018,Ibope,±3%,3.0,duas_mencoes_agregadas,Kajuru (PRP),28.0,28%,"Senado Federal | Governador | Pesquisas de intenção de voto | Turno Único | Nota: Levando em conta que para o senado o eleitor irá votar duas vezes, as pesquisas possuem um universo de 200%. | Senado Federal[editar | editar código]"
2018,GO,Eleições estaduais em Goiás em 2018,https://pt.wikipedia.org/wiki/Elei%C3%A7%C3%B5es_estaduais_em_Goi%C3%A1s_em_2018,1,2,18/09 a 20/09/2018,Ibope,±3%,3.0,duas_mencoes_agregadas,Cardoso (PP),28.0,28%,"Senado Federal | Governador | Pesquisas de intenção de voto | Turno Único | Nota: Levando em conta que para o senado o eleitor irá votar duas vezes, as pesquisas possuem um universo de 200%. | Senado Federal[editar | editar código]"
2018,GO,Eleições estaduais em Goiás em 2018,https://pt.wikipedia.org/wiki/Elei%C3%A7%C3%B5es_estaduais_em_Goi%C3%A1s_em_2018,1,2,18/09 a 20/09/2018,Ibope,±3%,3.0,duas_mencoes_agregadas,Bueno (PT),2.0,2%,"Senado Federal | Governador | Pesquisas de intenção de voto | Turno Único | Nota: Levando em conta que para o senado o eleitor irá votar duas vezes, as pesquisas possuem um universo de 200%. | Senado Federal[editar | editar código]"
2018,GO,Eleições estaduais em Goiás em 2018,https://pt.wikipedia.org/wiki/Elei%C3%A7%C3%B5es_estaduais_em_Goi%C3%A1s_em_2018,1,2,18/09 a 20/09/2018,Ibope,±3%,3.0,duas_mencoes_agregadas,Magda (PCB),3.0,3%,"Senado Federal | Governador | Pesquisas de intenção de voto | Turno Único | Nota: Levando em conta que para o senado o eleitor irá votar duas vezes, as pesquisas possuem um universo de 200%. | Senado Federal[editar | editar código]"
2018,GO,Eleições estaduais em Goiás em 2018,https://pt.wikipedia.org/wiki/Elei%C3%A7%C3%B5es_estaduais_em_Goi%C3%A1s_em_2018,1,2,18/09 a 20/09/2018,Ibope,±3%,3.0,duas_mencoes_agregadas,Wilder (DEM),6.0,6%,"Senado Federal | Governador | Pesquisas de intenção de voto | Turno Único | Nota: Levando em conta que para o senado o eleitor irá votar duas vezes, as pesquisas possuem um universo de 200%. | Senado Federal[editar | editar código]"
2018,MA,Eleições estaduais no Maranhão em 2018,https://pt.wikipedia.org/wiki/Elei%C3%A7%C3%B5es_estaduais_no_Maranh%C3%A3o_em_2018,1,1,23/08,IBOPE,,,duas_mencoes_agregadas,Weverton (PDT),11.0,11%,Para senador | Para governador | Pesquisas | Plano de mídia | Para senador[editar | editar código]
2018,MA,Eleições estaduais no Maranhão em 2018,https://pt.wikipedia.org/wiki/Elei%C3%A7%C3%B5es_estaduais_no_Maranh%C3%A3o_em_2018,1,1,23/08,IBOPE,,,duas_mencoes_agregadas,Eliziane (PPS),17.0,17%,Para senador | Para governador | Pesquisas | Plano de mídia | Para senador[editar | editar código]
2018,MA,Eleições estaduais no Maranhão em 2018,https://pt.wikipedia.org/wiki/Elei%C3%A7%C3%B5es_estaduais_no_Maranh%C3%A3o_em_2018,1,1,23/08,IBOPE,,,duas_mencoes_agregadas,Lobão (MDB),27.0,27%,Para senador | Para governador | Pesquisas | Plano de mídia | Para senador[editar | editar código]
2018,MA,Eleições estaduais no Maranhão em 2018,https://pt.wikipedia.org/wiki/Elei%C3%A7%C3%B5es_estaduais_no_Maranh%C3%A3o_em_2018,1,1,23/08,IBOPE,,,duas_mencoes_agregadas,Sarney Filho (PV),26.0,26%,Para senador | Para governador | Pesquisas | Plano de mídia | Para senador[editar | editar código]
2018,MA,Eleições estaduais no Maranhão em 2018,https://pt.wikipedia.org/wiki/Elei%C3%A7%C3%B5es_estaduais_no_Maranh%C3%A3o_em_2018,1,1,23/08,IBOPE,,,duas_mencoes_agregadas,Zé Reinaldo (PSDB),13.0,13%,Para senador | Para governador | Pesquisas | Plano de mídia | Para senador[editar | editar código]
2018,MA,Eleições estaduais no Maranhão em 2018,https://pt.wikipedia.org/wiki/Elei%C3%A7%C3%B5es_estaduais_no_Maranh%C3%A3o_em_2018,1,1,23/08,IBOPE,,,duas_mencoes_agregadas,Almeida (PSDB),6.0,6%,Para senador | Para governador | Pesquisas | Plano de mídia | Para senador[editar | editar código]
2018,MA,Eleições estaduais no Maranhão em 2018,https://pt.wikipedia.org/wiki/Elei%C3%A7%C3%B5es_estaduais_no_Maranh%C3%A3o_em_2018,1,1,23/08,IBOPE,,,duas_mencoes_agregadas,Samoel (PSL),2.0,2%,Para senador | Para governador | Pesquisas | Plano de mídia | Para senador[editar | editar código]
2018,MA,Eleições estaduais no Maranhão em 2018,https://pt.wikipedia.org/wiki/Elei%C3%A7%C3%B5es_estaduais_no_Maranh%C3%A3o_em_2018,1,1,23/08,IBOPE,,,duas_mencoes_agregadas,Saulo Pinto (PSOL),3.0,3%,Para senador | Para governador | Pesquisas | Plano de mídia | Para senador[editar | editar código]
2018,MA,Eleições estaduais no Maranhão em 2018,https://pt.wikipedia.org/wiki/Elei%C3%A7%C3%B5es_estaduais_no_Maranh%C3%A3o_em_2018,1,1,23/08,IBOPE,,,duas_mencoes_agregadas,Iêgo (PCB),1.0,1%,Para senador | Para governador | Pesquisas | Plano de mídia | Para senador[editar | editar código]
2018,MA,Eleições estaduais no Maranhão em 2018,https://pt.wikipedia.org/wiki/Elei%C3%A7%C3%B5es_estaduais_no_Maranh%C3%A3o_em_2018,1,1,23/08,IBOPE,,,duas_mencoes_agregadas,Saulo Arcangeli (PSTU),2.0,2%,Para senador | Para governador | Pesquisas | Plano de mídia | Para senador[editar | editar código]
2018,MA,Eleições estaduais no Maranhão em 2018,https://pt.wikipedia.org/wiki/Elei%C3%A7%C3%B5es_estaduais_no_Maranh%C3%A3o_em_2018,1,1,23/08,IBOPE,,,duas_mencoes_agregadas,Preta Lu (PSTU),3.0,3%,Para senador | Para governador | Pesquisas | Plano de mídia | Para senador[editar | editar código]
2018,MA,Eleições estaduais no Maranhão em 2018,https://pt.wikipedia.org/wiki/Elei%C3%A7%C3%B5es_estaduais_no_Maranh%C3%A3o_em_2018,1,1,23/08,IBOPE,,,duas_mencoes_agregadas,B/N V1,20.0,20%,Para senador | Para governador | Pesquisas | Plano de mídia | Para senador[editar | editar código]
2018,MA,Eleições estaduais no Maranhão em 2018,https://pt.wikipedia.org/wiki/Elei%C3%A7%C3%B5es_estaduais_no_Maranh%C3%A3o_em_2018,1,1,23/08,IBOPE,,,duas_mencoes_agregadas,B/N V2,31.0,31%,Para senador | Para governador | Pesquisas | Plano de mídia | Para senador[editar | editar código]
2018,MA,Eleições estaduais no Maranhão em 2018,https://pt.wikipedia.org/wiki/Elei%C3%A7%C3%B5es_estaduais_no_Maranh%C3%A3o_em_2018,1,2,26/08,Exata,,,duas_mencoes_agregadas,Weverton (PDT),20.0,20%,Para senador | Para governador | Pesquisas | Plano de mídia | Para senador[editar | editar código]
2018,MA,Eleições estaduais no Maranhão em 2018,https://pt.wikipedia.org/wiki/Elei%C3%A7%C3%B5es_estaduais_no_Maranh%C3%A3o_em_2018,1,2,26/08,Exata,,,duas_mencoes_agregadas,Eliziane (PPS),18.0,18%,Para senador | Para governador | Pesquisas | Plano de mídia | Para senador[editar | editar código]
2018,MA,Eleições estaduais no Maranhão em 2018,https://pt.wikipedia.org/wiki/Elei%C3%A7%C3%B5es_estaduais_no_Maranh%C3%A3o_em_2018,1,2,26/08,Exata,,,duas_mencoes_agregadas,Lobão (MDB),25.0,25%,Para senador | Para governador | Pesquisas | Plano de mídia | Para senador[editar | editar código]
2018,MA,Eleições estaduais no Maranhão em 2018,https://pt.wikipedia.org/wiki/Elei%C3%A7%C3%B5es_estaduais_no_Maranh%C3%A3o_em_2018,1,2,26/08,Exata,,,duas_mencoes_agregadas,Sarney Filho (PV),24.0,24%,Para senador | Para governador | Pesquisas | Plano de mídia | Para senador[editar | editar código]
2018,MA,Eleições estaduais no Maranhão em 2018,https://pt.wikipedia.org/wiki/Elei%C3%A7%C3%B5es_estaduais_no_Maranh%C3%A3o_em_2018,1,2,26/08,Exata,,,duas_mencoes_agregadas,Zé Reinaldo (PSDB),20.0,20%,Para senador | Para governador | Pesquisas | Plano de mídia | Para senador[editar | editar código]
2018,MA,Eleições estaduais no Maranhão em 2018,https://pt.wikipedia.org/wiki/Elei%C3%A7%C3%B5es_estaduais_no_Maranh%C3%A3o_em_2018,1,2,26/08,Exata,,,duas_mencoes_agregadas,Almeida (PSDB),11.0,11%,Para senador | Para governador | Pesquisas | Plano de mídia | Para senador[editar | editar código]
2018,MA,Eleições estaduais no Maranhão em 2018,https://pt.wikipedia.org/wiki/Elei%C3%A7%C3%B5es_estaduais_no_Maranh%C3%A3o_em_2018,1,2,26/08,Exata,,,duas_mencoes_agregadas,Samoel (PSL),3.0,3%,Para senador | Para governador | Pesquisas | Plano de mídia | Para senador[editar | editar código]
2018,MA,Eleições estaduais no Maranhão em 2018,https://pt.wikipedia.org/wiki/Elei%C3%A7%C3%B5es_estaduais_no_Maranh%C3%A3o_em_2018,1,2,26/08,Exata,,,duas_mencoes_agregadas,Saulo Pinto (PSOL),2.0,2%,Para senador | Para governador | Pesquisas | Plano de mídia | Para senador[editar | editar código]
2018,MA,Eleições estaduais no Maranhão em 2018,https://pt.wikipedia.org/wiki/Elei%C3%A7%C3%B5es_estaduais_no_Maranh%C3%A3o_em_2018,1,2,26/08,Exata,,,duas_mencoes_agregadas,Iêgo (PCB),1.0,1%,Para senador | Para governador | Pesquisas | Plano de mídia | Para senador[editar | editar código]
2018,MA,Eleições estaduais no Maranhão em 2018,https://pt.wikipedia.org/wiki/Elei%C3%A7%C3%B5es_estaduais_no_Maranh%C3%A3o_em_2018,1,2,26/08,Exata,,,duas_mencoes_agregadas,Saulo Arcangeli (PSTU),1.0,1%,Para senador | Para governador | Pesquisas | Plano de mídia | Para senador[editar | editar código]
2018,MA,Eleições estaduais no Maranhão em 2018,https://pt.wikipedia.org/wiki/Elei%C3%A7%C3%B5es_estaduais_no_Maranh%C3%A3o_em_2018,1,2,26/08,Exata,,,duas_mencoes_agregadas,Preta Lu (PSTU),4.0,4%,Para senador | Para governador | Pesquisas | Plano de mídia | Para senador[editar | editar código]
2018,MA,Eleições estaduais no Maranhão em 2018,https://pt.wikipedia.org/wiki/Elei%C3%A7%C3%B5es_estaduais_no_Maranh%C3%A3o_em_2018,1,2,26/08,Exata,,,duas_mencoes_agregadas,B/N V1,43.0,43%,Para senador | Para governador | Pesquisas | Plano de mídia | Para senador[editar | editar código]
2018,MA,Eleições estaduais no Maranhão em 2018,https://pt.wikipedia.org/wiki/Elei%C3%A7%C3%B5es_estaduais_no_Maranh%C3%A3o_em_2018,1,2,26/08,Exata,,,duas_mencoes_agregadas,B/N V2,43.0,43%,Para senador | Para governador | Pesquisas | Plano de mídia | Para senador[editar | editar código]
2018,MA,Eleições estaduais no Maranhão em 2018,https://pt.wikipedia.org/wiki/Elei%C3%A7%C3%B5es_estaduais_no_Maranh%C3%A3o_em_2018,1,3,16/09,Exata,,,duas_mencoes_agregadas,Weverton (PDT),25.0,25%,Para senador | Para governador | Pesquisas | Plano de mídia | Para senador[editar | editar código]
2018,MA,Eleições estaduais no Maranhão em 2018,https://pt.wikipedia.org/wiki/Elei%C3%A7%C3%B5es_estaduais_no_Maranh%C3%A3o_em_2018,1,3,16/09,Exata,,,duas_mencoes_agregadas,Eliziane (PPS),27.0,27%,Para senador | Para governador | Pesquisas | Plano de mídia | Para senador[editar | editar código]
2018,MA,Eleições estaduais no Maranhão em 2018,https://pt.wikipedia.org/wiki/Elei%C3%A7%C3%B5es_estaduais_no_Maranh%C3%A3o_em_2018,1,3,16/09,Exata,,,duas_mencoes_agregadas,Lobão (MDB),24.0,24%,Para senador | Para governador | Pesquisas | Plano de mídia | Para senador[editar | editar código]
2018,MA,Eleições estaduais no Maranhão em 2018,https://pt.wikipedia.org/wiki/Elei%C3%A7%C3%B5es_estaduais_no_Maranh%C3%A3o_em_2018,1,3,16/09,Exata,,,duas_mencoes_agregadas,Sarney Filho (PV),22.0,22%,Para senador | Para governador | Pesquisas | Plano de mídia | Para senador[editar | editar código]
2018,MA,Eleições estaduais no Maranhão em 2018,https://pt.wikipedia.org/wiki/Elei%C3%A7%C3%B5es_estaduais_no_Maranh%C3%A3o_em_2018,1,3,16/09,Exata,,,duas_mencoes_agregadas,Zé Reinaldo (PSDB),18.0,18%,Para senador | Para governador | Pesquisas | Plano de mídia | Para senador[editar | editar código]
2018,MA,Eleições estaduais no Maranhão em 2018,https://pt.wikipedia.org/wiki/Elei%C3%A7%C3%B5es_estaduais_no_Maranh%C3%A3o_em_2018,1,3,16/09,Exata,,,duas_mencoes_agregadas,Almeida (PSDB),10.0,10%,Para senador | Para governador | Pesquisas | Plano de mídia | Para senador[editar | editar código]
2018,MA,Eleições estaduais no Maranhão em 2018,https://pt.wikipedia.org/wiki/Elei%C3%A7%C3%B5es_estaduais_no_Maranh%C3%A3o_em_2018,1,3,16/09,Exata,,,duas_mencoes_agregadas,Samoel (PSL),2.0,2%,Para senador | Para governador | Pesquisas | Plano de mídia | Para senador[editar | editar código]
2018,MA,Eleições estaduais no Maranhão em 2018,https://pt.wikipedia.org/wiki/Elei%C3%A7%C3%B5es_estaduais_no_Maranh%C3%A3o_em_2018,1,3,16/09,Exata,,,duas_mencoes_agregadas,Saulo Pinto (PSOL),1.0,1%,Para senador | Para governador | Pesquisas | Plano de mídia | Para senador[editar | editar código]
2018,MA,Eleições estaduais no Maranhão em 2018,https://pt.wikipedia.org/wiki/Elei%C3%A7%C3%B5es_estaduais_no_Maranh%C3%A3o_em_2018,1,3,16/09,Exata,,,duas_mencoes_agregadas,Iêgo (PCB),1.0,1%,Para senador | Para governador | Pesquisas | Plano de mídia | Para senador[editar | editar código]
2018,MA,Eleições estaduais no Maranhão em 2018,https://pt.wikipedia.org/wiki/Elei%C3%A7%C3%B5es_estaduais_no_Maranh%C3%A3o_em_2018,1,3,16/09,Exata,,,duas_mencoes_agregadas,Saulo Arcangeli (PSTU),1.0,1%,Para senador | Para governador | Pesquisas | Plano de mídia | Para senador[editar | editar código]
2018,MA,Eleições estaduais no Maranhão em 2018,https://pt.wikipedia.org/wiki/Elei%C3%A7%C3%B5es_estaduais_no_Maranh%C3%A3o_em_2018,1,3,16/09,Exata,,,duas_mencoes_agregadas,Preta Lu (PSTU),3.0,3%,Para senador | Para governador | Pesquisas | Plano de mídia | Para senador[editar | editar código]
2018,MA,Eleições estaduais no Maranhão em 2018,https://pt.wikipedia.org/wiki/Elei%C3%A7%C3%B5es_estaduais_no_Maranh%C3%A3o_em_2018,1,3,16/09,Exata,,,duas_mencoes_agregadas,B/N V1,32.0,32%,Para senador | Para governador | Pesquisas | Plano de mídia | Para senador[editar | editar código]
2018,MA,Eleições estaduais no Maranhão em 2018,https://pt.wikipedia.org/wiki/Elei%C3%A7%C3%B5es_estaduais_no_Maranh%C3%A3o_em_2018,1,3,16/09,Exata,,,duas_mencoes_agregadas,B/N V2,32.0,32%,Para senador | Para governador | Pesquisas | Plano de mídia | Para senador[editar | editar código]
2018,MA,Eleições estaduais no Maranhão em 2018,https://pt.wikipedia.org/wiki/Elei%C3%A7%C3%B5es_estaduais_no_Maranh%C3%A3o_em_2018,1,4,19/09,Data Ilha,,,nao_identificado,Weverton (PDT),13.43,"13,43%",Para senador | Para governador | Pesquisas | Plano de mídia | Para senador[editar | editar código]
2018,MA,Eleições estaduais no Maranhão em 2018,https://pt.wikipedia.org/wiki/Elei%C3%A7%C3%B5es_estaduais_no_Maranh%C3%A3o_em_2018,1,4,19/09,Data Ilha,,,nao_identificado,Eliziane (PPS),14.72,"14,72%",Para senador | Para governador | Pesquisas | Plano de mídia | Para senador[editar | editar código]
2018,MA,Eleições estaduais no Maranhão em 2018,https://pt.wikipedia.org/wiki/Elei%C3%A7%C3%B5es_estaduais_no_Maranh%C3%A3o_em_2018,1,4,19/09,Data Ilha,,,nao_identificado,Lobão (MDB),7.96,"7,96%",Para senador | Para governador | Pesquisas | Plano de mídia | Para senador[editar | editar código]
2018,MA,Eleições estaduais no Maranhão em 2018,https://pt.wikipedia.org/wiki/Elei%C3%A7%C3%B5es_estaduais_no_Maranh%C3%A3o_em_2018,1,4,19/09,Data Ilha,,,nao_identificado,Sarney Filho (PV),8.87,"8,87%",Para senador | Para governador | Pesquisas | Plano de mídia | Para senador[editar | editar código]
2018,MA,Eleições estaduais no Maranhão em 2018,https://pt.wikipedia.org/wiki/Elei%C3%A7%C3%B5es_estaduais_no_Maranh%C3%A3o_em_2018,1,4,19/09,Data Ilha,,,nao_identificado,Zé Reinaldo (PSDB),4.35,"4,35%",Para senador | Para governador | Pesquisas | Plano de mídia | Para senador[editar | editar código]
2018,MA,Eleições estaduais no Maranhão em 2018,https://pt.wikipedia.org/wiki/Elei%C3%A7%C3%B5es_estaduais_no_Maranh%C3%A3o_em_2018,1,4,19/09,Data Ilha,,,nao_identificado,Almeida (PSDB),2.82,"2,82%",Para senador | Para governador | Pesquisas | Plano de mídia | Para senador[editar | editar código]
2018,MA,Eleições estaduais no Maranhão em 2018,https://pt.wikipedia.org/wiki/Elei%C3%A7%C3%B5es_estaduais_no_Maranh%C3%A3o_em_2018,1,4,19/09,Data Ilha,,,nao_identificado,Samoel (PSL),0.08,"0,08%",Para senador | Para governador | Pesquisas | Plano de mídia | Para senador[editar | editar código]
2018,MA,Eleições estaduais no Maranhão em 2018,https://pt.wikipedia.org/wiki/Elei%C3%A7%C3%B5es_estaduais_no_Maranh%C3%A3o_em_2018,1,4,19/09,Data Ilha,,,nao_identificado,Saulo Pinto (PSOL),0.25,"0,25%",Para senador | Para governador | Pesquisas | Plano de mídia | Para senador[editar | editar código]
2018,MA,Eleições estaduais no Maranhão em 2018,https://pt.wikipedia.org/wiki/Elei%C3%A7%C3%B5es_estaduais_no_Maranh%C3%A3o_em_2018,1,4,19/09,Data Ilha,,,nao_identificado,Iêgo (PCB),0.0,0%,Para senador | Para governador | Pesquisas | Plano de mídia | Para senador[editar | editar código]
2018,MA,Eleições estaduais no Maranhão em 2018,https://pt.wikipedia.org/wiki/Elei%C3%A7%C3%B5es_estaduais_no_Maranh%C3%A3o_em_2018,1,4,19/09,Data Ilha,,,nao_identificado,Saulo Arcangeli (PSTU),0.29,"0,29%",Para senador | Para governador | Pesquisas | Plano de mídia | Para senador[editar | editar código]
2018,MA,Eleições estaduais no Maranhão em 2018,https://pt.wikipedia.org/wiki/Elei%C3%A7%C3%B5es_estaduais_no_Maranh%C3%A3o_em_2018,1,4,19/09,Data Ilha,,,nao_identificado,Preta Lu (PSTU),0.37,"0,37%",Para senador | Para governador | Pesquisas | Plano de mídia | Para senador[editar | editar código]
2018,MA,Eleições estaduais no Maranhão em 2018,https://pt.wikipedia.org/wiki/Elei%C3%A7%C3%B5es_estaduais_no_Maranh%C3%A3o_em_2018,1,4,19/09,Data Ilha,,,nao_identificado,B/N V1,21.48,"21,48%",Para senador | Para governador | Pesquisas | Plano de mídia | Para senador[editar | editar código]
2018,MA,Eleições estaduais no Maranhão em 2018,https://pt.wikipedia.org/wiki/Elei%C3%A7%C3%B5es_estaduais_no_Maranh%C3%A3o_em_2018,1,4,19/09,Data Ilha,,,nao_identificado,B/N V2,21.48,"21,48%",Para senador | Para governador | Pesquisas | Plano de mídia | Para senador[editar | editar código]
2018,MA,Eleições estaduais no Maranhão em 2018,https://pt.wikipedia.org/wiki/Elei%C3%A7%C3%B5es_estaduais_no_Maranh%C3%A3o_em_2018,1,5,19/09,IBOPE,,,duas_mencoes_agregadas,Weverton (PDT),20.0,20%,Para senador | Para governador | Pesquisas | Plano de mídia | Para senador[editar | editar código]
2018,MA,Eleições estaduais no Maranhão em 2018,https://pt.wikipedia.org/wiki/Elei%C3%A7%C3%B5es_estaduais_no_Maranh%C3%A3o_em_2018,1,5,19/09,IBOPE,,,duas_mencoes_agregadas,Eliziane (PPS),23.0,23%,Para senador | Para governador | Pesquisas | Plano de mídia | Para senador[editar | editar código]
2018,MA,Eleições estaduais no Maranhão em 2018,https://pt.wikipedia.org/wiki/Elei%C3%A7%C3%B5es_estaduais_no_Maranh%C3%A3o_em_2018,1,5,19/09,IBOPE,,,duas_mencoes_agregadas,Lobão (MDB),25.0,25%,Para senador | Para governador | Pesquisas | Plano de mídia | Para senador[editar | editar código]
2018,MA,Eleições estaduais no Maranhão em 2018,https://pt.wikipedia.org/wiki/Elei%C3%A7%C3%B5es_estaduais_no_Maranh%C3%A3o_em_2018,1,5,19/09,IBOPE,,,duas_mencoes_agregadas,Sarney Filho (PV),23.0,23%,Para senador | Para governador | Pesquisas | Plano de mídia | Para senador[editar | editar código]
2018,MA,Eleições estaduais no Maranhão em 2018,https://pt.wikipedia.org/wiki/Elei%C3%A7%C3%B5es_estaduais_no_Maranh%C3%A3o_em_2018,1,5,19/09,IBOPE,,,duas_mencoes_agregadas,Zé Reinaldo (PSDB),12.0,12%,Para senador | Para governador | Pesquisas | Plano de mídia | Para senador[editar | editar código]
2018,MA,Eleições estaduais no Maranhão em 2018,https://pt.wikipedia.org/wiki/Elei%C3%A7%C3%B5es_estaduais_no_Maranh%C3%A3o_em_2018,1,5,19/09,IBOPE,,,duas_mencoes_agregadas,Almeida (PSDB),4.0,4%,Para senador | Para governador | Pesquisas | Plano de mídia | Para senador[editar | editar código]
2018,MA,Eleições estaduais no Maranhão em 2018,https://pt.wikipedia.org/wiki/Elei%C3%A7%C3%B5es_estaduais_no_Maranh%C3%A3o_em_2018,1,5,19/09,IBOPE,,,duas_mencoes_agregadas,Samoel (PSL),2.0,2%,Para senador | Para governador | Pesquisas | Plano de mídia | Para senador[editar | editar código]
2018,MA,Eleições estaduais no Maranhão em 2018,https://pt.wikipedia.org/wiki/Elei%C3%A7%C3%B5es_estaduais_no_Maranh%C3%A3o_em_2018,1,5,19/09,IBOPE,,,duas_mencoes_agregadas,Saulo Pinto (PSOL),2.0,2%,Para senador | Para governador | Pesquisas | Plano de mídia | Para senador[editar | editar código]
2018,MA,Eleições estaduais no Maranhão em 2018,https://pt.wikipedia.org/wiki/Elei%C3%A7%C3%B5es_estaduais_no_Maranh%C3%A3o_em_2018,1,5,19/09,IBOPE,,,duas_mencoes_agregadas,Iêgo (PCB),0.0,0%,Para senador | Para governador | Pesquisas | Plano de mídia | Para senador[editar | editar código]
2018,MA,Eleições estaduais no Maranhão em 2018,https://pt.wikipedia.org/wiki/Elei%C3%A7%C3%B5es_estaduais_no_Maranh%C3%A3o_em_2018,1,5,19/09,IBOPE,,,duas_mencoes_agregadas,Saulo Arcangeli (PSTU),1.0,1%,Para senador | Para governador | Pesquisas | Plano de mídia | Para senador[editar | editar código]
2018,MA,Eleições estaduais no Maranhão em 2018,https://pt.wikipedia.org/wiki/Elei%C3%A7%C3%B5es_estaduais_no_Maranh%C3%A3o_em_2018,1,5,19/09,IBOPE,,,duas_mencoes_agregadas,Preta Lu (PSTU),2.0,2%,Para senador | Para governador | Pesquisas | Plano de mídia | Para senador[editar | editar código]
2018,MA,Eleições estaduais no Maranhão em 2018,https://pt.wikipedia.org/wiki/Elei%C3%A7%C3%B5es_estaduais_no_Maranh%C3%A3o_em_2018,1,5,19/09,IBOPE,,,duas_mencoes_agregadas,B/N V1,17.0,17%,Para senador | Para governador | Pesquisas | Plano de mídia | Para senador[editar | editar código]
2018,MA,Eleições estaduais no Maranhão em 2018,https://pt.wikipedia.org/wiki/Elei%C3%A7%C3%B5es_estaduais_no_Maranh%C3%A3o_em_2018,1,5,19/09,IBOPE,,,duas_mencoes_agregadas,B/N V2,30.0,30%,Para senador | Para governador | Pesquisas | Plano de mídia | Para senador[editar | editar código]
2018,MA,Eleições estaduais no Maranhão em 2018,https://pt.wikipedia.org/wiki/Elei%C3%A7%C3%B5es_estaduais_no_Maranh%C3%A3o_em_2018,1,6,20/09,RealTime Big Data,,,duas_mencoes_agregadas,Weverton (PDT),17.0,17%,Para senador | Para governador | Pesquisas | Plano de mídia | Para senador[editar | editar código]
2018,MA,Eleições estaduais no Maranhão em 2018,https://pt.wikipedia.org/wiki/Elei%C3%A7%C3%B5es_estaduais_no_Maranh%C3%A3o_em_2018,1,6,20/09,RealTime Big Data,,,duas_mencoes_agregadas,Eliziane (PPS),21.0,21%,Para senador | Para governador | Pesquisas | Plano de mídia | Para senador[editar | editar código]
2018,MA,Eleições estaduais no Maranhão em 2018,https://pt.wikipedia.org/wiki/Elei%C3%A7%C3%B5es_estaduais_no_Maranh%C3%A3o_em_2018,1,6,20/09,RealTime Big Data,,,duas_mencoes_agregadas,Lobão (MDB),25.0,25%,Para senador | Para governador | Pesquisas | Plano de mídia | Para senador[editar | editar código]
2018,MA,Eleições estaduais no Maranhão em 2018,https://pt.wikipedia.org/wiki/Elei%C3%A7%C3%B5es_estaduais_no_Maranh%C3%A3o_em_2018,1,6,20/09,RealTime Big Data,,,duas_mencoes_agregadas,Sarney Filho (PV),25.0,25%,Para senador | Para governador | Pesquisas | Plano de mídia | Para senador[editar | editar código]
2018,MA,Eleições estaduais no Maranhão em 2018,https://pt.wikipedia.org/wiki/Elei%C3%A7%C3%B5es_estaduais_no_Maranh%C3%A3o_em_2018,1,6,20/09,RealTime Big Data,,,duas_mencoes_agregadas,Zé Reinaldo (PSDB),16.0,16%,Para senador | Para governador | Pesquisas | Plano de mídia | Para senador[editar | editar código]
2018,MA,Eleições estaduais no Maranhão em 2018,https://pt.wikipedia.org/wiki/Elei%C3%A7%C3%B5es_estaduais_no_Maranh%C3%A3o_em_2018,1,6,20/09,RealTime Big Data,,,duas_mencoes_agregadas,Almeida (PSDB),7.0,7%,Para senador | Para governador | Pesquisas | Plano de mídia | Para senador[editar | editar código]
2018,MA,Eleições estaduais no Maranhão em 2018,https://pt.wikipedia.org/wiki/Elei%C3%A7%C3%B5es_estaduais_no_Maranh%C3%A3o_em_2018,1,6,20/09,RealTime Big Data,,,duas_mencoes_agregadas,Samoel (PSL),3.0,3%,Para senador | Para governador | Pesquisas | Plano de mídia | Para senador[editar | editar código]
2018,MA,Eleições estaduais no Maranhão em 2018,https://pt.wikipedia.org/wiki/Elei%C3%A7%C3%B5es_estaduais_no_Maranh%C3%A3o_em_2018,1,6,20/09,RealTime Big Data,,,duas_mencoes_agregadas,Saulo Pinto (PSOL),2.0,2%,Para senador | Para governador | Pesquisas | Plano de mídia | Para senador[editar | editar código]
2018,MA,Eleições estaduais no Maranhão em 2018,https://pt.wikipedia.org/wiki/Elei%C3%A7%C3%B5es_estaduais_no_Maranh%C3%A3o_em_2018,1,6,20/09,RealTime Big Data,,,duas_mencoes_agregadas,Iêgo (PCB),0.0,0%,Para senador | Para governador | Pesquisas | Plano de mídia | Para senador[editar | editar código]
2018,MA,Eleições estaduais no Maranhão em 2018,https://pt.wikipedia.org/wiki/Elei%C3%A7%C3%B5es_estaduais_no_Maranh%C3%A3o_em_2018,1,6,20/09,RealTime Big Data,,,duas_mencoes_agregadas,Saulo Arcangeli (PSTU),3.0,3%,Para senador | Para governador | Pesquisas | Plano de mídia | Para senador[editar | editar código]
2018,MA,Eleições estaduais no Maranhão em 2018,https://pt.wikipedia.org/wiki/Elei%C3%A7%C3%B5es_estaduais_no_Maranh%C3%A3o_em_2018,1,6,20/09,RealTime Big Data,,,duas_mencoes_agregadas,Preta Lu (PSTU),2.0,2%,Para senador | Para governador | Pesquisas | Plano de mídia | Para senador[editar | editar código]
2018,MA,Eleições estaduais no Maranhão em 2018,https://pt.wikipedia.org/wiki/Elei%C3%A7%C3%B5es_estaduais_no_Maranh%C3%A3o_em_2018,1,6,20/09,RealTime Big Data,,,duas_mencoes_agregadas,B/N V1,18.0,18%,Para senador | Para governador | Pesquisas | Plano de mídia | Para senador[editar | editar código]
2018,MA,Eleições estaduais no Maranhão em 2018,https://pt.wikipedia.org/wiki/Elei%C3%A7%C3%B5es_estaduais_no_Maranh%C3%A3o_em_2018,1,6,20/09,RealTime Big Data,,,duas_mencoes_agregadas,B/N V2,20.0,20%,Para senador | Para governador | Pesquisas | Plano de mídia | Para senador[editar | editar código]
2018,MA,Eleições estaduais no Maranhão em 2018,https://pt.wikipedia.org/wiki/Elei%C3%A7%C3%B5es_estaduais_no_Maranh%C3%A3o_em_2018,1,7,25/09,Data M,,,duas_mencoes_agregadas,Weverton (PDT),29.9,"29,9%",Para senador | Para governador | Pesquisas | Plano de mídia | Para senador[editar | editar código]
2018,MA,Eleições estaduais no Maranhão em 2018,https://pt.wikipedia.org/wiki/Elei%C3%A7%C3%B5es_estaduais_no_Maranh%C3%A3o_em_2018,1,7,25/09,Data M,,,duas_mencoes_agregadas,Eliziane (PPS),29.4,"29,4%",Para senador | Para governador | Pesquisas | Plano de mídia | Para senador[editar | editar código]
2018,MA,Eleições estaduais no Maranhão em 2018,https://pt.wikipedia.org/wiki/Elei%C3%A7%C3%B5es_estaduais_no_Maranh%C3%A3o_em_2018,1,7,25/09,Data M,,,duas_mencoes_agregadas,Lobão (MDB),22.3,"22,3%",Para senador | Para governador | Pesquisas | Plano de mídia | Para senador[editar | editar código]
2018,MA,Eleições estaduais no Maranhão em 2018,https://pt.wikipedia.org/wiki/Elei%C3%A7%C3%B5es_estaduais_no_Maranh%C3%A3o_em_2018,1,7,25/09,Data M,,,duas_mencoes_agregadas,Sarney Filho (PV),21.4,"21,4%",Para senador | Para governador | Pesquisas | Plano de mídia | Para senador[editar | editar código]
2018,MA,Eleições estaduais no Maranhão em 2018,https://pt.wikipedia.org/wiki/Elei%C3%A7%C3%B5es_estaduais_no_Maranh%C3%A3o_em_2018,1,7,25/09,Data M,,,duas_mencoes_agregadas,Zé Reinaldo (PSDB),9.7,"9,7%",Para senador | Para governador | Pesquisas | Plano de mídia | Para senador[editar | editar código]
2018,MA,Eleições estaduais no Maranhão em 2018,https://pt.wikipedia.org/wiki/Elei%C3%A7%C3%B5es_estaduais_no_Maranh%C3%A3o_em_2018,1,7,25/09,Data M,,,duas_mencoes_agregadas,Almeida (PSDB),7.5,"7,5%",Para senador | Para governador | Pesquisas | Plano de mídia | Para senador[editar | editar código]
2018,MA,Eleições estaduais no Maranhão em 2018,https://pt.wikipedia.org/wiki/Elei%C3%A7%C3%B5es_estaduais_no_Maranh%C3%A3o_em_2018,1,7,25/09,Data M,,,duas_mencoes_agregadas,Samoel (PSL),1.1,"1,1%",Para senador | Para governador | Pesquisas | Plano de mídia | Para senador[editar | editar código]
2018,MA,Eleições estaduais no Maranhão em 2018,https://pt.wikipedia.org/wiki/Elei%C3%A7%C3%B5es_estaduais_no_Maranh%C3%A3o_em_2018,1,7,25/09,Data M,,,duas_mencoes_agregadas,Saulo Pinto (PSOL),0.3,"0,3%",Para senador | Para governador | Pesquisas | Plano de mídia | Para senador[editar | editar código]
2018,MA,Eleições estaduais no Maranhão em 2018,https://pt.wikipedia.org/wiki/Elei%C3%A7%C3%B5es_estaduais_no_Maranh%C3%A3o_em_2018,1,7,25/09,Data M,,,duas_mencoes_agregadas,Iêgo (PCB),0.3,"0,3%",Para senador | Para governador | Pesquisas | Plano de mídia | Para senador[editar | editar código]
2018,MA,Eleições estaduais no Maranhão em 2018,https://pt.wikipedia.org/wiki/Elei%C3%A7%C3%B5es_estaduais_no_Maranh%C3%A3o_em_2018,1,7,25/09,Data M,,,duas_mencoes_agregadas,Saulo Arcangeli (PSTU),0.7,"0,7%",Para senador | Para governador | Pesquisas | Plano de mídia | Para senador[editar | editar código]
2018,MA,Eleições estaduais no Maranhão em 2018,https://pt.wikipedia.org/wiki/Elei%C3%A7%C3%B5es_estaduais_no_Maranh%C3%A3o_em_2018,1,7,25/09,Data M,,,duas_mencoes_agregadas,Preta Lu (PSTU),1.5,"1,5%",Para senador | Para governador | Pesquisas | Plano de mídia | Para senador[editar | editar código]
2018,MA,Eleições estaduais no Maranhão em 2018,https://pt.wikipedia.org/wiki/Elei%C3%A7%C3%B5es_estaduais_no_Maranh%C3%A3o_em_2018,1,7,25/09,Data M,,,duas_mencoes_agregadas,B/N V1,31.9,"31,9%",Para senador | Para governador | Pesquisas | Plano de mídia | Para senador[editar | editar código]
2018,MA,Eleições estaduais no Maranhão em 2018,https://pt.wikipedia.org/wiki/Elei%C3%A7%C3%B5es_estaduais_no_Maranh%C3%A3o_em_2018,1,7,25/09,Data M,,,duas_mencoes_agregadas,B/N V2,31.9,"31,9%",Para senador | Para governador | Pesquisas | Plano de mídia | Para senador[editar | editar código]
2018,MA,Eleições estaduais no Maranhão em 2018,https://pt.wikipedia.org/wiki/Elei%C3%A7%C3%B5es_estaduais_no_Maranh%C3%A3o_em_2018,1,8,03/10,RealTime Big Data,,,duas_mencoes_agregadas,Weverton (PDT),22.0,22%,Para senador | Para governador | Pesquisas | Plano de mídia | Para senador[editar | editar código]
2018,MA,Eleições estaduais no Maranhão em 2018,https://pt.wikipedia.org/wiki/Elei%C3%A7%C3%B5es_estaduais_no_Maranh%C3%A3o_em_2018,1,8,03/10,RealTime Big Data,,,duas_mencoes_agregadas,Eliziane (PPS),24.0,24%,Para senador | Para governador | Pesquisas | Plano de mídia | Para senador[editar | editar código]
2018,MA,Eleições estaduais no Maranhão em 2018,https://pt.wikipedia.org/wiki/Elei%C3%A7%C3%B5es_estaduais_no_Maranh%C3%A3o_em_2018,1,8,03/10,RealTime Big Data,,,duas_mencoes_agregadas,Lobão (MDB),26.0,26%,Para senador | Para governador | Pesquisas | Plano de mídia | Para senador[editar | editar código]
2018,MA,Eleições estaduais no Maranhão em 2018,https://pt.wikipedia.org/wiki/Elei%C3%A7%C3%B5es_estaduais_no_Maranh%C3%A3o_em_2018,1,8,03/10,RealTime Big Data,,,duas_mencoes_agregadas,Sarney Filho (PV),20.0,20%,Para senador | Para governador | Pesquisas | Plano de mídia | Para senador[editar | editar código]
2018,MA,Eleições estaduais no Maranhão em 2018,https://pt.wikipedia.org/wiki/Elei%C3%A7%C3%B5es_estaduais_no_Maranh%C3%A3o_em_2018,1,8,03/10,RealTime Big Data,,,duas_mencoes_agregadas,Zé Reinaldo (PSDB),14.0,14%,Para senador | Para governador | Pesquisas | Plano de mídia | Para senador[editar | editar código]
2018,MA,Eleições estaduais no Maranhão em 2018,https://pt.wikipedia.org/wiki/Elei%C3%A7%C3%B5es_estaduais_no_Maranh%C3%A3o_em_2018,1,8,03/10,RealTime Big Data,,,duas_mencoes_agregadas,Almeida (PSDB),7.0,7%,Para senador | Para governador | Pesquisas | Plano de mídia | Para senador[editar | editar código]
2018,MA,Eleições estaduais no Maranhão em 2018,https://pt.wikipedia.org/wiki/Elei%C3%A7%C3%B5es_estaduais_no_Maranh%C3%A3o_em_2018,1,8,03/10,RealTime Big Data,,,duas_mencoes_agregadas,Samoel (PSL),3.0,3%,Para senador | Para governador | Pesquisas | Plano de mídia | Para senador[editar | editar código]
2018,MA,Eleições estaduais no Maranhão em 2018,https://pt.wikipedia.org/wiki/Elei%C3%A7%C3%B5es_estaduais_no_Maranh%C3%A3o_em_2018,1,8,03/10,RealTime Big Data,,,duas_mencoes_agregadas,Saulo Pinto (PSOL),2.0,2%,Para senador | Para governador | Pesquisas | Plano de mídia | Para senador[editar | editar código]
2018,MA,Eleições estaduais no Maranhão em 2018,https://pt.wikipedia.org/wiki/Elei%C3%A7%C3%B5es_estaduais_no_Maranh%C3%A3o_em_2018,1,8,03/10,RealTime Big Data,,,duas_mencoes_agregadas,Iêgo (PCB),0.0,0%,Para senador | Para governador | Pesquisas | Plano de mídia | Para senador[editar | editar código]
2018,MA,Eleições estaduais no Maranhão em 2018,https://pt.wikipedia.org/wiki/Elei%C3%A7%C3%B5es_estaduais_no_Maranh%C3%A3o_em_2018,1,8,03/10,RealTime Big Data,,,duas_mencoes_agregadas,Saulo Arcangeli (PSTU),2.0,2%,Para senador | Para governador | Pesquisas | Plano de mídia | Para senador[editar | editar código]
2018,MA,Eleições estaduais no Maranhão em 2018,https://pt.wikipedia.org/wiki/Elei%C3%A7%C3%B5es_estaduais_no_Maranh%C3%A3o_em_2018,1,8,03/10,RealTime Big Data,,,duas_mencoes_agregadas,Preta Lu (PSTU),2.0,2%,Para senador | Para governador | Pesquisas | Plano de mídia | Para senador[editar | editar código]
2018,MA,Eleições estaduais no Maranhão em 2018,https://pt.wikipedia.org/wiki/Elei%C3%A7%C3%B5es_estaduais_no_Maranh%C3%A3o_em_2018,1,8,03/10,RealTime Big Data,,,duas_mencoes_agregadas,B/N V1,21.0,21%,Para senador | Para governador | Pesquisas | Plano de mídia | Para senador[editar | editar código]
2018,MA,Eleições estaduais no Maranhão em 2018,https://pt.wikipedia.org/wiki/Elei%C3%A7%C3%B5es_estaduais_no_Maranh%C3%A3o_em_2018,1,8,03/10,RealTime Big Data,,,duas_mencoes_agregadas,B/N V2,19.0,19%,Para senador | Para governador | Pesquisas | Plano de mídia | Para senador[editar | editar código]
2018,MA,Eleições estaduais no Maranhão em 2018,https://pt.wikipedia.org/wiki/Elei%C3%A7%C3%B5es_estaduais_no_Maranh%C3%A3o_em_2018,1,9,04/10,Data M,,,duas_mencoes_agregadas,Weverton (PDT),36.2,"36,2%",Para senador | Para governador | Pesquisas | Plano de mídia | Para senador[editar | editar código]
2018,MA,Eleições estaduais no Maranhão em 2018,https://pt.wikipedia.org/wiki/Elei%C3%A7%C3%B5es_estaduais_no_Maranh%C3%A3o_em_2018,1,9,04/10,Data M,,,duas_mencoes_agregadas,Eliziane (PPS),34.6,"34,6%",Para senador | Para governador | Pesquisas | Plano de mídia | Para senador[editar | editar código]
2018,MA,Eleições estaduais no Maranhão em 2018,https://pt.wikipedia.org/wiki/Elei%C3%A7%C3%B5es_estaduais_no_Maranh%C3%A3o_em_2018,1,9,04/10,Data M,,,duas_mencoes_agregadas,Lobão (MDB),22.8,"22,8%",Para senador | Para governador | Pesquisas | Plano de mídia | Para senador[editar | editar código]
2018,MA,Eleições estaduais no Maranhão em 2018,https://pt.wikipedia.org/wiki/Elei%C3%A7%C3%B5es_estaduais_no_Maranh%C3%A3o_em_2018,1,9,04/10,Data M,,,duas_mencoes_agregadas,Sarney Filho (PV),20.9,"20,9%",Para senador | Para governador | Pesquisas | Plano de mídia | Para senador[editar | editar código]
2018,MA,Eleições estaduais no Maranhão em 2018,https://pt.wikipedia.org/wiki/Elei%C3%A7%C3%B5es_estaduais_no_Maranh%C3%A3o_em_2018,1,9,04/10,Data M,,,duas_mencoes_agregadas,Zé Reinaldo (PSDB),7.2,"7,2%",Para senador | Para governador | Pesquisas | Plano de mídia | Para senador[editar | editar código]
2018,MA,Eleições estaduais no Maranhão em 2018,https://pt.wikipedia.org/wiki/Elei%C3%A7%C3%B5es_estaduais_no_Maranh%C3%A3o_em_2018,1,9,04/10,Data M,,,duas_mencoes_agregadas,Almeida (PSDB),6.6,"6,6%",Para senador | Para governador | Pesquisas | Plano de mídia | Para senador[editar | editar código]
2018,MA,Eleições estaduais no Maranhão em 2018,https://pt.wikipedia.org/wiki/Elei%C3%A7%C3%B5es_estaduais_no_Maranh%C3%A3o_em_2018,1,9,04/10,Data M,,,duas_mencoes_agregadas,Samoel (PSL),1.5,"1,5%",Para senador | Para governador | Pesquisas | Plano de mídia | Para senador[editar | editar código]
2018,MA,Eleições estaduais no Maranhão em 2018,https://pt.wikipedia.org/wiki/Elei%C3%A7%C3%B5es_estaduais_no_Maranh%C3%A3o_em_2018,1,9,04/10,Data M,,,duas_mencoes_agregadas,Saulo Pinto (PSOL),0.1,"0,1%",Para senador | Para governador | Pesquisas | Plano de mídia | Para senador[editar | editar código]
2018,MA,Eleições estaduais no Maranhão em 2018,https://pt.wikipedia.org/wiki/Elei%C3%A7%C3%B5es_estaduais_no_Maranh%C3%A3o_em_2018,1,9,04/10,Data M,,,duas_mencoes_agregadas,Iêgo (PCB),0.6,"0,6%",Para senador | Para governador | Pesquisas | Plano de mídia | Para senador[editar | editar código]
2018,MA,Eleições estaduais no Maranhão em 2018,https://pt.wikipedia.org/wiki/Elei%C3%A7%C3%B5es_estaduais_no_Maranh%C3%A3o_em_2018,1,9,04/10,Data M,,,duas_mencoes_agregadas,Saulo Arcangeli (PSTU),0.9,"0,9%",Para senador | Para governador | Pesquisas | Plano de mídia | Para senador[editar | editar código]
2018,MA,Eleições estaduais no Maranhão em 2018,https://pt.wikipedia.org/wiki/Elei%C3%A7%C3%B5es_estaduais_no_Maranh%C3%A3o_em_2018,1,9,04/10,Data M,,,duas_mencoes_agregadas,Preta Lu (PSTU),1.7,"1,7%",Para senador | Para governador | Pesquisas | Plano de mídia | Para senador[editar | editar código]
2018,MA,Eleições estaduais no Maranhão em 2018,https://pt.wikipedia.org/wiki/Elei%C3%A7%C3%B5es_estaduais_no_Maranh%C3%A3o_em_2018,1,9,04/10,Data M,,,duas_mencoes_agregadas,B/N V1,28.7,"28,7%",Para senador | Para governador | Pesquisas | Plano de mídia | Para senador[editar | editar código]
2018,MA,Eleições estaduais no Maranhão em 2018,https://pt.wikipedia.org/wiki/Elei%C3%A7%C3%B5es_estaduais_no_Maranh%C3%A3o_em_2018,1,9,04/10,Data M,,,duas_mencoes_agregadas,B/N V2,28.7,"28,7%",Para senador | Para governador | Pesquisas | Plano de mídia | Para senador[editar | editar código]
2018,MA,Eleições estaduais no Maranhão em 2018,https://pt.wikipedia.org/wiki/Elei%C3%A7%C3%B5es_estaduais_no_Maranh%C3%A3o_em_2018,1,10,04/10,IBOPE,,,duas_mencoes_agregadas,Weverton (PDT),35.0,35%,Para senador | Para governador | Pesquisas | Plano de mídia | Para senador[editar | editar código]
2018,MA,Eleições estaduais no Maranhão em 2018,https://pt.wikipedia.org/wiki/Elei%C3%A7%C3%B5es_estaduais_no_Maranh%C3%A3o_em_2018,1,10,04/10,IBOPE,,,duas_mencoes_agregadas,Eliziane (PPS),34.0,34%,Para senador | Para governador | Pesquisas | Plano de mídia | Para senador[editar | editar código]
2018,MA,Eleições estaduais no Maranhão em 2018,https://pt.wikipedia.org/wiki/Elei%C3%A7%C3%B5es_estaduais_no_Maranh%C3%A3o_em_2018,1,10,04/10,IBOPE,,,duas_mencoes_agregadas,Lobão (MDB),23.0,23%,Para senador | Para governador | Pesquisas | Plano de mídia | Para senador[editar | editar código]
2018,MA,Eleições estaduais no Maranhão em 2018,https://pt.wikipedia.org/wiki/Elei%C3%A7%C3%B5es_estaduais_no_Maranh%C3%A3o_em_2018,1,10,04/10,IBOPE,,,duas_mencoes_agregadas,Sarney Filho (PV),25.0,25%,Para senador | Para governador | Pesquisas | Plano de mídia | Para senador[editar | editar código]
2018,MA,Eleições estaduais no Maranhão em 2018,https://pt.wikipedia.org/wiki/Elei%C3%A7%C3%B5es_estaduais_no_Maranh%C3%A3o_em_2018,1,10,04/10,IBOPE,,,duas_mencoes_agregadas,Zé Reinaldo (PSDB),10.0,10%,Para senador | Para governador | Pesquisas | Plano de mídia | Para senador[editar | editar código]
2018,MA,Eleições estaduais no Maranhão em 2018,https://pt.wikipedia.org/wiki/Elei%C3%A7%C3%B5es_estaduais_no_Maranh%C3%A3o_em_2018,1,10,04/10,IBOPE,,,duas_mencoes_agregadas,Almeida (PSDB),5.0,5%,Para senador | Para governador | Pesquisas | Plano de mídia | Para senador[editar | editar código]
2018,MA,Eleições estaduais no Maranhão em 2018,https://pt.wikipedia.org/wiki/Elei%C3%A7%C3%B5es_estaduais_no_Maranh%C3%A3o_em_2018,1,10,04/10,IBOPE,,,duas_mencoes_agregadas,Samoel (PSL),3.0,3%,Para senador | Para governador | Pesquisas | Plano de mídia | Para senador[editar | editar código]
2018,MA,Eleições estaduais no Maranhão em 2018,https://pt.wikipedia.org/wiki/Elei%C3%A7%C3%B5es_estaduais_no_Maranh%C3%A3o_em_2018,1,10,04/10,IBOPE,,,duas_mencoes_agregadas,Saulo Pinto (PSOL),4.0,4%,Para senador | Para governador | Pesquisas | Plano de mídia | Para senador[editar | editar código]
2018,MA,Eleições estaduais no Maranhão em 2018,https://pt.wikipedia.org/wiki/Elei%C3%A7%C3%B5es_estaduais_no_Maranh%C3%A3o_em_2018,1,10,04/10,IBOPE,,,duas_mencoes_agregadas,Iêgo (PCB),1.0,1%,Para senador | Para governador | Pesquisas | Plano de mídia | Para senador[editar | editar código]
2018,MA,Eleições estaduais no Maranhão em 2018,https://pt.wikipedia.org/wiki/Elei%C3%A7%C3%B5es_estaduais_no_Maranh%C3%A3o_em_2018,1,10,04/10,IBOPE,,,duas_mencoes_agregadas,Saulo Arcangeli (PSTU),2.0,2%,Para senador | Para governador | Pesquisas | Plano de mídia | Para senador[editar | editar código]
2018,MA,Eleições estaduais no Maranhão em 2018,https://pt.wikipedia.org/wiki/Elei%C3%A7%C3%B5es_estaduais_no_Maranh%C3%A3o_em_2018,1,10,04/10,IBOPE,,,duas_mencoes_agregadas,Preta Lu (PSTU),2.0,2%,Para senador | Para governador | Pesquisas | Plano de mídia | Para senador[editar | editar código]
2018,MA,Eleições estaduais no Maranhão em 2018,https://pt.wikipedia.org/wiki/Elei%C3%A7%C3%B5es_estaduais_no_Maranh%C3%A3o_em_2018,1,10,04/10,IBOPE,,,duas_mencoes_agregadas,B/N V1,12.0,12%,Para senador | Para governador | Pesquisas | Plano de mídia | Para senador[editar | editar código]
2018,MA,Eleições estaduais no Maranhão em 2018,https://pt.wikipedia.org/wiki/Elei%C3%A7%C3%B5es_estaduais_no_Maranh%C3%A3o_em_2018,1,10,04/10,IBOPE,,,duas_mencoes_agregadas,B/N V2,20.0,20%,Para senador | Para governador | Pesquisas | Plano de mídia | Para senador[editar | editar código]
2018,MA,Eleições estaduais no Maranhão em 2018,https://pt.wikipedia.org/wiki/Elei%C3%A7%C3%B5es_estaduais_no_Maranh%C3%A3o_em_2018,1,11,06/10,Exata,,,duas_mencoes_agregadas,Weverton (PDT),36.0,36%,Para senador | Para governador | Pesquisas | Plano de mídia | Para senador[editar | editar código]
2018,MA,Eleições estaduais no Maranhão em 2018,https://pt.wikipedia.org/wiki/Elei%C3%A7%C3%B5es_estaduais_no_Maranh%C3%A3o_em_2018,1,11,06/10,Exata,,,duas_mencoes_agregadas,Eliziane (PPS),33.0,33%,Para senador | Para governador | Pesquisas | Plano de mídia | Para senador[editar | editar código]
2018,MA,Eleições estaduais no Maranhão em 2018,https://pt.wikipedia.org/wiki/Elei%C3%A7%C3%B5es_estaduais_no_Maranh%C3%A3o_em_2018,1,11,06/10,Exata,,,duas_mencoes_agregadas,Lobão (MDB),24.0,24%,Para senador | Para governador | Pesquisas | Plano de mídia | Para senador[editar | editar código]
2018,MA,Eleições estaduais no Maranhão em 2018,https://pt.wikipedia.org/wiki/Elei%C3%A7%C3%B5es_estaduais_no_Maranh%C3%A3o_em_2018,1,11,06/10,Exata,,,duas_mencoes_agregadas,Sarney Filho (PV),21.0,21%,Para senador | Para governador | Pesquisas | Plano de mídia | Para senador[editar | editar código]
2018,MA,Eleições estaduais no Maranhão em 2018,https://pt.wikipedia.org/wiki/Elei%C3%A7%C3%B5es_estaduais_no_Maranh%C3%A3o_em_2018,1,11,06/10,Exata,,,duas_mencoes_agregadas,Zé Reinaldo (PSDB),14.0,14%,Para senador | Para governador | Pesquisas | Plano de mídia | Para senador[editar | editar código]
2018,MA,Eleições estaduais no Maranhão em 2018,https://pt.wikipedia.org/wiki/Elei%C3%A7%C3%B5es_estaduais_no_Maranh%C3%A3o_em_2018,1,11,06/10,Exata,,,duas_mencoes_agregadas,Almeida (PSDB),10.0,10%,Para senador | Para governador | Pesquisas | Plano de mídia | Para senador[editar | editar código]
2018,MA,Eleições estaduais no Maranhão em 2018,https://pt.wikipedia.org/wiki/Elei%C3%A7%C3%B5es_estaduais_no_Maranh%C3%A3o_em_2018,1,11,06/10,Exata,,,duas_mencoes_agregadas,Samoel (PSL),2.0,2%,Para senador | Para governador | Pesquisas | Plano de mídia | Para senador[editar | editar código]
2018,MA,Eleições estaduais no Maranhão em 2018,https://pt.wikipedia.org/wiki/Elei%C3%A7%C3%B5es_estaduais_no_Maranh%C3%A3o_em_2018,1,11,06/10,Exata,,,duas_mencoes_agregadas,Saulo Pinto (PSOL),1.0,1%,Para senador | Para governador | Pesquisas | Plano de mídia | Para senador[editar | editar código]
2018,MA,Eleições estaduais no Maranhão em 2018,https://pt.wikipedia.org/wiki/Elei%C3%A7%C3%B5es_estaduais_no_Maranh%C3%A3o_em_2018,1,11,06/10,Exata,,,duas_mencoes_agregadas,Iêgo (PCB),0.0,0%,Para senador | Para governador | Pesquisas | Plano de mídia | Para senador[editar | editar código]
2018,MA,Eleições estaduais no Maranhão em 2018,https://pt.wikipedia.org/wiki/Elei%C3%A7%C3%B5es_estaduais_no_Maranh%C3%A3o_em_2018,1,11,06/10,Exata,,,duas_mencoes_agregadas,Saulo Arcangeli (PSTU),1.0,1%,Para senador | Para governador | Pesquisas | Plano de mídia | Para senador[editar | editar código]
2018,MA,Eleições estaduais no Maranhão em 2018,https://pt.wikipedia.org/wiki/Elei%C3%A7%C3%B5es_estaduais_no_Maranh%C3%A3o_em_2018,1,11,06/10,Exata,,,duas_mencoes_agregadas,Preta Lu (PSTU),2.0,2%,Para senador | Para governador | Pesquisas | Plano de mídia | Para senador[editar | editar código]
2018,MA,Eleições estaduais no Maranhão em 2018,https://pt.wikipedia.org/wiki/Elei%C3%A7%C3%B5es_estaduais_no_Maranh%C3%A3o_em_2018,1,11,06/10,Exata,,,duas_mencoes_agregadas,B/N V1,30.0,30%,Para senador | Para governador | Pesquisas | Plano de mídia | Para senador[editar | editar código]
2018,MA,Eleições estaduais no Maranhão em 2018,https://pt.wikipedia.org/wiki/Elei%C3%A7%C3%B5es_estaduais_no_Maranh%C3%A3o_em_2018,1,11,06/10,Exata,,,duas_mencoes_agregadas,B/N V2,30.0,30%,Para senador | Para governador | Pesquisas | Plano de mídia | Para senador[editar | editar código]
2018,MA,Eleições estaduais no Maranhão em 2018,https://pt.wikipedia.org/wiki/Elei%C3%A7%C3%B5es_estaduais_no_Maranh%C3%A3o_em_2018,1,12,06/10,Data Ilha,,,duas_mencoes_agregadas,Weverton (PDT),34.3,"34,3%",Para senador | Para governador | Pesquisas | Plano de mídia | Para senador[editar | editar código]
2018,MA,Eleições estaduais no Maranhão em 2018,https://pt.wikipedia.org/wiki/Elei%C3%A7%C3%B5es_estaduais_no_Maranh%C3%A3o_em_2018,1,12,06/10,Data Ilha,,,duas_mencoes_agregadas,Eliziane (PPS),29.9,"29,9%",Para senador | Para governador | Pesquisas | Plano de mídia | Para senador[editar | editar código]
2018,MA,Eleições estaduais no Maranhão em 2018,https://pt.wikipedia.org/wiki/Elei%C3%A7%C3%B5es_estaduais_no_Maranh%C3%A3o_em_2018,1,12,06/10,Data Ilha,,,duas_mencoes_agregadas,Lobão (MDB),15.3,"15,3%",Para senador | Para governador | Pesquisas | Plano de mídia | Para senador[editar | editar código]
2018,MA,Eleições estaduais no Maranhão em 2018,https://pt.wikipedia.org/wiki/Elei%C3%A7%C3%B5es_estaduais_no_Maranh%C3%A3o_em_2018,1,12,06/10,Data Ilha,,,duas_mencoes_agregadas,Sarney Filho (PV),16.9,"16,9%",Para senador | Para governador | Pesquisas | Plano de mídia | Para senador[editar | editar código]
2018,MA,Eleições estaduais no Maranhão em 2018,https://pt.wikipedia.org/wiki/Elei%C3%A7%C3%B5es_estaduais_no_Maranh%C3%A3o_em_2018,1,12,06/10,Data Ilha,,,duas_mencoes_agregadas,Zé Reinaldo (PSDB),6.0,"6,0%",Para senador | Para governador | Pesquisas | Plano de mídia | Para senador[editar | editar código]
2018,MA,Eleições estaduais no Maranhão em 2018,https://pt.wikipedia.org/wiki/Elei%C3%A7%C3%B5es_estaduais_no_Maranh%C3%A3o_em_2018,1,12,06/10,Data Ilha,,,duas_mencoes_agregadas,Almeida (PSDB),4.9,"4,9%",Para senador | Para governador | Pesquisas | Plano de mídia | Para senador[editar | editar código]
2018,MA,Eleições estaduais no Maranhão em 2018,https://pt.wikipedia.org/wiki/Elei%C3%A7%C3%B5es_estaduais_no_Maranh%C3%A3o_em_2018,1,12,06/10,Data Ilha,,,duas_mencoes_agregadas,Samoel (PSL),1.5,"1,5%",Para senador | Para governador | Pesquisas | Plano de mídia | Para senador[editar | editar código]
2018,MA,Eleições estaduais no Maranhão em 2018,https://pt.wikipedia.org/wiki/Elei%C3%A7%C3%B5es_estaduais_no_Maranh%C3%A3o_em_2018,1,12,06/10,Data Ilha,,,duas_mencoes_agregadas,Saulo Pinto (PSOL),0.4,"0,4%",Para senador | Para governador | Pesquisas | Plano de mídia | Para senador[editar | editar código]
2018,MA,Eleições estaduais no Maranhão em 2018,https://pt.wikipedia.org/wiki/Elei%C3%A7%C3%B5es_estaduais_no_Maranh%C3%A3o_em_2018,1,12,06/10,Data Ilha,,,duas_mencoes_agregadas,Iêgo (PCB),0.2,"0,2%",Para senador | Para governador | Pesquisas | Plano de mídia | Para senador[editar | editar código]
2018,MA,Eleições estaduais no Maranhão em 2018,https://pt.wikipedia.org/wiki/Elei%C3%A7%C3%B5es_estaduais_no_Maranh%C3%A3o_em_2018,1,12,06/10,Data Ilha,,,duas_mencoes_agregadas,Saulo Arcangeli (PSTU),0.6,"0,6%",Para senador | Para governador | Pesquisas | Plano de mídia | Para senador[editar | editar código]
2018,MA,Eleições estaduais no Maranhão em 2018,https://pt.wikipedia.org/wiki/Elei%C3%A7%C3%B5es_estaduais_no_Maranh%C3%A3o_em_2018,1,12,06/10,Data Ilha,,,duas_mencoes_agregadas,Preta Lu (PSTU),0.5,"0,5%",Para senador | Para governador | Pesquisas | Plano de mídia | Para senador[editar | editar código]
2018,MA,Eleições estaduais no Maranhão em 2018,https://pt.wikipedia.org/wiki/Elei%C3%A7%C3%B5es_estaduais_no_Maranh%C3%A3o_em_2018,1,12,06/10,Data Ilha,,,duas_mencoes_agregadas,B/N V1,37.0,37%,Para senador | Para governador | Pesquisas | Plano de mídia | Para senador[editar | editar código]
2018,MA,Eleições estaduais no Maranhão em 2018,https://pt.wikipedia.org/wiki/Elei%C3%A7%C3%B5es_estaduais_no_Maranh%C3%A3o_em_2018,1,12,06/10,Data Ilha,,,duas_mencoes_agregadas,B/N V2,37.0,37%,Para senador | Para governador | Pesquisas | Plano de mídia | Para senador[editar | editar código]
2018,MT,Eleições estaduais em Mato Grosso em 2018,https://pt.wikipedia.org/wiki/Elei%C3%A7%C3%B5es_estaduais_em_Mato_Grosso_em_2018,1,1,17/09 a 19/09/2018,Ibope,±3%,3.0,duas_mencoes_agregadas,Jayme (DEM),32.0,32%,"Senado Federal | Governo do Estado | Pesquisas de intenção de voto | Deputados estaduais | Levando em conta que para o senado o eleitor irá votar duas vezes, as pesquisas possuem um universo de 200% | Senado Federal[editar | editar código]"
2018,MT,Eleições estaduais em Mato Grosso em 2018,https://pt.wikipedia.org/wiki/Elei%C3%A7%C3%B5es_estaduais_em_Mato_Grosso_em_2018,1,1,17/09 a 19/09/2018,Ibope,±3%,3.0,duas_mencoes_agregadas,Leitão (PSDB),16.0,16%,"Senado Federal | Governo do Estado | Pesquisas de intenção de voto | Deputados estaduais | Levando em conta que para o senado o eleitor irá votar duas vezes, as pesquisas possuem um universo de 200% | Senado Federal[editar | editar código]"
2018,MT,Eleições estaduais em Mato Grosso em 2018,https://pt.wikipedia.org/wiki/Elei%C3%A7%C3%B5es_estaduais_em_Mato_Grosso_em_2018,1,1,17/09 a 19/09/2018,Ibope,±3%,3.0,duas_mencoes_agregadas,Mauro (PSOL),14.0,14%,"Senado Federal | Governo do Estado | Pesquisas de intenção de voto | Deputados estaduais | Levando em conta que para o senado o eleitor irá votar duas vezes, as pesquisas possuem um universo de 200% | Senado Federal[editar | editar código]"
2018,MT,Eleições estaduais em Mato Grosso em 2018,https://pt.wikipedia.org/wiki/Elei%C3%A7%C3%B5es_estaduais_em_Mato_Grosso_em_2018,1,1,17/09 a 19/09/2018,Ibope,±3%,3.0,duas_mencoes_agregadas,Fávaro (PSD),13.0,13%,"Senado Federal | Governo do Estado | Pesquisas de intenção de voto | Deputados estaduais | Levando em conta que para o senado o eleitor irá votar duas vezes, as pesquisas possuem um universo de 200% | Senado Federal[editar | editar código]"
2018,MT,Eleições estaduais em Mato Grosso em 2018,https://pt.wikipedia.org/wiki/Elei%C3%A7%C3%B5es_estaduais_em_Mato_Grosso_em_2018,1,1,17/09 a 19/09/2018,Ibope,±3%,3.0,duas_mencoes_agregadas,Arruda (PSL),12.0,12%,"Senado Federal | Governo do Estado | Pesquisas de intenção de voto | Deputados estaduais | Levando em conta que para o senado o eleitor irá votar duas vezes, as pesquisas possuem um universo de 200% | Senado Federal[editar | editar código]"
2018,MT,Eleições estaduais em Mato Grosso em 2018,https://pt.wikipedia.org/wiki/Elei%C3%A7%C3%B5es_estaduais_em_Mato_Grosso_em_2018,1,1,17/09 a 19/09/2018,Ibope,±3%,3.0,duas_mencoes_agregadas,Maria (PCdoB),9.0,9%,"Senado Federal | Governo do Estado | Pesquisas de intenção de voto | Deputados estaduais | Levando em conta que para o senado o eleitor irá votar duas vezes, as pesquisas possuem um universo de 200% | Senado Federal[editar | editar código]"
2018,MT,Eleições estaduais em Mato Grosso em 2018,https://pt.wikipedia.org/wiki/Elei%C3%A7%C3%B5es_estaduais_em_Mato_Grosso_em_2018,1,1,17/09 a 19/09/2018,Ibope,±3%,3.0,duas_mencoes_agregadas,Sachetti (PRB),9.0,9%,"Senado Federal | Governo do Estado | Pesquisas de intenção de voto | Deputados estaduais | Levando em conta que para o senado o eleitor irá votar duas vezes, as pesquisas possuem um universo de 200% | Senado Federal[editar | editar código]"
2018,MT,Eleições estaduais em Mato Grosso em 2018,https://pt.wikipedia.org/wiki/Elei%C3%A7%C3%B5es_estaduais_em_Mato_Grosso_em_2018,1,1,17/09 a 19/09/2018,Ibope,±3%,3.0,duas_mencoes_agregadas,Caldas (NOVO),4.0,4%,"Senado Federal | Governo do Estado | Pesquisas de intenção de voto | Deputados estaduais | Levando em conta que para o senado o eleitor irá votar duas vezes, as pesquisas possuem um universo de 200% | Senado Federal[editar | editar código]"
2018,MT,Eleições estaduais em Mato Grosso em 2018,https://pt.wikipedia.org/wiki/Elei%C3%A7%C3%B5es_estaduais_em_Mato_Grosso_em_2018,1,1,17/09 a 19/09/2018,Ibope,±3%,3.0,duas_mencoes_agregadas,Lopes (PSOL),4.0,4%,"Senado Federal | Governo do Estado | Pesquisas de intenção de voto | Deputados estaduais | Levando em conta que para o senado o eleitor irá votar duas vezes, as pesquisas possuem um universo de 200% | Senado Federal[editar | editar código]"
2018,MT,Eleições estaduais em Mato Grosso em 2018,https://pt.wikipedia.org/wiki/Elei%C3%A7%C3%B5es_estaduais_em_Mato_Grosso_em_2018,1,1,17/09 a 19/09/2018,Ibope,±3%,3.0,duas_mencoes_agregadas,Carlos (REDE),2.0,2%,"Senado Federal | Governo do Estado | Pesquisas de intenção de voto | Deputados estaduais | Levando em conta que para o senado o eleitor irá votar duas vezes, as pesquisas possuem um universo de 200% | Senado Federal[editar | editar código]"
2018,MT,Eleições estaduais em Mato Grosso em 2018,https://pt.wikipedia.org/wiki/Elei%C3%A7%C3%B5es_estaduais_em_Mato_Grosso_em_2018,1,1,17/09 a 19/09/2018,Ibope,±3%,3.0,duas_mencoes_agregadas,Leite (PPL),1.0,1%,"Senado Federal | Governo do Estado | Pesquisas de intenção de voto | Deputados estaduais | Levando em conta que para o senado o eleitor irá votar duas vezes, as pesquisas possuem um universo de 200% | Senado Federal[editar | editar código]"
2018,MS,Eleições estaduais em Mato Grosso do Sul em 2018,https://pt.wikipedia.org/wiki/Elei%C3%A7%C3%B5es_estaduais_em_Mato_Grosso_do_Sul_em_2018,1,2,19 a 21 de dezembro de 2016,Ipems,49,49.0,duas_mencoes_agregadas,MDB,17.76,"17,76% (Moka)","Senado | Governo do Estado | Pré-campanha | Pesquisas de opinião | Nota: como em 2018 os eleitores escolhem dois senadores por estado, a soma dos percentuais atinge 200%, uma vez que os entrevistados podem optar por dois nomes. | Senado[editar | editar código]"
2018,MS,Eleições estaduais em Mato Grosso do Sul em 2018,https://pt.wikipedia.org/wiki/Elei%C3%A7%C3%B5es_estaduais_em_Mato_Grosso_do_Sul_em_2018,1,2,19 a 21 de dezembro de 2016,Ipems,49,49.0,duas_mencoes_agregadas,PSC,12.09,"12,09% (Chaves)","Senado | Governo do Estado | Pré-campanha | Pesquisas de opinião | Nota: como em 2018 os eleitores escolhem dois senadores por estado, a soma dos percentuais atinge 200%, uma vez que os entrevistados podem optar por dois nomes. | Senado[editar | editar código]"
2018,MS,Eleições estaduais em Mato Grosso do Sul em 2018,https://pt.wikipedia.org/wiki/Elei%C3%A7%C3%B5es_estaduais_em_Mato_Grosso_do_Sul_em_2018,1,2,19 a 21 de dezembro de 2016,Ipems,49,49.0,duas_mencoes_agregadas,PT,21.55,"21,55% (Zeca)","Senado | Governo do Estado | Pré-campanha | Pesquisas de opinião | Nota: como em 2018 os eleitores escolhem dois senadores por estado, a soma dos percentuais atinge 200%, uma vez que os entrevistados podem optar por dois nomes. | Senado[editar | editar código]"
2018,MS,Eleições estaduais em Mato Grosso do Sul em 2018,https://pt.wikipedia.org/wiki/Elei%C3%A7%C3%B5es_estaduais_em_Mato_Grosso_do_Sul_em_2018,1,2,19 a 21 de dezembro de 2016,Ipems,49,49.0,duas_mencoes_agregadas,PTB,40.68,"40,68% (Nelsinho)","Senado | Governo do Estado | Pré-campanha | Pesquisas de opinião | Nota: como em 2018 os eleitores escolhem dois senadores por estado, a soma dos percentuais atinge 200%, uma vez que os entrevistados podem optar por dois nomes. | Senado[editar | editar código]"
2018,MS,Eleições estaduais em Mato Grosso do Sul em 2018,https://pt.wikipedia.org/wiki/Elei%C3%A7%C3%B5es_estaduais_em_Mato_Grosso_do_Sul_em_2018,1,4,15 a 17 de março de 2017,Ipems,49,49.0,duas_mencoes_agregadas,MDB,9.44,"9,44% (Moka)","Senado | Governo do Estado | Pré-campanha | Pesquisas de opinião | Nota: como em 2018 os eleitores escolhem dois senadores por estado, a soma dos percentuais atinge 200%, uma vez que os entrevistados podem optar por dois nomes. | Senado[editar | editar código]"
2018,MS,Eleições estaduais em Mato Grosso do Sul em 2018,https://pt.wikipedia.org/wiki/Elei%C3%A7%C3%B5es_estaduais_em_Mato_Grosso_do_Sul_em_2018,1,4,15 a 17 de março de 2017,Ipems,49,49.0,duas_mencoes_agregadas,PSC,7.59,"7,59% (Chaves)","Senado | Governo do Estado | Pré-campanha | Pesquisas de opinião | Nota: como em 2018 os eleitores escolhem dois senadores por estado, a soma dos percentuais atinge 200%, uma vez que os entrevistados podem optar por dois nomes. | Senado[editar | editar código]"
2018,MS,Eleições estaduais em Mato Grosso do Sul em 2018,https://pt.wikipedia.org/wiki/Elei%C3%A7%C3%B5es_estaduais_em_Mato_Grosso_do_Sul_em_2018,1,4,15 a 17 de março de 2017,Ipems,49,49.0,duas_mencoes_agregadas,PT,12.39,"12,39% (Zeca)","Senado | Governo do Estado | Pré-campanha | Pesquisas de opinião | Nota: como em 2018 os eleitores escolhem dois senadores por estado, a soma dos percentuais atinge 200%, uma vez que os entrevistados podem optar por dois nomes. | Senado[editar | editar código]"
2018,MS,Eleições estaduais em Mato Grosso do Sul em 2018,https://pt.wikipedia.org/wiki/Elei%C3%A7%C3%B5es_estaduais_em_Mato_Grosso_do_Sul_em_2018,1,4,15 a 17 de março de 2017,Ipems,49,49.0,duas_mencoes_agregadas,PTB,34.95,"34,95% (Nelsinho)","Senado | Governo do Estado | Pré-campanha | Pesquisas de opinião | Nota: como em 2018 os eleitores escolhem dois senadores por estado, a soma dos percentuais atinge 200%, uma vez que os entrevistados podem optar por dois nomes. | Senado[editar | editar código]"
2018,MS,Eleições estaduais em Mato Grosso do Sul em 2018,https://pt.wikipedia.org/wiki/Elei%C3%A7%C3%B5es_estaduais_em_Mato_Grosso_do_Sul_em_2018,1,5,24 de julho a 3 de agosto de 2017,Ipems,251,251.0,duas_mencoes_agregadas,MDB,22.61,"22,61% (Moka)","Senado | Governo do Estado | Pré-campanha | Pesquisas de opinião | Nota: como em 2018 os eleitores escolhem dois senadores por estado, a soma dos percentuais atinge 200%, uma vez que os entrevistados podem optar por dois nomes. | Senado[editar | editar código]"
2018,MS,Eleições estaduais em Mato Grosso do Sul em 2018,https://pt.wikipedia.org/wiki/Elei%C3%A7%C3%B5es_estaduais_em_Mato_Grosso_do_Sul_em_2018,1,5,24 de julho a 3 de agosto de 2017,Ipems,251,251.0,duas_mencoes_agregadas,PSC,2.3,"2,3% (Chaves)","Senado | Governo do Estado | Pré-campanha | Pesquisas de opinião | Nota: como em 2018 os eleitores escolhem dois senadores por estado, a soma dos percentuais atinge 200%, uma vez que os entrevistados podem optar por dois nomes. | Senado[editar | editar código]"
2018,MS,Eleições estaduais em Mato Grosso do Sul em 2018,https://pt.wikipedia.org/wiki/Elei%C3%A7%C3%B5es_estaduais_em_Mato_Grosso_do_Sul_em_2018,1,5,24 de julho a 3 de agosto de 2017,Ipems,251,251.0,duas_mencoes_agregadas,PT,30.53,"30,53% (Zeca)","Senado | Governo do Estado | Pré-campanha | Pesquisas de opinião | Nota: como em 2018 os eleitores escolhem dois senadores por estado, a soma dos percentuais atinge 200%, uma vez que os entrevistados podem optar por dois nomes. | Senado[editar | editar código]"
2018,MS,Eleições estaduais em Mato Grosso do Sul em 2018,https://pt.wikipedia.org/wiki/Elei%C3%A7%C3%B5es_estaduais_em_Mato_Grosso_do_Sul_em_2018,1,5,24 de julho a 3 de agosto de 2017,Ipems,251,251.0,duas_mencoes_agregadas,PTB,42.99,"42,99% (Nelsinho)","Senado | Governo do Estado | Pré-campanha | Pesquisas de opinião | Nota: como em 2018 os eleitores escolhem dois senadores por estado, a soma dos percentuais atinge 200%, uma vez que os entrevistados podem optar por dois nomes. | Senado[editar | editar código]"
2018,MS,Eleições estaduais em Mato Grosso do Sul em 2018,https://pt.wikipedia.org/wiki/Elei%C3%A7%C3%B5es_estaduais_em_Mato_Grosso_do_Sul_em_2018,1,7,9 a 16 de outubro de 2017,Ranking,25,25.0,duas_mencoes_agregadas,MDB,6.13,"6,13% (Moka)","Senado | Governo do Estado | Pré-campanha | Pesquisas de opinião | Nota: como em 2018 os eleitores escolhem dois senadores por estado, a soma dos percentuais atinge 200%, uma vez que os entrevistados podem optar por dois nomes. | Senado[editar | editar código]"
2018,MS,Eleições estaduais em Mato Grosso do Sul em 2018,https://pt.wikipedia.org/wiki/Elei%C3%A7%C3%B5es_estaduais_em_Mato_Grosso_do_Sul_em_2018,1,7,9 a 16 de outubro de 2017,Ranking,25,25.0,duas_mencoes_agregadas,PSC,4.76,"4,76% (Chaves)","Senado | Governo do Estado | Pré-campanha | Pesquisas de opinião | Nota: como em 2018 os eleitores escolhem dois senadores por estado, a soma dos percentuais atinge 200%, uma vez que os entrevistados podem optar por dois nomes. | Senado[editar | editar código]"
2018,MS,Eleições estaduais em Mato Grosso do Sul em 2018,https://pt.wikipedia.org/wiki/Elei%C3%A7%C3%B5es_estaduais_em_Mato_Grosso_do_Sul_em_2018,1,7,9 a 16 de outubro de 2017,Ranking,25,25.0,duas_mencoes_agregadas,PT,8.46,"8,46% (Zeca)","Senado | Governo do Estado | Pré-campanha | Pesquisas de opinião | Nota: como em 2018 os eleitores escolhem dois senadores por estado, a soma dos percentuais atinge 200%, uma vez que os entrevistados podem optar por dois nomes. | Senado[editar | editar código]"
2018,MS,Eleições estaduais em Mato Grosso do Sul em 2018,https://pt.wikipedia.org/wiki/Elei%C3%A7%C3%B5es_estaduais_em_Mato_Grosso_do_Sul_em_2018,1,7,9 a 16 de outubro de 2017,Ranking,25,25.0,duas_mencoes_agregadas,PTB,15.2,"15,2% (Nelsinho)","Senado | Governo do Estado | Pré-campanha | Pesquisas de opinião | Nota: como em 2018 os eleitores escolhem dois senadores por estado, a soma dos percentuais atinge 200%, uma vez que os entrevistados podem optar por dois nomes. | Senado[editar | editar código]"
2018,MS,Eleições estaduais em Mato Grosso do Sul em 2018,https://pt.wikipedia.org/wiki/Elei%C3%A7%C3%B5es_estaduais_em_Mato_Grosso_do_Sul_em_2018,1,8,18 a 25 de outubro de 2017,Ipems,269,269.0,duas_mencoes_agregadas,MDB,19.25,"19,25% (Moka)","Senado | Governo do Estado | Pré-campanha | Pesquisas de opinião | Nota: como em 2018 os eleitores escolhem dois senadores por estado, a soma dos percentuais atinge 200%, uma vez que os entrevistados podem optar por dois nomes. | Senado[editar | editar código]"
2018,MS,Eleições estaduais em Mato Grosso do Sul em 2018,https://pt.wikipedia.org/wiki/Elei%C3%A7%C3%B5es_estaduais_em_Mato_Grosso_do_Sul_em_2018,1,8,18 a 25 de outubro de 2017,Ipems,269,269.0,duas_mencoes_agregadas,PSC,3.31,"3,31% (Chaves)","Senado | Governo do Estado | Pré-campanha | Pesquisas de opinião | Nota: como em 2018 os eleitores escolhem dois senadores por estado, a soma dos percentuais atinge 200%, uma vez que os entrevistados podem optar por dois nomes. | Senado[editar | editar código]"
2018,MS,Eleições estaduais em Mato Grosso do Sul em 2018,https://pt.wikipedia.org/wiki/Elei%C3%A7%C3%B5es_estaduais_em_Mato_Grosso_do_Sul_em_2018,1,8,18 a 25 de outubro de 2017,Ipems,269,269.0,duas_mencoes_agregadas,PT,21.7,"21,7% (Zeca)","Senado | Governo do Estado | Pré-campanha | Pesquisas de opinião | Nota: como em 2018 os eleitores escolhem dois senadores por estado, a soma dos percentuais atinge 200%, uma vez que os entrevistados podem optar por dois nomes. | Senado[editar | editar código]"
2018,MS,Eleições estaduais em Mato Grosso do Sul em 2018,https://pt.wikipedia.org/wiki/Elei%C3%A7%C3%B5es_estaduais_em_Mato_Grosso_do_Sul_em_2018,1,8,18 a 25 de outubro de 2017,Ipems,269,269.0,duas_mencoes_agregadas,PTB,30.7,"30,7% (Nelsinho)","Senado | Governo do Estado | Pré-campanha | Pesquisas de opinião | Nota: como em 2018 os eleitores escolhem dois senadores por estado, a soma dos percentuais atinge 200%, uma vez que os entrevistados podem optar por dois nomes. | Senado[editar | editar código]"
2018,MS,Eleições estaduais em Mato Grosso do Sul em 2018,https://pt.wikipedia.org/wiki/Elei%C3%A7%C3%B5es_estaduais_em_Mato_Grosso_do_Sul_em_2018,1,9,9 a 17 de dezembro de 2017,Ipems,—,,duas_mencoes_agregadas,MDB,25.53,"25,53% (Moka)","Senado | Governo do Estado | Pré-campanha | Pesquisas de opinião | Nota: como em 2018 os eleitores escolhem dois senadores por estado, a soma dos percentuais atinge 200%, uma vez que os entrevistados podem optar por dois nomes. | Senado[editar | editar código]"
2018,MS,Eleições estaduais em Mato Grosso do Sul em 2018,https://pt.wikipedia.org/wiki/Elei%C3%A7%C3%B5es_estaduais_em_Mato_Grosso_do_Sul_em_2018,1,9,9 a 17 de dezembro de 2017,Ipems,—,,duas_mencoes_agregadas,PSC,3.1,"3,1% (Chaves)","Senado | Governo do Estado | Pré-campanha | Pesquisas de opinião | Nota: como em 2018 os eleitores escolhem dois senadores por estado, a soma dos percentuais atinge 200%, uma vez que os entrevistados podem optar por dois nomes. | Senado[editar | editar código]"
2018,MS,Eleições estaduais em Mato Grosso do Sul em 2018,https://pt.wikipedia.org/wiki/Elei%C3%A7%C3%B5es_estaduais_em_Mato_Grosso_do_Sul_em_2018,1,9,9 a 17 de dezembro de 2017,Ipems,—,,duas_mencoes_agregadas,PSDB,0.92,"0,92% (Miglioli)","Senado | Governo do Estado | Pré-campanha | Pesquisas de opinião | Nota: como em 2018 os eleitores escolhem dois senadores por estado, a soma dos percentuais atinge 200%, uma vez que os entrevistados podem optar por dois nomes. | Senado[editar | editar código]"
2018,MS,Eleições estaduais em Mato Grosso do Sul em 2018,https://pt.wikipedia.org/wiki/Elei%C3%A7%C3%B5es_estaduais_em_Mato_Grosso_do_Sul_em_2018,1,9,9 a 17 de dezembro de 2017,Ipems,—,,duas_mencoes_agregadas,PT,31.2,"31,2% (Zeca)","Senado | Governo do Estado | Pré-campanha | Pesquisas de opinião | Nota: como em 2018 os eleitores escolhem dois senadores por estado, a soma dos percentuais atinge 200%, uma vez que os entrevistados podem optar por dois nomes. | Senado[editar | editar código]"
2018,MS,Eleições estaduais em Mato Grosso do Sul em 2018,https://pt.wikipedia.org/wiki/Elei%C3%A7%C3%B5es_estaduais_em_Mato_Grosso_do_Sul_em_2018,1,9,9 a 17 de dezembro de 2017,Ipems,—,,duas_mencoes_agregadas,PTB,39.75,"39,75% (Nelsinho)","Senado | Governo do Estado | Pré-campanha | Pesquisas de opinião | Nota: como em 2018 os eleitores escolhem dois senadores por estado, a soma dos percentuais atinge 200%, uma vez que os entrevistados podem optar por dois nomes. | Senado[editar | editar código]"
2018,MS,Eleições estaduais em Mato Grosso do Sul em 2018,https://pt.wikipedia.org/wiki/Elei%C3%A7%C3%B5es_estaduais_em_Mato_Grosso_do_Sul_em_2018,1,10,1º a 5 de fevereiro de 2018,Ranking,283,283.0,duas_mencoes_agregadas,MDB,10.25,"10,25% (Moka)","Senado | Governo do Estado | Pré-campanha | Pesquisas de opinião | Nota: como em 2018 os eleitores escolhem dois senadores por estado, a soma dos percentuais atinge 200%, uma vez que os entrevistados podem optar por dois nomes. | Senado[editar | editar código]"
2018,MS,Eleições estaduais em Mato Grosso do Sul em 2018,https://pt.wikipedia.org/wiki/Elei%C3%A7%C3%B5es_estaduais_em_Mato_Grosso_do_Sul_em_2018,1,10,1º a 5 de fevereiro de 2018,Ranking,283,283.0,duas_mencoes_agregadas,PODE,3.16,"3,16% (Maia)","Senado | Governo do Estado | Pré-campanha | Pesquisas de opinião | Nota: como em 2018 os eleitores escolhem dois senadores por estado, a soma dos percentuais atinge 200%, uma vez que os entrevistados podem optar por dois nomes. | Senado[editar | editar código]"
2018,MS,Eleições estaduais em Mato Grosso do Sul em 2018,https://pt.wikipedia.org/wiki/Elei%C3%A7%C3%B5es_estaduais_em_Mato_Grosso_do_Sul_em_2018,1,10,1º a 5 de fevereiro de 2018,Ranking,283,283.0,duas_mencoes_agregadas,PSC,14.75,"14,75% (Chaves)","Senado | Governo do Estado | Pré-campanha | Pesquisas de opinião | Nota: como em 2018 os eleitores escolhem dois senadores por estado, a soma dos percentuais atinge 200%, uma vez que os entrevistados podem optar por dois nomes. | Senado[editar | editar código]"
2018,MS,Eleições estaduais em Mato Grosso do Sul em 2018,https://pt.wikipedia.org/wiki/Elei%C3%A7%C3%B5es_estaduais_em_Mato_Grosso_do_Sul_em_2018,1,10,1º a 5 de fevereiro de 2018,Ranking,283,283.0,duas_mencoes_agregadas,PT,18.25,"18,25% (Zeca)","Senado | Governo do Estado | Pré-campanha | Pesquisas de opinião | Nota: como em 2018 os eleitores escolhem dois senadores por estado, a soma dos percentuais atinge 200%, uma vez que os entrevistados podem optar por dois nomes. | Senado[editar | editar código]"
2018,MS,Eleições estaduais em Mato Grosso do Sul em 2018,https://pt.wikipedia.org/wiki/Elei%C3%A7%C3%B5es_estaduais_em_Mato_Grosso_do_Sul_em_2018,1,10,1º a 5 de fevereiro de 2018,Ranking,283,283.0,duas_mencoes_agregadas,PTB,31.16,"31,16% (Nelsinho)","Senado | Governo do Estado | Pré-campanha | Pesquisas de opinião | Nota: como em 2018 os eleitores escolhem dois senadores por estado, a soma dos percentuais atinge 200%, uma vez que os entrevistados podem optar por dois nomes. | Senado[editar | editar código]"
2018,MS,Eleições estaduais em Mato Grosso do Sul em 2018,https://pt.wikipedia.org/wiki/Elei%C3%A7%C3%B5es_estaduais_em_Mato_Grosso_do_Sul_em_2018,1,11,11 a 15 de março de 2018,Ranking,283,283.0,duas_mencoes_agregadas,MDB,4.41,"4,41% (Moka)","Senado | Governo do Estado | Pré-campanha | Pesquisas de opinião | Nota: como em 2018 os eleitores escolhem dois senadores por estado, a soma dos percentuais atinge 200%, uma vez que os entrevistados podem optar por dois nomes. | Senado[editar | editar código]"
2018,MS,Eleições estaduais em Mato Grosso do Sul em 2018,https://pt.wikipedia.org/wiki/Elei%C3%A7%C3%B5es_estaduais_em_Mato_Grosso_do_Sul_em_2018,1,11,11 a 15 de março de 2018,Ranking,283,283.0,duas_mencoes_agregadas,PODE,3.91,"3,91% (Maia)","Senado | Governo do Estado | Pré-campanha | Pesquisas de opinião | Nota: como em 2018 os eleitores escolhem dois senadores por estado, a soma dos percentuais atinge 200%, uma vez que os entrevistados podem optar por dois nomes. | Senado[editar | editar código]"
2018,MS,Eleições estaduais em Mato Grosso do Sul em 2018,https://pt.wikipedia.org/wiki/Elei%C3%A7%C3%B5es_estaduais_em_Mato_Grosso_do_Sul_em_2018,1,11,11 a 15 de março de 2018,Ranking,283,283.0,duas_mencoes_agregadas,PSC,8.66,"8,66% (Chaves)","Senado | Governo do Estado | Pré-campanha | Pesquisas de opinião | Nota: como em 2018 os eleitores escolhem dois senadores por estado, a soma dos percentuais atinge 200%, uma vez que os entrevistados podem optar por dois nomes. | Senado[editar | editar código]"
2018,MS,Eleições estaduais em Mato Grosso do Sul em 2018,https://pt.wikipedia.org/wiki/Elei%C3%A7%C3%B5es_estaduais_em_Mato_Grosso_do_Sul_em_2018,1,11,11 a 15 de março de 2018,Ranking,283,283.0,duas_mencoes_agregadas,PSDB,2.66,"2,66% (Miglioli)","Senado | Governo do Estado | Pré-campanha | Pesquisas de opinião | Nota: como em 2018 os eleitores escolhem dois senadores por estado, a soma dos percentuais atinge 200%, uma vez que os entrevistados podem optar por dois nomes. | Senado[editar | editar código]"
2018,MS,Eleições estaduais em Mato Grosso do Sul em 2018,https://pt.wikipedia.org/wiki/Elei%C3%A7%C3%B5es_estaduais_em_Mato_Grosso_do_Sul_em_2018,1,11,11 a 15 de março de 2018,Ranking,283,283.0,duas_mencoes_agregadas,PT,14.33,"14,33% (Zeca)","Senado | Governo do Estado | Pré-campanha | Pesquisas de opinião | Nota: como em 2018 os eleitores escolhem dois senadores por estado, a soma dos percentuais atinge 200%, uma vez que os entrevistados podem optar por dois nomes. | Senado[editar | editar código]"
2018,MS,Eleições estaduais em Mato Grosso do Sul em 2018,https://pt.wikipedia.org/wiki/Elei%C3%A7%C3%B5es_estaduais_em_Mato_Grosso_do_Sul_em_2018,1,11,11 a 15 de março de 2018,Ranking,283,283.0,duas_mencoes_agregadas,PTB,27.17,"27,17% (Nelsinho)","Senado | Governo do Estado | Pré-campanha | Pesquisas de opinião | Nota: como em 2018 os eleitores escolhem dois senadores por estado, a soma dos percentuais atinge 200%, uma vez que os entrevistados podem optar por dois nomes. | Senado[editar | editar código]"
2018,MS,Eleições estaduais em Mato Grosso do Sul em 2018,https://pt.wikipedia.org/wiki/Elei%C3%A7%C3%B5es_estaduais_em_Mato_Grosso_do_Sul_em_2018,1,12,11 a 15 de março de 2018,Ranking,283,283.0,duas_mencoes_agregadas,MDB,5.33,"5,33% (Moka)","Senado | Governo do Estado | Pré-campanha | Pesquisas de opinião | Nota: como em 2018 os eleitores escolhem dois senadores por estado, a soma dos percentuais atinge 200%, uma vez que os entrevistados podem optar por dois nomes. | Senado[editar | editar código]"
2018,MS,Eleições estaduais em Mato Grosso do Sul em 2018,https://pt.wikipedia.org/wiki/Elei%C3%A7%C3%B5es_estaduais_em_Mato_Grosso_do_Sul_em_2018,1,12,11 a 15 de março de 2018,Ranking,283,283.0,duas_mencoes_agregadas,PODE,4.0,4% (Maia),"Senado | Governo do Estado | Pré-campanha | Pesquisas de opinião | Nota: como em 2018 os eleitores escolhem dois senadores por estado, a soma dos percentuais atinge 200%, uma vez que os entrevistados podem optar por dois nomes. | Senado[editar | editar código]"
2018,MS,Eleições estaduais em Mato Grosso do Sul em 2018,https://pt.wikipedia.org/wiki/Elei%C3%A7%C3%B5es_estaduais_em_Mato_Grosso_do_Sul_em_2018,1,12,11 a 15 de março de 2018,Ranking,283,283.0,duas_mencoes_agregadas,PSC,5.83,"5,83% (Chaves)","Senado | Governo do Estado | Pré-campanha | Pesquisas de opinião | Nota: como em 2018 os eleitores escolhem dois senadores por estado, a soma dos percentuais atinge 200%, uma vez que os entrevistados podem optar por dois nomes. | Senado[editar | editar código]"
2018,MS,Eleições estaduais em Mato Grosso do Sul em 2018,https://pt.wikipedia.org/wiki/Elei%C3%A7%C3%B5es_estaduais_em_Mato_Grosso_do_Sul_em_2018,1,12,11 a 15 de março de 2018,Ranking,283,283.0,duas_mencoes_agregadas,PSDB,2.41,"2,41% (Miglioli)","Senado | Governo do Estado | Pré-campanha | Pesquisas de opinião | Nota: como em 2018 os eleitores escolhem dois senadores por estado, a soma dos percentuais atinge 200%, uma vez que os entrevistados podem optar por dois nomes. | Senado[editar | editar código]"
2018,MS,Eleições estaduais em Mato Grosso do Sul em 2018,https://pt.wikipedia.org/wiki/Elei%C3%A7%C3%B5es_estaduais_em_Mato_Grosso_do_Sul_em_2018,1,12,11 a 15 de março de 2018,Ranking,283,283.0,duas_mencoes_agregadas,PT,6.25,"6,25% (Zeca)","Senado | Governo do Estado | Pré-campanha | Pesquisas de opinião | Nota: como em 2018 os eleitores escolhem dois senadores por estado, a soma dos percentuais atinge 200%, uma vez que os entrevistados podem optar por dois nomes. | Senado[editar | editar código]"
2018,MS,Eleições estaduais em Mato Grosso do Sul em 2018,https://pt.wikipedia.org/wiki/Elei%C3%A7%C3%B5es_estaduais_em_Mato_Grosso_do_Sul_em_2018,1,12,11 a 15 de março de 2018,Ranking,283,283.0,duas_mencoes_agregadas,PTB,4.16,"4,16% (Nelsinho)","Senado | Governo do Estado | Pré-campanha | Pesquisas de opinião | Nota: como em 2018 os eleitores escolhem dois senadores por estado, a soma dos percentuais atinge 200%, uma vez que os entrevistados podem optar por dois nomes. | Senado[editar | editar código]"
2018,MS,Eleições estaduais em Mato Grosso do Sul em 2018,https://pt.wikipedia.org/wiki/Elei%C3%A7%C3%B5es_estaduais_em_Mato_Grosso_do_Sul_em_2018,1,13,17 a 21 de março de 2018,Vox Populi,44,44.0,duas_mencoes_agregadas,MDB,4.0,4% (Moka),"Senado | Governo do Estado | Pré-campanha | Pesquisas de opinião | Nota: como em 2018 os eleitores escolhem dois senadores por estado, a soma dos percentuais atinge 200%, uma vez que os entrevistados podem optar por dois nomes. | Senado[editar | editar código]"
2018,MS,Eleições estaduais em Mato Grosso do Sul em 2018,https://pt.wikipedia.org/wiki/Elei%C3%A7%C3%B5es_estaduais_em_Mato_Grosso_do_Sul_em_2018,1,13,17 a 21 de março de 2018,Vox Populi,44,44.0,duas_mencoes_agregadas,PODE,2.0,2% (Maia),"Senado | Governo do Estado | Pré-campanha | Pesquisas de opinião | Nota: como em 2018 os eleitores escolhem dois senadores por estado, a soma dos percentuais atinge 200%, uma vez que os entrevistados podem optar por dois nomes. | Senado[editar | editar código]"
2018,MS,Eleições estaduais em Mato Grosso do Sul em 2018,https://pt.wikipedia.org/wiki/Elei%C3%A7%C3%B5es_estaduais_em_Mato_Grosso_do_Sul_em_2018,1,13,17 a 21 de março de 2018,Vox Populi,44,44.0,duas_mencoes_agregadas,PRB,5.0,5% (Chaves),"Senado | Governo do Estado | Pré-campanha | Pesquisas de opinião | Nota: como em 2018 os eleitores escolhem dois senadores por estado, a soma dos percentuais atinge 200%, uma vez que os entrevistados podem optar por dois nomes. | Senado[editar | editar código]"
2018,MS,Eleições estaduais em Mato Grosso do Sul em 2018,https://pt.wikipedia.org/wiki/Elei%C3%A7%C3%B5es_estaduais_em_Mato_Grosso_do_Sul_em_2018,1,13,17 a 21 de março de 2018,Vox Populi,44,44.0,duas_mencoes_agregadas,PT,15.0,15% (Zeca),"Senado | Governo do Estado | Pré-campanha | Pesquisas de opinião | Nota: como em 2018 os eleitores escolhem dois senadores por estado, a soma dos percentuais atinge 200%, uma vez que os entrevistados podem optar por dois nomes. | Senado[editar | editar código]"
2018,MS,Eleições estaduais em Mato Grosso do Sul em 2018,https://pt.wikipedia.org/wiki/Elei%C3%A7%C3%B5es_estaduais_em_Mato_Grosso_do_Sul_em_2018,1,13,17 a 21 de março de 2018,Vox Populi,44,44.0,duas_mencoes_agregadas,PTB,27.0,27% (Nelsinho),"Senado | Governo do Estado | Pré-campanha | Pesquisas de opinião | Nota: como em 2018 os eleitores escolhem dois senadores por estado, a soma dos percentuais atinge 200%, uma vez que os entrevistados podem optar por dois nomes. | Senado[editar | editar código]"
2018,MS,Eleições estaduais em Mato Grosso do Sul em 2018,https://pt.wikipedia.org/wiki/Elei%C3%A7%C3%B5es_estaduais_em_Mato_Grosso_do_Sul_em_2018,1,14,17 a 21 de março de 2018,Vox Populi,44,44.0,duas_mencoes_agregadas,MDB,5.0,5% (Moka),"Senado | Governo do Estado | Pré-campanha | Pesquisas de opinião | Nota: como em 2018 os eleitores escolhem dois senadores por estado, a soma dos percentuais atinge 200%, uma vez que os entrevistados podem optar por dois nomes. | Senado[editar | editar código]"
2018,MS,Eleições estaduais em Mato Grosso do Sul em 2018,https://pt.wikipedia.org/wiki/Elei%C3%A7%C3%B5es_estaduais_em_Mato_Grosso_do_Sul_em_2018,1,14,17 a 21 de março de 2018,Vox Populi,44,44.0,duas_mencoes_agregadas,PODE,3.0,3% (Maia),"Senado | Governo do Estado | Pré-campanha | Pesquisas de opinião | Nota: como em 2018 os eleitores escolhem dois senadores por estado, a soma dos percentuais atinge 200%, uma vez que os entrevistados podem optar por dois nomes. | Senado[editar | editar código]"
2018,MS,Eleições estaduais em Mato Grosso do Sul em 2018,https://pt.wikipedia.org/wiki/Elei%C3%A7%C3%B5es_estaduais_em_Mato_Grosso_do_Sul_em_2018,1,14,17 a 21 de março de 2018,Vox Populi,44,44.0,duas_mencoes_agregadas,PRB,5.0,5% (Chaves),"Senado | Governo do Estado | Pré-campanha | Pesquisas de opinião | Nota: como em 2018 os eleitores escolhem dois senadores por estado, a soma dos percentuais atinge 200%, uma vez que os entrevistados podem optar por dois nomes. | Senado[editar | editar código]"
2018,MS,Eleições estaduais em Mato Grosso do Sul em 2018,https://pt.wikipedia.org/wiki/Elei%C3%A7%C3%B5es_estaduais_em_Mato_Grosso_do_Sul_em_2018,1,14,17 a 21 de março de 2018,Vox Populi,44,44.0,duas_mencoes_agregadas,PT,7.0,7% (Zeca),"Senado | Governo do Estado | Pré-campanha | Pesquisas de opinião | Nota: como em 2018 os eleitores escolhem dois senadores por estado, a soma dos percentuais atinge 200%, uma vez que os entrevistados podem optar por dois nomes. | Senado[editar | editar código]"
2018,MS,Eleições estaduais em Mato Grosso do Sul em 2018,https://pt.wikipedia.org/wiki/Elei%C3%A7%C3%B5es_estaduais_em_Mato_Grosso_do_Sul_em_2018,1,14,17 a 21 de março de 2018,Vox Populi,44,44.0,duas_mencoes_agregadas,PTB,10.0,10% (Nelsinho),"Senado | Governo do Estado | Pré-campanha | Pesquisas de opinião | Nota: como em 2018 os eleitores escolhem dois senadores por estado, a soma dos percentuais atinge 200%, uma vez que os entrevistados podem optar por dois nomes. | Senado[editar | editar código]"
2018,MS,Eleições estaduais em Mato Grosso do Sul em 2018,https://pt.wikipedia.org/wiki/Elei%C3%A7%C3%B5es_estaduais_em_Mato_Grosso_do_Sul_em_2018,1,15,17 a 21 de março de 2018,Vox Populi,44,44.0,duas_mencoes_agregadas,MDB,5.0,5% (Moka),"Senado | Governo do Estado | Pré-campanha | Pesquisas de opinião | Nota: como em 2018 os eleitores escolhem dois senadores por estado, a soma dos percentuais atinge 200%, uma vez que os entrevistados podem optar por dois nomes. | Senado[editar | editar código]"
2018,MS,Eleições estaduais em Mato Grosso do Sul em 2018,https://pt.wikipedia.org/wiki/Elei%C3%A7%C3%B5es_estaduais_em_Mato_Grosso_do_Sul_em_2018,1,15,17 a 21 de março de 2018,Vox Populi,44,44.0,duas_mencoes_agregadas,PODE,3.0,3% (Maia),"Senado | Governo do Estado | Pré-campanha | Pesquisas de opinião | Nota: como em 2018 os eleitores escolhem dois senadores por estado, a soma dos percentuais atinge 200%, uma vez que os entrevistados podem optar por dois nomes. | Senado[editar | editar código]"
2018,MS,Eleições estaduais em Mato Grosso do Sul em 2018,https://pt.wikipedia.org/wiki/Elei%C3%A7%C3%B5es_estaduais_em_Mato_Grosso_do_Sul_em_2018,1,15,17 a 21 de março de 2018,Vox Populi,44,44.0,duas_mencoes_agregadas,PRB,5.0,5% (Chaves),"Senado | Governo do Estado | Pré-campanha | Pesquisas de opinião | Nota: como em 2018 os eleitores escolhem dois senadores por estado, a soma dos percentuais atinge 200%, uma vez que os entrevistados podem optar por dois nomes. | Senado[editar | editar código]"
2018,MS,Eleições estaduais em Mato Grosso do Sul em 2018,https://pt.wikipedia.org/wiki/Elei%C3%A7%C3%B5es_estaduais_em_Mato_Grosso_do_Sul_em_2018,1,15,17 a 21 de março de 2018,Vox Populi,44,44.0,duas_mencoes_agregadas,PSDB,1.0,1% (Miglioli),"Senado | Governo do Estado | Pré-campanha | Pesquisas de opinião | Nota: como em 2018 os eleitores escolhem dois senadores por estado, a soma dos percentuais atinge 200%, uma vez que os entrevistados podem optar por dois nomes. | Senado[editar | editar código]"
2018,MS,Eleições estaduais em Mato Grosso do Sul em 2018,https://pt.wikipedia.org/wiki/Elei%C3%A7%C3%B5es_estaduais_em_Mato_Grosso_do_Sul_em_2018,1,15,17 a 21 de março de 2018,Vox Populi,44,44.0,duas_mencoes_agregadas,PT,15.0,15% (Zeca),"Senado | Governo do Estado | Pré-campanha | Pesquisas de opinião | Nota: como em 2018 os eleitores escolhem dois senadores por estado, a soma dos percentuais atinge 200%, uma vez que os entrevistados podem optar por dois nomes. | Senado[editar | editar código]"
2018,MS,Eleições estaduais em Mato Grosso do Sul em 2018,https://pt.wikipedia.org/wiki/Elei%C3%A7%C3%B5es_estaduais_em_Mato_Grosso_do_Sul_em_2018,1,15,17 a 21 de março de 2018,Vox Populi,44,44.0,duas_mencoes_agregadas,PTB,25.0,25% (Nelsinho),"Senado | Governo do Estado | Pré-campanha | Pesquisas de opinião | Nota: como em 2018 os eleitores escolhem dois senadores por estado, a soma dos percentuais atinge 200%, uma vez que os entrevistados podem optar por dois nomes. | Senado[editar | editar código]"
2018,MS,Eleições estaduais em Mato Grosso do Sul em 2018,https://pt.wikipedia.org/wiki/Elei%C3%A7%C3%B5es_estaduais_em_Mato_Grosso_do_Sul_em_2018,1,16,17 a 21 de março de 2018,Vox Populi,44,44.0,duas_mencoes_agregadas,MDB,4.0,4% (Moka),"Senado | Governo do Estado | Pré-campanha | Pesquisas de opinião | Nota: como em 2018 os eleitores escolhem dois senadores por estado, a soma dos percentuais atinge 200%, uma vez que os entrevistados podem optar por dois nomes. | Senado[editar | editar código]"
2018,MS,Eleições estaduais em Mato Grosso do Sul em 2018,https://pt.wikipedia.org/wiki/Elei%C3%A7%C3%B5es_estaduais_em_Mato_Grosso_do_Sul_em_2018,1,16,17 a 21 de março de 2018,Vox Populi,44,44.0,duas_mencoes_agregadas,PODE,3.0,3% (Maia),"Senado | Governo do Estado | Pré-campanha | Pesquisas de opinião | Nota: como em 2018 os eleitores escolhem dois senadores por estado, a soma dos percentuais atinge 200%, uma vez que os entrevistados podem optar por dois nomes. | Senado[editar | editar código]"
2018,MS,Eleições estaduais em Mato Grosso do Sul em 2018,https://pt.wikipedia.org/wiki/Elei%C3%A7%C3%B5es_estaduais_em_Mato_Grosso_do_Sul_em_2018,1,16,17 a 21 de março de 2018,Vox Populi,44,44.0,duas_mencoes_agregadas,PRB,6.0,6% (Chaves),"Senado | Governo do Estado | Pré-campanha | Pesquisas de opinião | Nota: como em 2018 os eleitores escolhem dois senadores por estado, a soma dos percentuais atinge 200%, uma vez que os entrevistados podem optar por dois nomes. | Senado[editar | editar código]"
2018,MS,Eleições estaduais em Mato Grosso do Sul em 2018,https://pt.wikipedia.org/wiki/Elei%C3%A7%C3%B5es_estaduais_em_Mato_Grosso_do_Sul_em_2018,1,16,17 a 21 de março de 2018,Vox Populi,44,44.0,duas_mencoes_agregadas,PSDB,1.0,1% (Miglioli),"Senado | Governo do Estado | Pré-campanha | Pesquisas de opinião | Nota: como em 2018 os eleitores escolhem dois senadores por estado, a soma dos percentuais atinge 200%, uma vez que os entrevistados podem optar por dois nomes. | Senado[editar | editar código]"
2018,MS,Eleições estaduais em Mato Grosso do Sul em 2018,https://pt.wikipedia.org/wiki/Elei%C3%A7%C3%B5es_estaduais_em_Mato_Grosso_do_Sul_em_2018,1,16,17 a 21 de março de 2018,Vox Populi,44,44.0,duas_mencoes_agregadas,PT,7.0,7% (Zeca),"Senado | Governo do Estado | Pré-campanha | Pesquisas de opinião | Nota: como em 2018 os eleitores escolhem dois senadores por estado, a soma dos percentuais atinge 200%, uma vez que os entrevistados podem optar por dois nomes. | Senado[editar | editar código]"
2018,MS,Eleições estaduais em Mato Grosso do Sul em 2018,https://pt.wikipedia.org/wiki/Elei%C3%A7%C3%B5es_estaduais_em_Mato_Grosso_do_Sul_em_2018,1,16,17 a 21 de março de 2018,Vox Populi,44,44.0,duas_mencoes_agregadas,PTB,10.0,10% (Nelsinho),"Senado | Governo do Estado | Pré-campanha | Pesquisas de opinião | Nota: como em 2018 os eleitores escolhem dois senadores por estado, a soma dos percentuais atinge 200%, uma vez que os entrevistados podem optar por dois nomes. | Senado[editar | editar código]"
2018,MS,Eleições estaduais em Mato Grosso do Sul em 2018,https://pt.wikipedia.org/wiki/Elei%C3%A7%C3%B5es_estaduais_em_Mato_Grosso_do_Sul_em_2018,1,17,14 a 20 de abril de 2018,Ipems,283,283.0,duas_mencoes_agregadas,MDB,23.58,"23,58% (Moka)","Senado | Governo do Estado | Pré-campanha | Pesquisas de opinião | Nota: como em 2018 os eleitores escolhem dois senadores por estado, a soma dos percentuais atinge 200%, uma vez que os entrevistados podem optar por dois nomes. | Senado[editar | editar código]"
2018,MS,Eleições estaduais em Mato Grosso do Sul em 2018,https://pt.wikipedia.org/wiki/Elei%C3%A7%C3%B5es_estaduais_em_Mato_Grosso_do_Sul_em_2018,1,17,14 a 20 de abril de 2018,Ipems,283,283.0,duas_mencoes_agregadas,PODE,4.62,"4,62% (Maia)","Senado | Governo do Estado | Pré-campanha | Pesquisas de opinião | Nota: como em 2018 os eleitores escolhem dois senadores por estado, a soma dos percentuais atinge 200%, uma vez que os entrevistados podem optar por dois nomes. | Senado[editar | editar código]"
2018,MS,Eleições estaduais em Mato Grosso do Sul em 2018,https://pt.wikipedia.org/wiki/Elei%C3%A7%C3%B5es_estaduais_em_Mato_Grosso_do_Sul_em_2018,1,17,14 a 20 de abril de 2018,Ipems,283,283.0,duas_mencoes_agregadas,PRB,6.24,"6,24% (Chaves)","Senado | Governo do Estado | Pré-campanha | Pesquisas de opinião | Nota: como em 2018 os eleitores escolhem dois senadores por estado, a soma dos percentuais atinge 200%, uma vez que os entrevistados podem optar por dois nomes. | Senado[editar | editar código]"
2018,MS,Eleições estaduais em Mato Grosso do Sul em 2018,https://pt.wikipedia.org/wiki/Elei%C3%A7%C3%B5es_estaduais_em_Mato_Grosso_do_Sul_em_2018,1,17,14 a 20 de abril de 2018,Ipems,283,283.0,duas_mencoes_agregadas,PSC,7.0,7% (Harfouche),"Senado | Governo do Estado | Pré-campanha | Pesquisas de opinião | Nota: como em 2018 os eleitores escolhem dois senadores por estado, a soma dos percentuais atinge 200%, uma vez que os entrevistados podem optar por dois nomes. | Senado[editar | editar código]"
2018,MS,Eleições estaduais em Mato Grosso do Sul em 2018,https://pt.wikipedia.org/wiki/Elei%C3%A7%C3%B5es_estaduais_em_Mato_Grosso_do_Sul_em_2018,1,17,14 a 20 de abril de 2018,Ipems,283,283.0,duas_mencoes_agregadas,PSDB,2.74,"2,74% (Miglioli)","Senado | Governo do Estado | Pré-campanha | Pesquisas de opinião | Nota: como em 2018 os eleitores escolhem dois senadores por estado, a soma dos percentuais atinge 200%, uma vez que os entrevistados podem optar por dois nomes. | Senado[editar | editar código]"
2018,MS,Eleições estaduais em Mato Grosso do Sul em 2018,https://pt.wikipedia.org/wiki/Elei%C3%A7%C3%B5es_estaduais_em_Mato_Grosso_do_Sul_em_2018,1,17,14 a 20 de abril de 2018,Ipems,283,283.0,duas_mencoes_agregadas,PT,31.76,"31,76% (Zeca)","Senado | Governo do Estado | Pré-campanha | Pesquisas de opinião | Nota: como em 2018 os eleitores escolhem dois senadores por estado, a soma dos percentuais atinge 200%, uma vez que os entrevistados podem optar por dois nomes. | Senado[editar | editar código]"
2018,MS,Eleições estaduais em Mato Grosso do Sul em 2018,https://pt.wikipedia.org/wiki/Elei%C3%A7%C3%B5es_estaduais_em_Mato_Grosso_do_Sul_em_2018,1,17,14 a 20 de abril de 2018,Ipems,283,283.0,duas_mencoes_agregadas,PTB,41.59,"41,59% (Nelsinho)","Senado | Governo do Estado | Pré-campanha | Pesquisas de opinião | Nota: como em 2018 os eleitores escolhem dois senadores por estado, a soma dos percentuais atinge 200%, uma vez que os entrevistados podem optar por dois nomes. | Senado[editar | editar código]"
2018,MS,Eleições estaduais em Mato Grosso do Sul em 2018,https://pt.wikipedia.org/wiki/Elei%C3%A7%C3%B5es_estaduais_em_Mato_Grosso_do_Sul_em_2018,1,18,7 a 11 de maio de 2018,IPR,36,36.0,duas_mencoes_agregadas,MDB,6.59,"6,59% (Moka)","Senado | Governo do Estado | Pré-campanha | Pesquisas de opinião | Nota: como em 2018 os eleitores escolhem dois senadores por estado, a soma dos percentuais atinge 200%, uma vez que os entrevistados podem optar por dois nomes. | Senado[editar | editar código]"
2018,MS,Eleições estaduais em Mato Grosso do Sul em 2018,https://pt.wikipedia.org/wiki/Elei%C3%A7%C3%B5es_estaduais_em_Mato_Grosso_do_Sul_em_2018,1,18,7 a 11 de maio de 2018,IPR,36,36.0,duas_mencoes_agregadas,PMB,0.54,"0,54% (Betini)","Senado | Governo do Estado | Pré-campanha | Pesquisas de opinião | Nota: como em 2018 os eleitores escolhem dois senadores por estado, a soma dos percentuais atinge 200%, uma vez que os entrevistados podem optar por dois nomes. | Senado[editar | editar código]"
2018,MS,Eleições estaduais em Mato Grosso do Sul em 2018,https://pt.wikipedia.org/wiki/Elei%C3%A7%C3%B5es_estaduais_em_Mato_Grosso_do_Sul_em_2018,1,18,7 a 11 de maio de 2018,IPR,36,36.0,duas_mencoes_agregadas,PODE,2.02,"2,02% (Maia)","Senado | Governo do Estado | Pré-campanha | Pesquisas de opinião | Nota: como em 2018 os eleitores escolhem dois senadores por estado, a soma dos percentuais atinge 200%, uma vez que os entrevistados podem optar por dois nomes. | Senado[editar | editar código]"
2018,MS,Eleições estaduais em Mato Grosso do Sul em 2018,https://pt.wikipedia.org/wiki/Elei%C3%A7%C3%B5es_estaduais_em_Mato_Grosso_do_Sul_em_2018,1,18,7 a 11 de maio de 2018,IPR,36,36.0,duas_mencoes_agregadas,PRB,4.44,"4,44% (Chaves)","Senado | Governo do Estado | Pré-campanha | Pesquisas de opinião | Nota: como em 2018 os eleitores escolhem dois senadores por estado, a soma dos percentuais atinge 200%, uma vez que os entrevistados podem optar por dois nomes. | Senado[editar | editar código]"
2018,MS,Eleições estaduais em Mato Grosso do Sul em 2018,https://pt.wikipedia.org/wiki/Elei%C3%A7%C3%B5es_estaduais_em_Mato_Grosso_do_Sul_em_2018,1,18,7 a 11 de maio de 2018,IPR,36,36.0,duas_mencoes_agregadas,PSC,4.03,"4,03% (Harfouche)","Senado | Governo do Estado | Pré-campanha | Pesquisas de opinião | Nota: como em 2018 os eleitores escolhem dois senadores por estado, a soma dos percentuais atinge 200%, uma vez que os entrevistados podem optar por dois nomes. | Senado[editar | editar código]"
2018,MS,Eleições estaduais em Mato Grosso do Sul em 2018,https://pt.wikipedia.org/wiki/Elei%C3%A7%C3%B5es_estaduais_em_Mato_Grosso_do_Sul_em_2018,1,18,7 a 11 de maio de 2018,IPR,36,36.0,duas_mencoes_agregadas,PSL,1.61,"1,61% (Soraya)","Senado | Governo do Estado | Pré-campanha | Pesquisas de opinião | Nota: como em 2018 os eleitores escolhem dois senadores por estado, a soma dos percentuais atinge 200%, uma vez que os entrevistados podem optar por dois nomes. | Senado[editar | editar código]"
2018,MS,Eleições estaduais em Mato Grosso do Sul em 2018,https://pt.wikipedia.org/wiki/Elei%C3%A7%C3%B5es_estaduais_em_Mato_Grosso_do_Sul_em_2018,1,18,7 a 11 de maio de 2018,IPR,36,36.0,duas_mencoes_agregadas,PSDB,0.67,"0,67% (Miglioli)","Senado | Governo do Estado | Pré-campanha | Pesquisas de opinião | Nota: como em 2018 os eleitores escolhem dois senadores por estado, a soma dos percentuais atinge 200%, uma vez que os entrevistados podem optar por dois nomes. | Senado[editar | editar código]"
2018,MS,Eleições estaduais em Mato Grosso do Sul em 2018,https://pt.wikipedia.org/wiki/Elei%C3%A7%C3%B5es_estaduais_em_Mato_Grosso_do_Sul_em_2018,1,18,7 a 11 de maio de 2018,IPR,36,36.0,duas_mencoes_agregadas,PT,10.22,"10,22% (Zeca)","Senado | Governo do Estado | Pré-campanha | Pesquisas de opinião | Nota: como em 2018 os eleitores escolhem dois senadores por estado, a soma dos percentuais atinge 200%, uma vez que os entrevistados podem optar por dois nomes. | Senado[editar | editar código]"
2018,MS,Eleições estaduais em Mato Grosso do Sul em 2018,https://pt.wikipedia.org/wiki/Elei%C3%A7%C3%B5es_estaduais_em_Mato_Grosso_do_Sul_em_2018,1,18,7 a 11 de maio de 2018,IPR,36,36.0,duas_mencoes_agregadas,PTB,30.91,"30,91% (Nelsinho)","Senado | Governo do Estado | Pré-campanha | Pesquisas de opinião | Nota: como em 2018 os eleitores escolhem dois senadores por estado, a soma dos percentuais atinge 200%, uma vez que os entrevistados podem optar por dois nomes. | Senado[editar | editar código]"
2018,MS,Eleições estaduais em Mato Grosso do Sul em 2018,https://pt.wikipedia.org/wiki/Elei%C3%A7%C3%B5es_estaduais_em_Mato_Grosso_do_Sul_em_2018,1,19,7 a 11 de maio de 2018,IPR,36,36.0,duas_mencoes_agregadas,MDB,8.87,"8,87% (Moka)","Senado | Governo do Estado | Pré-campanha | Pesquisas de opinião | Nota: como em 2018 os eleitores escolhem dois senadores por estado, a soma dos percentuais atinge 200%, uma vez que os entrevistados podem optar por dois nomes. | Senado[editar | editar código]"
2018,MS,Eleições estaduais em Mato Grosso do Sul em 2018,https://pt.wikipedia.org/wiki/Elei%C3%A7%C3%B5es_estaduais_em_Mato_Grosso_do_Sul_em_2018,1,19,7 a 11 de maio de 2018,IPR,36,36.0,duas_mencoes_agregadas,PMB,0.67,"0,67% (Betini)","Senado | Governo do Estado | Pré-campanha | Pesquisas de opinião | Nota: como em 2018 os eleitores escolhem dois senadores por estado, a soma dos percentuais atinge 200%, uma vez que os entrevistados podem optar por dois nomes. | Senado[editar | editar código]"
2018,MS,Eleições estaduais em Mato Grosso do Sul em 2018,https://pt.wikipedia.org/wiki/Elei%C3%A7%C3%B5es_estaduais_em_Mato_Grosso_do_Sul_em_2018,1,19,7 a 11 de maio de 2018,IPR,36,36.0,duas_mencoes_agregadas,PODE,3.49,"3,49% (Maia)","Senado | Governo do Estado | Pré-campanha | Pesquisas de opinião | Nota: como em 2018 os eleitores escolhem dois senadores por estado, a soma dos percentuais atinge 200%, uma vez que os entrevistados podem optar por dois nomes. | Senado[editar | editar código]"
2018,MS,Eleições estaduais em Mato Grosso do Sul em 2018,https://pt.wikipedia.org/wiki/Elei%C3%A7%C3%B5es_estaduais_em_Mato_Grosso_do_Sul_em_2018,1,19,7 a 11 de maio de 2018,IPR,36,36.0,duas_mencoes_agregadas,PRB,4.57,"4,57% (Chaves)","Senado | Governo do Estado | Pré-campanha | Pesquisas de opinião | Nota: como em 2018 os eleitores escolhem dois senadores por estado, a soma dos percentuais atinge 200%, uma vez que os entrevistados podem optar por dois nomes. | Senado[editar | editar código]"
2018,MS,Eleições estaduais em Mato Grosso do Sul em 2018,https://pt.wikipedia.org/wiki/Elei%C3%A7%C3%B5es_estaduais_em_Mato_Grosso_do_Sul_em_2018,1,19,7 a 11 de maio de 2018,IPR,36,36.0,duas_mencoes_agregadas,PSC,1.34,"1,34% (Harfouche)","Senado | Governo do Estado | Pré-campanha | Pesquisas de opinião | Nota: como em 2018 os eleitores escolhem dois senadores por estado, a soma dos percentuais atinge 200%, uma vez que os entrevistados podem optar por dois nomes. | Senado[editar | editar código]"
2018,MS,Eleições estaduais em Mato Grosso do Sul em 2018,https://pt.wikipedia.org/wiki/Elei%C3%A7%C3%B5es_estaduais_em_Mato_Grosso_do_Sul_em_2018,1,19,7 a 11 de maio de 2018,IPR,36,36.0,duas_mencoes_agregadas,PSL,0.94,"0,94% (Soraya)","Senado | Governo do Estado | Pré-campanha | Pesquisas de opinião | Nota: como em 2018 os eleitores escolhem dois senadores por estado, a soma dos percentuais atinge 200%, uma vez que os entrevistados podem optar por dois nomes. | Senado[editar | editar código]"
2018,MS,Eleições estaduais em Mato Grosso do Sul em 2018,https://pt.wikipedia.org/wiki/Elei%C3%A7%C3%B5es_estaduais_em_Mato_Grosso_do_Sul_em_2018,1,19,7 a 11 de maio de 2018,IPR,36,36.0,duas_mencoes_agregadas,PSDB,1.21,"1,21% (Miglioli)","Senado | Governo do Estado | Pré-campanha | Pesquisas de opinião | Nota: como em 2018 os eleitores escolhem dois senadores por estado, a soma dos percentuais atinge 200%, uma vez que os entrevistados podem optar por dois nomes. | Senado[editar | editar código]"
2018,MS,Eleições estaduais em Mato Grosso do Sul em 2018,https://pt.wikipedia.org/wiki/Elei%C3%A7%C3%B5es_estaduais_em_Mato_Grosso_do_Sul_em_2018,1,19,7 a 11 de maio de 2018,IPR,36,36.0,duas_mencoes_agregadas,PT,5.78,"5,78% (Zeca)","Senado | Governo do Estado | Pré-campanha | Pesquisas de opinião | Nota: como em 2018 os eleitores escolhem dois senadores por estado, a soma dos percentuais atinge 200%, uma vez que os entrevistados podem optar por dois nomes. | Senado[editar | editar código]"
2018,MS,Eleições estaduais em Mato Grosso do Sul em 2018,https://pt.wikipedia.org/wiki/Elei%C3%A7%C3%B5es_estaduais_em_Mato_Grosso_do_Sul_em_2018,1,19,7 a 11 de maio de 2018,IPR,36,36.0,duas_mencoes_agregadas,PTB,7.93,"7,93% (Nelsinho)","Senado | Governo do Estado | Pré-campanha | Pesquisas de opinião | Nota: como em 2018 os eleitores escolhem dois senadores por estado, a soma dos percentuais atinge 200%, uma vez que os entrevistados podem optar por dois nomes. | Senado[editar | editar código]"
2018,MS,Eleições estaduais em Mato Grosso do Sul em 2018,https://pt.wikipedia.org/wiki/Elei%C3%A7%C3%B5es_estaduais_em_Mato_Grosso_do_Sul_em_2018,1,20,30 de maio a 5 de junho de 2018,Ranking,283,283.0,duas_mencoes_agregadas,MDB,6.0,6% (Moka),"Senado | Governo do Estado | Pré-campanha | Pesquisas de opinião | Nota: como em 2018 os eleitores escolhem dois senadores por estado, a soma dos percentuais atinge 200%, uma vez que os entrevistados podem optar por dois nomes. | Senado[editar | editar código]"
2018,MS,Eleições estaduais em Mato Grosso do Sul em 2018,https://pt.wikipedia.org/wiki/Elei%C3%A7%C3%B5es_estaduais_em_Mato_Grosso_do_Sul_em_2018,1,20,30 de maio a 5 de junho de 2018,Ranking,283,283.0,duas_mencoes_agregadas,PMB,0.58,"0,58% (Betini)","Senado | Governo do Estado | Pré-campanha | Pesquisas de opinião | Nota: como em 2018 os eleitores escolhem dois senadores por estado, a soma dos percentuais atinge 200%, uma vez que os entrevistados podem optar por dois nomes. | Senado[editar | editar código]"
2018,MS,Eleições estaduais em Mato Grosso do Sul em 2018,https://pt.wikipedia.org/wiki/Elei%C3%A7%C3%B5es_estaduais_em_Mato_Grosso_do_Sul_em_2018,1,20,30 de maio a 5 de junho de 2018,Ranking,283,283.0,duas_mencoes_agregadas,PODE,1.66,"1,66% (Maia)","Senado | Governo do Estado | Pré-campanha | Pesquisas de opinião | Nota: como em 2018 os eleitores escolhem dois senadores por estado, a soma dos percentuais atinge 200%, uma vez que os entrevistados podem optar por dois nomes. | Senado[editar | editar código]"
2018,MS,Eleições estaduais em Mato Grosso do Sul em 2018,https://pt.wikipedia.org/wiki/Elei%C3%A7%C3%B5es_estaduais_em_Mato_Grosso_do_Sul_em_2018,1,20,30 de maio a 5 de junho de 2018,Ranking,283,283.0,duas_mencoes_agregadas,PRB,3.0,3% (Chaves),"Senado | Governo do Estado | Pré-campanha | Pesquisas de opinião | Nota: como em 2018 os eleitores escolhem dois senadores por estado, a soma dos percentuais atinge 200%, uma vez que os entrevistados podem optar por dois nomes. | Senado[editar | editar código]"
2018,MS,Eleições estaduais em Mato Grosso do Sul em 2018,https://pt.wikipedia.org/wiki/Elei%C3%A7%C3%B5es_estaduais_em_Mato_Grosso_do_Sul_em_2018,1,20,30 de maio a 5 de junho de 2018,Ranking,283,283.0,duas_mencoes_agregadas,PSC,3.41,"3,41% (Harfouche)","Senado | Governo do Estado | Pré-campanha | Pesquisas de opinião | Nota: como em 2018 os eleitores escolhem dois senadores por estado, a soma dos percentuais atinge 200%, uma vez que os entrevistados podem optar por dois nomes. | Senado[editar | editar código]"
2018,MS,Eleições estaduais em Mato Grosso do Sul em 2018,https://pt.wikipedia.org/wiki/Elei%C3%A7%C3%B5es_estaduais_em_Mato_Grosso_do_Sul_em_2018,1,20,30 de maio a 5 de junho de 2018,Ranking,283,283.0,duas_mencoes_agregadas,PSDB,1.66,"1,66% (Miglioli)","Senado | Governo do Estado | Pré-campanha | Pesquisas de opinião | Nota: como em 2018 os eleitores escolhem dois senadores por estado, a soma dos percentuais atinge 200%, uma vez que os entrevistados podem optar por dois nomes. | Senado[editar | editar código]"
2018,MS,Eleições estaduais em Mato Grosso do Sul em 2018,https://pt.wikipedia.org/wiki/Elei%C3%A7%C3%B5es_estaduais_em_Mato_Grosso_do_Sul_em_2018,1,20,30 de maio a 5 de junho de 2018,Ranking,283,283.0,duas_mencoes_agregadas,PT,17.16,"17,16% (Zeca)","Senado | Governo do Estado | Pré-campanha | Pesquisas de opinião | Nota: como em 2018 os eleitores escolhem dois senadores por estado, a soma dos percentuais atinge 200%, uma vez que os entrevistados podem optar por dois nomes. | Senado[editar | editar código]"
2018,MS,Eleições estaduais em Mato Grosso do Sul em 2018,https://pt.wikipedia.org/wiki/Elei%C3%A7%C3%B5es_estaduais_em_Mato_Grosso_do_Sul_em_2018,1,20,30 de maio a 5 de junho de 2018,Ranking,283,283.0,duas_mencoes_agregadas,PTB,21.58,"21,58% (Nelsinho)","Senado | Governo do Estado | Pré-campanha | Pesquisas de opinião | Nota: como em 2018 os eleitores escolhem dois senadores por estado, a soma dos percentuais atinge 200%, uma vez que os entrevistados podem optar por dois nomes. | Senado[editar | editar código]"
2018,MS,Eleições estaduais em Mato Grosso do Sul em 2018,https://pt.wikipedia.org/wiki/Elei%C3%A7%C3%B5es_estaduais_em_Mato_Grosso_do_Sul_em_2018,1,21,30 de maio a 5 de junho de 2018,Ranking,283,283.0,duas_mencoes_agregadas,MDB,5.58,"5,58% (Moka)","Senado | Governo do Estado | Pré-campanha | Pesquisas de opinião | Nota: como em 2018 os eleitores escolhem dois senadores por estado, a soma dos percentuais atinge 200%, uma vez que os entrevistados podem optar por dois nomes. | Senado[editar | editar código]"
2018,MS,Eleições estaduais em Mato Grosso do Sul em 2018,https://pt.wikipedia.org/wiki/Elei%C3%A7%C3%B5es_estaduais_em_Mato_Grosso_do_Sul_em_2018,1,21,30 de maio a 5 de junho de 2018,Ranking,283,283.0,duas_mencoes_agregadas,PMB,1.91,"1,91% (Betini)","Senado | Governo do Estado | Pré-campanha | Pesquisas de opinião | Nota: como em 2018 os eleitores escolhem dois senadores por estado, a soma dos percentuais atinge 200%, uma vez que os entrevistados podem optar por dois nomes. | Senado[editar | editar código]"
2018,MS,Eleições estaduais em Mato Grosso do Sul em 2018,https://pt.wikipedia.org/wiki/Elei%C3%A7%C3%B5es_estaduais_em_Mato_Grosso_do_Sul_em_2018,1,21,30 de maio a 5 de junho de 2018,Ranking,283,283.0,duas_mencoes_agregadas,PODE,2.66,"2,66% (Maia)","Senado | Governo do Estado | Pré-campanha | Pesquisas de opinião | Nota: como em 2018 os eleitores escolhem dois senadores por estado, a soma dos percentuais atinge 200%, uma vez que os entrevistados podem optar por dois nomes. | Senado[editar | editar código]"
2018,MS,Eleições estaduais em Mato Grosso do Sul em 2018,https://pt.wikipedia.org/wiki/Elei%C3%A7%C3%B5es_estaduais_em_Mato_Grosso_do_Sul_em_2018,1,21,30 de maio a 5 de junho de 2018,Ranking,283,283.0,duas_mencoes_agregadas,PRB,3.83,"3,83% (Chaves)","Senado | Governo do Estado | Pré-campanha | Pesquisas de opinião | Nota: como em 2018 os eleitores escolhem dois senadores por estado, a soma dos percentuais atinge 200%, uma vez que os entrevistados podem optar por dois nomes. | Senado[editar | editar código]"
2018,MS,Eleições estaduais em Mato Grosso do Sul em 2018,https://pt.wikipedia.org/wiki/Elei%C3%A7%C3%B5es_estaduais_em_Mato_Grosso_do_Sul_em_2018,1,21,30 de maio a 5 de junho de 2018,Ranking,283,283.0,duas_mencoes_agregadas,PSC,1.33,"1,33% (Harfouche)","Senado | Governo do Estado | Pré-campanha | Pesquisas de opinião | Nota: como em 2018 os eleitores escolhem dois senadores por estado, a soma dos percentuais atinge 200%, uma vez que os entrevistados podem optar por dois nomes. | Senado[editar | editar código]"
2018,MS,Eleições estaduais em Mato Grosso do Sul em 2018,https://pt.wikipedia.org/wiki/Elei%C3%A7%C3%B5es_estaduais_em_Mato_Grosso_do_Sul_em_2018,1,21,30 de maio a 5 de junho de 2018,Ranking,283,283.0,duas_mencoes_agregadas,PSDB,2.16,"2,16% (Miglioli)","Senado | Governo do Estado | Pré-campanha | Pesquisas de opinião | Nota: como em 2018 os eleitores escolhem dois senadores por estado, a soma dos percentuais atinge 200%, uma vez que os entrevistados podem optar por dois nomes. | Senado[editar | editar código]"
2018,MS,Eleições estaduais em Mato Grosso do Sul em 2018,https://pt.wikipedia.org/wiki/Elei%C3%A7%C3%B5es_estaduais_em_Mato_Grosso_do_Sul_em_2018,1,21,30 de maio a 5 de junho de 2018,Ranking,283,283.0,duas_mencoes_agregadas,PT,5.83,"5,83% (Zeca)","Senado | Governo do Estado | Pré-campanha | Pesquisas de opinião | Nota: como em 2018 os eleitores escolhem dois senadores por estado, a soma dos percentuais atinge 200%, uma vez que os entrevistados podem optar por dois nomes. | Senado[editar | editar código]"
2018,MS,Eleições estaduais em Mato Grosso do Sul em 2018,https://pt.wikipedia.org/wiki/Elei%C3%A7%C3%B5es_estaduais_em_Mato_Grosso_do_Sul_em_2018,1,21,30 de maio a 5 de junho de 2018,Ranking,283,283.0,duas_mencoes_agregadas,PTB,14.83,"14,83% (Nelsinho)","Senado | Governo do Estado | Pré-campanha | Pesquisas de opinião | Nota: como em 2018 os eleitores escolhem dois senadores por estado, a soma dos percentuais atinge 200%, uma vez que os entrevistados podem optar por dois nomes. | Senado[editar | editar código]"
2018,MS,Eleições estaduais em Mato Grosso do Sul em 2018,https://pt.wikipedia.org/wiki/Elei%C3%A7%C3%B5es_estaduais_em_Mato_Grosso_do_Sul_em_2018,1,22,18 a 21 de junho de 2018,Top Mídia,4,4.0,duas_mencoes_agregadas,MDB,10.0,10% (Moka),"Senado | Governo do Estado | Pré-campanha | Pesquisas de opinião | Nota: como em 2018 os eleitores escolhem dois senadores por estado, a soma dos percentuais atinge 200%, uma vez que os entrevistados podem optar por dois nomes. | Senado[editar | editar código]"
2018,MS,Eleições estaduais em Mato Grosso do Sul em 2018,https://pt.wikipedia.org/wiki/Elei%C3%A7%C3%B5es_estaduais_em_Mato_Grosso_do_Sul_em_2018,1,22,18 a 21 de junho de 2018,Top Mídia,4,4.0,duas_mencoes_agregadas,PODE,3.0,3% (Maia),"Senado | Governo do Estado | Pré-campanha | Pesquisas de opinião | Nota: como em 2018 os eleitores escolhem dois senadores por estado, a soma dos percentuais atinge 200%, uma vez que os entrevistados podem optar por dois nomes. | Senado[editar | editar código]"
2018,MS,Eleições estaduais em Mato Grosso do Sul em 2018,https://pt.wikipedia.org/wiki/Elei%C3%A7%C3%B5es_estaduais_em_Mato_Grosso_do_Sul_em_2018,1,22,18 a 21 de junho de 2018,Top Mídia,4,4.0,duas_mencoes_agregadas,PRB,5.0,5% (Chaves),"Senado | Governo do Estado | Pré-campanha | Pesquisas de opinião | Nota: como em 2018 os eleitores escolhem dois senadores por estado, a soma dos percentuais atinge 200%, uma vez que os entrevistados podem optar por dois nomes. | Senado[editar | editar código]"
2018,MS,Eleições estaduais em Mato Grosso do Sul em 2018,https://pt.wikipedia.org/wiki/Elei%C3%A7%C3%B5es_estaduais_em_Mato_Grosso_do_Sul_em_2018,1,22,18 a 21 de junho de 2018,Top Mídia,4,4.0,duas_mencoes_agregadas,PSC,1.5,"1,5% (Harfouche)","Senado | Governo do Estado | Pré-campanha | Pesquisas de opinião | Nota: como em 2018 os eleitores escolhem dois senadores por estado, a soma dos percentuais atinge 200%, uma vez que os entrevistados podem optar por dois nomes. | Senado[editar | editar código]"
2018,MS,Eleições estaduais em Mato Grosso do Sul em 2018,https://pt.wikipedia.org/wiki/Elei%C3%A7%C3%B5es_estaduais_em_Mato_Grosso_do_Sul_em_2018,1,22,18 a 21 de junho de 2018,Top Mídia,4,4.0,duas_mencoes_agregadas,PSDB,1.5,"1,5% (Miglioli)","Senado | Governo do Estado | Pré-campanha | Pesquisas de opinião | Nota: como em 2018 os eleitores escolhem dois senadores por estado, a soma dos percentuais atinge 200%, uma vez que os entrevistados podem optar por dois nomes. | Senado[editar | editar código]"
2018,MS,Eleições estaduais em Mato Grosso do Sul em 2018,https://pt.wikipedia.org/wiki/Elei%C3%A7%C3%B5es_estaduais_em_Mato_Grosso_do_Sul_em_2018,1,22,18 a 21 de junho de 2018,Top Mídia,4,4.0,duas_mencoes_agregadas,PT,17.0,17% (Zeca),"Senado | Governo do Estado | Pré-campanha | Pesquisas de opinião | Nota: como em 2018 os eleitores escolhem dois senadores por estado, a soma dos percentuais atinge 200%, uma vez que os entrevistados podem optar por dois nomes. | Senado[editar | editar código]"
2018,MS,Eleições estaduais em Mato Grosso do Sul em 2018,https://pt.wikipedia.org/wiki/Elei%C3%A7%C3%B5es_estaduais_em_Mato_Grosso_do_Sul_em_2018,1,22,18 a 21 de junho de 2018,Top Mídia,4,4.0,duas_mencoes_agregadas,PTB,26.0,26% (Nelsinho),"Senado | Governo do Estado | Pré-campanha | Pesquisas de opinião | Nota: como em 2018 os eleitores escolhem dois senadores por estado, a soma dos percentuais atinge 200%, uma vez que os entrevistados podem optar por dois nomes. | Senado[editar | editar código]"
2018,MS,Eleições estaduais em Mato Grosso do Sul em 2018,https://pt.wikipedia.org/wiki/Elei%C3%A7%C3%B5es_estaduais_em_Mato_Grosso_do_Sul_em_2018,1,23,18 a 21 de junho de 2018,Top Mídia,4,4.0,duas_mencoes_agregadas,MDB,8.0,8% (Moka),"Senado | Governo do Estado | Pré-campanha | Pesquisas de opinião | Nota: como em 2018 os eleitores escolhem dois senadores por estado, a soma dos percentuais atinge 200%, uma vez que os entrevistados podem optar por dois nomes. | Senado[editar | editar código]"
2018,MS,Eleições estaduais em Mato Grosso do Sul em 2018,https://pt.wikipedia.org/wiki/Elei%C3%A7%C3%B5es_estaduais_em_Mato_Grosso_do_Sul_em_2018,1,23,18 a 21 de junho de 2018,Top Mídia,4,4.0,duas_mencoes_agregadas,PODE,2.0,2% (Maia),"Senado | Governo do Estado | Pré-campanha | Pesquisas de opinião | Nota: como em 2018 os eleitores escolhem dois senadores por estado, a soma dos percentuais atinge 200%, uma vez que os entrevistados podem optar por dois nomes. | Senado[editar | editar código]"
2018,MS,Eleições estaduais em Mato Grosso do Sul em 2018,https://pt.wikipedia.org/wiki/Elei%C3%A7%C3%B5es_estaduais_em_Mato_Grosso_do_Sul_em_2018,1,23,18 a 21 de junho de 2018,Top Mídia,4,4.0,duas_mencoes_agregadas,PRB,3.0,3% (Chaves),"Senado | Governo do Estado | Pré-campanha | Pesquisas de opinião | Nota: como em 2018 os eleitores escolhem dois senadores por estado, a soma dos percentuais atinge 200%, uma vez que os entrevistados podem optar por dois nomes. | Senado[editar | editar código]"
2018,MS,Eleições estaduais em Mato Grosso do Sul em 2018,https://pt.wikipedia.org/wiki/Elei%C3%A7%C3%B5es_estaduais_em_Mato_Grosso_do_Sul_em_2018,1,23,18 a 21 de junho de 2018,Top Mídia,4,4.0,duas_mencoes_agregadas,PSC,1.0,1% (Harfouche),"Senado | Governo do Estado | Pré-campanha | Pesquisas de opinião | Nota: como em 2018 os eleitores escolhem dois senadores por estado, a soma dos percentuais atinge 200%, uma vez que os entrevistados podem optar por dois nomes. | Senado[editar | editar código]"
2018,MS,Eleições estaduais em Mato Grosso do Sul em 2018,https://pt.wikipedia.org/wiki/Elei%C3%A7%C3%B5es_estaduais_em_Mato_Grosso_do_Sul_em_2018,1,23,18 a 21 de junho de 2018,Top Mídia,4,4.0,duas_mencoes_agregadas,PSDB,1.0,1% (Miglioli),"Senado | Governo do Estado | Pré-campanha | Pesquisas de opinião | Nota: como em 2018 os eleitores escolhem dois senadores por estado, a soma dos percentuais atinge 200%, uma vez que os entrevistados podem optar por dois nomes. | Senado[editar | editar código]"
2018,MS,Eleições estaduais em Mato Grosso do Sul em 2018,https://pt.wikipedia.org/wiki/Elei%C3%A7%C3%B5es_estaduais_em_Mato_Grosso_do_Sul_em_2018,1,23,18 a 21 de junho de 2018,Top Mídia,4,4.0,duas_mencoes_agregadas,PT,9.0,9% (Zeca),"Senado | Governo do Estado | Pré-campanha | Pesquisas de opinião | Nota: como em 2018 os eleitores escolhem dois senadores por estado, a soma dos percentuais atinge 200%, uma vez que os entrevistados podem optar por dois nomes. | Senado[editar | editar código]"
2018,MS,Eleições estaduais em Mato Grosso do Sul em 2018,https://pt.wikipedia.org/wiki/Elei%C3%A7%C3%B5es_estaduais_em_Mato_Grosso_do_Sul_em_2018,1,23,18 a 21 de junho de 2018,Top Mídia,4,4.0,duas_mencoes_agregadas,PTB,18.0,18% (Nelsinho),"Senado | Governo do Estado | Pré-campanha | Pesquisas de opinião | Nota: como em 2018 os eleitores escolhem dois senadores por estado, a soma dos percentuais atinge 200%, uma vez que os entrevistados podem optar por dois nomes. | Senado[editar | editar código]"
2018,MS,Eleições estaduais em Mato Grosso do Sul em 2018,https://pt.wikipedia.org/wiki/Elei%C3%A7%C3%B5es_estaduais_em_Mato_Grosso_do_Sul_em_2018,1,24,9 a 11 de julho de 2018,Ipems,49,49.0,duas_mencoes_agregadas,MDB,13.15,"13,15% (Moka)","Senado | Governo do Estado | Pré-campanha | Pesquisas de opinião | Nota: como em 2018 os eleitores escolhem dois senadores por estado, a soma dos percentuais atinge 200%, uma vez que os entrevistados podem optar por dois nomes. | Senado[editar | editar código]"
2018,MS,Eleições estaduais em Mato Grosso do Sul em 2018,https://pt.wikipedia.org/wiki/Elei%C3%A7%C3%B5es_estaduais_em_Mato_Grosso_do_Sul_em_2018,1,24,9 a 11 de julho de 2018,Ipems,49,49.0,duas_mencoes_agregadas,PMB,3.31,"3,31% (Betini)","Senado | Governo do Estado | Pré-campanha | Pesquisas de opinião | Nota: como em 2018 os eleitores escolhem dois senadores por estado, a soma dos percentuais atinge 200%, uma vez que os entrevistados podem optar por dois nomes. | Senado[editar | editar código]"
2018,MS,Eleições estaduais em Mato Grosso do Sul em 2018,https://pt.wikipedia.org/wiki/Elei%C3%A7%C3%B5es_estaduais_em_Mato_Grosso_do_Sul_em_2018,1,24,9 a 11 de julho de 2018,Ipems,49,49.0,duas_mencoes_agregadas,PODE,5.92,"5,92% (Maia)","Senado | Governo do Estado | Pré-campanha | Pesquisas de opinião | Nota: como em 2018 os eleitores escolhem dois senadores por estado, a soma dos percentuais atinge 200%, uma vez que os entrevistados podem optar por dois nomes. | Senado[editar | editar código]"
2018,MS,Eleições estaduais em Mato Grosso do Sul em 2018,https://pt.wikipedia.org/wiki/Elei%C3%A7%C3%B5es_estaduais_em_Mato_Grosso_do_Sul_em_2018,1,24,9 a 11 de julho de 2018,Ipems,49,49.0,duas_mencoes_agregadas,PRB,6.57,"6,57% (Chaves)","Senado | Governo do Estado | Pré-campanha | Pesquisas de opinião | Nota: como em 2018 os eleitores escolhem dois senadores por estado, a soma dos percentuais atinge 200%, uma vez que os entrevistados podem optar por dois nomes. | Senado[editar | editar código]"
2018,MS,Eleições estaduais em Mato Grosso do Sul em 2018,https://pt.wikipedia.org/wiki/Elei%C3%A7%C3%B5es_estaduais_em_Mato_Grosso_do_Sul_em_2018,1,24,9 a 11 de julho de 2018,Ipems,49,49.0,duas_mencoes_agregadas,PSC,8.9,"8,9% (Harfouche)","Senado | Governo do Estado | Pré-campanha | Pesquisas de opinião | Nota: como em 2018 os eleitores escolhem dois senadores por estado, a soma dos percentuais atinge 200%, uma vez que os entrevistados podem optar por dois nomes. | Senado[editar | editar código]"
2018,MS,Eleições estaduais em Mato Grosso do Sul em 2018,https://pt.wikipedia.org/wiki/Elei%C3%A7%C3%B5es_estaduais_em_Mato_Grosso_do_Sul_em_2018,1,24,9 a 11 de julho de 2018,Ipems,49,49.0,duas_mencoes_agregadas,PSL,9.68,"9,68% (Soraya)","Senado | Governo do Estado | Pré-campanha | Pesquisas de opinião | Nota: como em 2018 os eleitores escolhem dois senadores por estado, a soma dos percentuais atinge 200%, uma vez que os entrevistados podem optar por dois nomes. | Senado[editar | editar código]"
2018,MS,Eleições estaduais em Mato Grosso do Sul em 2018,https://pt.wikipedia.org/wiki/Elei%C3%A7%C3%B5es_estaduais_em_Mato_Grosso_do_Sul_em_2018,1,24,9 a 11 de julho de 2018,Ipems,49,49.0,duas_mencoes_agregadas,PSDB,3.02,"3,02% (Miglioli)","Senado | Governo do Estado | Pré-campanha | Pesquisas de opinião | Nota: como em 2018 os eleitores escolhem dois senadores por estado, a soma dos percentuais atinge 200%, uma vez que os entrevistados podem optar por dois nomes. | Senado[editar | editar código]"
2018,MS,Eleições estaduais em Mato Grosso do Sul em 2018,https://pt.wikipedia.org/wiki/Elei%C3%A7%C3%B5es_estaduais_em_Mato_Grosso_do_Sul_em_2018,1,24,9 a 11 de julho de 2018,Ipems,49,49.0,duas_mencoes_agregadas,PT,24.4,"24,4% (Zeca)","Senado | Governo do Estado | Pré-campanha | Pesquisas de opinião | Nota: como em 2018 os eleitores escolhem dois senadores por estado, a soma dos percentuais atinge 200%, uma vez que os entrevistados podem optar por dois nomes. | Senado[editar | editar código]"
2018,MS,Eleições estaduais em Mato Grosso do Sul em 2018,https://pt.wikipedia.org/wiki/Elei%C3%A7%C3%B5es_estaduais_em_Mato_Grosso_do_Sul_em_2018,1,24,9 a 11 de julho de 2018,Ipems,49,49.0,duas_mencoes_agregadas,PTB,41.78,"41,78% (Nelsinho)","Senado | Governo do Estado | Pré-campanha | Pesquisas de opinião | Nota: como em 2018 os eleitores escolhem dois senadores por estado, a soma dos percentuais atinge 200%, uma vez que os entrevistados podem optar por dois nomes. | Senado[editar | editar código]"
2018,MS,Eleições estaduais em Mato Grosso do Sul em 2018,https://pt.wikipedia.org/wiki/Elei%C3%A7%C3%B5es_estaduais_em_Mato_Grosso_do_Sul_em_2018,1,25,14 a 19 de julho de 2018,Ranking,28,28.0,duas_mencoes_agregadas,MDB,6.17,"6,17% (Moka)","Senado | Governo do Estado | Pré-campanha | Pesquisas de opinião | Nota: como em 2018 os eleitores escolhem dois senadores por estado, a soma dos percentuais atinge 200%, uma vez que os entrevistados podem optar por dois nomes. | Senado[editar | editar código]"
2018,MS,Eleições estaduais em Mato Grosso do Sul em 2018,https://pt.wikipedia.org/wiki/Elei%C3%A7%C3%B5es_estaduais_em_Mato_Grosso_do_Sul_em_2018,1,25,14 a 19 de julho de 2018,Ranking,28,28.0,duas_mencoes_agregadas,PMB,3.33,"3,33% (Betini)","Senado | Governo do Estado | Pré-campanha | Pesquisas de opinião | Nota: como em 2018 os eleitores escolhem dois senadores por estado, a soma dos percentuais atinge 200%, uma vez que os entrevistados podem optar por dois nomes. | Senado[editar | editar código]"
2018,MS,Eleições estaduais em Mato Grosso do Sul em 2018,https://pt.wikipedia.org/wiki/Elei%C3%A7%C3%B5es_estaduais_em_Mato_Grosso_do_Sul_em_2018,1,25,14 a 19 de julho de 2018,Ranking,28,28.0,duas_mencoes_agregadas,PODE,3.08,"3,08% (Maia)","Senado | Governo do Estado | Pré-campanha | Pesquisas de opinião | Nota: como em 2018 os eleitores escolhem dois senadores por estado, a soma dos percentuais atinge 200%, uma vez que os entrevistados podem optar por dois nomes. | Senado[editar | editar código]"
2018,MS,Eleições estaduais em Mato Grosso do Sul em 2018,https://pt.wikipedia.org/wiki/Elei%C3%A7%C3%B5es_estaduais_em_Mato_Grosso_do_Sul_em_2018,1,25,14 a 19 de julho de 2018,Ranking,28,28.0,duas_mencoes_agregadas,PRB,3.91,"3,91% (Chaves)","Senado | Governo do Estado | Pré-campanha | Pesquisas de opinião | Nota: como em 2018 os eleitores escolhem dois senadores por estado, a soma dos percentuais atinge 200%, uma vez que os entrevistados podem optar por dois nomes. | Senado[editar | editar código]"
2018,MS,Eleições estaduais em Mato Grosso do Sul em 2018,https://pt.wikipedia.org/wiki/Elei%C3%A7%C3%B5es_estaduais_em_Mato_Grosso_do_Sul_em_2018,1,25,14 a 19 de julho de 2018,Ranking,28,28.0,duas_mencoes_agregadas,PSC,3.25,"3,25% (Harfouche)","Senado | Governo do Estado | Pré-campanha | Pesquisas de opinião | Nota: como em 2018 os eleitores escolhem dois senadores por estado, a soma dos percentuais atinge 200%, uma vez que os entrevistados podem optar por dois nomes. | Senado[editar | editar código]"
2018,MS,Eleições estaduais em Mato Grosso do Sul em 2018,https://pt.wikipedia.org/wiki/Elei%C3%A7%C3%B5es_estaduais_em_Mato_Grosso_do_Sul_em_2018,1,25,14 a 19 de julho de 2018,Ranking,28,28.0,duas_mencoes_agregadas,PSDB,1.75,"1,75% (Miglioli)","Senado | Governo do Estado | Pré-campanha | Pesquisas de opinião | Nota: como em 2018 os eleitores escolhem dois senadores por estado, a soma dos percentuais atinge 200%, uma vez que os entrevistados podem optar por dois nomes. | Senado[editar | editar código]"
2018,MS,Eleições estaduais em Mato Grosso do Sul em 2018,https://pt.wikipedia.org/wiki/Elei%C3%A7%C3%B5es_estaduais_em_Mato_Grosso_do_Sul_em_2018,1,25,14 a 19 de julho de 2018,Ranking,28,28.0,duas_mencoes_agregadas,PT,14.5,"14,5% (Zeca)","Senado | Governo do Estado | Pré-campanha | Pesquisas de opinião | Nota: como em 2018 os eleitores escolhem dois senadores por estado, a soma dos percentuais atinge 200%, uma vez que os entrevistados podem optar por dois nomes. | Senado[editar | editar código]"
2018,MS,Eleições estaduais em Mato Grosso do Sul em 2018,https://pt.wikipedia.org/wiki/Elei%C3%A7%C3%B5es_estaduais_em_Mato_Grosso_do_Sul_em_2018,1,25,14 a 19 de julho de 2018,Ranking,28,28.0,duas_mencoes_agregadas,PTB,27.75,"27,75% (Nelsinho)","Senado | Governo do Estado | Pré-campanha | Pesquisas de opinião | Nota: como em 2018 os eleitores escolhem dois senadores por estado, a soma dos percentuais atinge 200%, uma vez que os entrevistados podem optar por dois nomes. | Senado[editar | editar código]"
2018,MS,Eleições estaduais em Mato Grosso do Sul em 2018,https://pt.wikipedia.org/wiki/Elei%C3%A7%C3%B5es_estaduais_em_Mato_Grosso_do_Sul_em_2018,1,26,14 a 19 de julho de 2018,Ranking,28,28.0,duas_mencoes_agregadas,MDB,5.83,"5,83% (Moka)","Senado | Governo do Estado | Pré-campanha | Pesquisas de opinião | Nota: como em 2018 os eleitores escolhem dois senadores por estado, a soma dos percentuais atinge 200%, uma vez que os entrevistados podem optar por dois nomes. | Senado[editar | editar código]"
2018,MS,Eleições estaduais em Mato Grosso do Sul em 2018,https://pt.wikipedia.org/wiki/Elei%C3%A7%C3%B5es_estaduais_em_Mato_Grosso_do_Sul_em_2018,1,26,14 a 19 de julho de 2018,Ranking,28,28.0,duas_mencoes_agregadas,PMB,2.83,"2,83% (Betini)","Senado | Governo do Estado | Pré-campanha | Pesquisas de opinião | Nota: como em 2018 os eleitores escolhem dois senadores por estado, a soma dos percentuais atinge 200%, uma vez que os entrevistados podem optar por dois nomes. | Senado[editar | editar código]"
2018,MS,Eleições estaduais em Mato Grosso do Sul em 2018,https://pt.wikipedia.org/wiki/Elei%C3%A7%C3%B5es_estaduais_em_Mato_Grosso_do_Sul_em_2018,1,26,14 a 19 de julho de 2018,Ranking,28,28.0,duas_mencoes_agregadas,PODE,2.67,"2,67% (Maia)","Senado | Governo do Estado | Pré-campanha | Pesquisas de opinião | Nota: como em 2018 os eleitores escolhem dois senadores por estado, a soma dos percentuais atinge 200%, uma vez que os entrevistados podem optar por dois nomes. | Senado[editar | editar código]"
2018,MS,Eleições estaduais em Mato Grosso do Sul em 2018,https://pt.wikipedia.org/wiki/Elei%C3%A7%C3%B5es_estaduais_em_Mato_Grosso_do_Sul_em_2018,1,26,14 a 19 de julho de 2018,Ranking,28,28.0,duas_mencoes_agregadas,PRB,3.41,"3,41% (Chaves)","Senado | Governo do Estado | Pré-campanha | Pesquisas de opinião | Nota: como em 2018 os eleitores escolhem dois senadores por estado, a soma dos percentuais atinge 200%, uma vez que os entrevistados podem optar por dois nomes. | Senado[editar | editar código]"
2018,MS,Eleições estaduais em Mato Grosso do Sul em 2018,https://pt.wikipedia.org/wiki/Elei%C3%A7%C3%B5es_estaduais_em_Mato_Grosso_do_Sul_em_2018,1,26,14 a 19 de julho de 2018,Ranking,28,28.0,duas_mencoes_agregadas,PSC,3.33,"3,33% (Harfouche)","Senado | Governo do Estado | Pré-campanha | Pesquisas de opinião | Nota: como em 2018 os eleitores escolhem dois senadores por estado, a soma dos percentuais atinge 200%, uma vez que os entrevistados podem optar por dois nomes. | Senado[editar | editar código]"
2018,MS,Eleições estaduais em Mato Grosso do Sul em 2018,https://pt.wikipedia.org/wiki/Elei%C3%A7%C3%B5es_estaduais_em_Mato_Grosso_do_Sul_em_2018,1,26,14 a 19 de julho de 2018,Ranking,28,28.0,duas_mencoes_agregadas,PSDB,2.17,"2,17% (Miglioli)","Senado | Governo do Estado | Pré-campanha | Pesquisas de opinião | Nota: como em 2018 os eleitores escolhem dois senadores por estado, a soma dos percentuais atinge 200%, uma vez que os entrevistados podem optar por dois nomes. | Senado[editar | editar código]"
2018,MS,Eleições estaduais em Mato Grosso do Sul em 2018,https://pt.wikipedia.org/wiki/Elei%C3%A7%C3%B5es_estaduais_em_Mato_Grosso_do_Sul_em_2018,1,26,14 a 19 de julho de 2018,Ranking,28,28.0,duas_mencoes_agregadas,PT,7.83,"7,83% (Zeca)","Senado | Governo do Estado | Pré-campanha | Pesquisas de opinião | Nota: como em 2018 os eleitores escolhem dois senadores por estado, a soma dos percentuais atinge 200%, uma vez que os entrevistados podem optar por dois nomes. | Senado[editar | editar código]"
2018,MS,Eleições estaduais em Mato Grosso do Sul em 2018,https://pt.wikipedia.org/wiki/Elei%C3%A7%C3%B5es_estaduais_em_Mato_Grosso_do_Sul_em_2018,1,26,14 a 19 de julho de 2018,Ranking,28,28.0,duas_mencoes_agregadas,PTB,8.25,"8,25% (Nelsinho)","Senado | Governo do Estado | Pré-campanha | Pesquisas de opinião | Nota: como em 2018 os eleitores escolhem dois senadores por estado, a soma dos percentuais atinge 200%, uma vez que os entrevistados podem optar por dois nomes. | Senado[editar | editar código]"
2018,MS,Eleições estaduais em Mato Grosso do Sul em 2018,https://pt.wikipedia.org/wiki/Elei%C3%A7%C3%B5es_estaduais_em_Mato_Grosso_do_Sul_em_2018,1,27,17 a 21 de julho de 2018,Top Mídia,4,4.0,duas_mencoes_agregadas,MDB,14.0,14% (Moka),"Senado | Governo do Estado | Pré-campanha | Pesquisas de opinião | Nota: como em 2018 os eleitores escolhem dois senadores por estado, a soma dos percentuais atinge 200%, uma vez que os entrevistados podem optar por dois nomes. | Senado[editar | editar código]"
2018,MS,Eleições estaduais em Mato Grosso do Sul em 2018,https://pt.wikipedia.org/wiki/Elei%C3%A7%C3%B5es_estaduais_em_Mato_Grosso_do_Sul_em_2018,1,27,17 a 21 de julho de 2018,Top Mídia,4,4.0,duas_mencoes_agregadas,PODE,2.0,2% (Maia),"Senado | Governo do Estado | Pré-campanha | Pesquisas de opinião | Nota: como em 2018 os eleitores escolhem dois senadores por estado, a soma dos percentuais atinge 200%, uma vez que os entrevistados podem optar por dois nomes. | Senado[editar | editar código]"
2018,MS,Eleições estaduais em Mato Grosso do Sul em 2018,https://pt.wikipedia.org/wiki/Elei%C3%A7%C3%B5es_estaduais_em_Mato_Grosso_do_Sul_em_2018,1,27,17 a 21 de julho de 2018,Top Mídia,4,4.0,duas_mencoes_agregadas,PRB,4.0,4% (Chaves),"Senado | Governo do Estado | Pré-campanha | Pesquisas de opinião | Nota: como em 2018 os eleitores escolhem dois senadores por estado, a soma dos percentuais atinge 200%, uma vez que os entrevistados podem optar por dois nomes. | Senado[editar | editar código]"
2018,MS,Eleições estaduais em Mato Grosso do Sul em 2018,https://pt.wikipedia.org/wiki/Elei%C3%A7%C3%B5es_estaduais_em_Mato_Grosso_do_Sul_em_2018,1,27,17 a 21 de julho de 2018,Top Mídia,4,4.0,duas_mencoes_agregadas,PSC,2.0,2% (Harfouche),"Senado | Governo do Estado | Pré-campanha | Pesquisas de opinião | Nota: como em 2018 os eleitores escolhem dois senadores por estado, a soma dos percentuais atinge 200%, uma vez que os entrevistados podem optar por dois nomes. | Senado[editar | editar código]"
2018,MS,Eleições estaduais em Mato Grosso do Sul em 2018,https://pt.wikipedia.org/wiki/Elei%C3%A7%C3%B5es_estaduais_em_Mato_Grosso_do_Sul_em_2018,1,27,17 a 21 de julho de 2018,Top Mídia,4,4.0,duas_mencoes_agregadas,PSDB,1.0,1% (Miglioli),"Senado | Governo do Estado | Pré-campanha | Pesquisas de opinião | Nota: como em 2018 os eleitores escolhem dois senadores por estado, a soma dos percentuais atinge 200%, uma vez que os entrevistados podem optar por dois nomes. | Senado[editar | editar código]"
2018,MS,Eleições estaduais em Mato Grosso do Sul em 2018,https://pt.wikipedia.org/wiki/Elei%C3%A7%C3%B5es_estaduais_em_Mato_Grosso_do_Sul_em_2018,1,27,17 a 21 de julho de 2018,Top Mídia,4,4.0,duas_mencoes_agregadas,PT,15.0,15% (Zeca),"Senado | Governo do Estado | Pré-campanha | Pesquisas de opinião | Nota: como em 2018 os eleitores escolhem dois senadores por estado, a soma dos percentuais atinge 200%, uma vez que os entrevistados podem optar por dois nomes. | Senado[editar | editar código]"
2018,MS,Eleições estaduais em Mato Grosso do Sul em 2018,https://pt.wikipedia.org/wiki/Elei%C3%A7%C3%B5es_estaduais_em_Mato_Grosso_do_Sul_em_2018,1,27,17 a 21 de julho de 2018,Top Mídia,4,4.0,duas_mencoes_agregadas,PTB,28.0,28% (Nelsinho),"Senado | Governo do Estado | Pré-campanha | Pesquisas de opinião | Nota: como em 2018 os eleitores escolhem dois senadores por estado, a soma dos percentuais atinge 200%, uma vez que os entrevistados podem optar por dois nomes. | Senado[editar | editar código]"
2018,MS,Eleições estaduais em Mato Grosso do Sul em 2018,https://pt.wikipedia.org/wiki/Elei%C3%A7%C3%B5es_estaduais_em_Mato_Grosso_do_Sul_em_2018,1,28,17 a 21 de julho de 2018,Top Mídia,4,4.0,duas_mencoes_agregadas,MDB,9.0,9% (Moka),"Senado | Governo do Estado | Pré-campanha | Pesquisas de opinião | Nota: como em 2018 os eleitores escolhem dois senadores por estado, a soma dos percentuais atinge 200%, uma vez que os entrevistados podem optar por dois nomes. | Senado[editar | editar código]"
2018,MS,Eleições estaduais em Mato Grosso do Sul em 2018,https://pt.wikipedia.org/wiki/Elei%C3%A7%C3%B5es_estaduais_em_Mato_Grosso_do_Sul_em_2018,1,28,17 a 21 de julho de 2018,Top Mídia,4,4.0,duas_mencoes_agregadas,PODE,1.0,1% (Maia),"Senado | Governo do Estado | Pré-campanha | Pesquisas de opinião | Nota: como em 2018 os eleitores escolhem dois senadores por estado, a soma dos percentuais atinge 200%, uma vez que os entrevistados podem optar por dois nomes. | Senado[editar | editar código]"
2018,MS,Eleições estaduais em Mato Grosso do Sul em 2018,https://pt.wikipedia.org/wiki/Elei%C3%A7%C3%B5es_estaduais_em_Mato_Grosso_do_Sul_em_2018,1,28,17 a 21 de julho de 2018,Top Mídia,4,4.0,duas_mencoes_agregadas,PRB,2.0,2% (Chaves),"Senado | Governo do Estado | Pré-campanha | Pesquisas de opinião | Nota: como em 2018 os eleitores escolhem dois senadores por estado, a soma dos percentuais atinge 200%, uma vez que os entrevistados podem optar por dois nomes. | Senado[editar | editar código]"
2018,MS,Eleições estaduais em Mato Grosso do Sul em 2018,https://pt.wikipedia.org/wiki/Elei%C3%A7%C3%B5es_estaduais_em_Mato_Grosso_do_Sul_em_2018,1,28,17 a 21 de julho de 2018,Top Mídia,4,4.0,duas_mencoes_agregadas,PSC,3.0,3% (Harfouche),"Senado | Governo do Estado | Pré-campanha | Pesquisas de opinião | Nota: como em 2018 os eleitores escolhem dois senadores por estado, a soma dos percentuais atinge 200%, uma vez que os entrevistados podem optar por dois nomes. | Senado[editar | editar código]"
2018,MS,Eleições estaduais em Mato Grosso do Sul em 2018,https://pt.wikipedia.org/wiki/Elei%C3%A7%C3%B5es_estaduais_em_Mato_Grosso_do_Sul_em_2018,1,28,17 a 21 de julho de 2018,Top Mídia,4,4.0,duas_mencoes_agregadas,PSDB,1.0,1% (Miglioli),"Senado | Governo do Estado | Pré-campanha | Pesquisas de opinião | Nota: como em 2018 os eleitores escolhem dois senadores por estado, a soma dos percentuais atinge 200%, uma vez que os entrevistados podem optar por dois nomes. | Senado[editar | editar código]"
2018,MS,Eleições estaduais em Mato Grosso do Sul em 2018,https://pt.wikipedia.org/wiki/Elei%C3%A7%C3%B5es_estaduais_em_Mato_Grosso_do_Sul_em_2018,1,28,17 a 21 de julho de 2018,Top Mídia,4,4.0,duas_mencoes_agregadas,PT,7.0,7% (Zeca),"Senado | Governo do Estado | Pré-campanha | Pesquisas de opinião | Nota: como em 2018 os eleitores escolhem dois senadores por estado, a soma dos percentuais atinge 200%, uma vez que os entrevistados podem optar por dois nomes. | Senado[editar | editar código]"
2018,MS,Eleições estaduais em Mato Grosso do Sul em 2018,https://pt.wikipedia.org/wiki/Elei%C3%A7%C3%B5es_estaduais_em_Mato_Grosso_do_Sul_em_2018,1,28,17 a 21 de julho de 2018,Top Mídia,4,4.0,duas_mencoes_agregadas,PTB,16.0,16% (Nelsinho),"Senado | Governo do Estado | Pré-campanha | Pesquisas de opinião | Nota: como em 2018 os eleitores escolhem dois senadores por estado, a soma dos percentuais atinge 200%, uma vez que os entrevistados podem optar por dois nomes. | Senado[editar | editar código]"
2018,MS,Eleições estaduais em Mato Grosso do Sul em 2018,https://pt.wikipedia.org/wiki/Elei%C3%A7%C3%B5es_estaduais_em_Mato_Grosso_do_Sul_em_2018,1,29,6 a 12 de agosto de 2018,Ranking,283,283.0,duas_mencoes_agregadas,MDB,6.25,"6,25% (Moka)","Senado | Governo do Estado | Pré-campanha | Pesquisas de opinião | Nota: como em 2018 os eleitores escolhem dois senadores por estado, a soma dos percentuais atinge 200%, uma vez que os entrevistados podem optar por dois nomes. | Senado[editar | editar código]"
2018,MS,Eleições estaduais em Mato Grosso do Sul em 2018,https://pt.wikipedia.org/wiki/Elei%C3%A7%C3%B5es_estaduais_em_Mato_Grosso_do_Sul_em_2018,1,29,6 a 12 de agosto de 2018,Ranking,283,283.0,duas_mencoes_agregadas,PCdoB,0.75,"0,75% (Fonseca)","Senado | Governo do Estado | Pré-campanha | Pesquisas de opinião | Nota: como em 2018 os eleitores escolhem dois senadores por estado, a soma dos percentuais atinge 200%, uma vez que os entrevistados podem optar por dois nomes. | Senado[editar | editar código]"
2018,MS,Eleições estaduais em Mato Grosso do Sul em 2018,https://pt.wikipedia.org/wiki/Elei%C3%A7%C3%B5es_estaduais_em_Mato_Grosso_do_Sul_em_2018,1,29,6 a 12 de agosto de 2018,Ranking,283,283.0,duas_mencoes_agregadas,PMB,3.08,"3,08% (Betini)","Senado | Governo do Estado | Pré-campanha | Pesquisas de opinião | Nota: como em 2018 os eleitores escolhem dois senadores por estado, a soma dos percentuais atinge 200%, uma vez que os entrevistados podem optar por dois nomes. | Senado[editar | editar código]"
2018,MS,Eleições estaduais em Mato Grosso do Sul em 2018,https://pt.wikipedia.org/wiki/Elei%C3%A7%C3%B5es_estaduais_em_Mato_Grosso_do_Sul_em_2018,1,29,6 a 12 de agosto de 2018,Ranking,283,283.0,duas_mencoes_agregadas,PODE,1.75,"1,75% (Figueiró)","Senado | Governo do Estado | Pré-campanha | Pesquisas de opinião | Nota: como em 2018 os eleitores escolhem dois senadores por estado, a soma dos percentuais atinge 200%, uma vez que os entrevistados podem optar por dois nomes. | Senado[editar | editar código]"
2018,MS,Eleições estaduais em Mato Grosso do Sul em 2018,https://pt.wikipedia.org/wiki/Elei%C3%A7%C3%B5es_estaduais_em_Mato_Grosso_do_Sul_em_2018,1,29,6 a 12 de agosto de 2018,Ranking,283,283.0,duas_mencoes_agregadas,PPL,0.75,"0,75% (Freitas)","Senado | Governo do Estado | Pré-campanha | Pesquisas de opinião | Nota: como em 2018 os eleitores escolhem dois senadores por estado, a soma dos percentuais atinge 200%, uma vez que os entrevistados podem optar por dois nomes. | Senado[editar | editar código]"
2018,MS,Eleições estaduais em Mato Grosso do Sul em 2018,https://pt.wikipedia.org/wiki/Elei%C3%A7%C3%B5es_estaduais_em_Mato_Grosso_do_Sul_em_2018,1,29,6 a 12 de agosto de 2018,Ranking,283,283.0,duas_mencoes_agregadas,PRB,7.83,"7,83% (Chaves)","Senado | Governo do Estado | Pré-campanha | Pesquisas de opinião | Nota: como em 2018 os eleitores escolhem dois senadores por estado, a soma dos percentuais atinge 200%, uma vez que os entrevistados podem optar por dois nomes. | Senado[editar | editar código]"
2018,MS,Eleições estaduais em Mato Grosso do Sul em 2018,https://pt.wikipedia.org/wiki/Elei%C3%A7%C3%B5es_estaduais_em_Mato_Grosso_do_Sul_em_2018,1,29,6 a 12 de agosto de 2018,Ranking,283,283.0,duas_mencoes_agregadas,PSL,2.0,2% (Soraya),"Senado | Governo do Estado | Pré-campanha | Pesquisas de opinião | Nota: como em 2018 os eleitores escolhem dois senadores por estado, a soma dos percentuais atinge 200%, uma vez que os entrevistados podem optar por dois nomes. | Senado[editar | editar código]"
2018,MS,Eleições estaduais em Mato Grosso do Sul em 2018,https://pt.wikipedia.org/wiki/Elei%C3%A7%C3%B5es_estaduais_em_Mato_Grosso_do_Sul_em_2018,1,29,6 a 12 de agosto de 2018,Ranking,283,283.0,duas_mencoes_agregadas,PSDB,3.41,"3,41% (Miglioli)","Senado | Governo do Estado | Pré-campanha | Pesquisas de opinião | Nota: como em 2018 os eleitores escolhem dois senadores por estado, a soma dos percentuais atinge 200%, uma vez que os entrevistados podem optar por dois nomes. | Senado[editar | editar código]"
2018,MS,Eleições estaduais em Mato Grosso do Sul em 2018,https://pt.wikipedia.org/wiki/Elei%C3%A7%C3%B5es_estaduais_em_Mato_Grosso_do_Sul_em_2018,1,29,6 a 12 de agosto de 2018,Ranking,283,283.0,duas_mencoes_agregadas,PSOL,1.5,"1,5% (Anísio)","Senado | Governo do Estado | Pré-campanha | Pesquisas de opinião | Nota: como em 2018 os eleitores escolhem dois senadores por estado, a soma dos percentuais atinge 200%, uma vez que os entrevistados podem optar por dois nomes. | Senado[editar | editar código]"
2018,MS,Eleições estaduais em Mato Grosso do Sul em 2018,https://pt.wikipedia.org/wiki/Elei%C3%A7%C3%B5es_estaduais_em_Mato_Grosso_do_Sul_em_2018,1,29,6 a 12 de agosto de 2018,Ranking,283,283.0,duas_mencoes_agregadas,PT,14.25,"14,25% (Zeca)","Senado | Governo do Estado | Pré-campanha | Pesquisas de opinião | Nota: como em 2018 os eleitores escolhem dois senadores por estado, a soma dos percentuais atinge 200%, uma vez que os entrevistados podem optar por dois nomes. | Senado[editar | editar código]"
2018,MS,Eleições estaduais em Mato Grosso do Sul em 2018,https://pt.wikipedia.org/wiki/Elei%C3%A7%C3%B5es_estaduais_em_Mato_Grosso_do_Sul_em_2018,1,29,6 a 12 de agosto de 2018,Ranking,283,283.0,duas_mencoes_agregadas,PTB,28.58,"28,58% (Nelsinho)","Senado | Governo do Estado | Pré-campanha | Pesquisas de opinião | Nota: como em 2018 os eleitores escolhem dois senadores por estado, a soma dos percentuais atinge 200%, uma vez que os entrevistados podem optar por dois nomes. | Senado[editar | editar código]"
2018,MS,Eleições estaduais em Mato Grosso do Sul em 2018,https://pt.wikipedia.org/wiki/Elei%C3%A7%C3%B5es_estaduais_em_Mato_Grosso_do_Sul_em_2018,1,29,6 a 12 de agosto de 2018,Ranking,283,283.0,duas_mencoes_agregadas,PTC,1.08,"1,08% (Nicolatti)","Senado | Governo do Estado | Pré-campanha | Pesquisas de opinião | Nota: como em 2018 os eleitores escolhem dois senadores por estado, a soma dos percentuais atinge 200%, uma vez que os entrevistados podem optar por dois nomes. | Senado[editar | editar código]"
2018,MS,Eleições estaduais em Mato Grosso do Sul em 2018,https://pt.wikipedia.org/wiki/Elei%C3%A7%C3%B5es_estaduais_em_Mato_Grosso_do_Sul_em_2018,1,30,6 a 12 de agosto de 2018,Ranking,283,283.0,duas_mencoes_agregadas,MDB,6.83,"6,83% (Moka)","Senado | Governo do Estado | Pré-campanha | Pesquisas de opinião | Nota: como em 2018 os eleitores escolhem dois senadores por estado, a soma dos percentuais atinge 200%, uma vez que os entrevistados podem optar por dois nomes. | Senado[editar | editar código]"
2018,MS,Eleições estaduais em Mato Grosso do Sul em 2018,https://pt.wikipedia.org/wiki/Elei%C3%A7%C3%B5es_estaduais_em_Mato_Grosso_do_Sul_em_2018,1,30,6 a 12 de agosto de 2018,Ranking,283,283.0,duas_mencoes_agregadas,PCdoB,1.16,"1,16% (Fonseca)","Senado | Governo do Estado | Pré-campanha | Pesquisas de opinião | Nota: como em 2018 os eleitores escolhem dois senadores por estado, a soma dos percentuais atinge 200%, uma vez que os entrevistados podem optar por dois nomes. | Senado[editar | editar código]"
2018,MS,Eleições estaduais em Mato Grosso do Sul em 2018,https://pt.wikipedia.org/wiki/Elei%C3%A7%C3%B5es_estaduais_em_Mato_Grosso_do_Sul_em_2018,1,30,6 a 12 de agosto de 2018,Ranking,283,283.0,duas_mencoes_agregadas,PMB,3.0,3% (Betini),"Senado | Governo do Estado | Pré-campanha | Pesquisas de opinião | Nota: como em 2018 os eleitores escolhem dois senadores por estado, a soma dos percentuais atinge 200%, uma vez que os entrevistados podem optar por dois nomes. | Senado[editar | editar código]"
2018,MS,Eleições estaduais em Mato Grosso do Sul em 2018,https://pt.wikipedia.org/wiki/Elei%C3%A7%C3%B5es_estaduais_em_Mato_Grosso_do_Sul_em_2018,1,30,6 a 12 de agosto de 2018,Ranking,283,283.0,duas_mencoes_agregadas,PODE,2.25,"2,25% (Figueiró)","Senado | Governo do Estado | Pré-campanha | Pesquisas de opinião | Nota: como em 2018 os eleitores escolhem dois senadores por estado, a soma dos percentuais atinge 200%, uma vez que os entrevistados podem optar por dois nomes. | Senado[editar | editar código]"
2018,MS,Eleições estaduais em Mato Grosso do Sul em 2018,https://pt.wikipedia.org/wiki/Elei%C3%A7%C3%B5es_estaduais_em_Mato_Grosso_do_Sul_em_2018,1,30,6 a 12 de agosto de 2018,Ranking,283,283.0,duas_mencoes_agregadas,PPL,1.91,"1,91% (Freitas)","Senado | Governo do Estado | Pré-campanha | Pesquisas de opinião | Nota: como em 2018 os eleitores escolhem dois senadores por estado, a soma dos percentuais atinge 200%, uma vez que os entrevistados podem optar por dois nomes. | Senado[editar | editar código]"
2018,MS,Eleições estaduais em Mato Grosso do Sul em 2018,https://pt.wikipedia.org/wiki/Elei%C3%A7%C3%B5es_estaduais_em_Mato_Grosso_do_Sul_em_2018,1,30,6 a 12 de agosto de 2018,Ranking,283,283.0,duas_mencoes_agregadas,PRB,5.66,"5,66% (Chaves)","Senado | Governo do Estado | Pré-campanha | Pesquisas de opinião | Nota: como em 2018 os eleitores escolhem dois senadores por estado, a soma dos percentuais atinge 200%, uma vez que os entrevistados podem optar por dois nomes. | Senado[editar | editar código]"
2018,MS,Eleições estaduais em Mato Grosso do Sul em 2018,https://pt.wikipedia.org/wiki/Elei%C3%A7%C3%B5es_estaduais_em_Mato_Grosso_do_Sul_em_2018,1,30,6 a 12 de agosto de 2018,Ranking,283,283.0,duas_mencoes_agregadas,PSL,1.0,1% (Soraya),"Senado | Governo do Estado | Pré-campanha | Pesquisas de opinião | Nota: como em 2018 os eleitores escolhem dois senadores por estado, a soma dos percentuais atinge 200%, uma vez que os entrevistados podem optar por dois nomes. | Senado[editar | editar código]"
2018,MS,Eleições estaduais em Mato Grosso do Sul em 2018,https://pt.wikipedia.org/wiki/Elei%C3%A7%C3%B5es_estaduais_em_Mato_Grosso_do_Sul_em_2018,1,30,6 a 12 de agosto de 2018,Ranking,283,283.0,duas_mencoes_agregadas,PSDB,3.16,"3,16% (Miglioli)","Senado | Governo do Estado | Pré-campanha | Pesquisas de opinião | Nota: como em 2018 os eleitores escolhem dois senadores por estado, a soma dos percentuais atinge 200%, uma vez que os entrevistados podem optar por dois nomes. | Senado[editar | editar código]"
2018,MS,Eleições estaduais em Mato Grosso do Sul em 2018,https://pt.wikipedia.org/wiki/Elei%C3%A7%C3%B5es_estaduais_em_Mato_Grosso_do_Sul_em_2018,1,30,6 a 12 de agosto de 2018,Ranking,283,283.0,duas_mencoes_agregadas,PSOL,1.66,"1,66% (Anísio)","Senado | Governo do Estado | Pré-campanha | Pesquisas de opinião | Nota: como em 2018 os eleitores escolhem dois senadores por estado, a soma dos percentuais atinge 200%, uma vez que os entrevistados podem optar por dois nomes. | Senado[editar | editar código]"
2018,MS,Eleições estaduais em Mato Grosso do Sul em 2018,https://pt.wikipedia.org/wiki/Elei%C3%A7%C3%B5es_estaduais_em_Mato_Grosso_do_Sul_em_2018,1,30,6 a 12 de agosto de 2018,Ranking,283,283.0,duas_mencoes_agregadas,PT,8.5,"8,5% (Zeca)","Senado | Governo do Estado | Pré-campanha | Pesquisas de opinião | Nota: como em 2018 os eleitores escolhem dois senadores por estado, a soma dos percentuais atinge 200%, uma vez que os entrevistados podem optar por dois nomes. | Senado[editar | editar código]"
2018,MS,Eleições estaduais em Mato Grosso do Sul em 2018,https://pt.wikipedia.org/wiki/Elei%C3%A7%C3%B5es_estaduais_em_Mato_Grosso_do_Sul_em_2018,1,30,6 a 12 de agosto de 2018,Ranking,283,283.0,duas_mencoes_agregadas,PTB,10.75,"10,75% (Nelsinho)","Senado | Governo do Estado | Pré-campanha | Pesquisas de opinião | Nota: como em 2018 os eleitores escolhem dois senadores por estado, a soma dos percentuais atinge 200%, uma vez que os entrevistados podem optar por dois nomes. | Senado[editar | editar código]"
2018,MS,Eleições estaduais em Mato Grosso do Sul em 2018,https://pt.wikipedia.org/wiki/Elei%C3%A7%C3%B5es_estaduais_em_Mato_Grosso_do_Sul_em_2018,1,30,6 a 12 de agosto de 2018,Ranking,283,283.0,duas_mencoes_agregadas,PTC,1.16,"1,16% (Nicolatti)","Senado | Governo do Estado | Pré-campanha | Pesquisas de opinião | Nota: como em 2018 os eleitores escolhem dois senadores por estado, a soma dos percentuais atinge 200%, uma vez que os entrevistados podem optar por dois nomes. | Senado[editar | editar código]"
2018,MS,Eleições estaduais em Mato Grosso do Sul em 2018,https://pt.wikipedia.org/wiki/Elei%C3%A7%C3%B5es_estaduais_em_Mato_Grosso_do_Sul_em_2018,2,1,24 de agosto de 2018,Ibope,±3%,3.0,duas_mencoes_agregadas,Nelsinho (PTB),34.0,34%,"Senado | Governo do Estado | Primeiro turno | Senado | Nota: como em 2018 os eleitores escolhem dois senadores por estado, a soma dos porcentuais atinge 200%, uma vez que os entrevistados podem optar por dois nomes. | Senado[editar | editar código]"
2018,MS,Eleições estaduais em Mato Grosso do Sul em 2018,https://pt.wikipedia.org/wiki/Elei%C3%A7%C3%B5es_estaduais_em_Mato_Grosso_do_Sul_em_2018,2,1,24 de agosto de 2018,Ibope,±3%,3.0,duas_mencoes_agregadas,Zeca do PT,29.0,29%,"Senado | Governo do Estado | Primeiro turno | Senado | Nota: como em 2018 os eleitores escolhem dois senadores por estado, a soma dos porcentuais atinge 200%, uma vez que os entrevistados podem optar por dois nomes. | Senado[editar | editar código]"
2018,MS,Eleições estaduais em Mato Grosso do Sul em 2018,https://pt.wikipedia.org/wiki/Elei%C3%A7%C3%B5es_estaduais_em_Mato_Grosso_do_Sul_em_2018,2,1,24 de agosto de 2018,Ibope,±3%,3.0,duas_mencoes_agregadas,Moka (MDB),20.0,20%,"Senado | Governo do Estado | Primeiro turno | Senado | Nota: como em 2018 os eleitores escolhem dois senadores por estado, a soma dos porcentuais atinge 200%, uma vez que os entrevistados podem optar por dois nomes. | Senado[editar | editar código]"
2018,MS,Eleições estaduais em Mato Grosso do Sul em 2018,https://pt.wikipedia.org/wiki/Elei%C3%A7%C3%B5es_estaduais_em_Mato_Grosso_do_Sul_em_2018,2,1,24 de agosto de 2018,Ibope,±3%,3.0,duas_mencoes_agregadas,Soraya (PSL),6.0,6%,"Senado | Governo do Estado | Primeiro turno | Senado | Nota: como em 2018 os eleitores escolhem dois senadores por estado, a soma dos porcentuais atinge 200%, uma vez que os entrevistados podem optar por dois nomes. | Senado[editar | editar código]"
2018,MS,Eleições estaduais em Mato Grosso do Sul em 2018,https://pt.wikipedia.org/wiki/Elei%C3%A7%C3%B5es_estaduais_em_Mato_Grosso_do_Sul_em_2018,2,1,24 de agosto de 2018,Ibope,±3%,3.0,duas_mencoes_agregadas,Miglioli (PSDB),3.0,3%,"Senado | Governo do Estado | Primeiro turno | Senado | Nota: como em 2018 os eleitores escolhem dois senadores por estado, a soma dos porcentuais atinge 200%, uma vez que os entrevistados podem optar por dois nomes. | Senado[editar | editar código]"
2018,MS,Eleições estaduais em Mato Grosso do Sul em 2018,https://pt.wikipedia.org/wiki/Elei%C3%A7%C3%B5es_estaduais_em_Mato_Grosso_do_Sul_em_2018,2,2,25 de agosto de 2018,IPR,"±2,9%",2.9,duas_mencoes_agregadas,Nelsinho (PTB),21.33,"21,33%","Senado | Governo do Estado | Primeiro turno | Senado | Nota: como em 2018 os eleitores escolhem dois senadores por estado, a soma dos porcentuais atinge 200%, uma vez que os entrevistados podem optar por dois nomes. | Senado[editar | editar código]"
2018,MS,Eleições estaduais em Mato Grosso do Sul em 2018,https://pt.wikipedia.org/wiki/Elei%C3%A7%C3%B5es_estaduais_em_Mato_Grosso_do_Sul_em_2018,2,2,25 de agosto de 2018,IPR,"±2,9%",2.9,duas_mencoes_agregadas,Zeca do PT,20.34,"20,34%","Senado | Governo do Estado | Primeiro turno | Senado | Nota: como em 2018 os eleitores escolhem dois senadores por estado, a soma dos porcentuais atinge 200%, uma vez que os entrevistados podem optar por dois nomes. | Senado[editar | editar código]"
2018,MS,Eleições estaduais em Mato Grosso do Sul em 2018,https://pt.wikipedia.org/wiki/Elei%C3%A7%C3%B5es_estaduais_em_Mato_Grosso_do_Sul_em_2018,2,2,25 de agosto de 2018,IPR,"±2,9%",2.9,duas_mencoes_agregadas,Moka (MDB),11.5,"11,5%","Senado | Governo do Estado | Primeiro turno | Senado | Nota: como em 2018 os eleitores escolhem dois senadores por estado, a soma dos porcentuais atinge 200%, uma vez que os entrevistados podem optar por dois nomes. | Senado[editar | editar código]"
2018,MS,Eleições estaduais em Mato Grosso do Sul em 2018,https://pt.wikipedia.org/wiki/Elei%C3%A7%C3%B5es_estaduais_em_Mato_Grosso_do_Sul_em_2018,2,2,25 de agosto de 2018,IPR,"±2,9%",2.9,duas_mencoes_agregadas,Soraya (PSL),2.92,"2,92%","Senado | Governo do Estado | Primeiro turno | Senado | Nota: como em 2018 os eleitores escolhem dois senadores por estado, a soma dos porcentuais atinge 200%, uma vez que os entrevistados podem optar por dois nomes. | Senado[editar | editar código]"
2018,MS,Eleições estaduais em Mato Grosso do Sul em 2018,https://pt.wikipedia.org/wiki/Elei%C3%A7%C3%B5es_estaduais_em_Mato_Grosso_do_Sul_em_2018,2,2,25 de agosto de 2018,IPR,"±2,9%",2.9,duas_mencoes_agregadas,Miglioli (PSDB),3.84,"3,84%","Senado | Governo do Estado | Primeiro turno | Senado | Nota: como em 2018 os eleitores escolhem dois senadores por estado, a soma dos porcentuais atinge 200%, uma vez que os entrevistados podem optar por dois nomes. | Senado[editar | editar código]"
2018,MS,Eleições estaduais em Mato Grosso do Sul em 2018,https://pt.wikipedia.org/wiki/Elei%C3%A7%C3%B5es_estaduais_em_Mato_Grosso_do_Sul_em_2018,2,3,27 de agosto de 2018,Real Time Big Data,±3%,3.0,duas_mencoes_agregadas,Nelsinho (PTB),34.0,34%,"Senado | Governo do Estado | Primeiro turno | Senado | Nota: como em 2018 os eleitores escolhem dois senadores por estado, a soma dos porcentuais atinge 200%, uma vez que os entrevistados podem optar por dois nomes. | Senado[editar | editar código]"
2018,MS,Eleições estaduais em Mato Grosso do Sul em 2018,https://pt.wikipedia.org/wiki/Elei%C3%A7%C3%B5es_estaduais_em_Mato_Grosso_do_Sul_em_2018,2,3,27 de agosto de 2018,Real Time Big Data,±3%,3.0,duas_mencoes_agregadas,Zeca do PT,24.0,24%,"Senado | Governo do Estado | Primeiro turno | Senado | Nota: como em 2018 os eleitores escolhem dois senadores por estado, a soma dos porcentuais atinge 200%, uma vez que os entrevistados podem optar por dois nomes. | Senado[editar | editar código]"
2018,MS,Eleições estaduais em Mato Grosso do Sul em 2018,https://pt.wikipedia.org/wiki/Elei%C3%A7%C3%B5es_estaduais_em_Mato_Grosso_do_Sul_em_2018,2,3,27 de agosto de 2018,Real Time Big Data,±3%,3.0,duas_mencoes_agregadas,Moka (MDB),21.0,21%,"Senado | Governo do Estado | Primeiro turno | Senado | Nota: como em 2018 os eleitores escolhem dois senadores por estado, a soma dos porcentuais atinge 200%, uma vez que os entrevistados podem optar por dois nomes. | Senado[editar | editar código]"
2018,MS,Eleições estaduais em Mato Grosso do Sul em 2018,https://pt.wikipedia.org/wiki/Elei%C3%A7%C3%B5es_estaduais_em_Mato_Grosso_do_Sul_em_2018,2,3,27 de agosto de 2018,Real Time Big Data,±3%,3.0,duas_mencoes_agregadas,Soraya (PSL),7.0,7%,"Senado | Governo do Estado | Primeiro turno | Senado | Nota: como em 2018 os eleitores escolhem dois senadores por estado, a soma dos porcentuais atinge 200%, uma vez que os entrevistados podem optar por dois nomes. | Senado[editar | editar código]"
2018,MS,Eleições estaduais em Mato Grosso do Sul em 2018,https://pt.wikipedia.org/wiki/Elei%C3%A7%C3%B5es_estaduais_em_Mato_Grosso_do_Sul_em_2018,2,3,27 de agosto de 2018,Real Time Big Data,±3%,3.0,duas_mencoes_agregadas,Miglioli (PSDB),8.0,8%,"Senado | Governo do Estado | Primeiro turno | Senado | Nota: como em 2018 os eleitores escolhem dois senadores por estado, a soma dos porcentuais atinge 200%, uma vez que os entrevistados podem optar por dois nomes. | Senado[editar | editar código]"
2018,MS,Eleições estaduais em Mato Grosso do Sul em 2018,https://pt.wikipedia.org/wiki/Elei%C3%A7%C3%B5es_estaduais_em_Mato_Grosso_do_Sul_em_2018,2,4,4 de setembro de 2018,Ranking,"±2,83%",2.83,duas_mencoes_agregadas,Nelsinho (PTB),38.41,"38,41%","Senado | Governo do Estado | Primeiro turno | Senado | Nota: como em 2018 os eleitores escolhem dois senadores por estado, a soma dos porcentuais atinge 200%, uma vez que os entrevistados podem optar por dois nomes. | Senado[editar | editar código]"
2018,MS,Eleições estaduais em Mato Grosso do Sul em 2018,https://pt.wikipedia.org/wiki/Elei%C3%A7%C3%B5es_estaduais_em_Mato_Grosso_do_Sul_em_2018,2,4,4 de setembro de 2018,Ranking,"±2,83%",2.83,duas_mencoes_agregadas,Zeca do PT,17.33,"17,33%","Senado | Governo do Estado | Primeiro turno | Senado | Nota: como em 2018 os eleitores escolhem dois senadores por estado, a soma dos porcentuais atinge 200%, uma vez que os entrevistados podem optar por dois nomes. | Senado[editar | editar código]"
2018,MS,Eleições estaduais em Mato Grosso do Sul em 2018,https://pt.wikipedia.org/wiki/Elei%C3%A7%C3%B5es_estaduais_em_Mato_Grosso_do_Sul_em_2018,2,4,4 de setembro de 2018,Ranking,"±2,83%",2.83,duas_mencoes_agregadas,Moka (MDB),13.58,"13,58%","Senado | Governo do Estado | Primeiro turno | Senado | Nota: como em 2018 os eleitores escolhem dois senadores por estado, a soma dos porcentuais atinge 200%, uma vez que os entrevistados podem optar por dois nomes. | Senado[editar | editar código]"
2018,MS,Eleições estaduais em Mato Grosso do Sul em 2018,https://pt.wikipedia.org/wiki/Elei%C3%A7%C3%B5es_estaduais_em_Mato_Grosso_do_Sul_em_2018,2,4,4 de setembro de 2018,Ranking,"±2,83%",2.83,duas_mencoes_agregadas,Soraya (PSL),4.91,"4,91%","Senado | Governo do Estado | Primeiro turno | Senado | Nota: como em 2018 os eleitores escolhem dois senadores por estado, a soma dos porcentuais atinge 200%, uma vez que os entrevistados podem optar por dois nomes. | Senado[editar | editar código]"
2018,MS,Eleições estaduais em Mato Grosso do Sul em 2018,https://pt.wikipedia.org/wiki/Elei%C3%A7%C3%B5es_estaduais_em_Mato_Grosso_do_Sul_em_2018,2,4,4 de setembro de 2018,Ranking,"±2,83%",2.83,duas_mencoes_agregadas,Miglioli (PSDB),6.58,"6,58%","Senado | Governo do Estado | Primeiro turno | Senado | Nota: como em 2018 os eleitores escolhem dois senadores por estado, a soma dos porcentuais atinge 200%, uma vez que os entrevistados podem optar por dois nomes. | Senado[editar | editar código]"
2018,MS,Eleições estaduais em Mato Grosso do Sul em 2018,https://pt.wikipedia.org/wiki/Elei%C3%A7%C3%B5es_estaduais_em_Mato_Grosso_do_Sul_em_2018,2,5,17 de setembro de 2018,Ranking,"±2,83%",2.83,duas_mencoes_agregadas,Nelsinho (PTB),40.41,"40,41%","Senado | Governo do Estado | Primeiro turno | Senado | Nota: como em 2018 os eleitores escolhem dois senadores por estado, a soma dos porcentuais atinge 200%, uma vez que os entrevistados podem optar por dois nomes. | Senado[editar | editar código]"
2018,MS,Eleições estaduais em Mato Grosso do Sul em 2018,https://pt.wikipedia.org/wiki/Elei%C3%A7%C3%B5es_estaduais_em_Mato_Grosso_do_Sul_em_2018,2,5,17 de setembro de 2018,Ranking,"±2,83%",2.83,duas_mencoes_agregadas,Zeca do PT,18.08,"18,08%","Senado | Governo do Estado | Primeiro turno | Senado | Nota: como em 2018 os eleitores escolhem dois senadores por estado, a soma dos porcentuais atinge 200%, uma vez que os entrevistados podem optar por dois nomes. | Senado[editar | editar código]"
2018,MS,Eleições estaduais em Mato Grosso do Sul em 2018,https://pt.wikipedia.org/wiki/Elei%C3%A7%C3%B5es_estaduais_em_Mato_Grosso_do_Sul_em_2018,2,5,17 de setembro de 2018,Ranking,"±2,83%",2.83,duas_mencoes_agregadas,Moka (MDB),17.16,"17,16%","Senado | Governo do Estado | Primeiro turno | Senado | Nota: como em 2018 os eleitores escolhem dois senadores por estado, a soma dos porcentuais atinge 200%, uma vez que os entrevistados podem optar por dois nomes. | Senado[editar | editar código]"
2018,MS,Eleições estaduais em Mato Grosso do Sul em 2018,https://pt.wikipedia.org/wiki/Elei%C3%A7%C3%B5es_estaduais_em_Mato_Grosso_do_Sul_em_2018,2,5,17 de setembro de 2018,Ranking,"±2,83%",2.83,duas_mencoes_agregadas,Soraya (PSL),8.08,"8,08%","Senado | Governo do Estado | Primeiro turno | Senado | Nota: como em 2018 os eleitores escolhem dois senadores por estado, a soma dos porcentuais atinge 200%, uma vez que os entrevistados podem optar por dois nomes. | Senado[editar | editar código]"
2018,MS,Eleições estaduais em Mato Grosso do Sul em 2018,https://pt.wikipedia.org/wiki/Elei%C3%A7%C3%B5es_estaduais_em_Mato_Grosso_do_Sul_em_2018,2,5,17 de setembro de 2018,Ranking,"±2,83%",2.83,duas_mencoes_agregadas,Miglioli (PSDB),5.66,"5,66%","Senado | Governo do Estado | Primeiro turno | Senado | Nota: como em 2018 os eleitores escolhem dois senadores por estado, a soma dos porcentuais atinge 200%, uma vez que os entrevistados podem optar por dois nomes. | Senado[editar | editar código]"
2018,MS,Eleições estaduais em Mato Grosso do Sul em 2018,https://pt.wikipedia.org/wiki/Elei%C3%A7%C3%B5es_estaduais_em_Mato_Grosso_do_Sul_em_2018,2,6,21 de setembro de 2018,Ranking,"±2,83%",2.83,duas_mencoes_agregadas,Nelsinho (PTB),38.16,"38,16%","Senado | Governo do Estado | Primeiro turno | Senado | Nota: como em 2018 os eleitores escolhem dois senadores por estado, a soma dos porcentuais atinge 200%, uma vez que os entrevistados podem optar por dois nomes. | Senado[editar | editar código]"
2018,MS,Eleições estaduais em Mato Grosso do Sul em 2018,https://pt.wikipedia.org/wiki/Elei%C3%A7%C3%B5es_estaduais_em_Mato_Grosso_do_Sul_em_2018,2,6,21 de setembro de 2018,Ranking,"±2,83%",2.83,duas_mencoes_agregadas,Zeca do PT,19.0,19%,"Senado | Governo do Estado | Primeiro turno | Senado | Nota: como em 2018 os eleitores escolhem dois senadores por estado, a soma dos porcentuais atinge 200%, uma vez que os entrevistados podem optar por dois nomes. | Senado[editar | editar código]"
2018,MS,Eleições estaduais em Mato Grosso do Sul em 2018,https://pt.wikipedia.org/wiki/Elei%C3%A7%C3%B5es_estaduais_em_Mato_Grosso_do_Sul_em_2018,2,6,21 de setembro de 2018,Ranking,"±2,83%",2.83,duas_mencoes_agregadas,Moka (MDB),19.41,"19,41%","Senado | Governo do Estado | Primeiro turno | Senado | Nota: como em 2018 os eleitores escolhem dois senadores por estado, a soma dos porcentuais atinge 200%, uma vez que os entrevistados podem optar por dois nomes. | Senado[editar | editar código]"
2018,MS,Eleições estaduais em Mato Grosso do Sul em 2018,https://pt.wikipedia.org/wiki/Elei%C3%A7%C3%B5es_estaduais_em_Mato_Grosso_do_Sul_em_2018,2,6,21 de setembro de 2018,Ranking,"±2,83%",2.83,duas_mencoes_agregadas,Soraya (PSL),3.58,"3,58%","Senado | Governo do Estado | Primeiro turno | Senado | Nota: como em 2018 os eleitores escolhem dois senadores por estado, a soma dos porcentuais atinge 200%, uma vez que os entrevistados podem optar por dois nomes. | Senado[editar | editar código]"
2018,MS,Eleições estaduais em Mato Grosso do Sul em 2018,https://pt.wikipedia.org/wiki/Elei%C3%A7%C3%B5es_estaduais_em_Mato_Grosso_do_Sul_em_2018,2,6,21 de setembro de 2018,Ranking,"±2,83%",2.83,duas_mencoes_agregadas,Miglioli (PSDB),10.16,"10,16%","Senado | Governo do Estado | Primeiro turno | Senado | Nota: como em 2018 os eleitores escolhem dois senadores por estado, a soma dos porcentuais atinge 200%, uma vez que os entrevistados podem optar por dois nomes. | Senado[editar | editar código]"
2018,MS,Eleições estaduais em Mato Grosso do Sul em 2018,https://pt.wikipedia.org/wiki/Elei%C3%A7%C3%B5es_estaduais_em_Mato_Grosso_do_Sul_em_2018,2,7,24 de setembro de 2018,Ibope,±3%,3.0,duas_mencoes_agregadas,Nelsinho (PTB),33.0,33%,"Senado | Governo do Estado | Primeiro turno | Senado | Nota: como em 2018 os eleitores escolhem dois senadores por estado, a soma dos porcentuais atinge 200%, uma vez que os entrevistados podem optar por dois nomes. | Senado[editar | editar código]"
2018,MS,Eleições estaduais em Mato Grosso do Sul em 2018,https://pt.wikipedia.org/wiki/Elei%C3%A7%C3%B5es_estaduais_em_Mato_Grosso_do_Sul_em_2018,2,7,24 de setembro de 2018,Ibope,±3%,3.0,duas_mencoes_agregadas,Zeca do PT,30.0,30%,"Senado | Governo do Estado | Primeiro turno | Senado | Nota: como em 2018 os eleitores escolhem dois senadores por estado, a soma dos porcentuais atinge 200%, uma vez que os entrevistados podem optar por dois nomes. | Senado[editar | editar código]"
2018,MS,Eleições estaduais em Mato Grosso do Sul em 2018,https://pt.wikipedia.org/wiki/Elei%C3%A7%C3%B5es_estaduais_em_Mato_Grosso_do_Sul_em_2018,2,7,24 de setembro de 2018,Ibope,±3%,3.0,duas_mencoes_agregadas,Moka (MDB),19.0,19%,"Senado | Governo do Estado | Primeiro turno | Senado | Nota: como em 2018 os eleitores escolhem dois senadores por estado, a soma dos porcentuais atinge 200%, uma vez que os entrevistados podem optar por dois nomes. | Senado[editar | editar código]"
2018,MS,Eleições estaduais em Mato Grosso do Sul em 2018,https://pt.wikipedia.org/wiki/Elei%C3%A7%C3%B5es_estaduais_em_Mato_Grosso_do_Sul_em_2018,2,7,24 de setembro de 2018,Ibope,±3%,3.0,duas_mencoes_agregadas,Delcídio (PTC),14.0,14%,"Senado | Governo do Estado | Primeiro turno | Senado | Nota: como em 2018 os eleitores escolhem dois senadores por estado, a soma dos porcentuais atinge 200%, uma vez que os entrevistados podem optar por dois nomes. | Senado[editar | editar código]"
2018,MS,Eleições estaduais em Mato Grosso do Sul em 2018,https://pt.wikipedia.org/wiki/Elei%C3%A7%C3%B5es_estaduais_em_Mato_Grosso_do_Sul_em_2018,2,7,24 de setembro de 2018,Ibope,±3%,3.0,duas_mencoes_agregadas,Soraya (PSL),4.0,4%,"Senado | Governo do Estado | Primeiro turno | Senado | Nota: como em 2018 os eleitores escolhem dois senadores por estado, a soma dos porcentuais atinge 200%, uma vez que os entrevistados podem optar por dois nomes. | Senado[editar | editar código]"
2018,MS,Eleições estaduais em Mato Grosso do Sul em 2018,https://pt.wikipedia.org/wiki/Elei%C3%A7%C3%B5es_estaduais_em_Mato_Grosso_do_Sul_em_2018,2,7,24 de setembro de 2018,Ibope,±3%,3.0,duas_mencoes_agregadas,Miglioli (PSDB),8.0,8%,"Senado | Governo do Estado | Primeiro turno | Senado | Nota: como em 2018 os eleitores escolhem dois senadores por estado, a soma dos porcentuais atinge 200%, uma vez que os entrevistados podem optar por dois nomes. | Senado[editar | editar código]"
2018,MS,Eleições estaduais em Mato Grosso do Sul em 2018,https://pt.wikipedia.org/wiki/Elei%C3%A7%C3%B5es_estaduais_em_Mato_Grosso_do_Sul_em_2018,2,8,26 de setembro de 2018,Ranking,"±2,83%",2.83,duas_mencoes_agregadas,Nelsinho (PTB),38.25,"38,25%","Senado | Governo do Estado | Primeiro turno | Senado | Nota: como em 2018 os eleitores escolhem dois senadores por estado, a soma dos porcentuais atinge 200%, uma vez que os entrevistados podem optar por dois nomes. | Senado[editar | editar código]"
2018,MS,Eleições estaduais em Mato Grosso do Sul em 2018,https://pt.wikipedia.org/wiki/Elei%C3%A7%C3%B5es_estaduais_em_Mato_Grosso_do_Sul_em_2018,2,8,26 de setembro de 2018,Ranking,"±2,83%",2.83,duas_mencoes_agregadas,Zeca do PT,19.41,"19,41%","Senado | Governo do Estado | Primeiro turno | Senado | Nota: como em 2018 os eleitores escolhem dois senadores por estado, a soma dos porcentuais atinge 200%, uma vez que os entrevistados podem optar por dois nomes. | Senado[editar | editar código]"
2018,MS,Eleições estaduais em Mato Grosso do Sul em 2018,https://pt.wikipedia.org/wiki/Elei%C3%A7%C3%B5es_estaduais_em_Mato_Grosso_do_Sul_em_2018,2,8,26 de setembro de 2018,Ranking,"±2,83%",2.83,duas_mencoes_agregadas,Moka (MDB),21.58,"21,58%","Senado | Governo do Estado | Primeiro turno | Senado | Nota: como em 2018 os eleitores escolhem dois senadores por estado, a soma dos porcentuais atinge 200%, uma vez que os entrevistados podem optar por dois nomes. | Senado[editar | editar código]"
2018,MS,Eleições estaduais em Mato Grosso do Sul em 2018,https://pt.wikipedia.org/wiki/Elei%C3%A7%C3%B5es_estaduais_em_Mato_Grosso_do_Sul_em_2018,2,8,26 de setembro de 2018,Ranking,"±2,83%",2.83,duas_mencoes_agregadas,Delcídio (PTC),14.25,"14,25%","Senado | Governo do Estado | Primeiro turno | Senado | Nota: como em 2018 os eleitores escolhem dois senadores por estado, a soma dos porcentuais atinge 200%, uma vez que os entrevistados podem optar por dois nomes. | Senado[editar | editar código]"
2018,MS,Eleições estaduais em Mato Grosso do Sul em 2018,https://pt.wikipedia.org/wiki/Elei%C3%A7%C3%B5es_estaduais_em_Mato_Grosso_do_Sul_em_2018,2,8,26 de setembro de 2018,Ranking,"±2,83%",2.83,duas_mencoes_agregadas,Soraya (PSL),5.58,"5,58%","Senado | Governo do Estado | Primeiro turno | Senado | Nota: como em 2018 os eleitores escolhem dois senadores por estado, a soma dos porcentuais atinge 200%, uma vez que os entrevistados podem optar por dois nomes. | Senado[editar | editar código]"
2018,MS,Eleições estaduais em Mato Grosso do Sul em 2018,https://pt.wikipedia.org/wiki/Elei%C3%A7%C3%B5es_estaduais_em_Mato_Grosso_do_Sul_em_2018,2,8,26 de setembro de 2018,Ranking,"±2,83%",2.83,duas_mencoes_agregadas,Miglioli (PSDB),11.58,"11,58%","Senado | Governo do Estado | Primeiro turno | Senado | Nota: como em 2018 os eleitores escolhem dois senadores por estado, a soma dos porcentuais atinge 200%, uma vez que os entrevistados podem optar por dois nomes. | Senado[editar | editar código]"
2018,MS,Eleições estaduais em Mato Grosso do Sul em 2018,https://pt.wikipedia.org/wiki/Elei%C3%A7%C3%B5es_estaduais_em_Mato_Grosso_do_Sul_em_2018,2,9,1º de outubro de 2018,Ranking,"±2,83%",2.83,duas_mencoes_agregadas,Nelsinho (PTB),37.25,"37,25%","Senado | Governo do Estado | Primeiro turno | Senado | Nota: como em 2018 os eleitores escolhem dois senadores por estado, a soma dos porcentuais atinge 200%, uma vez que os entrevistados podem optar por dois nomes. | Senado[editar | editar código]"
2018,MS,Eleições estaduais em Mato Grosso do Sul em 2018,https://pt.wikipedia.org/wiki/Elei%C3%A7%C3%B5es_estaduais_em_Mato_Grosso_do_Sul_em_2018,2,9,1º de outubro de 2018,Ranking,"±2,83%",2.83,duas_mencoes_agregadas,Zeca do PT,20.83,"20,83%","Senado | Governo do Estado | Primeiro turno | Senado | Nota: como em 2018 os eleitores escolhem dois senadores por estado, a soma dos porcentuais atinge 200%, uma vez que os entrevistados podem optar por dois nomes. | Senado[editar | editar código]"
2018,MS,Eleições estaduais em Mato Grosso do Sul em 2018,https://pt.wikipedia.org/wiki/Elei%C3%A7%C3%B5es_estaduais_em_Mato_Grosso_do_Sul_em_2018,2,9,1º de outubro de 2018,Ranking,"±2,83%",2.83,duas_mencoes_agregadas,Moka (MDB),22.16,"22,16%","Senado | Governo do Estado | Primeiro turno | Senado | Nota: como em 2018 os eleitores escolhem dois senadores por estado, a soma dos porcentuais atinge 200%, uma vez que os entrevistados podem optar por dois nomes. | Senado[editar | editar código]"
2018,MS,Eleições estaduais em Mato Grosso do Sul em 2018,https://pt.wikipedia.org/wiki/Elei%C3%A7%C3%B5es_estaduais_em_Mato_Grosso_do_Sul_em_2018,2,9,1º de outubro de 2018,Ranking,"±2,83%",2.83,duas_mencoes_agregadas,Delcídio (PTC),17.41,"17,41%","Senado | Governo do Estado | Primeiro turno | Senado | Nota: como em 2018 os eleitores escolhem dois senadores por estado, a soma dos porcentuais atinge 200%, uma vez que os entrevistados podem optar por dois nomes. | Senado[editar | editar código]"
2018,MS,Eleições estaduais em Mato Grosso do Sul em 2018,https://pt.wikipedia.org/wiki/Elei%C3%A7%C3%B5es_estaduais_em_Mato_Grosso_do_Sul_em_2018,2,9,1º de outubro de 2018,Ranking,"±2,83%",2.83,duas_mencoes_agregadas,Soraya (PSL),16.16,"16,16%","Senado | Governo do Estado | Primeiro turno | Senado | Nota: como em 2018 os eleitores escolhem dois senadores por estado, a soma dos porcentuais atinge 200%, uma vez que os entrevistados podem optar por dois nomes. | Senado[editar | editar código]"
2018,MS,Eleições estaduais em Mato Grosso do Sul em 2018,https://pt.wikipedia.org/wiki/Elei%C3%A7%C3%B5es_estaduais_em_Mato_Grosso_do_Sul_em_2018,2,9,1º de outubro de 2018,Ranking,"±2,83%",2.83,duas_mencoes_agregadas,Miglioli (PSDB),7.41,"7,41%","Senado | Governo do Estado | Primeiro turno | Senado | Nota: como em 2018 os eleitores escolhem dois senadores por estado, a soma dos porcentuais atinge 200%, uma vez que os entrevistados podem optar por dois nomes. | Senado[editar | editar código]"
2018,MS,Eleições estaduais em Mato Grosso do Sul em 2018,https://pt.wikipedia.org/wiki/Elei%C3%A7%C3%B5es_estaduais_em_Mato_Grosso_do_Sul_em_2018,2,10,1º de outubro de 2018,DATAmax,±3%,3.0,duas_mencoes_agregadas,Nelsinho (PTB),26.3,"26,3%","Senado | Governo do Estado | Primeiro turno | Senado | Nota: como em 2018 os eleitores escolhem dois senadores por estado, a soma dos porcentuais atinge 200%, uma vez que os entrevistados podem optar por dois nomes. | Senado[editar | editar código]"
2018,MS,Eleições estaduais em Mato Grosso do Sul em 2018,https://pt.wikipedia.org/wiki/Elei%C3%A7%C3%B5es_estaduais_em_Mato_Grosso_do_Sul_em_2018,2,10,1º de outubro de 2018,DATAmax,±3%,3.0,duas_mencoes_agregadas,Zeca do PT,24.4,"24,4%","Senado | Governo do Estado | Primeiro turno | Senado | Nota: como em 2018 os eleitores escolhem dois senadores por estado, a soma dos porcentuais atinge 200%, uma vez que os entrevistados podem optar por dois nomes. | Senado[editar | editar código]"
2018,MS,Eleições estaduais em Mato Grosso do Sul em 2018,https://pt.wikipedia.org/wiki/Elei%C3%A7%C3%B5es_estaduais_em_Mato_Grosso_do_Sul_em_2018,2,10,1º de outubro de 2018,DATAmax,±3%,3.0,duas_mencoes_agregadas,Moka (MDB),18.0,18%,"Senado | Governo do Estado | Primeiro turno | Senado | Nota: como em 2018 os eleitores escolhem dois senadores por estado, a soma dos porcentuais atinge 200%, uma vez que os entrevistados podem optar por dois nomes. | Senado[editar | editar código]"
2018,MS,Eleições estaduais em Mato Grosso do Sul em 2018,https://pt.wikipedia.org/wiki/Elei%C3%A7%C3%B5es_estaduais_em_Mato_Grosso_do_Sul_em_2018,2,10,1º de outubro de 2018,DATAmax,±3%,3.0,duas_mencoes_agregadas,Delcídio (PTC),16.1,"16,1%","Senado | Governo do Estado | Primeiro turno | Senado | Nota: como em 2018 os eleitores escolhem dois senadores por estado, a soma dos porcentuais atinge 200%, uma vez que os entrevistados podem optar por dois nomes. | Senado[editar | editar código]"
2018,MS,Eleições estaduais em Mato Grosso do Sul em 2018,https://pt.wikipedia.org/wiki/Elei%C3%A7%C3%B5es_estaduais_em_Mato_Grosso_do_Sul_em_2018,2,10,1º de outubro de 2018,DATAmax,±3%,3.0,duas_mencoes_agregadas,Soraya (PSL),12.0,12%,"Senado | Governo do Estado | Primeiro turno | Senado | Nota: como em 2018 os eleitores escolhem dois senadores por estado, a soma dos porcentuais atinge 200%, uma vez que os entrevistados podem optar por dois nomes. | Senado[editar | editar código]"
2018,MS,Eleições estaduais em Mato Grosso do Sul em 2018,https://pt.wikipedia.org/wiki/Elei%C3%A7%C3%B5es_estaduais_em_Mato_Grosso_do_Sul_em_2018,2,10,1º de outubro de 2018,DATAmax,±3%,3.0,duas_mencoes_agregadas,Miglioli (PSDB),8.5,"8,5%","Senado | Governo do Estado | Primeiro turno | Senado | Nota: como em 2018 os eleitores escolhem dois senadores por estado, a soma dos porcentuais atinge 200%, uma vez que os entrevistados podem optar por dois nomes. | Senado[editar | editar código]"
2018,MS,Eleições estaduais em Mato Grosso do Sul em 2018,https://pt.wikipedia.org/wiki/Elei%C3%A7%C3%B5es_estaduais_em_Mato_Grosso_do_Sul_em_2018,2,11,3 de outubro de 2018,Ipems,"±2,53%",2.53,duas_mencoes_agregadas,Nelsinho (PTB),30.85,"30,85%","Senado | Governo do Estado | Primeiro turno | Senado | Nota: como em 2018 os eleitores escolhem dois senadores por estado, a soma dos porcentuais atinge 200%, uma vez que os entrevistados podem optar por dois nomes. | Senado[editar | editar código]"
2018,MS,Eleições estaduais em Mato Grosso do Sul em 2018,https://pt.wikipedia.org/wiki/Elei%C3%A7%C3%B5es_estaduais_em_Mato_Grosso_do_Sul_em_2018,2,11,3 de outubro de 2018,Ipems,"±2,53%",2.53,duas_mencoes_agregadas,Zeca do PT,24.9,"24,9%","Senado | Governo do Estado | Primeiro turno | Senado | Nota: como em 2018 os eleitores escolhem dois senadores por estado, a soma dos porcentuais atinge 200%, uma vez que os entrevistados podem optar por dois nomes. | Senado[editar | editar código]"
2018,MS,Eleições estaduais em Mato Grosso do Sul em 2018,https://pt.wikipedia.org/wiki/Elei%C3%A7%C3%B5es_estaduais_em_Mato_Grosso_do_Sul_em_2018,2,11,3 de outubro de 2018,Ipems,"±2,53%",2.53,duas_mencoes_agregadas,Moka (MDB),18.83,"18,83%","Senado | Governo do Estado | Primeiro turno | Senado | Nota: como em 2018 os eleitores escolhem dois senadores por estado, a soma dos porcentuais atinge 200%, uma vez que os entrevistados podem optar por dois nomes. | Senado[editar | editar código]"
2018,MS,Eleições estaduais em Mato Grosso do Sul em 2018,https://pt.wikipedia.org/wiki/Elei%C3%A7%C3%B5es_estaduais_em_Mato_Grosso_do_Sul_em_2018,2,11,3 de outubro de 2018,Ipems,"±2,53%",2.53,duas_mencoes_agregadas,Delcídio (PTC),17.08,"17,08%","Senado | Governo do Estado | Primeiro turno | Senado | Nota: como em 2018 os eleitores escolhem dois senadores por estado, a soma dos porcentuais atinge 200%, uma vez que os entrevistados podem optar por dois nomes. | Senado[editar | editar código]"
2018,MS,Eleições estaduais em Mato Grosso do Sul em 2018,https://pt.wikipedia.org/wiki/Elei%C3%A7%C3%B5es_estaduais_em_Mato_Grosso_do_Sul_em_2018,2,11,3 de outubro de 2018,Ipems,"±2,53%",2.53,duas_mencoes_agregadas,Soraya (PSL),10.69,"10,69%","Senado | Governo do Estado | Primeiro turno | Senado | Nota: como em 2018 os eleitores escolhem dois senadores por estado, a soma dos porcentuais atinge 200%, uma vez que os entrevistados podem optar por dois nomes. | Senado[editar | editar código]"
2018,MS,Eleições estaduais em Mato Grosso do Sul em 2018,https://pt.wikipedia.org/wiki/Elei%C3%A7%C3%B5es_estaduais_em_Mato_Grosso_do_Sul_em_2018,2,11,3 de outubro de 2018,Ipems,"±2,53%",2.53,duas_mencoes_agregadas,Miglioli (PSDB),10.65,"10,65%","Senado | Governo do Estado | Primeiro turno | Senado | Nota: como em 2018 os eleitores escolhem dois senadores por estado, a soma dos porcentuais atinge 200%, uma vez que os entrevistados podem optar por dois nomes. | Senado[editar | editar código]"
2018,MS,Eleições estaduais em Mato Grosso do Sul em 2018,https://pt.wikipedia.org/wiki/Elei%C3%A7%C3%B5es_estaduais_em_Mato_Grosso_do_Sul_em_2018,2,12,4 de outubro de 2018,Ranking,"±2,83%",2.83,duas_mencoes_agregadas,Nelsinho (PTB),36.5,"36,5%","Senado | Governo do Estado | Primeiro turno | Senado | Nota: como em 2018 os eleitores escolhem dois senadores por estado, a soma dos porcentuais atinge 200%, uma vez que os entrevistados podem optar por dois nomes. | Senado[editar | editar código]"
2018,MS,Eleições estaduais em Mato Grosso do Sul em 2018,https://pt.wikipedia.org/wiki/Elei%C3%A7%C3%B5es_estaduais_em_Mato_Grosso_do_Sul_em_2018,2,12,4 de outubro de 2018,Ranking,"±2,83%",2.83,duas_mencoes_agregadas,Zeca do PT,20.75,"20,75%","Senado | Governo do Estado | Primeiro turno | Senado | Nota: como em 2018 os eleitores escolhem dois senadores por estado, a soma dos porcentuais atinge 200%, uma vez que os entrevistados podem optar por dois nomes. | Senado[editar | editar código]"
2018,MS,Eleições estaduais em Mato Grosso do Sul em 2018,https://pt.wikipedia.org/wiki/Elei%C3%A7%C3%B5es_estaduais_em_Mato_Grosso_do_Sul_em_2018,2,12,4 de outubro de 2018,Ranking,"±2,83%",2.83,duas_mencoes_agregadas,Moka (MDB),22.5,"22,5%","Senado | Governo do Estado | Primeiro turno | Senado | Nota: como em 2018 os eleitores escolhem dois senadores por estado, a soma dos porcentuais atinge 200%, uma vez que os entrevistados podem optar por dois nomes. | Senado[editar | editar código]"
2018,MS,Eleições estaduais em Mato Grosso do Sul em 2018,https://pt.wikipedia.org/wiki/Elei%C3%A7%C3%B5es_estaduais_em_Mato_Grosso_do_Sul_em_2018,2,12,4 de outubro de 2018,Ranking,"±2,83%",2.83,duas_mencoes_agregadas,Delcídio (PTC),18.75,"18,75%","Senado | Governo do Estado | Primeiro turno | Senado | Nota: como em 2018 os eleitores escolhem dois senadores por estado, a soma dos porcentuais atinge 200%, uma vez que os entrevistados podem optar por dois nomes. | Senado[editar | editar código]"
2018,MS,Eleições estaduais em Mato Grosso do Sul em 2018,https://pt.wikipedia.org/wiki/Elei%C3%A7%C3%B5es_estaduais_em_Mato_Grosso_do_Sul_em_2018,2,12,4 de outubro de 2018,Ranking,"±2,83%",2.83,duas_mencoes_agregadas,Soraya (PSL),17.5,"17,5%","Senado | Governo do Estado | Primeiro turno | Senado | Nota: como em 2018 os eleitores escolhem dois senadores por estado, a soma dos porcentuais atinge 200%, uma vez que os entrevistados podem optar por dois nomes. | Senado[editar | editar código]"
2018,MS,Eleições estaduais em Mato Grosso do Sul em 2018,https://pt.wikipedia.org/wiki/Elei%C3%A7%C3%B5es_estaduais_em_Mato_Grosso_do_Sul_em_2018,2,12,4 de outubro de 2018,Ranking,"±2,83%",2.83,duas_mencoes_agregadas,Miglioli (PSDB),7.66,"7,66%","Senado | Governo do Estado | Primeiro turno | Senado | Nota: como em 2018 os eleitores escolhem dois senadores por estado, a soma dos porcentuais atinge 200%, uma vez que os entrevistados podem optar por dois nomes. | Senado[editar | editar código]"
2018,MS,Eleições estaduais em Mato Grosso do Sul em 2018,https://pt.wikipedia.org/wiki/Elei%C3%A7%C3%B5es_estaduais_em_Mato_Grosso_do_Sul_em_2018,2,13,4 de outubro de 2018,Ibrape,±3%,3.0,duas_mencoes_agregadas,Nelsinho (PTB),28.0,28%,"Senado | Governo do Estado | Primeiro turno | Senado | Nota: como em 2018 os eleitores escolhem dois senadores por estado, a soma dos porcentuais atinge 200%, uma vez que os entrevistados podem optar por dois nomes. | Senado[editar | editar código]"
2018,MS,Eleições estaduais em Mato Grosso do Sul em 2018,https://pt.wikipedia.org/wiki/Elei%C3%A7%C3%B5es_estaduais_em_Mato_Grosso_do_Sul_em_2018,2,13,4 de outubro de 2018,Ibrape,±3%,3.0,duas_mencoes_agregadas,Zeca do PT,26.0,26%,"Senado | Governo do Estado | Primeiro turno | Senado | Nota: como em 2018 os eleitores escolhem dois senadores por estado, a soma dos porcentuais atinge 200%, uma vez que os entrevistados podem optar por dois nomes. | Senado[editar | editar código]"
2018,MS,Eleições estaduais em Mato Grosso do Sul em 2018,https://pt.wikipedia.org/wiki/Elei%C3%A7%C3%B5es_estaduais_em_Mato_Grosso_do_Sul_em_2018,2,13,4 de outubro de 2018,Ibrape,±3%,3.0,duas_mencoes_agregadas,Moka (MDB),25.0,25%,"Senado | Governo do Estado | Primeiro turno | Senado | Nota: como em 2018 os eleitores escolhem dois senadores por estado, a soma dos porcentuais atinge 200%, uma vez que os entrevistados podem optar por dois nomes. | Senado[editar | editar código]"
2018,MS,Eleições estaduais em Mato Grosso do Sul em 2018,https://pt.wikipedia.org/wiki/Elei%C3%A7%C3%B5es_estaduais_em_Mato_Grosso_do_Sul_em_2018,2,13,4 de outubro de 2018,Ibrape,±3%,3.0,duas_mencoes_agregadas,Delcídio (PTC),18.0,18%,"Senado | Governo do Estado | Primeiro turno | Senado | Nota: como em 2018 os eleitores escolhem dois senadores por estado, a soma dos porcentuais atinge 200%, uma vez que os entrevistados podem optar por dois nomes. | Senado[editar | editar código]"
2018,MS,Eleições estaduais em Mato Grosso do Sul em 2018,https://pt.wikipedia.org/wiki/Elei%C3%A7%C3%B5es_estaduais_em_Mato_Grosso_do_Sul_em_2018,2,13,4 de outubro de 2018,Ibrape,±3%,3.0,duas_mencoes_agregadas,Soraya (PSL),16.0,16%,"Senado | Governo do Estado | Primeiro turno | Senado | Nota: como em 2018 os eleitores escolhem dois senadores por estado, a soma dos porcentuais atinge 200%, uma vez que os entrevistados podem optar por dois nomes. | Senado[editar | editar código]"
2018,MS,Eleições estaduais em Mato Grosso do Sul em 2018,https://pt.wikipedia.org/wiki/Elei%C3%A7%C3%B5es_estaduais_em_Mato_Grosso_do_Sul_em_2018,2,13,4 de outubro de 2018,Ibrape,±3%,3.0,duas_mencoes_agregadas,Miglioli (PSDB),14.0,14%,"Senado | Governo do Estado | Primeiro turno | Senado | Nota: como em 2018 os eleitores escolhem dois senadores por estado, a soma dos porcentuais atinge 200%, uma vez que os entrevistados podem optar por dois nomes. | Senado[editar | editar código]"
2018,MS,Eleições estaduais em Mato Grosso do Sul em 2018,https://pt.wikipedia.org/wiki/Elei%C3%A7%C3%B5es_estaduais_em_Mato_Grosso_do_Sul_em_2018,2,14,4 de outubro de 2018,Real Time Big Data,±3%,3.0,duas_mencoes_agregadas,Nelsinho (PTB),33.0,33%,"Senado | Governo do Estado | Primeiro turno | Senado | Nota: como em 2018 os eleitores escolhem dois senadores por estado, a soma dos porcentuais atinge 200%, uma vez que os entrevistados podem optar por dois nomes. | Senado[editar | editar código]"
2018,MS,Eleições estaduais em Mato Grosso do Sul em 2018,https://pt.wikipedia.org/wiki/Elei%C3%A7%C3%B5es_estaduais_em_Mato_Grosso_do_Sul_em_2018,2,14,4 de outubro de 2018,Real Time Big Data,±3%,3.0,duas_mencoes_agregadas,Zeca do PT,29.0,29%,"Senado | Governo do Estado | Primeiro turno | Senado | Nota: como em 2018 os eleitores escolhem dois senadores por estado, a soma dos porcentuais atinge 200%, uma vez que os entrevistados podem optar por dois nomes. | Senado[editar | editar código]"
2018,MS,Eleições estaduais em Mato Grosso do Sul em 2018,https://pt.wikipedia.org/wiki/Elei%C3%A7%C3%B5es_estaduais_em_Mato_Grosso_do_Sul_em_2018,2,14,4 de outubro de 2018,Real Time Big Data,±3%,3.0,duas_mencoes_agregadas,Moka (MDB),25.0,25%,"Senado | Governo do Estado | Primeiro turno | Senado | Nota: como em 2018 os eleitores escolhem dois senadores por estado, a soma dos porcentuais atinge 200%, uma vez que os entrevistados podem optar por dois nomes. | Senado[editar | editar código]"
2018,MS,Eleições estaduais em Mato Grosso do Sul em 2018,https://pt.wikipedia.org/wiki/Elei%C3%A7%C3%B5es_estaduais_em_Mato_Grosso_do_Sul_em_2018,2,14,4 de outubro de 2018,Real Time Big Data,±3%,3.0,duas_mencoes_agregadas,Delcídio (PTC),13.0,13%,"Senado | Governo do Estado | Primeiro turno | Senado | Nota: como em 2018 os eleitores escolhem dois senadores por estado, a soma dos porcentuais atinge 200%, uma vez que os entrevistados podem optar por dois nomes. | Senado[editar | editar código]"
2018,MS,Eleições estaduais em Mato Grosso do Sul em 2018,https://pt.wikipedia.org/wiki/Elei%C3%A7%C3%B5es_estaduais_em_Mato_Grosso_do_Sul_em_2018,2,14,4 de outubro de 2018,Real Time Big Data,±3%,3.0,duas_mencoes_agregadas,Soraya (PSL),13.0,13%,"Senado | Governo do Estado | Primeiro turno | Senado | Nota: como em 2018 os eleitores escolhem dois senadores por estado, a soma dos porcentuais atinge 200%, uma vez que os entrevistados podem optar por dois nomes. | Senado[editar | editar código]"
2018,MS,Eleições estaduais em Mato Grosso do Sul em 2018,https://pt.wikipedia.org/wiki/Elei%C3%A7%C3%B5es_estaduais_em_Mato_Grosso_do_Sul_em_2018,2,14,4 de outubro de 2018,Real Time Big Data,±3%,3.0,duas_mencoes_agregadas,Miglioli (PSDB),16.0,16%,"Senado | Governo do Estado | Primeiro turno | Senado | Nota: como em 2018 os eleitores escolhem dois senadores por estado, a soma dos porcentuais atinge 200%, uma vez que os entrevistados podem optar por dois nomes. | Senado[editar | editar código]"
2018,MS,Eleições estaduais em Mato Grosso do Sul em 2018,https://pt.wikipedia.org/wiki/Elei%C3%A7%C3%B5es_estaduais_em_Mato_Grosso_do_Sul_em_2018,2,15,5 de outubro de 2018,Ibope,±3%,3.0,duas_mencoes_agregadas,Nelsinho (PTB),39.0,39%,"Senado | Governo do Estado | Primeiro turno | Senado | Nota: como em 2018 os eleitores escolhem dois senadores por estado, a soma dos porcentuais atinge 200%, uma vez que os entrevistados podem optar por dois nomes. | Senado[editar | editar código]"
2018,MS,Eleições estaduais em Mato Grosso do Sul em 2018,https://pt.wikipedia.org/wiki/Elei%C3%A7%C3%B5es_estaduais_em_Mato_Grosso_do_Sul_em_2018,2,15,5 de outubro de 2018,Ibope,±3%,3.0,duas_mencoes_agregadas,Zeca do PT,29.0,29%,"Senado | Governo do Estado | Primeiro turno | Senado | Nota: como em 2018 os eleitores escolhem dois senadores por estado, a soma dos porcentuais atinge 200%, uma vez que os entrevistados podem optar por dois nomes. | Senado[editar | editar código]"
2018,MS,Eleições estaduais em Mato Grosso do Sul em 2018,https://pt.wikipedia.org/wiki/Elei%C3%A7%C3%B5es_estaduais_em_Mato_Grosso_do_Sul_em_2018,2,15,5 de outubro de 2018,Ibope,±3%,3.0,duas_mencoes_agregadas,Moka (MDB),24.0,24%,"Senado | Governo do Estado | Primeiro turno | Senado | Nota: como em 2018 os eleitores escolhem dois senadores por estado, a soma dos porcentuais atinge 200%, uma vez que os entrevistados podem optar por dois nomes. | Senado[editar | editar código]"
2018,MS,Eleições estaduais em Mato Grosso do Sul em 2018,https://pt.wikipedia.org/wiki/Elei%C3%A7%C3%B5es_estaduais_em_Mato_Grosso_do_Sul_em_2018,2,15,5 de outubro de 2018,Ibope,±3%,3.0,duas_mencoes_agregadas,Delcídio (PTC),16.0,16%,"Senado | Governo do Estado | Primeiro turno | Senado | Nota: como em 2018 os eleitores escolhem dois senadores por estado, a soma dos porcentuais atinge 200%, uma vez que os entrevistados podem optar por dois nomes. | Senado[editar | editar código]"
2018,MS,Eleições estaduais em Mato Grosso do Sul em 2018,https://pt.wikipedia.org/wiki/Elei%C3%A7%C3%B5es_estaduais_em_Mato_Grosso_do_Sul_em_2018,2,15,5 de outubro de 2018,Ibope,±3%,3.0,duas_mencoes_agregadas,Soraya (PSL),12.0,12%,"Senado | Governo do Estado | Primeiro turno | Senado | Nota: como em 2018 os eleitores escolhem dois senadores por estado, a soma dos porcentuais atinge 200%, uma vez que os entrevistados podem optar por dois nomes. | Senado[editar | editar código]"
2018,MS,Eleições estaduais em Mato Grosso do Sul em 2018,https://pt.wikipedia.org/wiki/Elei%C3%A7%C3%B5es_estaduais_em_Mato_Grosso_do_Sul_em_2018,2,15,5 de outubro de 2018,Ibope,±3%,3.0,duas_mencoes_agregadas,Miglioli (PSDB),11.0,11%,"Senado | Governo do Estado | Primeiro turno | Senado | Nota: como em 2018 os eleitores escolhem dois senadores por estado, a soma dos porcentuais atinge 200%, uma vez que os entrevistados podem optar por dois nomes. | Senado[editar | editar código]"
2018,MS,Eleições estaduais em Mato Grosso do Sul em 2018,https://pt.wikipedia.org/wiki/Elei%C3%A7%C3%B5es_estaduais_em_Mato_Grosso_do_Sul_em_2018,2,16,6 de outubro de 2018,Ranking,"±2,83%",2.83,duas_mencoes_agregadas,Nelsinho (PTB),35.75,"35,75%","Senado | Governo do Estado | Primeiro turno | Senado | Nota: como em 2018 os eleitores escolhem dois senadores por estado, a soma dos porcentuais atinge 200%, uma vez que os entrevistados podem optar por dois nomes. | Senado[editar | editar código]"
2018,MS,Eleições estaduais em Mato Grosso do Sul em 2018,https://pt.wikipedia.org/wiki/Elei%C3%A7%C3%B5es_estaduais_em_Mato_Grosso_do_Sul_em_2018,2,16,6 de outubro de 2018,Ranking,"±2,83%",2.83,duas_mencoes_agregadas,Zeca do PT,20.75,"20,75%","Senado | Governo do Estado | Primeiro turno | Senado | Nota: como em 2018 os eleitores escolhem dois senadores por estado, a soma dos porcentuais atinge 200%, uma vez que os entrevistados podem optar por dois nomes. | Senado[editar | editar código]"
2018,MS,Eleições estaduais em Mato Grosso do Sul em 2018,https://pt.wikipedia.org/wiki/Elei%C3%A7%C3%B5es_estaduais_em_Mato_Grosso_do_Sul_em_2018,2,16,6 de outubro de 2018,Ranking,"±2,83%",2.83,duas_mencoes_agregadas,Moka (MDB),23.41,"23,41%","Senado | Governo do Estado | Primeiro turno | Senado | Nota: como em 2018 os eleitores escolhem dois senadores por estado, a soma dos porcentuais atinge 200%, uma vez que os entrevistados podem optar por dois nomes. | Senado[editar | editar código]"
2018,MS,Eleições estaduais em Mato Grosso do Sul em 2018,https://pt.wikipedia.org/wiki/Elei%C3%A7%C3%B5es_estaduais_em_Mato_Grosso_do_Sul_em_2018,2,16,6 de outubro de 2018,Ranking,"±2,83%",2.83,duas_mencoes_agregadas,Delcídio (PTC),19.08,"19,08%","Senado | Governo do Estado | Primeiro turno | Senado | Nota: como em 2018 os eleitores escolhem dois senadores por estado, a soma dos porcentuais atinge 200%, uma vez que os entrevistados podem optar por dois nomes. | Senado[editar | editar código]"
2018,MS,Eleições estaduais em Mato Grosso do Sul em 2018,https://pt.wikipedia.org/wiki/Elei%C3%A7%C3%B5es_estaduais_em_Mato_Grosso_do_Sul_em_2018,2,16,6 de outubro de 2018,Ranking,"±2,83%",2.83,duas_mencoes_agregadas,Soraya (PSL),17.91,"17,91%","Senado | Governo do Estado | Primeiro turno | Senado | Nota: como em 2018 os eleitores escolhem dois senadores por estado, a soma dos porcentuais atinge 200%, uma vez que os entrevistados podem optar por dois nomes. | Senado[editar | editar código]"
2018,MS,Eleições estaduais em Mato Grosso do Sul em 2018,https://pt.wikipedia.org/wiki/Elei%C3%A7%C3%B5es_estaduais_em_Mato_Grosso_do_Sul_em_2018,2,16,6 de outubro de 2018,Ranking,"±2,83%",2.83,duas_mencoes_agregadas,Miglioli (PSDB),15.08,"15,08%","Senado | Governo do Estado | Primeiro turno | Senado | Nota: como em 2018 os eleitores escolhem dois senadores por estado, a soma dos porcentuais atinge 200%, uma vez que os entrevistados podem optar por dois nomes. | Senado[editar | editar código]"
2018,MS,Eleições estaduais em Mato Grosso do Sul em 2018,https://pt.wikipedia.org/wiki/Elei%C3%A7%C3%B5es_estaduais_em_Mato_Grosso_do_Sul_em_2018,2,17,6 de outubro de 2018,DATAmax,±3%,3.0,duas_mencoes_agregadas,Nelsinho (PTB),25.5,"25,5%","Senado | Governo do Estado | Primeiro turno | Senado | Nota: como em 2018 os eleitores escolhem dois senadores por estado, a soma dos porcentuais atinge 200%, uma vez que os entrevistados podem optar por dois nomes. | Senado[editar | editar código]"
2018,MS,Eleições estaduais em Mato Grosso do Sul em 2018,https://pt.wikipedia.org/wiki/Elei%C3%A7%C3%B5es_estaduais_em_Mato_Grosso_do_Sul_em_2018,2,17,6 de outubro de 2018,DATAmax,±3%,3.0,duas_mencoes_agregadas,Zeca do PT,23.3,"23,3%","Senado | Governo do Estado | Primeiro turno | Senado | Nota: como em 2018 os eleitores escolhem dois senadores por estado, a soma dos porcentuais atinge 200%, uma vez que os entrevistados podem optar por dois nomes. | Senado[editar | editar código]"
2018,MS,Eleições estaduais em Mato Grosso do Sul em 2018,https://pt.wikipedia.org/wiki/Elei%C3%A7%C3%B5es_estaduais_em_Mato_Grosso_do_Sul_em_2018,2,17,6 de outubro de 2018,DATAmax,±3%,3.0,duas_mencoes_agregadas,Moka (MDB),18.1,"18,1%","Senado | Governo do Estado | Primeiro turno | Senado | Nota: como em 2018 os eleitores escolhem dois senadores por estado, a soma dos porcentuais atinge 200%, uma vez que os entrevistados podem optar por dois nomes. | Senado[editar | editar código]"
2018,MS,Eleições estaduais em Mato Grosso do Sul em 2018,https://pt.wikipedia.org/wiki/Elei%C3%A7%C3%B5es_estaduais_em_Mato_Grosso_do_Sul_em_2018,2,17,6 de outubro de 2018,DATAmax,±3%,3.0,duas_mencoes_agregadas,Delcídio (PTC),14.5,"14,5%","Senado | Governo do Estado | Primeiro turno | Senado | Nota: como em 2018 os eleitores escolhem dois senadores por estado, a soma dos porcentuais atinge 200%, uma vez que os entrevistados podem optar por dois nomes. | Senado[editar | editar código]"
2018,MS,Eleições estaduais em Mato Grosso do Sul em 2018,https://pt.wikipedia.org/wiki/Elei%C3%A7%C3%B5es_estaduais_em_Mato_Grosso_do_Sul_em_2018,2,17,6 de outubro de 2018,DATAmax,±3%,3.0,duas_mencoes_agregadas,Soraya (PSL),11.7,"11,7%","Senado | Governo do Estado | Primeiro turno | Senado | Nota: como em 2018 os eleitores escolhem dois senadores por estado, a soma dos porcentuais atinge 200%, uma vez que os entrevistados podem optar por dois nomes. | Senado[editar | editar código]"
2018,MS,Eleições estaduais em Mato Grosso do Sul em 2018,https://pt.wikipedia.org/wiki/Elei%C3%A7%C3%B5es_estaduais_em_Mato_Grosso_do_Sul_em_2018,2,17,6 de outubro de 2018,DATAmax,±3%,3.0,duas_mencoes_agregadas,Miglioli (PSDB),10.2,"10,2%","Senado | Governo do Estado | Primeiro turno | Senado | Nota: como em 2018 os eleitores escolhem dois senadores por estado, a soma dos porcentuais atinge 200%, uma vez que os entrevistados podem optar por dois nomes. | Senado[editar | editar código]"
2018,MG,Eleições estaduais em Minas Gerais em 2018,https://pt.wikipedia.org/wiki/Elei%C3%A7%C3%B5es_estaduais_em_Minas_Gerais_em_2018,1,1,22/08,Datafolha,±3%,3.0,duas_mencoes_agregadas,Dilma (PT),25.0,25%,Para senador | Para governador | Pesquisas | Candidatos a senador
2018,MG,Eleições estaduais em Minas Gerais em 2018,https://pt.wikipedia.org/wiki/Elei%C3%A7%C3%B5es_estaduais_em_Minas_Gerais_em_2018,1,1,22/08,Datafolha,±3%,3.0,duas_mencoes_agregadas,Viana (PHS),11.0,11%,Para senador | Para governador | Pesquisas | Candidatos a senador
2018,MG,Eleições estaduais em Minas Gerais em 2018,https://pt.wikipedia.org/wiki/Elei%C3%A7%C3%B5es_estaduais_em_Minas_Gerais_em_2018,1,1,22/08,Datafolha,±3%,3.0,duas_mencoes_agregadas,Dinis (SD),5.0,5%,Para senador | Para governador | Pesquisas | Candidatos a senador
2018,MG,Eleições estaduais em Minas Gerais em 2018,https://pt.wikipedia.org/wiki/Elei%C3%A7%C3%B5es_estaduais_em_Minas_Gerais_em_2018,1,1,22/08,Datafolha,±3%,3.0,duas_mencoes_agregadas,Pacheco (DEM),6.0,6%,Para senador | Para governador | Pesquisas | Candidatos a senador
2018,MG,Eleições estaduais em Minas Gerais em 2018,https://pt.wikipedia.org/wiki/Elei%C3%A7%C3%B5es_estaduais_em_Minas_Gerais_em_2018,1,1,22/08,Datafolha,±3%,3.0,duas_mencoes_agregadas,Lacerda (PPL),8.0,8%,Para senador | Para governador | Pesquisas | Candidatos a senador
2018,MG,Eleições estaduais em Minas Gerais em 2018,https://pt.wikipedia.org/wiki/Elei%C3%A7%C3%B5es_estaduais_em_Minas_Gerais_em_2018,1,1,22/08,Datafolha,±3%,3.0,duas_mencoes_agregadas,Cherem (PDT),6.0,6%,Para senador | Para governador | Pesquisas | Candidatos a senador
2018,MG,Eleições estaduais em Minas Gerais em 2018,https://pt.wikipedia.org/wiki/Elei%C3%A7%C3%B5es_estaduais_em_Minas_Gerais_em_2018,1,1,22/08,Datafolha,±3%,3.0,duas_mencoes_agregadas,Paiva (NOVO),6.0,6%,Para senador | Para governador | Pesquisas | Candidatos a senador
2018,MG,Eleições estaduais em Minas Gerais em 2018,https://pt.wikipedia.org/wiki/Elei%C3%A7%C3%B5es_estaduais_em_Minas_Gerais_em_2018,1,1,22/08,Datafolha,±3%,3.0,duas_mencoes_agregadas,Corrêa (PT),2.0,2%,Para senador | Para governador | Pesquisas | Candidatos a senador
2018,MG,Eleições estaduais em Minas Gerais em 2018,https://pt.wikipedia.org/wiki/Elei%C3%A7%C3%B5es_estaduais_em_Minas_Gerais_em_2018,1,1,22/08,Datafolha,±3%,3.0,duas_mencoes_agregadas,Bispo (PPL),7.0,7%,Para senador | Para governador | Pesquisas | Candidatos a senador
2018,MG,Eleições estaduais em Minas Gerais em 2018,https://pt.wikipedia.org/wiki/Elei%C3%A7%C3%B5es_estaduais_em_Minas_Gerais_em_2018,1,1,22/08,Datafolha,±3%,3.0,duas_mencoes_agregadas,Lopes (PCB),8.0,8%,Para senador | Para governador | Pesquisas | Candidatos a senador
2018,MG,Eleições estaduais em Minas Gerais em 2018,https://pt.wikipedia.org/wiki/Elei%C3%A7%C3%B5es_estaduais_em_Minas_Gerais_em_2018,1,1,22/08,Datafolha,±3%,3.0,duas_mencoes_agregadas,Vanessa (PSTU),6.0,6%,Para senador | Para governador | Pesquisas | Candidatos a senador
2018,MG,Eleições estaduais em Minas Gerais em 2018,https://pt.wikipedia.org/wiki/Elei%C3%A7%C3%B5es_estaduais_em_Minas_Gerais_em_2018,1,1,22/08,Datafolha,±3%,3.0,duas_mencoes_agregadas,Alves (PCO),5.0,5%,Para senador | Para governador | Pesquisas | Candidatos a senador
2018,MG,Eleições estaduais em Minas Gerais em 2018,https://pt.wikipedia.org/wiki/Elei%C3%A7%C3%B5es_estaduais_em_Minas_Gerais_em_2018,1,1,22/08,Datafolha,±3%,3.0,duas_mencoes_agregadas,Duda (PSOL),1.0,1%,Para senador | Para governador | Pesquisas | Candidatos a senador
2018,MG,Eleições estaduais em Minas Gerais em 2018,https://pt.wikipedia.org/wiki/Elei%C3%A7%C3%B5es_estaduais_em_Minas_Gerais_em_2018,1,1,22/08,Datafolha,±3%,3.0,duas_mencoes_agregadas,Kaká (REDE),2.0,2%,Para senador | Para governador | Pesquisas | Candidatos a senador
2018,MG,Eleições estaduais em Minas Gerais em 2018,https://pt.wikipedia.org/wiki/Elei%C3%A7%C3%B5es_estaduais_em_Minas_Gerais_em_2018,1,1,22/08,Datafolha,±3%,3.0,duas_mencoes_agregadas,Reis (AVANTE),2.0,2%,Para senador | Para governador | Pesquisas | Candidatos a senador
2018,MG,Eleições estaduais em Minas Gerais em 2018,https://pt.wikipedia.org/wiki/Elei%C3%A7%C3%B5es_estaduais_em_Minas_Gerais_em_2018,1,1,22/08,Datafolha,±3%,3.0,duas_mencoes_agregadas,B/N,64.0,64%,Para senador | Para governador | Pesquisas | Candidatos a senador
2018,MG,Eleições estaduais em Minas Gerais em 2018,https://pt.wikipedia.org/wiki/Elei%C3%A7%C3%B5es_estaduais_em_Minas_Gerais_em_2018,1,2,06/09,Datafolha,±3%,3.0,duas_mencoes_agregadas,Dilma (PT),26.0,26%,Para senador | Para governador | Pesquisas | Candidatos a senador
2018,MG,Eleições estaduais em Minas Gerais em 2018,https://pt.wikipedia.org/wiki/Elei%C3%A7%C3%B5es_estaduais_em_Minas_Gerais_em_2018,1,2,06/09,Datafolha,±3%,3.0,duas_mencoes_agregadas,Viana (PHS),11.0,11%,Para senador | Para governador | Pesquisas | Candidatos a senador
2018,MG,Eleições estaduais em Minas Gerais em 2018,https://pt.wikipedia.org/wiki/Elei%C3%A7%C3%B5es_estaduais_em_Minas_Gerais_em_2018,1,2,06/09,Datafolha,±3%,3.0,duas_mencoes_agregadas,Dinis (SD),7.0,7%,Para senador | Para governador | Pesquisas | Candidatos a senador
2018,MG,Eleições estaduais em Minas Gerais em 2018,https://pt.wikipedia.org/wiki/Elei%C3%A7%C3%B5es_estaduais_em_Minas_Gerais_em_2018,1,2,06/09,Datafolha,±3%,3.0,duas_mencoes_agregadas,Pacheco (DEM),9.0,9%,Para senador | Para governador | Pesquisas | Candidatos a senador
2018,MG,Eleições estaduais em Minas Gerais em 2018,https://pt.wikipedia.org/wiki/Elei%C3%A7%C3%B5es_estaduais_em_Minas_Gerais_em_2018,1,2,06/09,Datafolha,±3%,3.0,duas_mencoes_agregadas,Lacerda (PPL),8.0,8%,Para senador | Para governador | Pesquisas | Candidatos a senador
2018,MG,Eleições estaduais em Minas Gerais em 2018,https://pt.wikipedia.org/wiki/Elei%C3%A7%C3%B5es_estaduais_em_Minas_Gerais_em_2018,1,2,06/09,Datafolha,±3%,3.0,duas_mencoes_agregadas,Cherem (PDT),5.0,5%,Para senador | Para governador | Pesquisas | Candidatos a senador
2018,MG,Eleições estaduais em Minas Gerais em 2018,https://pt.wikipedia.org/wiki/Elei%C3%A7%C3%B5es_estaduais_em_Minas_Gerais_em_2018,1,2,06/09,Datafolha,±3%,3.0,duas_mencoes_agregadas,Paiva (NOVO),6.0,6%,Para senador | Para governador | Pesquisas | Candidatos a senador
2018,MG,Eleições estaduais em Minas Gerais em 2018,https://pt.wikipedia.org/wiki/Elei%C3%A7%C3%B5es_estaduais_em_Minas_Gerais_em_2018,1,2,06/09,Datafolha,±3%,3.0,duas_mencoes_agregadas,Corrêa (PT),4.0,4%,Para senador | Para governador | Pesquisas | Candidatos a senador
2018,MG,Eleições estaduais em Minas Gerais em 2018,https://pt.wikipedia.org/wiki/Elei%C3%A7%C3%B5es_estaduais_em_Minas_Gerais_em_2018,1,2,06/09,Datafolha,±3%,3.0,duas_mencoes_agregadas,Bispo (PPL),5.0,5%,Para senador | Para governador | Pesquisas | Candidatos a senador
2018,MG,Eleições estaduais em Minas Gerais em 2018,https://pt.wikipedia.org/wiki/Elei%C3%A7%C3%B5es_estaduais_em_Minas_Gerais_em_2018,1,2,06/09,Datafolha,±3%,3.0,duas_mencoes_agregadas,Lopes (PCB),6.0,6%,Para senador | Para governador | Pesquisas | Candidatos a senador
2018,MG,Eleições estaduais em Minas Gerais em 2018,https://pt.wikipedia.org/wiki/Elei%C3%A7%C3%B5es_estaduais_em_Minas_Gerais_em_2018,1,2,06/09,Datafolha,±3%,3.0,duas_mencoes_agregadas,Vanessa (PSTU),4.0,4%,Para senador | Para governador | Pesquisas | Candidatos a senador
2018,MG,Eleições estaduais em Minas Gerais em 2018,https://pt.wikipedia.org/wiki/Elei%C3%A7%C3%B5es_estaduais_em_Minas_Gerais_em_2018,1,2,06/09,Datafolha,±3%,3.0,duas_mencoes_agregadas,Alves (PCO),4.0,4%,Para senador | Para governador | Pesquisas | Candidatos a senador
2018,MG,Eleições estaduais em Minas Gerais em 2018,https://pt.wikipedia.org/wiki/Elei%C3%A7%C3%B5es_estaduais_em_Minas_Gerais_em_2018,1,2,06/09,Datafolha,±3%,3.0,duas_mencoes_agregadas,Duda (PSOL),1.0,1%,Para senador | Para governador | Pesquisas | Candidatos a senador
2018,MG,Eleições estaduais em Minas Gerais em 2018,https://pt.wikipedia.org/wiki/Elei%C3%A7%C3%B5es_estaduais_em_Minas_Gerais_em_2018,1,2,06/09,Datafolha,±3%,3.0,duas_mencoes_agregadas,Kaká (REDE),2.0,2%,Para senador | Para governador | Pesquisas | Candidatos a senador
2018,MG,Eleições estaduais em Minas Gerais em 2018,https://pt.wikipedia.org/wiki/Elei%C3%A7%C3%B5es_estaduais_em_Minas_Gerais_em_2018,1,2,06/09,Datafolha,±3%,3.0,duas_mencoes_agregadas,Reis (AVANTE),1.0,1%,Para senador | Para governador | Pesquisas | Candidatos a senador
2018,MG,Eleições estaduais em Minas Gerais em 2018,https://pt.wikipedia.org/wiki/Elei%C3%A7%C3%B5es_estaduais_em_Minas_Gerais_em_2018,1,2,06/09,Datafolha,±3%,3.0,duas_mencoes_agregadas,B/N,61.0,61%,Para senador | Para governador | Pesquisas | Candidatos a senador
2018,MG,Eleições estaduais em Minas Gerais em 2018,https://pt.wikipedia.org/wiki/Elei%C3%A7%C3%B5es_estaduais_em_Minas_Gerais_em_2018,1,3,12/09,IBOPE,±3%,3.0,duas_mencoes_agregadas,Dilma (PT),28.0,28%,Para senador | Para governador | Pesquisas | Candidatos a senador
2018,MG,Eleições estaduais em Minas Gerais em 2018,https://pt.wikipedia.org/wiki/Elei%C3%A7%C3%B5es_estaduais_em_Minas_Gerais_em_2018,1,3,12/09,IBOPE,±3%,3.0,duas_mencoes_agregadas,Viana (PHS),12.0,12%,Para senador | Para governador | Pesquisas | Candidatos a senador
2018,MG,Eleições estaduais em Minas Gerais em 2018,https://pt.wikipedia.org/wiki/Elei%C3%A7%C3%B5es_estaduais_em_Minas_Gerais_em_2018,1,3,12/09,IBOPE,±3%,3.0,duas_mencoes_agregadas,Dinis (SD),7.0,7%,Para senador | Para governador | Pesquisas | Candidatos a senador
2018,MG,Eleições estaduais em Minas Gerais em 2018,https://pt.wikipedia.org/wiki/Elei%C3%A7%C3%B5es_estaduais_em_Minas_Gerais_em_2018,1,3,12/09,IBOPE,±3%,3.0,duas_mencoes_agregadas,Pacheco (DEM),7.0,7%,Para senador | Para governador | Pesquisas | Candidatos a senador
2018,MG,Eleições estaduais em Minas Gerais em 2018,https://pt.wikipedia.org/wiki/Elei%C3%A7%C3%B5es_estaduais_em_Minas_Gerais_em_2018,1,3,12/09,IBOPE,±3%,3.0,duas_mencoes_agregadas,Lacerda (PPL),5.0,5%,Para senador | Para governador | Pesquisas | Candidatos a senador
2018,MG,Eleições estaduais em Minas Gerais em 2018,https://pt.wikipedia.org/wiki/Elei%C3%A7%C3%B5es_estaduais_em_Minas_Gerais_em_2018,1,3,12/09,IBOPE,±3%,3.0,duas_mencoes_agregadas,Cherem (PDT),5.0,5%,Para senador | Para governador | Pesquisas | Candidatos a senador
2018,MG,Eleições estaduais em Minas Gerais em 2018,https://pt.wikipedia.org/wiki/Elei%C3%A7%C3%B5es_estaduais_em_Minas_Gerais_em_2018,1,3,12/09,IBOPE,±3%,3.0,duas_mencoes_agregadas,Paiva (NOVO),5.0,5%,Para senador | Para governador | Pesquisas | Candidatos a senador
2018,MG,Eleições estaduais em Minas Gerais em 2018,https://pt.wikipedia.org/wiki/Elei%C3%A7%C3%B5es_estaduais_em_Minas_Gerais_em_2018,1,3,12/09,IBOPE,±3%,3.0,duas_mencoes_agregadas,Corrêa (PT),4.0,4%,Para senador | Para governador | Pesquisas | Candidatos a senador
2018,MG,Eleições estaduais em Minas Gerais em 2018,https://pt.wikipedia.org/wiki/Elei%C3%A7%C3%B5es_estaduais_em_Minas_Gerais_em_2018,1,3,12/09,IBOPE,±3%,3.0,duas_mencoes_agregadas,Bispo (PPL),4.0,4%,Para senador | Para governador | Pesquisas | Candidatos a senador
2018,MG,Eleições estaduais em Minas Gerais em 2018,https://pt.wikipedia.org/wiki/Elei%C3%A7%C3%B5es_estaduais_em_Minas_Gerais_em_2018,1,3,12/09,IBOPE,±3%,3.0,duas_mencoes_agregadas,Lopes (PCB),4.0,4%,Para senador | Para governador | Pesquisas | Candidatos a senador
2018,MG,Eleições estaduais em Minas Gerais em 2018,https://pt.wikipedia.org/wiki/Elei%C3%A7%C3%B5es_estaduais_em_Minas_Gerais_em_2018,1,3,12/09,IBOPE,±3%,3.0,duas_mencoes_agregadas,Vanessa (PSTU),4.0,4%,Para senador | Para governador | Pesquisas | Candidatos a senador
2018,MG,Eleições estaduais em Minas Gerais em 2018,https://pt.wikipedia.org/wiki/Elei%C3%A7%C3%B5es_estaduais_em_Minas_Gerais_em_2018,1,3,12/09,IBOPE,±3%,3.0,duas_mencoes_agregadas,Alves (PCO),3.0,3%,Para senador | Para governador | Pesquisas | Candidatos a senador
2018,MG,Eleições estaduais em Minas Gerais em 2018,https://pt.wikipedia.org/wiki/Elei%C3%A7%C3%B5es_estaduais_em_Minas_Gerais_em_2018,1,3,12/09,IBOPE,±3%,3.0,duas_mencoes_agregadas,Duda (PSOL),2.0,2%,Para senador | Para governador | Pesquisas | Candidatos a senador
2018,MG,Eleições estaduais em Minas Gerais em 2018,https://pt.wikipedia.org/wiki/Elei%C3%A7%C3%B5es_estaduais_em_Minas_Gerais_em_2018,1,3,12/09,IBOPE,±3%,3.0,duas_mencoes_agregadas,Kaká (REDE),2.0,2%,Para senador | Para governador | Pesquisas | Candidatos a senador
2018,MG,Eleições estaduais em Minas Gerais em 2018,https://pt.wikipedia.org/wiki/Elei%C3%A7%C3%B5es_estaduais_em_Minas_Gerais_em_2018,1,3,12/09,IBOPE,±3%,3.0,duas_mencoes_agregadas,Reis (AVANTE),1.0,1%,Para senador | Para governador | Pesquisas | Candidatos a senador
2018,MG,Eleições estaduais em Minas Gerais em 2018,https://pt.wikipedia.org/wiki/Elei%C3%A7%C3%B5es_estaduais_em_Minas_Gerais_em_2018,1,3,12/09,IBOPE,±3%,3.0,duas_mencoes_agregadas,B/N,50.0,50%,Para senador | Para governador | Pesquisas | Candidatos a senador
2018,MG,Eleições estaduais em Minas Gerais em 2018,https://pt.wikipedia.org/wiki/Elei%C3%A7%C3%B5es_estaduais_em_Minas_Gerais_em_2018,1,4,27/09,IBOPE,±3%,3.0,duas_mencoes_agregadas,Dilma (PT),26.0,26%,Para senador | Para governador | Pesquisas | Candidatos a senador
2018,MG,Eleições estaduais em Minas Gerais em 2018,https://pt.wikipedia.org/wiki/Elei%C3%A7%C3%B5es_estaduais_em_Minas_Gerais_em_2018,1,4,27/09,IBOPE,±3%,3.0,duas_mencoes_agregadas,Viana (PHS),15.0,15%,Para senador | Para governador | Pesquisas | Candidatos a senador
2018,MG,Eleições estaduais em Minas Gerais em 2018,https://pt.wikipedia.org/wiki/Elei%C3%A7%C3%B5es_estaduais_em_Minas_Gerais_em_2018,1,4,27/09,IBOPE,±3%,3.0,duas_mencoes_agregadas,Dinis (SD),15.0,15%,Para senador | Para governador | Pesquisas | Candidatos a senador
2018,MG,Eleições estaduais em Minas Gerais em 2018,https://pt.wikipedia.org/wiki/Elei%C3%A7%C3%B5es_estaduais_em_Minas_Gerais_em_2018,1,4,27/09,IBOPE,±3%,3.0,duas_mencoes_agregadas,Pacheco (DEM),14.0,14%,Para senador | Para governador | Pesquisas | Candidatos a senador
2018,MG,Eleições estaduais em Minas Gerais em 2018,https://pt.wikipedia.org/wiki/Elei%C3%A7%C3%B5es_estaduais_em_Minas_Gerais_em_2018,1,4,27/09,IBOPE,±3%,3.0,duas_mencoes_agregadas,Lacerda (PPL),6.0,6%,Para senador | Para governador | Pesquisas | Candidatos a senador
2018,MG,Eleições estaduais em Minas Gerais em 2018,https://pt.wikipedia.org/wiki/Elei%C3%A7%C3%B5es_estaduais_em_Minas_Gerais_em_2018,1,4,27/09,IBOPE,±3%,3.0,duas_mencoes_agregadas,Cherem (PDT),9.0,9%,Para senador | Para governador | Pesquisas | Candidatos a senador
2018,MG,Eleições estaduais em Minas Gerais em 2018,https://pt.wikipedia.org/wiki/Elei%C3%A7%C3%B5es_estaduais_em_Minas_Gerais_em_2018,1,4,27/09,IBOPE,±3%,3.0,duas_mencoes_agregadas,Paiva (NOVO),7.0,7%,Para senador | Para governador | Pesquisas | Candidatos a senador
2018,MG,Eleições estaduais em Minas Gerais em 2018,https://pt.wikipedia.org/wiki/Elei%C3%A7%C3%B5es_estaduais_em_Minas_Gerais_em_2018,1,4,27/09,IBOPE,±3%,3.0,duas_mencoes_agregadas,Corrêa (PT),5.0,5%,Para senador | Para governador | Pesquisas | Candidatos a senador
2018,MG,Eleições estaduais em Minas Gerais em 2018,https://pt.wikipedia.org/wiki/Elei%C3%A7%C3%B5es_estaduais_em_Minas_Gerais_em_2018,1,4,27/09,IBOPE,±3%,3.0,duas_mencoes_agregadas,Bispo (PPL),6.0,6%,Para senador | Para governador | Pesquisas | Candidatos a senador
2018,MG,Eleições estaduais em Minas Gerais em 2018,https://pt.wikipedia.org/wiki/Elei%C3%A7%C3%B5es_estaduais_em_Minas_Gerais_em_2018,1,4,27/09,IBOPE,±3%,3.0,duas_mencoes_agregadas,Lopes (PCB),3.0,3%,Para senador | Para governador | Pesquisas | Candidatos a senador
2018,MG,Eleições estaduais em Minas Gerais em 2018,https://pt.wikipedia.org/wiki/Elei%C3%A7%C3%B5es_estaduais_em_Minas_Gerais_em_2018,1,4,27/09,IBOPE,±3%,3.0,duas_mencoes_agregadas,Vanessa (PSTU),3.0,3%,Para senador | Para governador | Pesquisas | Candidatos a senador
2018,MG,Eleições estaduais em Minas Gerais em 2018,https://pt.wikipedia.org/wiki/Elei%C3%A7%C3%B5es_estaduais_em_Minas_Gerais_em_2018,1,4,27/09,IBOPE,±3%,3.0,duas_mencoes_agregadas,Alves (PCO),2.0,2%,Para senador | Para governador | Pesquisas | Candidatos a senador
2018,MG,Eleições estaduais em Minas Gerais em 2018,https://pt.wikipedia.org/wiki/Elei%C3%A7%C3%B5es_estaduais_em_Minas_Gerais_em_2018,1,4,27/09,IBOPE,±3%,3.0,duas_mencoes_agregadas,Duda (PSOL),3.0,3%,Para senador | Para governador | Pesquisas | Candidatos a senador
2018,MG,Eleições estaduais em Minas Gerais em 2018,https://pt.wikipedia.org/wiki/Elei%C3%A7%C3%B5es_estaduais_em_Minas_Gerais_em_2018,1,4,27/09,IBOPE,±3%,3.0,duas_mencoes_agregadas,Kaká (REDE),2.0,2%,Para senador | Para governador | Pesquisas | Candidatos a senador
2018,MG,Eleições estaduais em Minas Gerais em 2018,https://pt.wikipedia.org/wiki/Elei%C3%A7%C3%B5es_estaduais_em_Minas_Gerais_em_2018,1,4,27/09,IBOPE,±3%,3.0,duas_mencoes_agregadas,Reis (AVANTE),2.0,2%,Para senador | Para governador | Pesquisas | Candidatos a senador
2018,MG,Eleições estaduais em Minas Gerais em 2018,https://pt.wikipedia.org/wiki/Elei%C3%A7%C3%B5es_estaduais_em_Minas_Gerais_em_2018,1,4,27/09,IBOPE,±3%,3.0,duas_mencoes_agregadas,B/N,44.0,44%,Para senador | Para governador | Pesquisas | Candidatos a senador
2018,MG,Eleições estaduais em Minas Gerais em 2018,https://pt.wikipedia.org/wiki/Elei%C3%A7%C3%B5es_estaduais_em_Minas_Gerais_em_2018,1,5,28/09,Datafolha,±3%,3.0,duas_mencoes_agregadas,Dilma (PT),28.0,28%,Para senador | Para governador | Pesquisas | Candidatos a senador
2018,MG,Eleições estaduais em Minas Gerais em 2018,https://pt.wikipedia.org/wiki/Elei%C3%A7%C3%B5es_estaduais_em_Minas_Gerais_em_2018,1,5,28/09,Datafolha,±3%,3.0,duas_mencoes_agregadas,Viana (PHS),14.0,14%,Para senador | Para governador | Pesquisas | Candidatos a senador
2018,MG,Eleições estaduais em Minas Gerais em 2018,https://pt.wikipedia.org/wiki/Elei%C3%A7%C3%B5es_estaduais_em_Minas_Gerais_em_2018,1,5,28/09,Datafolha,±3%,3.0,duas_mencoes_agregadas,Dinis (SD),10.0,10%,Para senador | Para governador | Pesquisas | Candidatos a senador
2018,MG,Eleições estaduais em Minas Gerais em 2018,https://pt.wikipedia.org/wiki/Elei%C3%A7%C3%B5es_estaduais_em_Minas_Gerais_em_2018,1,5,28/09,Datafolha,±3%,3.0,duas_mencoes_agregadas,Pacheco (DEM),17.0,17%,Para senador | Para governador | Pesquisas | Candidatos a senador
2018,MG,Eleições estaduais em Minas Gerais em 2018,https://pt.wikipedia.org/wiki/Elei%C3%A7%C3%B5es_estaduais_em_Minas_Gerais_em_2018,1,5,28/09,Datafolha,±3%,3.0,duas_mencoes_agregadas,Lacerda (PPL),6.0,6%,Para senador | Para governador | Pesquisas | Candidatos a senador
2018,MG,Eleições estaduais em Minas Gerais em 2018,https://pt.wikipedia.org/wiki/Elei%C3%A7%C3%B5es_estaduais_em_Minas_Gerais_em_2018,1,5,28/09,Datafolha,±3%,3.0,duas_mencoes_agregadas,Cherem (PDT),11.0,11%,Para senador | Para governador | Pesquisas | Candidatos a senador
2018,MG,Eleições estaduais em Minas Gerais em 2018,https://pt.wikipedia.org/wiki/Elei%C3%A7%C3%B5es_estaduais_em_Minas_Gerais_em_2018,1,5,28/09,Datafolha,±3%,3.0,duas_mencoes_agregadas,Paiva (NOVO),8.0,8%,Para senador | Para governador | Pesquisas | Candidatos a senador
2018,MG,Eleições estaduais em Minas Gerais em 2018,https://pt.wikipedia.org/wiki/Elei%C3%A7%C3%B5es_estaduais_em_Minas_Gerais_em_2018,1,5,28/09,Datafolha,±3%,3.0,duas_mencoes_agregadas,Corrêa (PT),5.0,5%,Para senador | Para governador | Pesquisas | Candidatos a senador
2018,MG,Eleições estaduais em Minas Gerais em 2018,https://pt.wikipedia.org/wiki/Elei%C3%A7%C3%B5es_estaduais_em_Minas_Gerais_em_2018,1,5,28/09,Datafolha,±3%,3.0,duas_mencoes_agregadas,Bispo (PPL),5.0,5%,Para senador | Para governador | Pesquisas | Candidatos a senador
2018,MG,Eleições estaduais em Minas Gerais em 2018,https://pt.wikipedia.org/wiki/Elei%C3%A7%C3%B5es_estaduais_em_Minas_Gerais_em_2018,1,5,28/09,Datafolha,±3%,3.0,duas_mencoes_agregadas,Lopes (PCB),4.0,4%,Para senador | Para governador | Pesquisas | Candidatos a senador
2018,MG,Eleições estaduais em Minas Gerais em 2018,https://pt.wikipedia.org/wiki/Elei%C3%A7%C3%B5es_estaduais_em_Minas_Gerais_em_2018,1,5,28/09,Datafolha,±3%,3.0,duas_mencoes_agregadas,Vanessa (PSTU),3.0,3%,Para senador | Para governador | Pesquisas | Candidatos a senador
2018,MG,Eleições estaduais em Minas Gerais em 2018,https://pt.wikipedia.org/wiki/Elei%C3%A7%C3%B5es_estaduais_em_Minas_Gerais_em_2018,1,5,28/09,Datafolha,±3%,3.0,duas_mencoes_agregadas,Alves (PCO),3.0,3%,Para senador | Para governador | Pesquisas | Candidatos a senador
2018,MG,Eleições estaduais em Minas Gerais em 2018,https://pt.wikipedia.org/wiki/Elei%C3%A7%C3%B5es_estaduais_em_Minas_Gerais_em_2018,1,5,28/09,Datafolha,±3%,3.0,duas_mencoes_agregadas,Duda (PSOL),4.0,4%,Para senador | Para governador | Pesquisas | Candidatos a senador
2018,MG,Eleições estaduais em Minas Gerais em 2018,https://pt.wikipedia.org/wiki/Elei%C3%A7%C3%B5es_estaduais_em_Minas_Gerais_em_2018,1,5,28/09,Datafolha,±3%,3.0,duas_mencoes_agregadas,Kaká (REDE),2.0,2%,Para senador | Para governador | Pesquisas | Candidatos a senador
2018,MG,Eleições estaduais em Minas Gerais em 2018,https://pt.wikipedia.org/wiki/Elei%C3%A7%C3%B5es_estaduais_em_Minas_Gerais_em_2018,1,5,28/09,Datafolha,±3%,3.0,duas_mencoes_agregadas,Reis (AVANTE),1.0,1%,Para senador | Para governador | Pesquisas | Candidatos a senador
2018,MG,Eleições estaduais em Minas Gerais em 2018,https://pt.wikipedia.org/wiki/Elei%C3%A7%C3%B5es_estaduais_em_Minas_Gerais_em_2018,1,5,28/09,Datafolha,±3%,3.0,duas_mencoes_agregadas,B/N,40.0,40%,Para senador | Para governador | Pesquisas | Candidatos a senador
2018,PA,Eleições estaduais no Pará em 2018,https://pt.wikipedia.org/wiki/Elei%C3%A7%C3%B5es_estaduais_no_Par%C3%A1_em_2018,1,1,IBOPE (20 de agosto),IBOPE,,,duas_mencoes_agregadas,Jader (MDB),29.0,29%,Senado Federal | Votos Válidos | Votos totais | 2° turno | Senado Federal[editar | editar código]
2018,PA,Eleições estaduais no Pará em 2018,https://pt.wikipedia.org/wiki/Elei%C3%A7%C3%B5es_estaduais_no_Par%C3%A1_em_2018,1,2,DOXA (7 de setembro),DOXA,,,nao_identificado,Jader (MDB),11.9,"11,9%",Senado Federal | Votos Válidos | Votos totais | 2° turno | Senado Federal[editar | editar código]
2018,PA,Eleições estaduais no Pará em 2018,https://pt.wikipedia.org/wiki/Elei%C3%A7%C3%B5es_estaduais_no_Par%C3%A1_em_2018,1,3,DOXA (17 de setembro),DOXA,,,nao_identificado,Jader (MDB),12.3,"12,3%",Senado Federal | Votos Válidos | Votos totais | 2° turno | Senado Federal[editar | editar código]
2018,PA,Eleições estaduais no Pará em 2018,https://pt.wikipedia.org/wiki/Elei%C3%A7%C3%B5es_estaduais_no_Par%C3%A1_em_2018,1,4,IBOPE (18 de setembro),IBOPE,,,duas_mencoes_agregadas,Jader (MDB),37.0,37%,Senado Federal | Votos Válidos | Votos totais | 2° turno | Senado Federal[editar | editar código]
2018,PA,Eleições estaduais no Pará em 2018,https://pt.wikipedia.org/wiki/Elei%C3%A7%C3%B5es_estaduais_no_Par%C3%A1_em_2018,1,5,Real Time BigData (20 de setembro),Real Time BigData,,,duas_mencoes_agregadas,Jader (MDB),34.0,34%,Senado Federal | Votos Válidos | Votos totais | 2° turno | Senado Federal[editar | editar código]
2018,PA,Eleições estaduais no Pará em 2018,https://pt.wikipedia.org/wiki/Elei%C3%A7%C3%B5es_estaduais_no_Par%C3%A1_em_2018,1,6,Real Time BigData (2 de outubro),Real Time BigData,,,duas_mencoes_agregadas,Jader (MDB),40.0,40%,Senado Federal | Votos Válidos | Votos totais | 2° turno | Senado Federal[editar | editar código]
2018,PA,Eleições estaduais no Pará em 2018,https://pt.wikipedia.org/wiki/Elei%C3%A7%C3%B5es_estaduais_no_Par%C3%A1_em_2018,1,7,DOXA (6 de outubro),DOXA,,,nao_identificado,Jader (MDB),14.1,"14,1%",Senado Federal | Votos Válidos | Votos totais | 2° turno | Senado Federal[editar | editar código]
2018,PA,Eleições estaduais no Pará em 2018,https://pt.wikipedia.org/wiki/Elei%C3%A7%C3%B5es_estaduais_no_Par%C3%A1_em_2018,1,8,IBOPE (6 de outubro),IBOPE,,,duas_mencoes_agregadas,Jader (MDB),37.0,37%,Senado Federal | Votos Válidos | Votos totais | 2° turno | Senado Federal[editar | editar código]
2018,PA,Eleições estaduais no Pará em 2018,https://pt.wikipedia.org/wiki/Elei%C3%A7%C3%B5es_estaduais_no_Par%C3%A1_em_2018,1,1,IBOPE (20 de agosto),IBOPE,,,duas_mencoes_agregadas,Mário (PP) Impugnado,20.0,20%,Senado Federal | Votos Válidos | Votos totais | 2° turno | Senado Federal[editar | editar código]
2018,PA,Eleições estaduais no Pará em 2018,https://pt.wikipedia.org/wiki/Elei%C3%A7%C3%B5es_estaduais_no_Par%C3%A1_em_2018,1,2,DOXA (7 de setembro),DOXA,,,nao_identificado,Mário (PP) Impugnado,11.5,"11,5%",Senado Federal | Votos Válidos | Votos totais | 2° turno | Senado Federal[editar | editar código]
2018,PA,Eleições estaduais no Pará em 2018,https://pt.wikipedia.org/wiki/Elei%C3%A7%C3%B5es_estaduais_no_Par%C3%A1_em_2018,1,3,DOXA (17 de setembro),DOXA,,,nao_identificado,Mário (PP) Impugnado,11.7,"11,7%",Senado Federal | Votos Válidos | Votos totais | 2° turno | Senado Federal[editar | editar código]
2018,PA,Eleições estaduais no Pará em 2018,https://pt.wikipedia.org/wiki/Elei%C3%A7%C3%B5es_estaduais_no_Par%C3%A1_em_2018,1,4,IBOPE (18 de setembro),IBOPE,,,duas_mencoes_agregadas,Mário (PP) Impugnado,13.0,13%,Senado Federal | Votos Válidos | Votos totais | 2° turno | Senado Federal[editar | editar código]
2018,PA,Eleições estaduais no Pará em 2018,https://pt.wikipedia.org/wiki/Elei%C3%A7%C3%B5es_estaduais_no_Par%C3%A1_em_2018,1,5,Real Time BigData (20 de setembro),Real Time BigData,,,duas_mencoes_agregadas,Mário (PP) Impugnado,23.0,23%,Senado Federal | Votos Válidos | Votos totais | 2° turno | Senado Federal[editar | editar código]
2018,PA,Eleições estaduais no Pará em 2018,https://pt.wikipedia.org/wiki/Elei%C3%A7%C3%B5es_estaduais_no_Par%C3%A1_em_2018,1,6,Real Time BigData (2 de outubro),Real Time BigData,,,duas_mencoes_agregadas,Mário (PP) Impugnado,16.0,16%,Senado Federal | Votos Válidos | Votos totais | 2° turno | Senado Federal[editar | editar código]
2018,PA,Eleições estaduais no Pará em 2018,https://pt.wikipedia.org/wiki/Elei%C3%A7%C3%B5es_estaduais_no_Par%C3%A1_em_2018,1,7,DOXA (6 de outubro),DOXA,,,nao_identificado,Mário (PP) Impugnado,0.0,"0,0%",Senado Federal | Votos Válidos | Votos totais | 2° turno | Senado Federal[editar | editar código]
2018,PA,Eleições estaduais no Pará em 2018,https://pt.wikipedia.org/wiki/Elei%C3%A7%C3%B5es_estaduais_no_Par%C3%A1_em_2018,1,8,IBOPE (6 de outubro),IBOPE,,,duas_mencoes_agregadas,Mário (PP) Impugnado,12.0,12%,Senado Federal | Votos Válidos | Votos totais | 2° turno | Senado Federal[editar | editar código]
2018,PA,Eleições estaduais no Pará em 2018,https://pt.wikipedia.org/wiki/Elei%C3%A7%C3%B5es_estaduais_no_Par%C3%A1_em_2018,1,1,IBOPE (20 de agosto),IBOPE,,,duas_mencoes_agregadas,Flexa (PSDB),11.0,11%,Senado Federal | Votos Válidos | Votos totais | 2° turno | Senado Federal[editar | editar código]
2018,PA,Eleições estaduais no Pará em 2018,https://pt.wikipedia.org/wiki/Elei%C3%A7%C3%B5es_estaduais_no_Par%C3%A1_em_2018,1,2,DOXA (7 de setembro),DOXA,,,nao_identificado,Flexa (PSDB),10.3,"10,3%",Senado Federal | Votos Válidos | Votos totais | 2° turno | Senado Federal[editar | editar código]
2018,PA,Eleições estaduais no Pará em 2018,https://pt.wikipedia.org/wiki/Elei%C3%A7%C3%B5es_estaduais_no_Par%C3%A1_em_2018,1,3,DOXA (17 de setembro),DOXA,,,nao_identificado,Flexa (PSDB),10.8,"10,8%",Senado Federal | Votos Válidos | Votos totais | 2° turno | Senado Federal[editar | editar código]
2018,PA,Eleições estaduais no Pará em 2018,https://pt.wikipedia.org/wiki/Elei%C3%A7%C3%B5es_estaduais_no_Par%C3%A1_em_2018,1,4,IBOPE (18 de setembro),IBOPE,,,duas_mencoes_agregadas,Flexa (PSDB),16.0,16%,Senado Federal | Votos Válidos | Votos totais | 2° turno | Senado Federal[editar | editar código]
2018,PA,Eleições estaduais no Pará em 2018,https://pt.wikipedia.org/wiki/Elei%C3%A7%C3%B5es_estaduais_no_Par%C3%A1_em_2018,1,5,Real Time BigData (20 de setembro),Real Time BigData,,,duas_mencoes_agregadas,Flexa (PSDB),11.0,11%,Senado Federal | Votos Válidos | Votos totais | 2° turno | Senado Federal[editar | editar código]
2018,PA,Eleições estaduais no Pará em 2018,https://pt.wikipedia.org/wiki/Elei%C3%A7%C3%B5es_estaduais_no_Par%C3%A1_em_2018,1,6,Real Time BigData (2 de outubro),Real Time BigData,,,duas_mencoes_agregadas,Flexa (PSDB),21.0,21%,Senado Federal | Votos Válidos | Votos totais | 2° turno | Senado Federal[editar | editar código]
2018,PA,Eleições estaduais no Pará em 2018,https://pt.wikipedia.org/wiki/Elei%C3%A7%C3%B5es_estaduais_no_Par%C3%A1_em_2018,1,7,DOXA (6 de outubro),DOXA,,,nao_identificado,Flexa (PSDB),13.2,"13,2%",Senado Federal | Votos Válidos | Votos totais | 2° turno | Senado Federal[editar | editar código]
2018,PA,Eleições estaduais no Pará em 2018,https://pt.wikipedia.org/wiki/Elei%C3%A7%C3%B5es_estaduais_no_Par%C3%A1_em_2018,1,8,IBOPE (6 de outubro),IBOPE,,,duas_mencoes_agregadas,Flexa (PSDB),27.0,27%,Senado Federal | Votos Válidos | Votos totais | 2° turno | Senado Federal[editar | editar código]
2018,PA,Eleições estaduais no Pará em 2018,https://pt.wikipedia.org/wiki/Elei%C3%A7%C3%B5es_estaduais_no_Par%C3%A1_em_2018,1,1,IBOPE (20 de agosto),IBOPE,,,duas_mencoes_agregadas,Zé Geraldo (PT),13.0,13%,Senado Federal | Votos Válidos | Votos totais | 2° turno | Senado Federal[editar | editar código]
2018,PA,Eleições estaduais no Pará em 2018,https://pt.wikipedia.org/wiki/Elei%C3%A7%C3%B5es_estaduais_no_Par%C3%A1_em_2018,1,2,DOXA (7 de setembro),DOXA,,,nao_identificado,Zé Geraldo (PT),1.2,"1,2%",Senado Federal | Votos Válidos | Votos totais | 2° turno | Senado Federal[editar | editar código]
2018,PA,Eleições estaduais no Pará em 2018,https://pt.wikipedia.org/wiki/Elei%C3%A7%C3%B5es_estaduais_no_Par%C3%A1_em_2018,1,3,DOXA (17 de setembro),DOXA,,,nao_identificado,Zé Geraldo (PT),5.3,"5,3%",Senado Federal | Votos Válidos | Votos totais | 2° turno | Senado Federal[editar | editar código]
2018,PA,Eleições estaduais no Pará em 2018,https://pt.wikipedia.org/wiki/Elei%C3%A7%C3%B5es_estaduais_no_Par%C3%A1_em_2018,1,4,IBOPE (18 de setembro),IBOPE,,,duas_mencoes_agregadas,Zé Geraldo (PT),13.0,13%,Senado Federal | Votos Válidos | Votos totais | 2° turno | Senado Federal[editar | editar código]
2018,PA,Eleições estaduais no Pará em 2018,https://pt.wikipedia.org/wiki/Elei%C3%A7%C3%B5es_estaduais_no_Par%C3%A1_em_2018,1,5,Real Time BigData (20 de setembro),Real Time BigData,,,duas_mencoes_agregadas,Zé Geraldo (PT),11.0,11%,Senado Federal | Votos Válidos | Votos totais | 2° turno | Senado Federal[editar | editar código]
2018,PA,Eleições estaduais no Pará em 2018,https://pt.wikipedia.org/wiki/Elei%C3%A7%C3%B5es_estaduais_no_Par%C3%A1_em_2018,1,6,Real Time BigData (2 de outubro),Real Time BigData,,,duas_mencoes_agregadas,Zé Geraldo (PT),12.0,12%,Senado Federal | Votos Válidos | Votos totais | 2° turno | Senado Federal[editar | editar código]
2018,PA,Eleições estaduais no Pará em 2018,https://pt.wikipedia.org/wiki/Elei%C3%A7%C3%B5es_estaduais_no_Par%C3%A1_em_2018,1,7,DOXA (6 de outubro),DOXA,,,nao_identificado,Zé Geraldo (PT),5.5,"5,5%",Senado Federal | Votos Válidos | Votos totais | 2° turno | Senado Federal[editar | editar código]
2018,PA,Eleições estaduais no Pará em 2018,https://pt.wikipedia.org/wiki/Elei%C3%A7%C3%B5es_estaduais_no_Par%C3%A1_em_2018,1,8,IBOPE (6 de outubro),IBOPE,,,duas_mencoes_agregadas,Zé Geraldo (PT),15.0,15%,Senado Federal | Votos Válidos | Votos totais | 2° turno | Senado Federal[editar | editar código]
2018,PA,Eleições estaduais no Pará em 2018,https://pt.wikipedia.org/wiki/Elei%C3%A7%C3%B5es_estaduais_no_Par%C3%A1_em_2018,1,1,IBOPE (20 de agosto),IBOPE,,,duas_mencoes_agregadas,Zequinha (PSC),10.0,10%,Senado Federal | Votos Válidos | Votos totais | 2° turno | Senado Federal[editar | editar código]
2018,PA,Eleições estaduais no Pará em 2018,https://pt.wikipedia.org/wiki/Elei%C3%A7%C3%B5es_estaduais_no_Par%C3%A1_em_2018,1,2,DOXA (7 de setembro),DOXA,,,nao_identificado,Zequinha (PSC),2.7,"2,7%",Senado Federal | Votos Válidos | Votos totais | 2° turno | Senado Federal[editar | editar código]
2018,PA,Eleições estaduais no Pará em 2018,https://pt.wikipedia.org/wiki/Elei%C3%A7%C3%B5es_estaduais_no_Par%C3%A1_em_2018,1,3,DOXA (17 de setembro),DOXA,,,nao_identificado,Zequinha (PSC),2.2,"2,2%",Senado Federal | Votos Válidos | Votos totais | 2° turno | Senado Federal[editar | editar código]
2018,PA,Eleições estaduais no Pará em 2018,https://pt.wikipedia.org/wiki/Elei%C3%A7%C3%B5es_estaduais_no_Par%C3%A1_em_2018,1,4,IBOPE (18 de setembro),IBOPE,,,duas_mencoes_agregadas,Zequinha (PSC),14.0,14%,Senado Federal | Votos Válidos | Votos totais | 2° turno | Senado Federal[editar | editar código]
2018,PA,Eleições estaduais no Pará em 2018,https://pt.wikipedia.org/wiki/Elei%C3%A7%C3%B5es_estaduais_no_Par%C3%A1_em_2018,1,5,Real Time BigData (20 de setembro),Real Time BigData,,,duas_mencoes_agregadas,Zequinha (PSC),19.0,19%,Senado Federal | Votos Válidos | Votos totais | 2° turno | Senado Federal[editar | editar código]
2018,PA,Eleições estaduais no Pará em 2018,https://pt.wikipedia.org/wiki/Elei%C3%A7%C3%B5es_estaduais_no_Par%C3%A1_em_2018,1,6,Real Time BigData (2 de outubro),Real Time BigData,,,duas_mencoes_agregadas,Zequinha (PSC),23.0,23%,Senado Federal | Votos Válidos | Votos totais | 2° turno | Senado Federal[editar | editar código]
2018,PA,Eleições estaduais no Pará em 2018,https://pt.wikipedia.org/wiki/Elei%C3%A7%C3%B5es_estaduais_no_Par%C3%A1_em_2018,1,7,DOXA (6 de outubro),DOXA,,,nao_identificado,Zequinha (PSC),8.8,"8,8%",Senado Federal | Votos Válidos | Votos totais | 2° turno | Senado Federal[editar | editar código]
2018,PA,Eleições estaduais no Pará em 2018,https://pt.wikipedia.org/wiki/Elei%C3%A7%C3%B5es_estaduais_no_Par%C3%A1_em_2018,1,8,IBOPE (6 de outubro),IBOPE,,,duas_mencoes_agregadas,Zequinha (PSC),28.0,28%,Senado Federal | Votos Válidos | Votos totais | 2° turno | Senado Federal[editar | editar código]
2018,PA,Eleições estaduais no Pará em 2018,https://pt.wikipedia.org/wiki/Elei%C3%A7%C3%B5es_estaduais_no_Par%C3%A1_em_2018,1,1,IBOPE (20 de agosto),IBOPE,,,duas_mencoes_agregadas,Ursula (PSOL),9.0,9%,Senado Federal | Votos Válidos | Votos totais | 2° turno | Senado Federal[editar | editar código]
2018,PA,Eleições estaduais no Pará em 2018,https://pt.wikipedia.org/wiki/Elei%C3%A7%C3%B5es_estaduais_no_Par%C3%A1_em_2018,1,2,DOXA (7 de setembro),DOXA,,,nao_identificado,Ursula (PSOL),5.2,"5,2%",Senado Federal | Votos Válidos | Votos totais | 2° turno | Senado Federal[editar | editar código]
2018,PA,Eleições estaduais no Pará em 2018,https://pt.wikipedia.org/wiki/Elei%C3%A7%C3%B5es_estaduais_no_Par%C3%A1_em_2018,1,3,DOXA (17 de setembro),DOXA,,,nao_identificado,Ursula (PSOL),6.1,"6,1%",Senado Federal | Votos Válidos | Votos totais | 2° turno | Senado Federal[editar | editar código]
2018,PA,Eleições estaduais no Pará em 2018,https://pt.wikipedia.org/wiki/Elei%C3%A7%C3%B5es_estaduais_no_Par%C3%A1_em_2018,1,4,IBOPE (18 de setembro),IBOPE,,,duas_mencoes_agregadas,Ursula (PSOL),12.0,12%,Senado Federal | Votos Válidos | Votos totais | 2° turno | Senado Federal[editar | editar código]
2018,PA,Eleições estaduais no Pará em 2018,https://pt.wikipedia.org/wiki/Elei%C3%A7%C3%B5es_estaduais_no_Par%C3%A1_em_2018,1,5,Real Time BigData (20 de setembro),Real Time BigData,,,duas_mencoes_agregadas,Ursula (PSOL),13.0,13%,Senado Federal | Votos Válidos | Votos totais | 2° turno | Senado Federal[editar | editar código]
2018,PA,Eleições estaduais no Pará em 2018,https://pt.wikipedia.org/wiki/Elei%C3%A7%C3%B5es_estaduais_no_Par%C3%A1_em_2018,1,6,Real Time BigData (2 de outubro),Real Time BigData,,,duas_mencoes_agregadas,Ursula (PSOL),11.0,11%,Senado Federal | Votos Válidos | Votos totais | 2° turno | Senado Federal[editar | editar código]
2018,PA,Eleições estaduais no Pará em 2018,https://pt.wikipedia.org/wiki/Elei%C3%A7%C3%B5es_estaduais_no_Par%C3%A1_em_2018,1,7,DOXA (6 de outubro),DOXA,,,nao_identificado,Ursula (PSOL),8.0,"8,0%",Senado Federal | Votos Válidos | Votos totais | 2° turno | Senado Federal[editar | editar código]
2018,PA,Eleições estaduais no Pará em 2018,https://pt.wikipedia.org/wiki/Elei%C3%A7%C3%B5es_estaduais_no_Par%C3%A1_em_2018,1,8,IBOPE (6 de outubro),IBOPE,,,duas_mencoes_agregadas,Ursula (PSOL),13.0,13%,Senado Federal | Votos Válidos | Votos totais | 2° turno | Senado Federal[editar | editar código]
2018,PA,Eleições estaduais no Pará em 2018,https://pt.wikipedia.org/wiki/Elei%C3%A7%C3%B5es_estaduais_no_Par%C3%A1_em_2018,1,1,IBOPE (20 de agosto),IBOPE,,,duas_mencoes_agregadas,Sidney (PSB),7.0,7%,Senado Federal | Votos Válidos | Votos totais | 2° turno | Senado Federal[editar | editar código]
2018,PA,Eleições estaduais no Pará em 2018,https://pt.wikipedia.org/wiki/Elei%C3%A7%C3%B5es_estaduais_no_Par%C3%A1_em_2018,1,2,DOXA (7 de setembro),DOXA,,,nao_identificado,Sidney (PSB),5.6,"5,6%",Senado Federal | Votos Válidos | Votos totais | 2° turno | Senado Federal[editar | editar código]
2018,PA,Eleições estaduais no Pará em 2018,https://pt.wikipedia.org/wiki/Elei%C3%A7%C3%B5es_estaduais_no_Par%C3%A1_em_2018,1,3,DOXA (17 de setembro),DOXA,,,nao_identificado,Sidney (PSB),7.8,"7,8%",Senado Federal | Votos Válidos | Votos totais | 2° turno | Senado Federal[editar | editar código]
2018,PA,Eleições estaduais no Pará em 2018,https://pt.wikipedia.org/wiki/Elei%C3%A7%C3%B5es_estaduais_no_Par%C3%A1_em_2018,1,4,IBOPE (18 de setembro),IBOPE,,,duas_mencoes_agregadas,Sidney (PSB),7.0,7%,Senado Federal | Votos Válidos | Votos totais | 2° turno | Senado Federal[editar | editar código]
2018,PA,Eleições estaduais no Pará em 2018,https://pt.wikipedia.org/wiki/Elei%C3%A7%C3%B5es_estaduais_no_Par%C3%A1_em_2018,1,5,Real Time BigData (20 de setembro),Real Time BigData,,,duas_mencoes_agregadas,Sidney (PSB),9.0,9%,Senado Federal | Votos Válidos | Votos totais | 2° turno | Senado Federal[editar | editar código]
2018,PA,Eleições estaduais no Pará em 2018,https://pt.wikipedia.org/wiki/Elei%C3%A7%C3%B5es_estaduais_no_Par%C3%A1_em_2018,1,6,Real Time BigData (2 de outubro),Real Time BigData,,,duas_mencoes_agregadas,Sidney (PSB),9.0,9%,Senado Federal | Votos Válidos | Votos totais | 2° turno | Senado Federal[editar | editar código]
2018,PA,Eleições estaduais no Pará em 2018,https://pt.wikipedia.org/wiki/Elei%C3%A7%C3%B5es_estaduais_no_Par%C3%A1_em_2018,1,7,DOXA (6 de outubro),DOXA,,,nao_identificado,Sidney (PSB),5.6,"5,6%",Senado Federal | Votos Válidos | Votos totais | 2° turno | Senado Federal[editar | editar código]
2018,PA,Eleições estaduais no Pará em 2018,https://pt.wikipedia.org/wiki/Elei%C3%A7%C3%B5es_estaduais_no_Par%C3%A1_em_2018,1,8,IBOPE (6 de outubro),IBOPE,,,duas_mencoes_agregadas,Sidney (PSB),8.0,8%,Senado Federal | Votos Válidos | Votos totais | 2° turno | Senado Federal[editar | editar código]
2018,PA,Eleições estaduais no Pará em 2018,https://pt.wikipedia.org/wiki/Elei%C3%A7%C3%B5es_estaduais_no_Par%C3%A1_em_2018,1,1,IBOPE (20 de agosto),IBOPE,,,duas_mencoes_agregadas,Osmar (PDT),6.0,6%,Senado Federal | Votos Válidos | Votos totais | 2° turno | Senado Federal[editar | editar código]
2018,PA,Eleições estaduais no Pará em 2018,https://pt.wikipedia.org/wiki/Elei%C3%A7%C3%B5es_estaduais_no_Par%C3%A1_em_2018,1,2,DOXA (7 de setembro),DOXA,,,nao_identificado,Osmar (PDT),5.0,5%,Senado Federal | Votos Válidos | Votos totais | 2° turno | Senado Federal[editar | editar código]
2018,PA,Eleições estaduais no Pará em 2018,https://pt.wikipedia.org/wiki/Elei%C3%A7%C3%B5es_estaduais_no_Par%C3%A1_em_2018,1,3,DOXA (17 de setembro),DOXA,,,nao_identificado,Osmar (PDT),2.3,"2,3%",Senado Federal | Votos Válidos | Votos totais | 2° turno | Senado Federal[editar | editar código]
2018,PA,Eleições estaduais no Pará em 2018,https://pt.wikipedia.org/wiki/Elei%C3%A7%C3%B5es_estaduais_no_Par%C3%A1_em_2018,1,4,IBOPE (18 de setembro),IBOPE,,,duas_mencoes_agregadas,Osmar (PDT),4.0,4%,Senado Federal | Votos Válidos | Votos totais | 2° turno | Senado Federal[editar | editar código]
2018,PA,Eleições estaduais no Pará em 2018,https://pt.wikipedia.org/wiki/Elei%C3%A7%C3%B5es_estaduais_no_Par%C3%A1_em_2018,1,5,Real Time BigData (20 de setembro),Real Time BigData,,,duas_mencoes_agregadas,Osmar (PDT),6.0,6%,Senado Federal | Votos Válidos | Votos totais | 2° turno | Senado Federal[editar | editar código]
2018,PA,Eleições estaduais no Pará em 2018,https://pt.wikipedia.org/wiki/Elei%C3%A7%C3%B5es_estaduais_no_Par%C3%A1_em_2018,1,6,Real Time BigData (2 de outubro),Real Time BigData,,,duas_mencoes_agregadas,Osmar (PDT),6.0,6%,Senado Federal | Votos Válidos | Votos totais | 2° turno | Senado Federal[editar | editar código]
2018,PA,Eleições estaduais no Pará em 2018,https://pt.wikipedia.org/wiki/Elei%C3%A7%C3%B5es_estaduais_no_Par%C3%A1_em_2018,1,7,DOXA (6 de outubro),DOXA,,,nao_identificado,Osmar (PDT),3.3,"3,3%",Senado Federal | Votos Válidos | Votos totais | 2° turno | Senado Federal[editar | editar código]
2018,PA,Eleições estaduais no Pará em 2018,https://pt.wikipedia.org/wiki/Elei%C3%A7%C3%B5es_estaduais_no_Par%C3%A1_em_2018,1,8,IBOPE (6 de outubro),IBOPE,,,duas_mencoes_agregadas,Osmar (PDT),5.0,5%,Senado Federal | Votos Válidos | Votos totais | 2° turno | Senado Federal[editar | editar código]
2018,PA,Eleições estaduais no Pará em 2018,https://pt.wikipedia.org/wiki/Elei%C3%A7%C3%B5es_estaduais_no_Par%C3%A1_em_2018,1,1,IBOPE (20 de agosto),IBOPE,,,duas_mencoes_agregadas,Wlad (SD) Impugnado,6.0,6%,Senado Federal | Votos Válidos | Votos totais | 2° turno | Senado Federal[editar | editar código]
2018,PA,Eleições estaduais no Pará em 2018,https://pt.wikipedia.org/wiki/Elei%C3%A7%C3%B5es_estaduais_no_Par%C3%A1_em_2018,1,2,DOXA (7 de setembro),DOXA,,,nao_identificado,Wlad (SD) Impugnado,1.9,"1,9%",Senado Federal | Votos Válidos | Votos totais | 2° turno | Senado Federal[editar | editar código]
2018,PA,Eleições estaduais no Pará em 2018,https://pt.wikipedia.org/wiki/Elei%C3%A7%C3%B5es_estaduais_no_Par%C3%A1_em_2018,1,3,DOXA (17 de setembro),DOXA,,,nao_identificado,Wlad (SD) Impugnado,4.6,"4,6%",Senado Federal | Votos Válidos | Votos totais | 2° turno | Senado Federal[editar | editar código]
2018,PA,Eleições estaduais no Pará em 2018,https://pt.wikipedia.org/wiki/Elei%C3%A7%C3%B5es_estaduais_no_Par%C3%A1_em_2018,1,4,IBOPE (18 de setembro),IBOPE,,,duas_mencoes_agregadas,Wlad (SD) Impugnado,6.0,6%,Senado Federal | Votos Válidos | Votos totais | 2° turno | Senado Federal[editar | editar código]
2018,PA,Eleições estaduais no Pará em 2018,https://pt.wikipedia.org/wiki/Elei%C3%A7%C3%B5es_estaduais_no_Par%C3%A1_em_2018,1,5,Real Time BigData (20 de setembro),Real Time BigData,,,duas_mencoes_agregadas,Wlad (SD) Impugnado,4.0,4%,Senado Federal | Votos Válidos | Votos totais | 2° turno | Senado Federal[editar | editar código]
2018,PA,Eleições estaduais no Pará em 2018,https://pt.wikipedia.org/wiki/Elei%C3%A7%C3%B5es_estaduais_no_Par%C3%A1_em_2018,1,6,Real Time BigData (2 de outubro),Real Time BigData,,,duas_mencoes_agregadas,Wlad (SD) Impugnado,4.0,4%,Senado Federal | Votos Válidos | Votos totais | 2° turno | Senado Federal[editar | editar código]
2018,PA,Eleições estaduais no Pará em 2018,https://pt.wikipedia.org/wiki/Elei%C3%A7%C3%B5es_estaduais_no_Par%C3%A1_em_2018,1,7,DOXA (6 de outubro),DOXA,,,nao_identificado,Wlad (SD) Impugnado,2.8,"2,8%",Senado Federal | Votos Válidos | Votos totais | 2° turno | Senado Federal[editar | editar código]
2018,PA,Eleições estaduais no Pará em 2018,https://pt.wikipedia.org/wiki/Elei%C3%A7%C3%B5es_estaduais_no_Par%C3%A1_em_2018,1,8,IBOPE (6 de outubro),IBOPE,,,duas_mencoes_agregadas,Wlad (SD) Impugnado,3.0,3%,Senado Federal | Votos Válidos | Votos totais | 2° turno | Senado Federal[editar | editar código]
2018,PA,Eleições estaduais no Pará em 2018,https://pt.wikipedia.org/wiki/Elei%C3%A7%C3%B5es_estaduais_no_Par%C3%A1_em_2018,1,1,IBOPE (20 de agosto),IBOPE,,,duas_mencoes_agregadas,Gerson (PCdoB),6.0,6%,Senado Federal | Votos Válidos | Votos totais | 2° turno | Senado Federal[editar | editar código]
2018,PA,Eleições estaduais no Pará em 2018,https://pt.wikipedia.org/wiki/Elei%C3%A7%C3%B5es_estaduais_no_Par%C3%A1_em_2018,1,2,DOXA (7 de setembro),DOXA,,,nao_identificado,Gerson (PCdoB),1.1,"1,1%",Senado Federal | Votos Válidos | Votos totais | 2° turno | Senado Federal[editar | editar código]
2018,PA,Eleições estaduais no Pará em 2018,https://pt.wikipedia.org/wiki/Elei%C3%A7%C3%B5es_estaduais_no_Par%C3%A1_em_2018,1,3,DOXA (17 de setembro),DOXA,,,nao_identificado,Gerson (PCdoB),1.6,"1,6%",Senado Federal | Votos Válidos | Votos totais | 2° turno | Senado Federal[editar | editar código]
2018,PA,Eleições estaduais no Pará em 2018,https://pt.wikipedia.org/wiki/Elei%C3%A7%C3%B5es_estaduais_no_Par%C3%A1_em_2018,1,4,IBOPE (18 de setembro),IBOPE,,,duas_mencoes_agregadas,Gerson (PCdoB),4.0,4%,Senado Federal | Votos Válidos | Votos totais | 2° turno | Senado Federal[editar | editar código]
2018,PA,Eleições estaduais no Pará em 2018,https://pt.wikipedia.org/wiki/Elei%C3%A7%C3%B5es_estaduais_no_Par%C3%A1_em_2018,1,5,Real Time BigData (20 de setembro),Real Time BigData,,,duas_mencoes_agregadas,Gerson (PCdoB),2.0,2%,Senado Federal | Votos Válidos | Votos totais | 2° turno | Senado Federal[editar | editar código]
2018,PA,Eleições estaduais no Pará em 2018,https://pt.wikipedia.org/wiki/Elei%C3%A7%C3%B5es_estaduais_no_Par%C3%A1_em_2018,1,6,Real Time BigData (2 de outubro),Real Time BigData,,,duas_mencoes_agregadas,Gerson (PCdoB),2.0,2%,Senado Federal | Votos Válidos | Votos totais | 2° turno | Senado Federal[editar | editar código]
2018,PA,Eleições estaduais no Pará em 2018,https://pt.wikipedia.org/wiki/Elei%C3%A7%C3%B5es_estaduais_no_Par%C3%A1_em_2018,1,7,DOXA (6 de outubro),DOXA,,,nao_identificado,Gerson (PCdoB),3.4,"3,4%",Senado Federal | Votos Válidos | Votos totais | 2° turno | Senado Federal[editar | editar código]
2018,PA,Eleições estaduais no Pará em 2018,https://pt.wikipedia.org/wiki/Elei%C3%A7%C3%B5es_estaduais_no_Par%C3%A1_em_2018,1,8,IBOPE (6 de outubro),IBOPE,,,duas_mencoes_agregadas,Gerson (PCdoB),3.0,3%,Senado Federal | Votos Válidos | Votos totais | 2° turno | Senado Federal[editar | editar código]
2018,PA,Eleições estaduais no Pará em 2018,https://pt.wikipedia.org/wiki/Elei%C3%A7%C3%B5es_estaduais_no_Par%C3%A1_em_2018,1,1,IBOPE (20 de agosto),IBOPE,,,duas_mencoes_agregadas,Jarbas (PV),3.0,3%,Senado Federal | Votos Válidos | Votos totais | 2° turno | Senado Federal[editar | editar código]
2018,PA,Eleições estaduais no Pará em 2018,https://pt.wikipedia.org/wiki/Elei%C3%A7%C3%B5es_estaduais_no_Par%C3%A1_em_2018,1,2,DOXA (7 de setembro),DOXA,,,nao_identificado,Jarbas (PV),5.1,"5,1%",Senado Federal | Votos Válidos | Votos totais | 2° turno | Senado Federal[editar | editar código]
2018,PA,Eleições estaduais no Pará em 2018,https://pt.wikipedia.org/wiki/Elei%C3%A7%C3%B5es_estaduais_no_Par%C3%A1_em_2018,1,3,DOXA (17 de setembro),DOXA,,,nao_identificado,Jarbas (PV),8.6,"8,6%",Senado Federal | Votos Válidos | Votos totais | 2° turno | Senado Federal[editar | editar código]
2018,PA,Eleições estaduais no Pará em 2018,https://pt.wikipedia.org/wiki/Elei%C3%A7%C3%B5es_estaduais_no_Par%C3%A1_em_2018,1,4,IBOPE (18 de setembro),IBOPE,,,duas_mencoes_agregadas,Jarbas (PV),3.0,3%,Senado Federal | Votos Válidos | Votos totais | 2° turno | Senado Federal[editar | editar código]
2018,PA,Eleições estaduais no Pará em 2018,https://pt.wikipedia.org/wiki/Elei%C3%A7%C3%B5es_estaduais_no_Par%C3%A1_em_2018,1,5,Real Time BigData (20 de setembro),Real Time BigData,,,duas_mencoes_agregadas,Jarbas (PV),4.0,4%,Senado Federal | Votos Válidos | Votos totais | 2° turno | Senado Federal[editar | editar código]
2018,PA,Eleições estaduais no Pará em 2018,https://pt.wikipedia.org/wiki/Elei%C3%A7%C3%B5es_estaduais_no_Par%C3%A1_em_2018,1,6,Real Time BigData (2 de outubro),Real Time BigData,,,duas_mencoes_agregadas,Jarbas (PV),5.0,5%,Senado Federal | Votos Válidos | Votos totais | 2° turno | Senado Federal[editar | editar código]
2018,PA,Eleições estaduais no Pará em 2018,https://pt.wikipedia.org/wiki/Elei%C3%A7%C3%B5es_estaduais_no_Par%C3%A1_em_2018,1,7,DOXA (6 de outubro),DOXA,,,nao_identificado,Jarbas (PV),8.9,"8,9%",Senado Federal | Votos Válidos | Votos totais | 2° turno | Senado Federal[editar | editar código]
2018,PA,Eleições estaduais no Pará em 2018,https://pt.wikipedia.org/wiki/Elei%C3%A7%C3%B5es_estaduais_no_Par%C3%A1_em_2018,1,8,IBOPE (6 de outubro),IBOPE,,,duas_mencoes_agregadas,Jarbas (PV),7.0,7%,Senado Federal | Votos Válidos | Votos totais | 2° turno | Senado Federal[editar | editar código]
2018,PA,Eleições estaduais no Pará em 2018,https://pt.wikipedia.org/wiki/Elei%C3%A7%C3%B5es_estaduais_no_Par%C3%A1_em_2018,1,1,IBOPE (20 de agosto),IBOPE,,,duas_mencoes_agregadas,Benedita (PSTU),4.0,4%,Senado Federal | Votos Válidos | Votos totais | 2° turno | Senado Federal[editar | editar código]
2018,PA,Eleições estaduais no Pará em 2018,https://pt.wikipedia.org/wiki/Elei%C3%A7%C3%B5es_estaduais_no_Par%C3%A1_em_2018,1,2,DOXA (7 de setembro),DOXA,,,nao_identificado,Benedita (PSTU),1.9,"1,9%",Senado Federal | Votos Válidos | Votos totais | 2° turno | Senado Federal[editar | editar código]
2018,PA,Eleições estaduais no Pará em 2018,https://pt.wikipedia.org/wiki/Elei%C3%A7%C3%B5es_estaduais_no_Par%C3%A1_em_2018,1,3,DOXA (17 de setembro),DOXA,,,nao_identificado,Benedita (PSTU),0.0,"0,0%",Senado Federal | Votos Válidos | Votos totais | 2° turno | Senado Federal[editar | editar código]
2018,PA,Eleições estaduais no Pará em 2018,https://pt.wikipedia.org/wiki/Elei%C3%A7%C3%B5es_estaduais_no_Par%C3%A1_em_2018,1,4,IBOPE (18 de setembro),IBOPE,,,duas_mencoes_agregadas,Benedita (PSTU),0.0,0%,Senado Federal | Votos Válidos | Votos totais | 2° turno | Senado Federal[editar | editar código]
2018,PA,Eleições estaduais no Pará em 2018,https://pt.wikipedia.org/wiki/Elei%C3%A7%C3%B5es_estaduais_no_Par%C3%A1_em_2018,1,5,Real Time BigData (20 de setembro),Real Time BigData,,,duas_mencoes_agregadas,Benedita (PSTU),0.0,0%,Senado Federal | Votos Válidos | Votos totais | 2° turno | Senado Federal[editar | editar código]
2018,PA,Eleições estaduais no Pará em 2018,https://pt.wikipedia.org/wiki/Elei%C3%A7%C3%B5es_estaduais_no_Par%C3%A1_em_2018,1,6,Real Time BigData (2 de outubro),Real Time BigData,,,duas_mencoes_agregadas,Benedita (PSTU),0.0,0%,Senado Federal | Votos Válidos | Votos totais | 2° turno | Senado Federal[editar | editar código]
2018,PA,Eleições estaduais no Pará em 2018,https://pt.wikipedia.org/wiki/Elei%C3%A7%C3%B5es_estaduais_no_Par%C3%A1_em_2018,1,7,DOXA (6 de outubro),DOXA,,,nao_identificado,Benedita (PSTU),1.6,"1,6%",Senado Federal | Votos Válidos | Votos totais | 2° turno | Senado Federal[editar | editar código]
2018,PA,Eleições estaduais no Pará em 2018,https://pt.wikipedia.org/wiki/Elei%C3%A7%C3%B5es_estaduais_no_Par%C3%A1_em_2018,1,8,IBOPE (6 de outubro),IBOPE,,,duas_mencoes_agregadas,Benedita (PSTU),1.0,1%,Senado Federal | Votos Válidos | Votos totais | 2° turno | Senado Federal[editar | editar código]
2018,PA,Eleições estaduais no Pará em 2018,https://pt.wikipedia.org/wiki/Elei%C3%A7%C3%B5es_estaduais_no_Par%C3%A1_em_2018,1,1,IBOPE (20 de agosto),IBOPE,,,duas_mencoes_agregadas,Anivaldo (PR) Impugnado,3.0,3%,Senado Federal | Votos Válidos | Votos totais | 2° turno | Senado Federal[editar | editar código]
2018,PA,Eleições estaduais no Pará em 2018,https://pt.wikipedia.org/wiki/Elei%C3%A7%C3%B5es_estaduais_no_Par%C3%A1_em_2018,1,2,DOXA (7 de setembro),DOXA,,,nao_identificado,Anivaldo (PR) Impugnado,0.6,"0,6%",Senado Federal | Votos Válidos | Votos totais | 2° turno | Senado Federal[editar | editar código]
2018,PA,Eleições estaduais no Pará em 2018,https://pt.wikipedia.org/wiki/Elei%C3%A7%C3%B5es_estaduais_no_Par%C3%A1_em_2018,1,3,DOXA (17 de setembro),DOXA,,,nao_identificado,Anivaldo (PR) Impugnado,1.1,"1,1%",Senado Federal | Votos Válidos | Votos totais | 2° turno | Senado Federal[editar | editar código]
2018,PA,Eleições estaduais no Pará em 2018,https://pt.wikipedia.org/wiki/Elei%C3%A7%C3%B5es_estaduais_no_Par%C3%A1_em_2018,1,4,IBOPE (18 de setembro),IBOPE,,,duas_mencoes_agregadas,Anivaldo (PR) Impugnado,2.0,2%,Senado Federal | Votos Válidos | Votos totais | 2° turno | Senado Federal[editar | editar código]
2018,PA,Eleições estaduais no Pará em 2018,https://pt.wikipedia.org/wiki/Elei%C3%A7%C3%B5es_estaduais_no_Par%C3%A1_em_2018,1,5,Real Time BigData (20 de setembro),Real Time BigData,,,duas_mencoes_agregadas,Anivaldo (PR) Impugnado,2.0,2%,Senado Federal | Votos Válidos | Votos totais | 2° turno | Senado Federal[editar | editar código]
2018,PA,Eleições estaduais no Pará em 2018,https://pt.wikipedia.org/wiki/Elei%C3%A7%C3%B5es_estaduais_no_Par%C3%A1_em_2018,1,6,Real Time BigData (2 de outubro),Real Time BigData,,,duas_mencoes_agregadas,Anivaldo (PR) Impugnado,2.0,2%,Senado Federal | Votos Válidos | Votos totais | 2° turno | Senado Federal[editar | editar código]
2018,PA,Eleições estaduais no Pará em 2018,https://pt.wikipedia.org/wiki/Elei%C3%A7%C3%B5es_estaduais_no_Par%C3%A1_em_2018,1,7,DOXA (6 de outubro),DOXA,,,nao_identificado,Anivaldo (PR) Impugnado,0.0,"0,0%",Senado Federal | Votos Válidos | Votos totais | 2° turno | Senado Federal[editar | editar código]
2018,PA,Eleições estaduais no Pará em 2018,https://pt.wikipedia.org/wiki/Elei%C3%A7%C3%B5es_estaduais_no_Par%C3%A1_em_2018,1,8,IBOPE (6 de outubro),IBOPE,,,duas_mencoes_agregadas,Anivaldo (PR) Impugnado,0.0,0%,Senado Federal | Votos Válidos | Votos totais | 2° turno | Senado Federal[editar | editar código]
2018,PA,Eleições estaduais no Pará em 2018,https://pt.wikipedia.org/wiki/Elei%C3%A7%C3%B5es_estaduais_no_Par%C3%A1_em_2018,1,1,IBOPE (20 de agosto),IBOPE,,,duas_mencoes_agregadas,Bogo (PRP),0.0,0%,Senado Federal | Votos Válidos | Votos totais | 2° turno | Senado Federal[editar | editar código]
2018,PA,Eleições estaduais no Pará em 2018,https://pt.wikipedia.org/wiki/Elei%C3%A7%C3%B5es_estaduais_no_Par%C3%A1_em_2018,1,2,DOXA (7 de setembro),DOXA,,,nao_identificado,Bogo (PRP),2.3,"2,3%",Senado Federal | Votos Válidos | Votos totais | 2° turno | Senado Federal[editar | editar código]
2018,PA,Eleições estaduais no Pará em 2018,https://pt.wikipedia.org/wiki/Elei%C3%A7%C3%B5es_estaduais_no_Par%C3%A1_em_2018,1,3,DOXA (17 de setembro),DOXA,,,nao_identificado,Bogo (PRP),2.1,"2,1%",Senado Federal | Votos Válidos | Votos totais | 2° turno | Senado Federal[editar | editar código]
2018,PA,Eleições estaduais no Pará em 2018,https://pt.wikipedia.org/wiki/Elei%C3%A7%C3%B5es_estaduais_no_Par%C3%A1_em_2018,1,4,IBOPE (18 de setembro),IBOPE,,,duas_mencoes_agregadas,Bogo (PRP),1.0,1%,Senado Federal | Votos Válidos | Votos totais | 2° turno | Senado Federal[editar | editar código]
2018,PA,Eleições estaduais no Pará em 2018,https://pt.wikipedia.org/wiki/Elei%C3%A7%C3%B5es_estaduais_no_Par%C3%A1_em_2018,1,5,Real Time BigData (20 de setembro),Real Time BigData,,,duas_mencoes_agregadas,Bogo (PRP),0.0,0%,Senado Federal | Votos Válidos | Votos totais | 2° turno | Senado Federal[editar | editar código]
2018,PA,Eleições estaduais no Pará em 2018,https://pt.wikipedia.org/wiki/Elei%C3%A7%C3%B5es_estaduais_no_Par%C3%A1_em_2018,1,6,Real Time BigData (2 de outubro),Real Time BigData,,,duas_mencoes_agregadas,Bogo (PRP),0.0,0%,Senado Federal | Votos Válidos | Votos totais | 2° turno | Senado Federal[editar | editar código]
2018,PA,Eleições estaduais no Pará em 2018,https://pt.wikipedia.org/wiki/Elei%C3%A7%C3%B5es_estaduais_no_Par%C3%A1_em_2018,1,7,DOXA (6 de outubro),DOXA,,,nao_identificado,Bogo (PRP),2.2,"2,2%",Senado Federal | Votos Válidos | Votos totais | 2° turno | Senado Federal[editar | editar código]
2018,PA,Eleições estaduais no Pará em 2018,https://pt.wikipedia.org/wiki/Elei%C3%A7%C3%B5es_estaduais_no_Par%C3%A1_em_2018,1,8,IBOPE (6 de outubro),IBOPE,,,duas_mencoes_agregadas,Bogo (PRP),2.0,2%,Senado Federal | Votos Válidos | Votos totais | 2° turno | Senado Federal[editar | editar código]
2018,PA,Eleições estaduais no Pará em 2018,https://pt.wikipedia.org/wiki/Elei%C3%A7%C3%B5es_estaduais_no_Par%C3%A1_em_2018,1,1,IBOPE (20 de agosto),IBOPE,,,duas_mencoes_agregadas,Ibanês (PTC) Impugnado,1.0,1%,Senado Federal | Votos Válidos | Votos totais | 2° turno | Senado Federal[editar | editar código]
2018,PA,Eleições estaduais no Pará em 2018,https://pt.wikipedia.org/wiki/Elei%C3%A7%C3%B5es_estaduais_no_Par%C3%A1_em_2018,1,2,DOXA (7 de setembro),DOXA,,,nao_identificado,Ibanês (PTC) Impugnado,2.3,"2,3%",Senado Federal | Votos Válidos | Votos totais | 2° turno | Senado Federal[editar | editar código]
2018,PA,Eleições estaduais no Pará em 2018,https://pt.wikipedia.org/wiki/Elei%C3%A7%C3%B5es_estaduais_no_Par%C3%A1_em_2018,1,3,DOXA (17 de setembro),DOXA,,,nao_identificado,Ibanês (PTC) Impugnado,1.2,"1,2%",Senado Federal | Votos Válidos | Votos totais | 2° turno | Senado Federal[editar | editar código]
2018,PA,Eleições estaduais no Pará em 2018,https://pt.wikipedia.org/wiki/Elei%C3%A7%C3%B5es_estaduais_no_Par%C3%A1_em_2018,1,4,IBOPE (18 de setembro),IBOPE,,,duas_mencoes_agregadas,Ibanês (PTC) Impugnado,1.0,1%,Senado Federal | Votos Válidos | Votos totais | 2° turno | Senado Federal[editar | editar código]
2018,PA,Eleições estaduais no Pará em 2018,https://pt.wikipedia.org/wiki/Elei%C3%A7%C3%B5es_estaduais_no_Par%C3%A1_em_2018,1,5,Real Time BigData (20 de setembro),Real Time BigData,,,duas_mencoes_agregadas,Ibanês (PTC) Impugnado,0.0,0%,Senado Federal | Votos Válidos | Votos totais | 2° turno | Senado Federal[editar | editar código]
2018,PA,Eleições estaduais no Pará em 2018,https://pt.wikipedia.org/wiki/Elei%C3%A7%C3%B5es_estaduais_no_Par%C3%A1_em_2018,1,6,Real Time BigData (2 de outubro),Real Time BigData,,,duas_mencoes_agregadas,Ibanês (PTC) Impugnado,0.0,0%,Senado Federal | Votos Válidos | Votos totais | 2° turno | Senado Federal[editar | editar código]
2018,PA,Eleições estaduais no Pará em 2018,https://pt.wikipedia.org/wiki/Elei%C3%A7%C3%B5es_estaduais_no_Par%C3%A1_em_2018,1,7,DOXA (6 de outubro),DOXA,,,nao_identificado,Ibanês (PTC) Impugnado,0.0,"0,0%",Senado Federal | Votos Válidos | Votos totais | 2° turno | Senado Federal[editar | editar código]
2018,PA,Eleições estaduais no Pará em 2018,https://pt.wikipedia.org/wiki/Elei%C3%A7%C3%B5es_estaduais_no_Par%C3%A1_em_2018,1,8,IBOPE (6 de outubro),IBOPE,,,duas_mencoes_agregadas,Ibanês (PTC) Impugnado,1.0,1%,Senado Federal | Votos Válidos | Votos totais | 2° turno | Senado Federal[editar | editar código]
2018,PA,Eleições estaduais no Pará em 2018,https://pt.wikipedia.org/wiki/Elei%C3%A7%C3%B5es_estaduais_no_Par%C3%A1_em_2018,1,1,IBOPE (20 de agosto),IBOPE,,,duas_mencoes_agregadas,Xaropinho (PPL),1.0,1%,Senado Federal | Votos Válidos | Votos totais | 2° turno | Senado Federal[editar | editar código]
2018,PA,Eleições estaduais no Pará em 2018,https://pt.wikipedia.org/wiki/Elei%C3%A7%C3%B5es_estaduais_no_Par%C3%A1_em_2018,1,2,DOXA (7 de setembro),DOXA,,,nao_identificado,Xaropinho (PPL),0.9,"0,9%",Senado Federal | Votos Válidos | Votos totais | 2° turno | Senado Federal[editar | editar código]
2018,PA,Eleições estaduais no Pará em 2018,https://pt.wikipedia.org/wiki/Elei%C3%A7%C3%B5es_estaduais_no_Par%C3%A1_em_2018,1,3,DOXA (17 de setembro),DOXA,,,nao_identificado,Xaropinho (PPL),1.2,"1,2%",Senado Federal | Votos Válidos | Votos totais | 2° turno | Senado Federal[editar | editar código]
2018,PA,Eleições estaduais no Pará em 2018,https://pt.wikipedia.org/wiki/Elei%C3%A7%C3%B5es_estaduais_no_Par%C3%A1_em_2018,1,4,IBOPE (18 de setembro),IBOPE,,,duas_mencoes_agregadas,Xaropinho (PPL),0.0,0%,Senado Federal | Votos Válidos | Votos totais | 2° turno | Senado Federal[editar | editar código]
2018,PA,Eleições estaduais no Pará em 2018,https://pt.wikipedia.org/wiki/Elei%C3%A7%C3%B5es_estaduais_no_Par%C3%A1_em_2018,1,5,Real Time BigData (20 de setembro),Real Time BigData,,,duas_mencoes_agregadas,Xaropinho (PPL),0.0,0%,Senado Federal | Votos Válidos | Votos totais | 2° turno | Senado Federal[editar | editar código]
2018,PA,Eleições estaduais no Pará em 2018,https://pt.wikipedia.org/wiki/Elei%C3%A7%C3%B5es_estaduais_no_Par%C3%A1_em_2018,1,6,Real Time BigData (2 de outubro),Real Time BigData,,,duas_mencoes_agregadas,Xaropinho (PPL),0.0,0%,Senado Federal | Votos Válidos | Votos totais | 2° turno | Senado Federal[editar | editar código]
2018,PA,Eleições estaduais no Pará em 2018,https://pt.wikipedia.org/wiki/Elei%C3%A7%C3%B5es_estaduais_no_Par%C3%A1_em_2018,1,7,DOXA (6 de outubro),DOXA,,,nao_identificado,Xaropinho (PPL),1.1,"1,1%",Senado Federal | Votos Válidos | Votos totais | 2° turno | Senado Federal[editar | editar código]
2018,PA,Eleições estaduais no Pará em 2018,https://pt.wikipedia.org/wiki/Elei%C3%A7%C3%B5es_estaduais_no_Par%C3%A1_em_2018,1,8,IBOPE (6 de outubro),IBOPE,,,duas_mencoes_agregadas,Xaropinho (PPL),1.0,1%,Senado Federal | Votos Válidos | Votos totais | 2° turno | Senado Federal[editar | editar código]
2018,PA,Eleições estaduais no Pará em 2018,https://pt.wikipedia.org/wiki/Elei%C3%A7%C3%B5es_estaduais_no_Par%C3%A1_em_2018,1,2,DOXA (7 de setembro),DOXA,,,nao_identificado,Francisco (PRB) Impugnado,1.1,"1,1%",Senado Federal | Votos Válidos | Votos totais | 2° turno | Senado Federal[editar | editar código]
2018,PA,Eleições estaduais no Pará em 2018,https://pt.wikipedia.org/wiki/Elei%C3%A7%C3%B5es_estaduais_no_Par%C3%A1_em_2018,1,3,DOXA (17 de setembro),DOXA,,,nao_identificado,Francisco (PRB) Impugnado,1.5,"1,5%",Senado Federal | Votos Válidos | Votos totais | 2° turno | Senado Federal[editar | editar código]
2018,PA,Eleições estaduais no Pará em 2018,https://pt.wikipedia.org/wiki/Elei%C3%A7%C3%B5es_estaduais_no_Par%C3%A1_em_2018,1,4,IBOPE (18 de setembro),IBOPE,,,duas_mencoes_agregadas,Francisco (PRB) Impugnado,3.0,3%,Senado Federal | Votos Válidos | Votos totais | 2° turno | Senado Federal[editar | editar código]
2018,PA,Eleições estaduais no Pará em 2018,https://pt.wikipedia.org/wiki/Elei%C3%A7%C3%B5es_estaduais_no_Par%C3%A1_em_2018,1,5,Real Time BigData (20 de setembro),Real Time BigData,,,duas_mencoes_agregadas,Francisco (PRB) Impugnado,0.0,0%,Senado Federal | Votos Válidos | Votos totais | 2° turno | Senado Federal[editar | editar código]
2018,PA,Eleições estaduais no Pará em 2018,https://pt.wikipedia.org/wiki/Elei%C3%A7%C3%B5es_estaduais_no_Par%C3%A1_em_2018,1,6,Real Time BigData (2 de outubro),Real Time BigData,,,duas_mencoes_agregadas,Francisco (PRB) Impugnado,2.0,2%,Senado Federal | Votos Válidos | Votos totais | 2° turno | Senado Federal[editar | editar código]
2018,PA,Eleições estaduais no Pará em 2018,https://pt.wikipedia.org/wiki/Elei%C3%A7%C3%B5es_estaduais_no_Par%C3%A1_em_2018,1,7,DOXA (6 de outubro),DOXA,,,nao_identificado,Francisco (PRB) Impugnado,0.0,"0,0%",Senado Federal | Votos Válidos | Votos totais | 2° turno | Senado Federal[editar | editar código]
2018,PA,Eleições estaduais no Pará em 2018,https://pt.wikipedia.org/wiki/Elei%C3%A7%C3%B5es_estaduais_no_Par%C3%A1_em_2018,1,8,IBOPE (6 de outubro),IBOPE,,,duas_mencoes_agregadas,Francisco (PRB) Impugnado,2.0,2%,Senado Federal | Votos Válidos | Votos totais | 2° turno | Senado Federal[editar | editar código]
2018,PA,Eleições estaduais no Pará em 2018,https://pt.wikipedia.org/wiki/Elei%C3%A7%C3%B5es_estaduais_no_Par%C3%A1_em_2018,1,2,DOXA (7 de setembro),DOXA,,,nao_identificado,Prado Sá (PSB) Impugnado,0.6,"0,6%",Senado Federal | Votos Válidos | Votos totais | 2° turno | Senado Federal[editar | editar código]
2018,PA,Eleições estaduais no Pará em 2018,https://pt.wikipedia.org/wiki/Elei%C3%A7%C3%B5es_estaduais_no_Par%C3%A1_em_2018,1,3,DOXA (17 de setembro),DOXA,,,nao_identificado,Prado Sá (PSB) Impugnado,0.0,"0,0%",Senado Federal | Votos Válidos | Votos totais | 2° turno | Senado Federal[editar | editar código]
2018,PA,Eleições estaduais no Pará em 2018,https://pt.wikipedia.org/wiki/Elei%C3%A7%C3%B5es_estaduais_no_Par%C3%A1_em_2018,1,4,IBOPE (18 de setembro),IBOPE,,,duas_mencoes_agregadas,Prado Sá (PSB) Impugnado,0.0,0%,Senado Federal | Votos Válidos | Votos totais | 2° turno | Senado Federal[editar | editar código]
2018,PA,Eleições estaduais no Pará em 2018,https://pt.wikipedia.org/wiki/Elei%C3%A7%C3%B5es_estaduais_no_Par%C3%A1_em_2018,1,5,Real Time BigData (20 de setembro),Real Time BigData,,,duas_mencoes_agregadas,Prado Sá (PSB) Impugnado,0.0,0%,Senado Federal | Votos Válidos | Votos totais | 2° turno | Senado Federal[editar | editar código]
2018,PA,Eleições estaduais no Pará em 2018,https://pt.wikipedia.org/wiki/Elei%C3%A7%C3%B5es_estaduais_no_Par%C3%A1_em_2018,1,6,Real Time BigData (2 de outubro),Real Time BigData,,,duas_mencoes_agregadas,Prado Sá (PSB) Impugnado,0.0,0%,Senado Federal | Votos Válidos | Votos totais | 2° turno | Senado Federal[editar | editar código]
2018,PA,Eleições estaduais no Pará em 2018,https://pt.wikipedia.org/wiki/Elei%C3%A7%C3%B5es_estaduais_no_Par%C3%A1_em_2018,1,7,DOXA (6 de outubro),DOXA,,,nao_identificado,Prado Sá (PSB) Impugnado,0.0,"0,0%",Senado Federal | Votos Válidos | Votos totais | 2° turno | Senado Federal[editar | editar código]
2018,PA,Eleições estaduais no Pará em 2018,https://pt.wikipedia.org/wiki/Elei%C3%A7%C3%B5es_estaduais_no_Par%C3%A1_em_2018,1,8,IBOPE (6 de outubro),IBOPE,,,duas_mencoes_agregadas,Prado Sá (PSB) Impugnado,1.0,1%,Senado Federal | Votos Válidos | Votos totais | 2° turno | Senado Federal[editar | editar código]
2018,PA,Eleições estaduais no Pará em 2018,https://pt.wikipedia.org/wiki/Elei%C3%A7%C3%B5es_estaduais_no_Par%C3%A1_em_2018,1,1,IBOPE (20 de agosto),IBOPE,,,duas_mencoes_agregadas,Margem de erro,3.0,±3%,Senado Federal | Votos Válidos | Votos totais | 2° turno | Senado Federal[editar | editar código]
2018,PA,Eleições estaduais no Pará em 2018,https://pt.wikipedia.org/wiki/Elei%C3%A7%C3%B5es_estaduais_no_Par%C3%A1_em_2018,1,2,DOXA (7 de setembro),DOXA,,,nao_identificado,Margem de erro,2.25,"±2,25%",Senado Federal | Votos Válidos | Votos totais | 2° turno | Senado Federal[editar | editar código]
2018,PA,Eleições estaduais no Pará em 2018,https://pt.wikipedia.org/wiki/Elei%C3%A7%C3%B5es_estaduais_no_Par%C3%A1_em_2018,1,3,DOXA (17 de setembro),DOXA,,,nao_identificado,Margem de erro,2.25,"±2,25%",Senado Federal | Votos Válidos | Votos totais | 2° turno | Senado Federal[editar | editar código]
2018,PA,Eleições estaduais no Pará em 2018,https://pt.wikipedia.org/wiki/Elei%C3%A7%C3%B5es_estaduais_no_Par%C3%A1_em_2018,1,4,IBOPE (18 de setembro),IBOPE,,,duas_mencoes_agregadas,Margem de erro,3.0,±3%,Senado Federal | Votos Válidos | Votos totais | 2° turno | Senado Federal[editar | editar código]
2018,PA,Eleições estaduais no Pará em 2018,https://pt.wikipedia.org/wiki/Elei%C3%A7%C3%B5es_estaduais_no_Par%C3%A1_em_2018,1,5,Real Time BigData (20 de setembro),Real Time BigData,,,duas_mencoes_agregadas,Margem de erro,3.0,±3%,Senado Federal | Votos Válidos | Votos totais | 2° turno | Senado Federal[editar | editar código]
2018,PA,Eleições estaduais no Pará em 2018,https://pt.wikipedia.org/wiki/Elei%C3%A7%C3%B5es_estaduais_no_Par%C3%A1_em_2018,1,6,Real Time BigData (2 de outubro),Real Time BigData,,,duas_mencoes_agregadas,Margem de erro,3.0,±3%,Senado Federal | Votos Válidos | Votos totais | 2° turno | Senado Federal[editar | editar código]
2018,PA,Eleições estaduais no Pará em 2018,https://pt.wikipedia.org/wiki/Elei%C3%A7%C3%B5es_estaduais_no_Par%C3%A1_em_2018,1,7,DOXA (6 de outubro),DOXA,,,nao_identificado,Margem de erro,2.25,"±2,25%",Senado Federal | Votos Válidos | Votos totais | 2° turno | Senado Federal[editar | editar código]
2018,PA,Eleições estaduais no Pará em 2018,https://pt.wikipedia.org/wiki/Elei%C3%A7%C3%B5es_estaduais_no_Par%C3%A1_em_2018,1,8,IBOPE (6 de outubro),IBOPE,,,duas_mencoes_agregadas,Margem de erro,3.0,±3%,Senado Federal | Votos Válidos | Votos totais | 2° turno | Senado Federal[editar | editar código]
2018,PB,Eleições estaduais na Paraíba em 2018,https://pt.wikipedia.org/wiki/Elei%C3%A7%C3%B5es_estaduais_na_Para%C3%ADba_em_2018,1,1,16/09 a 18/09/2018,Ibope,±3%,3.0,duas_mencoes_agregadas,Cássio (PSDB),40.0,40%,"Senado Federal | Governo do Estado | Primeiro turno | Pesquisas de intenção de voto | Levando em conta que para o senado o eleitor irá votar duas vezes, as pesquisas possuem um universo de 200% | Senado Federal[editar | editar código]"
2018,PB,Eleições estaduais na Paraíba em 2018,https://pt.wikipedia.org/wiki/Elei%C3%A7%C3%B5es_estaduais_na_Para%C3%ADba_em_2018,1,1,16/09 a 18/09/2018,Ibope,±3%,3.0,duas_mencoes_agregadas,Veneziano (PSB),34.0,34%,"Senado Federal | Governo do Estado | Primeiro turno | Pesquisas de intenção de voto | Levando em conta que para o senado o eleitor irá votar duas vezes, as pesquisas possuem um universo de 200% | Senado Federal[editar | editar código]"
2018,PB,Eleições estaduais na Paraíba em 2018,https://pt.wikipedia.org/wiki/Elei%C3%A7%C3%B5es_estaduais_na_Para%C3%ADba_em_2018,1,1,16/09 a 18/09/2018,Ibope,±3%,3.0,duas_mencoes_agregadas,Couto (PT),26.0,26%,"Senado Federal | Governo do Estado | Primeiro turno | Pesquisas de intenção de voto | Levando em conta que para o senado o eleitor irá votar duas vezes, as pesquisas possuem um universo de 200% | Senado Federal[editar | editar código]"
2018,PB,Eleições estaduais na Paraíba em 2018,https://pt.wikipedia.org/wiki/Elei%C3%A7%C3%B5es_estaduais_na_Para%C3%ADba_em_2018,1,1,16/09 a 18/09/2018,Ibope,±3%,3.0,duas_mencoes_agregadas,Daniella (PP),20.0,20%,"Senado Federal | Governo do Estado | Primeiro turno | Pesquisas de intenção de voto | Levando em conta que para o senado o eleitor irá votar duas vezes, as pesquisas possuem um universo de 200% | Senado Federal[editar | editar código]"
2018,PB,Eleições estaduais na Paraíba em 2018,https://pt.wikipedia.org/wiki/Elei%C3%A7%C3%B5es_estaduais_na_Para%C3%ADba_em_2018,1,1,16/09 a 18/09/2018,Ibope,±3%,3.0,duas_mencoes_agregadas,Paulino (MDB),12.0,12%,"Senado Federal | Governo do Estado | Primeiro turno | Pesquisas de intenção de voto | Levando em conta que para o senado o eleitor irá votar duas vezes, as pesquisas possuem um universo de 200% | Senado Federal[editar | editar código]"
2018,PB,Eleições estaduais na Paraíba em 2018,https://pt.wikipedia.org/wiki/Elei%C3%A7%C3%B5es_estaduais_na_Para%C3%ADba_em_2018,1,1,16/09 a 18/09/2018,Ibope,±3%,3.0,duas_mencoes_agregadas,Nélson (PSOL),2.0,2%,"Senado Federal | Governo do Estado | Primeiro turno | Pesquisas de intenção de voto | Levando em conta que para o senado o eleitor irá votar duas vezes, as pesquisas possuem um universo de 200% | Senado Federal[editar | editar código]"
2018,PB,Eleições estaduais na Paraíba em 2018,https://pt.wikipedia.org/wiki/Elei%C3%A7%C3%B5es_estaduais_na_Para%C3%ADba_em_2018,1,1,16/09 a 18/09/2018,Ibope,±3%,3.0,duas_mencoes_agregadas,Nivaldo (PSOL),2.0,2%,"Senado Federal | Governo do Estado | Primeiro turno | Pesquisas de intenção de voto | Levando em conta que para o senado o eleitor irá votar duas vezes, as pesquisas possuem um universo de 200% | Senado Federal[editar | editar código]"
2018,PR,Eleições estaduais no Paraná em 2018,https://pt.wikipedia.org/wiki/Elei%C3%A7%C3%B5es_estaduais_no_Paran%C3%A1_em_2018,1,1,22/08/2018,Ibope,±3%,3.0,duas_mencoes_agregadas,Requião (MDB),40.0,40%,Senador | Governo do Estado | Pesquisas de opinião | Deputados estaduais
2018,PR,Eleições estaduais no Paraná em 2018,https://pt.wikipedia.org/wiki/Elei%C3%A7%C3%B5es_estaduais_no_Paran%C3%A1_em_2018,1,1,22/08/2018,Ibope,±3%,3.0,duas_mencoes_agregadas,Richa (PSDB),30.0,30%,Senador | Governo do Estado | Pesquisas de opinião | Deputados estaduais
2018,PR,Eleições estaduais no Paraná em 2018,https://pt.wikipedia.org/wiki/Elei%C3%A7%C3%B5es_estaduais_no_Paran%C3%A1_em_2018,1,1,22/08/2018,Ibope,±3%,3.0,duas_mencoes_agregadas,Arns (REDE),17.0,17%,Senador | Governo do Estado | Pesquisas de opinião | Deputados estaduais
2018,PR,Eleições estaduais no Paraná em 2018,https://pt.wikipedia.org/wiki/Elei%C3%A7%C3%B5es_estaduais_no_Paran%C3%A1_em_2018,1,1,22/08/2018,Ibope,±3%,3.0,duas_mencoes_agregadas,Canziani (PTB),9.0,9%,Senador | Governo do Estado | Pesquisas de opinião | Deputados estaduais
2018,PR,Eleições estaduais no Paraná em 2018,https://pt.wikipedia.org/wiki/Elei%C3%A7%C3%B5es_estaduais_no_Paran%C3%A1_em_2018,1,1,22/08/2018,Ibope,±3%,3.0,duas_mencoes_agregadas,Mirian (PT),4.0,4%,Senador | Governo do Estado | Pesquisas de opinião | Deputados estaduais
2018,PR,Eleições estaduais no Paraná em 2018,https://pt.wikipedia.org/wiki/Elei%C3%A7%C3%B5es_estaduais_no_Paran%C3%A1_em_2018,1,1,22/08/2018,Ibope,±3%,3.0,duas_mencoes_agregadas,Nelton (PDT),1.0,1%,Senador | Governo do Estado | Pesquisas de opinião | Deputados estaduais
2018,PR,Eleições estaduais no Paraná em 2018,https://pt.wikipedia.org/wiki/Elei%C3%A7%C3%B5es_estaduais_no_Paran%C3%A1_em_2018,1,1,22/08/2018,Ibope,±3%,3.0,duas_mencoes_agregadas,Oriovisto (PODE),3.0,3%,Senador | Governo do Estado | Pesquisas de opinião | Deputados estaduais
2018,PR,Eleições estaduais no Paraná em 2018,https://pt.wikipedia.org/wiki/Elei%C3%A7%C3%B5es_estaduais_no_Paran%C3%A1_em_2018,1,1,22/08/2018,Ibope,±3%,3.0,duas_mencoes_agregadas,NS / NR,39.0,39%,Senador | Governo do Estado | Pesquisas de opinião | Deputados estaduais
2018,PR,Eleições estaduais no Paraná em 2018,https://pt.wikipedia.org/wiki/Elei%C3%A7%C3%B5es_estaduais_no_Paran%C3%A1_em_2018,1,2,04/09/2018,Ibope,±3%,3.0,duas_mencoes_agregadas,Requião (MDB),43.0,43%,Senador | Governo do Estado | Pesquisas de opinião | Deputados estaduais
2018,PR,Eleições estaduais no Paraná em 2018,https://pt.wikipedia.org/wiki/Elei%C3%A7%C3%B5es_estaduais_no_Paran%C3%A1_em_2018,1,2,04/09/2018,Ibope,±3%,3.0,duas_mencoes_agregadas,Richa (PSDB),28.0,28%,Senador | Governo do Estado | Pesquisas de opinião | Deputados estaduais
2018,PR,Eleições estaduais no Paraná em 2018,https://pt.wikipedia.org/wiki/Elei%C3%A7%C3%B5es_estaduais_no_Paran%C3%A1_em_2018,1,2,04/09/2018,Ibope,±3%,3.0,duas_mencoes_agregadas,Arns (REDE),17.0,17%,Senador | Governo do Estado | Pesquisas de opinião | Deputados estaduais
2018,PR,Eleições estaduais no Paraná em 2018,https://pt.wikipedia.org/wiki/Elei%C3%A7%C3%B5es_estaduais_no_Paran%C3%A1_em_2018,1,2,04/09/2018,Ibope,±3%,3.0,duas_mencoes_agregadas,Canziani (PTB),11.0,11%,Senador | Governo do Estado | Pesquisas de opinião | Deputados estaduais
2018,PR,Eleições estaduais no Paraná em 2018,https://pt.wikipedia.org/wiki/Elei%C3%A7%C3%B5es_estaduais_no_Paran%C3%A1_em_2018,1,2,04/09/2018,Ibope,±3%,3.0,duas_mencoes_agregadas,Pickler (PSL),4.0,4%,Senador | Governo do Estado | Pesquisas de opinião | Deputados estaduais
2018,PR,Eleições estaduais no Paraná em 2018,https://pt.wikipedia.org/wiki/Elei%C3%A7%C3%B5es_estaduais_no_Paran%C3%A1_em_2018,1,2,04/09/2018,Ibope,±3%,3.0,duas_mencoes_agregadas,Mirian (PT),3.0,3%,Senador | Governo do Estado | Pesquisas de opinião | Deputados estaduais
2018,PR,Eleições estaduais no Paraná em 2018,https://pt.wikipedia.org/wiki/Elei%C3%A7%C3%B5es_estaduais_no_Paran%C3%A1_em_2018,1,2,04/09/2018,Ibope,±3%,3.0,duas_mencoes_agregadas,Nelton (PDT),3.0,3%,Senador | Governo do Estado | Pesquisas de opinião | Deputados estaduais
2018,PR,Eleições estaduais no Paraná em 2018,https://pt.wikipedia.org/wiki/Elei%C3%A7%C3%B5es_estaduais_no_Paran%C3%A1_em_2018,1,2,04/09/2018,Ibope,±3%,3.0,duas_mencoes_agregadas,Oriovisto (PODE),3.0,3%,Senador | Governo do Estado | Pesquisas de opinião | Deputados estaduais
2018,PR,Eleições estaduais no Paraná em 2018,https://pt.wikipedia.org/wiki/Elei%C3%A7%C3%B5es_estaduais_no_Paran%C3%A1_em_2018,1,2,04/09/2018,Ibope,±3%,3.0,duas_mencoes_agregadas,NS / NR,31.0,31%,Senador | Governo do Estado | Pesquisas de opinião | Deputados estaduais
2018,PR,Eleições estaduais no Paraná em 2018,https://pt.wikipedia.org/wiki/Elei%C3%A7%C3%B5es_estaduais_no_Paran%C3%A1_em_2018,1,3,19/09/2018,Radar,±3%,3.0,duas_mencoes_agregadas,Requião (MDB),31.0,31%,Senador | Governo do Estado | Pesquisas de opinião | Deputados estaduais
2018,PR,Eleições estaduais no Paraná em 2018,https://pt.wikipedia.org/wiki/Elei%C3%A7%C3%B5es_estaduais_no_Paran%C3%A1_em_2018,1,3,19/09/2018,Radar,±3%,3.0,duas_mencoes_agregadas,Richa (PSDB),13.0,13%,Senador | Governo do Estado | Pesquisas de opinião | Deputados estaduais
2018,PR,Eleições estaduais no Paraná em 2018,https://pt.wikipedia.org/wiki/Elei%C3%A7%C3%B5es_estaduais_no_Paran%C3%A1_em_2018,1,3,19/09/2018,Radar,±3%,3.0,duas_mencoes_agregadas,Arns (REDE),16.0,16%,Senador | Governo do Estado | Pesquisas de opinião | Deputados estaduais
2018,PR,Eleições estaduais no Paraná em 2018,https://pt.wikipedia.org/wiki/Elei%C3%A7%C3%B5es_estaduais_no_Paran%C3%A1_em_2018,1,3,19/09/2018,Radar,±3%,3.0,duas_mencoes_agregadas,Canziani (PTB),13.0,13%,Senador | Governo do Estado | Pesquisas de opinião | Deputados estaduais
2018,PR,Eleições estaduais no Paraná em 2018,https://pt.wikipedia.org/wiki/Elei%C3%A7%C3%B5es_estaduais_no_Paran%C3%A1_em_2018,1,3,19/09/2018,Radar,±3%,3.0,duas_mencoes_agregadas,Mirian (PT),4.0,4%,Senador | Governo do Estado | Pesquisas de opinião | Deputados estaduais
2018,PR,Eleições estaduais no Paraná em 2018,https://pt.wikipedia.org/wiki/Elei%C3%A7%C3%B5es_estaduais_no_Paran%C3%A1_em_2018,1,3,19/09/2018,Radar,±3%,3.0,duas_mencoes_agregadas,Nelton (PDT),2.0,2%,Senador | Governo do Estado | Pesquisas de opinião | Deputados estaduais
2018,PR,Eleições estaduais no Paraná em 2018,https://pt.wikipedia.org/wiki/Elei%C3%A7%C3%B5es_estaduais_no_Paran%C3%A1_em_2018,1,3,19/09/2018,Radar,±3%,3.0,duas_mencoes_agregadas,Oriovisto (PODE),9.0,9%,Senador | Governo do Estado | Pesquisas de opinião | Deputados estaduais
2018,PR,Eleições estaduais no Paraná em 2018,https://pt.wikipedia.org/wiki/Elei%C3%A7%C3%B5es_estaduais_no_Paran%C3%A1_em_2018,1,3,19/09/2018,Radar,±3%,3.0,duas_mencoes_agregadas,NS / NR,76.0,76%,Senador | Governo do Estado | Pesquisas de opinião | Deputados estaduais
2018,PR,Eleições estaduais no Paraná em 2018,https://pt.wikipedia.org/wiki/Elei%C3%A7%C3%B5es_estaduais_no_Paran%C3%A1_em_2018,1,4,27/09/2018,Ibope,±3%,3.0,duas_mencoes_agregadas,Requião (MDB),39.0,39%,Senador | Governo do Estado | Pesquisas de opinião | Deputados estaduais
2018,PR,Eleições estaduais no Paraná em 2018,https://pt.wikipedia.org/wiki/Elei%C3%A7%C3%B5es_estaduais_no_Paran%C3%A1_em_2018,1,4,27/09/2018,Ibope,±3%,3.0,duas_mencoes_agregadas,Richa (PSDB),17.0,17%,Senador | Governo do Estado | Pesquisas de opinião | Deputados estaduais
2018,PR,Eleições estaduais no Paraná em 2018,https://pt.wikipedia.org/wiki/Elei%C3%A7%C3%B5es_estaduais_no_Paran%C3%A1_em_2018,1,4,27/09/2018,Ibope,±3%,3.0,duas_mencoes_agregadas,Arns (REDE),16.0,16%,Senador | Governo do Estado | Pesquisas de opinião | Deputados estaduais
2018,PR,Eleições estaduais no Paraná em 2018,https://pt.wikipedia.org/wiki/Elei%C3%A7%C3%B5es_estaduais_no_Paran%C3%A1_em_2018,1,4,27/09/2018,Ibope,±3%,3.0,duas_mencoes_agregadas,Canziani (PTB),14.0,14%,Senador | Governo do Estado | Pesquisas de opinião | Deputados estaduais
2018,PR,Eleições estaduais no Paraná em 2018,https://pt.wikipedia.org/wiki/Elei%C3%A7%C3%B5es_estaduais_no_Paran%C3%A1_em_2018,1,4,27/09/2018,Ibope,±3%,3.0,duas_mencoes_agregadas,Mirian (PT),7.0,7%,Senador | Governo do Estado | Pesquisas de opinião | Deputados estaduais
2018,PR,Eleições estaduais no Paraná em 2018,https://pt.wikipedia.org/wiki/Elei%C3%A7%C3%B5es_estaduais_no_Paran%C3%A1_em_2018,1,4,27/09/2018,Ibope,±3%,3.0,duas_mencoes_agregadas,Nelton (PDT),3.0,3%,Senador | Governo do Estado | Pesquisas de opinião | Deputados estaduais
2018,PR,Eleições estaduais no Paraná em 2018,https://pt.wikipedia.org/wiki/Elei%C3%A7%C3%B5es_estaduais_no_Paran%C3%A1_em_2018,1,4,27/09/2018,Ibope,±3%,3.0,duas_mencoes_agregadas,Oriovisto (PODE),15.0,15%,Senador | Governo do Estado | Pesquisas de opinião | Deputados estaduais
2018,PR,Eleições estaduais no Paraná em 2018,https://pt.wikipedia.org/wiki/Elei%C3%A7%C3%B5es_estaduais_no_Paran%C3%A1_em_2018,1,4,27/09/2018,Ibope,±3%,3.0,duas_mencoes_agregadas,NS / NR,44.0,44%,Senador | Governo do Estado | Pesquisas de opinião | Deputados estaduais
2018,PR,Eleições estaduais no Paraná em 2018,https://pt.wikipedia.org/wiki/Elei%C3%A7%C3%B5es_estaduais_no_Paran%C3%A1_em_2018,1,5,06/10/2018,Ibope,±3%,3.0,duas_mencoes_agregadas,Requião (MDB),26.0,26%,Senador | Governo do Estado | Pesquisas de opinião | Deputados estaduais
2018,PR,Eleições estaduais no Paraná em 2018,https://pt.wikipedia.org/wiki/Elei%C3%A7%C3%B5es_estaduais_no_Paran%C3%A1_em_2018,1,5,06/10/2018,Ibope,±3%,3.0,duas_mencoes_agregadas,Richa (PSDB),14.0,14%,Senador | Governo do Estado | Pesquisas de opinião | Deputados estaduais
2018,PR,Eleições estaduais no Paraná em 2018,https://pt.wikipedia.org/wiki/Elei%C3%A7%C3%B5es_estaduais_no_Paran%C3%A1_em_2018,1,5,06/10/2018,Ibope,±3%,3.0,duas_mencoes_agregadas,Arns (REDE),14.0,14%,Senador | Governo do Estado | Pesquisas de opinião | Deputados estaduais
2018,PR,Eleições estaduais no Paraná em 2018,https://pt.wikipedia.org/wiki/Elei%C3%A7%C3%B5es_estaduais_no_Paran%C3%A1_em_2018,1,5,06/10/2018,Ibope,±3%,3.0,duas_mencoes_agregadas,Canziani (PTB),13.0,13%,Senador | Governo do Estado | Pesquisas de opinião | Deputados estaduais
2018,PR,Eleições estaduais no Paraná em 2018,https://pt.wikipedia.org/wiki/Elei%C3%A7%C3%B5es_estaduais_no_Paran%C3%A1_em_2018,1,5,06/10/2018,Ibope,±3%,3.0,duas_mencoes_agregadas,Mirian (PT),8.0,8%,Senador | Governo do Estado | Pesquisas de opinião | Deputados estaduais
2018,PR,Eleições estaduais no Paraná em 2018,https://pt.wikipedia.org/wiki/Elei%C3%A7%C3%B5es_estaduais_no_Paran%C3%A1_em_2018,1,5,06/10/2018,Ibope,±3%,3.0,duas_mencoes_agregadas,Nelton (PDT),2.0,2%,Senador | Governo do Estado | Pesquisas de opinião | Deputados estaduais
2018,PR,Eleições estaduais no Paraná em 2018,https://pt.wikipedia.org/wiki/Elei%C3%A7%C3%B5es_estaduais_no_Paran%C3%A1_em_2018,1,5,06/10/2018,Ibope,±3%,3.0,duas_mencoes_agregadas,Oriovisto (PODE),16.0,16%,Senador | Governo do Estado | Pesquisas de opinião | Deputados estaduais
2018,PR,Eleições estaduais no Paraná em 2018,https://pt.wikipedia.org/wiki/Elei%C3%A7%C3%B5es_estaduais_no_Paran%C3%A1_em_2018,1,5,06/10/2018,Ibope,±3%,3.0,duas_mencoes_agregadas,NS / NR,27.0,27%,Senador | Governo do Estado | Pesquisas de opinião | Deputados estaduais
2018,PE,Eleições estaduais em Pernambuco em 2018,https://pt.wikipedia.org/wiki/Elei%C3%A7%C3%B5es_estaduais_em_Pernambuco_em_2018,1,1,24/09 a 26/09/2018,Ibope,±3%,3.0,duas_mencoes_agregadas,Costa (PT),32.0,32%,"Senado Federal | Governo do Estado | Primeiro turno | Pesquisas de intenção de voto | Levando em conta que para o senado o eleitor irá votar duas vezes, as pesquisas possuem um universo de 200% | Senado Federal[editar | editar código]"
2018,PE,Eleições estaduais em Pernambuco em 2018,https://pt.wikipedia.org/wiki/Elei%C3%A7%C3%B5es_estaduais_em_Pernambuco_em_2018,1,1,24/09 a 26/09/2018,Ibope,±3%,3.0,duas_mencoes_agregadas,Jarbas (MDB),31.0,31%,"Senado Federal | Governo do Estado | Primeiro turno | Pesquisas de intenção de voto | Levando em conta que para o senado o eleitor irá votar duas vezes, as pesquisas possuem um universo de 200% | Senado Federal[editar | editar código]"
2018,PE,Eleições estaduais em Pernambuco em 2018,https://pt.wikipedia.org/wiki/Elei%C3%A7%C3%B5es_estaduais_em_Pernambuco_em_2018,1,1,24/09 a 26/09/2018,Ibope,±3%,3.0,duas_mencoes_agregadas,Mendonça (DEM),22.0,22%,"Senado Federal | Governo do Estado | Primeiro turno | Pesquisas de intenção de voto | Levando em conta que para o senado o eleitor irá votar duas vezes, as pesquisas possuem um universo de 200% | Senado Federal[editar | editar código]"
2018,PE,Eleições estaduais em Pernambuco em 2018,https://pt.wikipedia.org/wiki/Elei%C3%A7%C3%B5es_estaduais_em_Pernambuco_em_2018,1,1,24/09 a 26/09/2018,Ibope,±3%,3.0,duas_mencoes_agregadas,Silvio (AVANTE),12.0,12%,"Senado Federal | Governo do Estado | Primeiro turno | Pesquisas de intenção de voto | Levando em conta que para o senado o eleitor irá votar duas vezes, as pesquisas possuem um universo de 200% | Senado Federal[editar | editar código]"
2018,PE,Eleições estaduais em Pernambuco em 2018,https://pt.wikipedia.org/wiki/Elei%C3%A7%C3%B5es_estaduais_em_Pernambuco_em_2018,1,1,24/09 a 26/09/2018,Ibope,±3%,3.0,duas_mencoes_agregadas,Araújo (PSDB),9.0,9%,"Senado Federal | Governo do Estado | Primeiro turno | Pesquisas de intenção de voto | Levando em conta que para o senado o eleitor irá votar duas vezes, as pesquisas possuem um universo de 200% | Senado Federal[editar | editar código]"
2018,PE,Eleições estaduais em Pernambuco em 2018,https://pt.wikipedia.org/wiki/Elei%C3%A7%C3%B5es_estaduais_em_Pernambuco_em_2018,1,1,24/09 a 26/09/2018,Ibope,±3%,3.0,duas_mencoes_agregadas,Jairinho (REDE),5.0,5%,"Senado Federal | Governo do Estado | Primeiro turno | Pesquisas de intenção de voto | Levando em conta que para o senado o eleitor irá votar duas vezes, as pesquisas possuem um universo de 200% | Senado Federal[editar | editar código]"
2018,PE,Eleições estaduais em Pernambuco em 2018,https://pt.wikipedia.org/wiki/Elei%C3%A7%C3%B5es_estaduais_em_Pernambuco_em_2018,1,1,24/09 a 26/09/2018,Ibope,±3%,3.0,duas_mencoes_agregadas,Rocha (REDE),3.0,3%,"Senado Federal | Governo do Estado | Primeiro turno | Pesquisas de intenção de voto | Levando em conta que para o senado o eleitor irá votar duas vezes, as pesquisas possuem um universo de 200% | Senado Federal[editar | editar código]"
2018,PE,Eleições estaduais em Pernambuco em 2018,https://pt.wikipedia.org/wiki/Elei%C3%A7%C3%B5es_estaduais_em_Pernambuco_em_2018,1,1,24/09 a 26/09/2018,Ibope,±3%,3.0,duas_mencoes_agregadas,Eugênia (PSOL),2.0,2%,"Senado Federal | Governo do Estado | Primeiro turno | Pesquisas de intenção de voto | Levando em conta que para o senado o eleitor irá votar duas vezes, as pesquisas possuem um universo de 200% | Senado Federal[editar | editar código]"
2018,PE,Eleições estaduais em Pernambuco em 2018,https://pt.wikipedia.org/wiki/Elei%C3%A7%C3%B5es_estaduais_em_Pernambuco_em_2018,1,1,24/09 a 26/09/2018,Ibope,±3%,3.0,duas_mencoes_agregadas,Cabral (PSTU),2.0,2%,"Senado Federal | Governo do Estado | Primeiro turno | Pesquisas de intenção de voto | Levando em conta que para o senado o eleitor irá votar duas vezes, as pesquisas possuem um universo de 200% | Senado Federal[editar | editar código]"
2018,PE,Eleições estaduais em Pernambuco em 2018,https://pt.wikipedia.org/wiki/Elei%C3%A7%C3%B5es_estaduais_em_Pernambuco_em_2018,1,1,24/09 a 26/09/2018,Ibope,±3%,3.0,duas_mencoes_agregadas,Pires (PSOL),2.0,2%,"Senado Federal | Governo do Estado | Primeiro turno | Pesquisas de intenção de voto | Levando em conta que para o senado o eleitor irá votar duas vezes, as pesquisas possuem um universo de 200% | Senado Federal[editar | editar código]"
2018,PE,Eleições estaduais em Pernambuco em 2018,https://pt.wikipedia.org/wiki/Elei%C3%A7%C3%B5es_estaduais_em_Pernambuco_em_2018,1,1,24/09 a 26/09/2018,Ibope,±3%,3.0,duas_mencoes_agregadas,Brunes (PROS),1.0,1%,"Senado Federal | Governo do Estado | Primeiro turno | Pesquisas de intenção de voto | Levando em conta que para o senado o eleitor irá votar duas vezes, as pesquisas possuem um universo de 200% | Senado Federal[editar | editar código]"
2018,PE,Eleições estaduais em Pernambuco em 2018,https://pt.wikipedia.org/wiki/Elei%C3%A7%C3%B5es_estaduais_em_Pernambuco_em_2018,1,1,24/09 a 26/09/2018,Ibope,±3%,3.0,duas_mencoes_agregadas,Rola (PCO),1.0,1%,"Senado Federal | Governo do Estado | Primeiro turno | Pesquisas de intenção de voto | Levando em conta que para o senado o eleitor irá votar duas vezes, as pesquisas possuem um universo de 200% | Senado Federal[editar | editar código]"
2018,PI,Eleições estaduais no Piauí em 2018,https://pt.wikipedia.org/wiki/Elei%C3%A7%C3%B5es_estaduais_no_Piau%C3%AD_em_2018,1,1,18/08 a 21/08/2018,Ibope,±3%,3.0,duas_mencoes_agregadas,Ciro (PP),36.0,36%,"Senado Federal | Governo do Estado | Pesquisas de intenção de voto | Conteúdos | Levando em conta que para o senado o eleitor irá votar duas vezes, as pesquisas possuem um universo de 200% | Senado Federal[editar | editar código]"
2018,PI,Eleições estaduais no Piauí em 2018,https://pt.wikipedia.org/wiki/Elei%C3%A7%C3%B5es_estaduais_no_Piau%C3%AD_em_2018,1,1,18/08 a 21/08/2018,Ibope,±3%,3.0,duas_mencoes_agregadas,Martins (PSB),32.0,32%,"Senado Federal | Governo do Estado | Pesquisas de intenção de voto | Conteúdos | Levando em conta que para o senado o eleitor irá votar duas vezes, as pesquisas possuem um universo de 200% | Senado Federal[editar | editar código]"
2018,PI,Eleições estaduais no Piauí em 2018,https://pt.wikipedia.org/wiki/Elei%C3%A7%C3%B5es_estaduais_no_Piau%C3%AD_em_2018,1,1,18/08 a 21/08/2018,Ibope,±3%,3.0,duas_mencoes_agregadas,Castro (MDB),17.0,17%,"Senado Federal | Governo do Estado | Pesquisas de intenção de voto | Conteúdos | Levando em conta que para o senado o eleitor irá votar duas vezes, as pesquisas possuem um universo de 200% | Senado Federal[editar | editar código]"
2018,PI,Eleições estaduais no Piauí em 2018,https://pt.wikipedia.org/wiki/Elei%C3%A7%C3%B5es_estaduais_no_Piau%C3%AD_em_2018,1,1,18/08 a 21/08/2018,Ibope,±3%,3.0,duas_mencoes_agregadas,Frank (PRB),17.0,17%,"Senado Federal | Governo do Estado | Pesquisas de intenção de voto | Conteúdos | Levando em conta que para o senado o eleitor irá votar duas vezes, as pesquisas possuem um universo de 200% | Senado Federal[editar | editar código]"
2018,PI,Eleições estaduais no Piauí em 2018,https://pt.wikipedia.org/wiki/Elei%C3%A7%C3%B5es_estaduais_no_Piau%C3%AD_em_2018,1,1,18/08 a 21/08/2018,Ibope,±3%,3.0,duas_mencoes_agregadas,Robert (DEM),13.0,13%,"Senado Federal | Governo do Estado | Pesquisas de intenção de voto | Conteúdos | Levando em conta que para o senado o eleitor irá votar duas vezes, as pesquisas possuem um universo de 200% | Senado Federal[editar | editar código]"
2018,PI,Eleições estaduais no Piauí em 2018,https://pt.wikipedia.org/wiki/Elei%C3%A7%C3%B5es_estaduais_no_Piau%C3%AD_em_2018,1,1,18/08 a 21/08/2018,Ibope,±3%,3.0,duas_mencoes_agregadas,Marcos (PTC),4.0,4%,"Senado Federal | Governo do Estado | Pesquisas de intenção de voto | Conteúdos | Levando em conta que para o senado o eleitor irá votar duas vezes, as pesquisas possuem um universo de 200% | Senado Federal[editar | editar código]"
2018,PI,Eleições estaduais no Piauí em 2018,https://pt.wikipedia.org/wiki/Elei%C3%A7%C3%B5es_estaduais_no_Piau%C3%AD_em_2018,1,1,18/08 a 21/08/2018,Ibope,±3%,3.0,duas_mencoes_agregadas,Elizeu (PSL),3.0,3%,"Senado Federal | Governo do Estado | Pesquisas de intenção de voto | Conteúdos | Levando em conta que para o senado o eleitor irá votar duas vezes, as pesquisas possuem um universo de 200% | Senado Federal[editar | editar código]"
2018,PI,Eleições estaduais no Piauí em 2018,https://pt.wikipedia.org/wiki/Elei%C3%A7%C3%B5es_estaduais_no_Piau%C3%AD_em_2018,1,1,18/08 a 21/08/2018,Ibope,±3%,3.0,duas_mencoes_agregadas,Saraiva (DC),2.0,2%,"Senado Federal | Governo do Estado | Pesquisas de intenção de voto | Conteúdos | Levando em conta que para o senado o eleitor irá votar duas vezes, as pesquisas possuem um universo de 200% | Senado Federal[editar | editar código]"
2018,PI,Eleições estaduais no Piauí em 2018,https://pt.wikipedia.org/wiki/Elei%C3%A7%C3%B5es_estaduais_no_Piau%C3%AD_em_2018,1,1,18/08 a 21/08/2018,Ibope,±3%,3.0,duas_mencoes_agregadas,Lira (PSL),2.0,2%,"Senado Federal | Governo do Estado | Pesquisas de intenção de voto | Conteúdos | Levando em conta que para o senado o eleitor irá votar duas vezes, as pesquisas possuem um universo de 200% | Senado Federal[editar | editar código]"
2018,PI,Eleições estaduais no Piauí em 2018,https://pt.wikipedia.org/wiki/Elei%C3%A7%C3%B5es_estaduais_no_Piau%C3%AD_em_2018,1,1,18/08 a 21/08/2018,Ibope,±3%,3.0,duas_mencoes_agregadas,Henrique (REDE),2.0,2%,"Senado Federal | Governo do Estado | Pesquisas de intenção de voto | Conteúdos | Levando em conta que para o senado o eleitor irá votar duas vezes, as pesquisas possuem um universo de 200% | Senado Federal[editar | editar código]"
2018,PI,Eleições estaduais no Piauí em 2018,https://pt.wikipedia.org/wiki/Elei%C3%A7%C3%B5es_estaduais_no_Piau%C3%AD_em_2018,1,1,18/08 a 21/08/2018,Ibope,±3%,3.0,duas_mencoes_agregadas,Jesus (PSOL),1.0,1%,"Senado Federal | Governo do Estado | Pesquisas de intenção de voto | Conteúdos | Levando em conta que para o senado o eleitor irá votar duas vezes, as pesquisas possuem um universo de 200% | Senado Federal[editar | editar código]"
2018,PI,Eleições estaduais no Piauí em 2018,https://pt.wikipedia.org/wiki/Elei%C3%A7%C3%B5es_estaduais_no_Piau%C3%AD_em_2018,1,1,18/08 a 21/08/2018,Ibope,±3%,3.0,duas_mencoes_agregadas,Quem (AVANTE),1.0,1%,"Senado Federal | Governo do Estado | Pesquisas de intenção de voto | Conteúdos | Levando em conta que para o senado o eleitor irá votar duas vezes, as pesquisas possuem um universo de 200% | Senado Federal[editar | editar código]"
2018,PI,Eleições estaduais no Piauí em 2018,https://pt.wikipedia.org/wiki/Elei%C3%A7%C3%B5es_estaduais_no_Piau%C3%AD_em_2018,1,1,18/08 a 21/08/2018,Ibope,±3%,3.0,duas_mencoes_agregadas,Flávia (PRP),1.0,1%,"Senado Federal | Governo do Estado | Pesquisas de intenção de voto | Conteúdos | Levando em conta que para o senado o eleitor irá votar duas vezes, as pesquisas possuem um universo de 200% | Senado Federal[editar | editar código]"
2018,PI,Eleições estaduais no Piauí em 2018,https://pt.wikipedia.org/wiki/Elei%C3%A7%C3%B5es_estaduais_no_Piau%C3%AD_em_2018,1,1,18/08 a 21/08/2018,Ibope,±3%,3.0,duas_mencoes_agregadas,Genival (PSC),1.0,1%,"Senado Federal | Governo do Estado | Pesquisas de intenção de voto | Conteúdos | Levando em conta que para o senado o eleitor irá votar duas vezes, as pesquisas possuem um universo de 200% | Senado Federal[editar | editar código]"
2018,PI,Eleições estaduais no Piauí em 2018,https://pt.wikipedia.org/wiki/Elei%C3%A7%C3%B5es_estaduais_no_Piau%C3%AD_em_2018,1,1,18/08 a 21/08/2018,Ibope,±3%,3.0,duas_mencoes_agregadas,Santos (PSTU),1.0,1%,"Senado Federal | Governo do Estado | Pesquisas de intenção de voto | Conteúdos | Levando em conta que para o senado o eleitor irá votar duas vezes, as pesquisas possuem um universo de 200% | Senado Federal[editar | editar código]"
2018,PI,Eleições estaduais no Piauí em 2018,https://pt.wikipedia.org/wiki/Elei%C3%A7%C3%B5es_estaduais_no_Piau%C3%AD_em_2018,1,1,18/08 a 21/08/2018,Ibope,±3%,3.0,duas_mencoes_agregadas,Fausto (PCB),1.0,1%,"Senado Federal | Governo do Estado | Pesquisas de intenção de voto | Conteúdos | Levando em conta que para o senado o eleitor irá votar duas vezes, as pesquisas possuem um universo de 200% | Senado Federal[editar | editar código]"
2018,PI,Eleições estaduais no Piauí em 2018,https://pt.wikipedia.org/wiki/Elei%C3%A7%C3%B5es_estaduais_no_Piau%C3%AD_em_2018,1,1,18/08 a 21/08/2018,Ibope,±3%,3.0,duas_mencoes_agregadas,Albetiza (PCO),0.0,0%,"Senado Federal | Governo do Estado | Pesquisas de intenção de voto | Conteúdos | Levando em conta que para o senado o eleitor irá votar duas vezes, as pesquisas possuem um universo de 200% | Senado Federal[editar | editar código]"
2018,PI,Eleições estaduais no Piauí em 2018,https://pt.wikipedia.org/wiki/Elei%C3%A7%C3%B5es_estaduais_no_Piau%C3%AD_em_2018,1,1,18/08 a 21/08/2018,Ibope,±3%,3.0,duas_mencoes_agregadas,Andrade (DC),0.0,0%,"Senado Federal | Governo do Estado | Pesquisas de intenção de voto | Conteúdos | Levando em conta que para o senado o eleitor irá votar duas vezes, as pesquisas possuem um universo de 200% | Senado Federal[editar | editar código]"
2018,PI,Eleições estaduais no Piauí em 2018,https://pt.wikipedia.org/wiki/Elei%C3%A7%C3%B5es_estaduais_no_Piau%C3%AD_em_2018,1,2,03/10 a 05/10/2018,Ibope,±2%,2.0,duas_mencoes_agregadas,Ciro (PP),42.0,42%,"Senado Federal | Governo do Estado | Pesquisas de intenção de voto | Conteúdos | Levando em conta que para o senado o eleitor irá votar duas vezes, as pesquisas possuem um universo de 200% | Senado Federal[editar | editar código]"
2018,PI,Eleições estaduais no Piauí em 2018,https://pt.wikipedia.org/wiki/Elei%C3%A7%C3%B5es_estaduais_no_Piau%C3%AD_em_2018,1,2,03/10 a 05/10/2018,Ibope,±2%,2.0,duas_mencoes_agregadas,Martins (PSB),34.0,34%,"Senado Federal | Governo do Estado | Pesquisas de intenção de voto | Conteúdos | Levando em conta que para o senado o eleitor irá votar duas vezes, as pesquisas possuem um universo de 200% | Senado Federal[editar | editar código]"
2018,PI,Eleições estaduais no Piauí em 2018,https://pt.wikipedia.org/wiki/Elei%C3%A7%C3%B5es_estaduais_no_Piau%C3%AD_em_2018,1,2,03/10 a 05/10/2018,Ibope,±2%,2.0,duas_mencoes_agregadas,Castro (MDB),26.0,26%,"Senado Federal | Governo do Estado | Pesquisas de intenção de voto | Conteúdos | Levando em conta que para o senado o eleitor irá votar duas vezes, as pesquisas possuem um universo de 200% | Senado Federal[editar | editar código]"
2018,PI,Eleições estaduais no Piauí em 2018,https://pt.wikipedia.org/wiki/Elei%C3%A7%C3%B5es_estaduais_no_Piau%C3%AD_em_2018,1,2,03/10 a 05/10/2018,Ibope,±2%,2.0,duas_mencoes_agregadas,Frank (PRB),17.0,17%,"Senado Federal | Governo do Estado | Pesquisas de intenção de voto | Conteúdos | Levando em conta que para o senado o eleitor irá votar duas vezes, as pesquisas possuem um universo de 200% | Senado Federal[editar | editar código]"
2018,PI,Eleições estaduais no Piauí em 2018,https://pt.wikipedia.org/wiki/Elei%C3%A7%C3%B5es_estaduais_no_Piau%C3%AD_em_2018,1,2,03/10 a 05/10/2018,Ibope,±2%,2.0,duas_mencoes_agregadas,Robert (DEM),17.0,17%,"Senado Federal | Governo do Estado | Pesquisas de intenção de voto | Conteúdos | Levando em conta que para o senado o eleitor irá votar duas vezes, as pesquisas possuem um universo de 200% | Senado Federal[editar | editar código]"
2018,PI,Eleições estaduais no Piauí em 2018,https://pt.wikipedia.org/wiki/Elei%C3%A7%C3%B5es_estaduais_no_Piau%C3%AD_em_2018,1,2,03/10 a 05/10/2018,Ibope,±2%,2.0,duas_mencoes_agregadas,Marcos (PTC),5.0,5%,"Senado Federal | Governo do Estado | Pesquisas de intenção de voto | Conteúdos | Levando em conta que para o senado o eleitor irá votar duas vezes, as pesquisas possuem um universo de 200% | Senado Federal[editar | editar código]"
2018,PI,Eleições estaduais no Piauí em 2018,https://pt.wikipedia.org/wiki/Elei%C3%A7%C3%B5es_estaduais_no_Piau%C3%AD_em_2018,1,2,03/10 a 05/10/2018,Ibope,±2%,2.0,duas_mencoes_agregadas,Elizeu (PSL),2.0,2%,"Senado Federal | Governo do Estado | Pesquisas de intenção de voto | Conteúdos | Levando em conta que para o senado o eleitor irá votar duas vezes, as pesquisas possuem um universo de 200% | Senado Federal[editar | editar código]"
2018,PI,Eleições estaduais no Piauí em 2018,https://pt.wikipedia.org/wiki/Elei%C3%A7%C3%B5es_estaduais_no_Piau%C3%AD_em_2018,1,2,03/10 a 05/10/2018,Ibope,±2%,2.0,duas_mencoes_agregadas,Saraiva (DC),1.0,1%,"Senado Federal | Governo do Estado | Pesquisas de intenção de voto | Conteúdos | Levando em conta que para o senado o eleitor irá votar duas vezes, as pesquisas possuem um universo de 200% | Senado Federal[editar | editar código]"
2018,PI,Eleições estaduais no Piauí em 2018,https://pt.wikipedia.org/wiki/Elei%C3%A7%C3%B5es_estaduais_no_Piau%C3%AD_em_2018,1,2,03/10 a 05/10/2018,Ibope,±2%,2.0,duas_mencoes_agregadas,Lira (PSL),2.0,2%,"Senado Federal | Governo do Estado | Pesquisas de intenção de voto | Conteúdos | Levando em conta que para o senado o eleitor irá votar duas vezes, as pesquisas possuem um universo de 200% | Senado Federal[editar | editar código]"
2018,PI,Eleições estaduais no Piauí em 2018,https://pt.wikipedia.org/wiki/Elei%C3%A7%C3%B5es_estaduais_no_Piau%C3%AD_em_2018,1,2,03/10 a 05/10/2018,Ibope,±2%,2.0,duas_mencoes_agregadas,Henrique (REDE),2.0,2%,"Senado Federal | Governo do Estado | Pesquisas de intenção de voto | Conteúdos | Levando em conta que para o senado o eleitor irá votar duas vezes, as pesquisas possuem um universo de 200% | Senado Federal[editar | editar código]"
2018,PI,Eleições estaduais no Piauí em 2018,https://pt.wikipedia.org/wiki/Elei%C3%A7%C3%B5es_estaduais_no_Piau%C3%AD_em_2018,1,2,03/10 a 05/10/2018,Ibope,±2%,2.0,duas_mencoes_agregadas,Jesus (PSOL),2.0,2%,"Senado Federal | Governo do Estado | Pesquisas de intenção de voto | Conteúdos | Levando em conta que para o senado o eleitor irá votar duas vezes, as pesquisas possuem um universo de 200% | Senado Federal[editar | editar código]"
2018,PI,Eleições estaduais no Piauí em 2018,https://pt.wikipedia.org/wiki/Elei%C3%A7%C3%B5es_estaduais_no_Piau%C3%AD_em_2018,1,2,03/10 a 05/10/2018,Ibope,±2%,2.0,duas_mencoes_agregadas,Quem (AVANTE),1.0,1%,"Senado Federal | Governo do Estado | Pesquisas de intenção de voto | Conteúdos | Levando em conta que para o senado o eleitor irá votar duas vezes, as pesquisas possuem um universo de 200% | Senado Federal[editar | editar código]"
2018,PI,Eleições estaduais no Piauí em 2018,https://pt.wikipedia.org/wiki/Elei%C3%A7%C3%B5es_estaduais_no_Piau%C3%AD_em_2018,1,2,03/10 a 05/10/2018,Ibope,±2%,2.0,duas_mencoes_agregadas,Flávia (PRP),2.0,2%,"Senado Federal | Governo do Estado | Pesquisas de intenção de voto | Conteúdos | Levando em conta que para o senado o eleitor irá votar duas vezes, as pesquisas possuem um universo de 200% | Senado Federal[editar | editar código]"
2018,PI,Eleições estaduais no Piauí em 2018,https://pt.wikipedia.org/wiki/Elei%C3%A7%C3%B5es_estaduais_no_Piau%C3%AD_em_2018,1,2,03/10 a 05/10/2018,Ibope,±2%,2.0,duas_mencoes_agregadas,Genival (PSC),1.0,1%,"Senado Federal | Governo do Estado | Pesquisas de intenção de voto | Conteúdos | Levando em conta que para o senado o eleitor irá votar duas vezes, as pesquisas possuem um universo de 200% | Senado Federal[editar | editar código]"
2018,PI,Eleições estaduais no Piauí em 2018,https://pt.wikipedia.org/wiki/Elei%C3%A7%C3%B5es_estaduais_no_Piau%C3%AD_em_2018,1,2,03/10 a 05/10/2018,Ibope,±2%,2.0,duas_mencoes_agregadas,Santos (PSTU),1.0,1%,"Senado Federal | Governo do Estado | Pesquisas de intenção de voto | Conteúdos | Levando em conta que para o senado o eleitor irá votar duas vezes, as pesquisas possuem um universo de 200% | Senado Federal[editar | editar código]"
2018,PI,Eleições estaduais no Piauí em 2018,https://pt.wikipedia.org/wiki/Elei%C3%A7%C3%B5es_estaduais_no_Piau%C3%AD_em_2018,1,2,03/10 a 05/10/2018,Ibope,±2%,2.0,duas_mencoes_agregadas,Fausto (PCB),1.0,1%,"Senado Federal | Governo do Estado | Pesquisas de intenção de voto | Conteúdos | Levando em conta que para o senado o eleitor irá votar duas vezes, as pesquisas possuem um universo de 200% | Senado Federal[editar | editar código]"
2018,PI,Eleições estaduais no Piauí em 2018,https://pt.wikipedia.org/wiki/Elei%C3%A7%C3%B5es_estaduais_no_Piau%C3%AD_em_2018,1,2,03/10 a 05/10/2018,Ibope,±2%,2.0,duas_mencoes_agregadas,Albetiza (PCO),0.0,0%,"Senado Federal | Governo do Estado | Pesquisas de intenção de voto | Conteúdos | Levando em conta que para o senado o eleitor irá votar duas vezes, as pesquisas possuem um universo de 200% | Senado Federal[editar | editar código]"
2018,PI,Eleições estaduais no Piauí em 2018,https://pt.wikipedia.org/wiki/Elei%C3%A7%C3%B5es_estaduais_no_Piau%C3%AD_em_2018,1,2,03/10 a 05/10/2018,Ibope,±2%,2.0,duas_mencoes_agregadas,Andrade (DC),0.0,0%,"Senado Federal | Governo do Estado | Pesquisas de intenção de voto | Conteúdos | Levando em conta que para o senado o eleitor irá votar duas vezes, as pesquisas possuem um universo de 200% | Senado Federal[editar | editar código]"
2018,RJ,Eleições estaduais no Rio de Janeiro em 2018,https://pt.wikipedia.org/wiki/Elei%C3%A7%C3%B5es_estaduais_no_Rio_de_Janeiro_em_2018,1,1,Datafolha (22 de agosto),Datafolha,,,duas_mencoes_agregadas,Maia (DEM),18.0,18%,Senador | 1º turno | Governo do Estado | Pesquisas de opinião | Senador[editar | editar código]
2018,RJ,Eleições estaduais no Rio de Janeiro em 2018,https://pt.wikipedia.org/wiki/Elei%C3%A7%C3%B5es_estaduais_no_Rio_de_Janeiro_em_2018,1,2,Datafolha (6 de setembro),Datafolha,,,duas_mencoes_agregadas,Maia (DEM),21.0,21%,Senador | 1º turno | Governo do Estado | Pesquisas de opinião | Senador[editar | editar código]
2018,RJ,Eleições estaduais no Rio de Janeiro em 2018,https://pt.wikipedia.org/wiki/Elei%C3%A7%C3%B5es_estaduais_no_Rio_de_Janeiro_em_2018,1,3,Datafolha (28 de setembro),Datafolha,,,duas_mencoes_agregadas,Maia (DEM),26.0,26%,Senador | 1º turno | Governo do Estado | Pesquisas de opinião | Senador[editar | editar código]
2018,RJ,Eleições estaduais no Rio de Janeiro em 2018,https://pt.wikipedia.org/wiki/Elei%C3%A7%C3%B5es_estaduais_no_Rio_de_Janeiro_em_2018,1,1,Datafolha (22 de agosto),Datafolha,,,duas_mencoes_agregadas,Lindbergh (PT),18.0,18%,Senador | 1º turno | Governo do Estado | Pesquisas de opinião | Senador[editar | editar código]
2018,RJ,Eleições estaduais no Rio de Janeiro em 2018,https://pt.wikipedia.org/wiki/Elei%C3%A7%C3%B5es_estaduais_no_Rio_de_Janeiro_em_2018,1,2,Datafolha (6 de setembro),Datafolha,,,duas_mencoes_agregadas,Lindbergh (PT),18.0,18%,Senador | 1º turno | Governo do Estado | Pesquisas de opinião | Senador[editar | editar código]
2018,RJ,Eleições estaduais no Rio de Janeiro em 2018,https://pt.wikipedia.org/wiki/Elei%C3%A7%C3%B5es_estaduais_no_Rio_de_Janeiro_em_2018,1,3,Datafolha (28 de setembro),Datafolha,,,duas_mencoes_agregadas,Lindbergh (PT),22.0,22%,Senador | 1º turno | Governo do Estado | Pesquisas de opinião | Senador[editar | editar código]
2018,RJ,Eleições estaduais no Rio de Janeiro em 2018,https://pt.wikipedia.org/wiki/Elei%C3%A7%C3%B5es_estaduais_no_Rio_de_Janeiro_em_2018,1,1,Datafolha (22 de agosto),Datafolha,,,duas_mencoes_agregadas,Bolsonaro (PSL),18.0,18%,Senador | 1º turno | Governo do Estado | Pesquisas de opinião | Senador[editar | editar código]
2018,RJ,Eleições estaduais no Rio de Janeiro em 2018,https://pt.wikipedia.org/wiki/Elei%C3%A7%C3%B5es_estaduais_no_Rio_de_Janeiro_em_2018,1,2,Datafolha (6 de setembro),Datafolha,,,duas_mencoes_agregadas,Bolsonaro (PSL),17.0,17%,Senador | 1º turno | Governo do Estado | Pesquisas de opinião | Senador[editar | editar código]
2018,RJ,Eleições estaduais no Rio de Janeiro em 2018,https://pt.wikipedia.org/wiki/Elei%C3%A7%C3%B5es_estaduais_no_Rio_de_Janeiro_em_2018,1,3,Datafolha (28 de setembro),Datafolha,,,duas_mencoes_agregadas,Bolsonaro (PSL),25.0,25%,Senador | 1º turno | Governo do Estado | Pesquisas de opinião | Senador[editar | editar código]
2018,RJ,Eleições estaduais no Rio de Janeiro em 2018,https://pt.wikipedia.org/wiki/Elei%C3%A7%C3%B5es_estaduais_no_Rio_de_Janeiro_em_2018,1,1,Datafolha (22 de agosto),Datafolha,,,duas_mencoes_agregadas,Alencar (PSOL),17.0,17%,Senador | 1º turno | Governo do Estado | Pesquisas de opinião | Senador[editar | editar código]
2018,RJ,Eleições estaduais no Rio de Janeiro em 2018,https://pt.wikipedia.org/wiki/Elei%C3%A7%C3%B5es_estaduais_no_Rio_de_Janeiro_em_2018,1,2,Datafolha (6 de setembro),Datafolha,,,duas_mencoes_agregadas,Alencar (PSOL),14.0,14%,Senador | 1º turno | Governo do Estado | Pesquisas de opinião | Senador[editar | editar código]
2018,RJ,Eleições estaduais no Rio de Janeiro em 2018,https://pt.wikipedia.org/wiki/Elei%C3%A7%C3%B5es_estaduais_no_Rio_de_Janeiro_em_2018,1,3,Datafolha (28 de setembro),Datafolha,,,duas_mencoes_agregadas,Alencar (PSOL),14.0,14%,Senador | 1º turno | Governo do Estado | Pesquisas de opinião | Senador[editar | editar código]
2018,RJ,Eleições estaduais no Rio de Janeiro em 2018,https://pt.wikipedia.org/wiki/Elei%C3%A7%C3%B5es_estaduais_no_Rio_de_Janeiro_em_2018,1,1,Datafolha (22 de agosto),Datafolha,,,duas_mencoes_agregadas,Teixeira (REDE),11.0,11%,Senador | 1º turno | Governo do Estado | Pesquisas de opinião | Senador[editar | editar código]
2018,RJ,Eleições estaduais no Rio de Janeiro em 2018,https://pt.wikipedia.org/wiki/Elei%C3%A7%C3%B5es_estaduais_no_Rio_de_Janeiro_em_2018,1,2,Datafolha (6 de setembro),Datafolha,,,duas_mencoes_agregadas,Teixeira (REDE),12.0,12%,Senador | 1º turno | Governo do Estado | Pesquisas de opinião | Senador[editar | editar código]
2018,RJ,Eleições estaduais no Rio de Janeiro em 2018,https://pt.wikipedia.org/wiki/Elei%C3%A7%C3%B5es_estaduais_no_Rio_de_Janeiro_em_2018,1,3,Datafolha (28 de setembro),Datafolha,,,duas_mencoes_agregadas,Teixeira (REDE),11.0,11%,Senador | 1º turno | Governo do Estado | Pesquisas de opinião | Senador[editar | editar código]
2018,RJ,Eleições estaduais no Rio de Janeiro em 2018,https://pt.wikipedia.org/wiki/Elei%C3%A7%C3%B5es_estaduais_no_Rio_de_Janeiro_em_2018,1,1,Datafolha (22 de agosto),Datafolha,,,duas_mencoes_agregadas,Everaldo (PSC),8.0,8%,Senador | 1º turno | Governo do Estado | Pesquisas de opinião | Senador[editar | editar código]
2018,RJ,Eleições estaduais no Rio de Janeiro em 2018,https://pt.wikipedia.org/wiki/Elei%C3%A7%C3%B5es_estaduais_no_Rio_de_Janeiro_em_2018,1,2,Datafolha (6 de setembro),Datafolha,,,duas_mencoes_agregadas,Everaldo (PSC),6.0,6%,Senador | 1º turno | Governo do Estado | Pesquisas de opinião | Senador[editar | editar código]
2018,RJ,Eleições estaduais no Rio de Janeiro em 2018,https://pt.wikipedia.org/wiki/Elei%C3%A7%C3%B5es_estaduais_no_Rio_de_Janeiro_em_2018,1,3,Datafolha (28 de setembro),Datafolha,,,duas_mencoes_agregadas,Everaldo (PSC),6.0,6%,Senador | 1º turno | Governo do Estado | Pesquisas de opinião | Senador[editar | editar código]
2018,RJ,Eleições estaduais no Rio de Janeiro em 2018,https://pt.wikipedia.org/wiki/Elei%C3%A7%C3%B5es_estaduais_no_Rio_de_Janeiro_em_2018,1,1,Datafolha (22 de agosto),Datafolha,,,duas_mencoes_agregadas,Arolde (PSD),6.0,6%,Senador | 1º turno | Governo do Estado | Pesquisas de opinião | Senador[editar | editar código]
2018,RJ,Eleições estaduais no Rio de Janeiro em 2018,https://pt.wikipedia.org/wiki/Elei%C3%A7%C3%B5es_estaduais_no_Rio_de_Janeiro_em_2018,1,2,Datafolha (6 de setembro),Datafolha,,,duas_mencoes_agregadas,Arolde (PSD),6.0,6%,Senador | 1º turno | Governo do Estado | Pesquisas de opinião | Senador[editar | editar código]
2018,RJ,Eleições estaduais no Rio de Janeiro em 2018,https://pt.wikipedia.org/wiki/Elei%C3%A7%C3%B5es_estaduais_no_Rio_de_Janeiro_em_2018,1,3,Datafolha (28 de setembro),Datafolha,,,duas_mencoes_agregadas,Arolde (PSD),9.0,9%,Senador | 1º turno | Governo do Estado | Pesquisas de opinião | Senador[editar | editar código]
2018,RJ,Eleições estaduais no Rio de Janeiro em 2018,https://pt.wikipedia.org/wiki/Elei%C3%A7%C3%B5es_estaduais_no_Rio_de_Janeiro_em_2018,1,1,Datafolha (22 de agosto),Datafolha,,,duas_mencoes_agregadas,Garcia (PSTU),6.0,6%,Senador | 1º turno | Governo do Estado | Pesquisas de opinião | Senador[editar | editar código]
2018,RJ,Eleições estaduais no Rio de Janeiro em 2018,https://pt.wikipedia.org/wiki/Elei%C3%A7%C3%B5es_estaduais_no_Rio_de_Janeiro_em_2018,1,2,Datafolha (6 de setembro),Datafolha,,,duas_mencoes_agregadas,Garcia (PSTU),5.0,5%,Senador | 1º turno | Governo do Estado | Pesquisas de opinião | Senador[editar | editar código]
2018,RJ,Eleições estaduais no Rio de Janeiro em 2018,https://pt.wikipedia.org/wiki/Elei%C3%A7%C3%B5es_estaduais_no_Rio_de_Janeiro_em_2018,1,3,Datafolha (28 de setembro),Datafolha,,,duas_mencoes_agregadas,Garcia (PSTU),3.0,3%,Senador | 1º turno | Governo do Estado | Pesquisas de opinião | Senador[editar | editar código]
2018,RJ,Eleições estaduais no Rio de Janeiro em 2018,https://pt.wikipedia.org/wiki/Elei%C3%A7%C3%B5es_estaduais_no_Rio_de_Janeiro_em_2018,1,1,Datafolha (22 de agosto),Datafolha,,,duas_mencoes_agregadas,Nascimento (PRTB),5.0,5%,Senador | 1º turno | Governo do Estado | Pesquisas de opinião | Senador[editar | editar código]
2018,RJ,Eleições estaduais no Rio de Janeiro em 2018,https://pt.wikipedia.org/wiki/Elei%C3%A7%C3%B5es_estaduais_no_Rio_de_Janeiro_em_2018,1,2,Datafolha (6 de setembro),Datafolha,,,duas_mencoes_agregadas,Nascimento (PRTB),3.0,3%,Senador | 1º turno | Governo do Estado | Pesquisas de opinião | Senador[editar | editar código]
2018,RJ,Eleições estaduais no Rio de Janeiro em 2018,https://pt.wikipedia.org/wiki/Elei%C3%A7%C3%B5es_estaduais_no_Rio_de_Janeiro_em_2018,1,3,Datafolha (28 de setembro),Datafolha,,,duas_mencoes_agregadas,Nascimento (PRTB),3.0,3%,Senador | 1º turno | Governo do Estado | Pesquisas de opinião | Senador[editar | editar código]
2018,RJ,Eleições estaduais no Rio de Janeiro em 2018,https://pt.wikipedia.org/wiki/Elei%C3%A7%C3%B5es_estaduais_no_Rio_de_Janeiro_em_2018,1,1,Datafolha (22 de agosto),Datafolha,,,duas_mencoes_agregadas,Lopes (PRB),5.0,5%,Senador | 1º turno | Governo do Estado | Pesquisas de opinião | Senador[editar | editar código]
2018,RJ,Eleições estaduais no Rio de Janeiro em 2018,https://pt.wikipedia.org/wiki/Elei%C3%A7%C3%B5es_estaduais_no_Rio_de_Janeiro_em_2018,1,2,Datafolha (6 de setembro),Datafolha,,,duas_mencoes_agregadas,Lopes (PRB),3.0,3%,Senador | 1º turno | Governo do Estado | Pesquisas de opinião | Senador[editar | editar código]
2018,RJ,Eleições estaduais no Rio de Janeiro em 2018,https://pt.wikipedia.org/wiki/Elei%C3%A7%C3%B5es_estaduais_no_Rio_de_Janeiro_em_2018,1,3,Datafolha (28 de setembro),Datafolha,,,duas_mencoes_agregadas,Lopes (PRB),4.0,4%,Senador | 1º turno | Governo do Estado | Pesquisas de opinião | Senador[editar | editar código]
2018,RJ,Eleições estaduais no Rio de Janeiro em 2018,https://pt.wikipedia.org/wiki/Elei%C3%A7%C3%B5es_estaduais_no_Rio_de_Janeiro_em_2018,1,1,Datafolha (22 de agosto),Datafolha,,,duas_mencoes_agregadas,Bonifácio (PDT),4.0,4%,Senador | 1º turno | Governo do Estado | Pesquisas de opinião | Senador[editar | editar código]
2018,RJ,Eleições estaduais no Rio de Janeiro em 2018,https://pt.wikipedia.org/wiki/Elei%C3%A7%C3%B5es_estaduais_no_Rio_de_Janeiro_em_2018,1,2,Datafolha (6 de setembro),Datafolha,,,duas_mencoes_agregadas,Bonifácio (PDT),3.0,3%,Senador | 1º turno | Governo do Estado | Pesquisas de opinião | Senador[editar | editar código]
2018,RJ,Eleições estaduais no Rio de Janeiro em 2018,https://pt.wikipedia.org/wiki/Elei%C3%A7%C3%B5es_estaduais_no_Rio_de_Janeiro_em_2018,1,3,Datafolha (28 de setembro),Datafolha,,,duas_mencoes_agregadas,Bonifácio (PDT),5.0,5%,Senador | 1º turno | Governo do Estado | Pesquisas de opinião | Senador[editar | editar código]
2018,RJ,Eleições estaduais no Rio de Janeiro em 2018,https://pt.wikipedia.org/wiki/Elei%C3%A7%C3%B5es_estaduais_no_Rio_de_Janeiro_em_2018,1,1,Datafolha (22 de agosto),Datafolha,,,duas_mencoes_agregadas,Aspásia (PSDB),3.0,3%,Senador | 1º turno | Governo do Estado | Pesquisas de opinião | Senador[editar | editar código]
2018,RJ,Eleições estaduais no Rio de Janeiro em 2018,https://pt.wikipedia.org/wiki/Elei%C3%A7%C3%B5es_estaduais_no_Rio_de_Janeiro_em_2018,1,2,Datafolha (6 de setembro),Datafolha,,,duas_mencoes_agregadas,Aspásia (PSDB),3.0,3%,Senador | 1º turno | Governo do Estado | Pesquisas de opinião | Senador[editar | editar código]
2018,RJ,Eleições estaduais no Rio de Janeiro em 2018,https://pt.wikipedia.org/wiki/Elei%C3%A7%C3%B5es_estaduais_no_Rio_de_Janeiro_em_2018,1,3,Datafolha (28 de setembro),Datafolha,,,duas_mencoes_agregadas,Aspásia (PSDB),4.0,4%,Senador | 1º turno | Governo do Estado | Pesquisas de opinião | Senador[editar | editar código]
2018,RJ,Eleições estaduais no Rio de Janeiro em 2018,https://pt.wikipedia.org/wiki/Elei%C3%A7%C3%B5es_estaduais_no_Rio_de_Janeiro_em_2018,1,1,Datafolha (22 de agosto),Datafolha,,,duas_mencoes_agregadas,Barçante (PCB),3.0,3%,Senador | 1º turno | Governo do Estado | Pesquisas de opinião | Senador[editar | editar código]
2018,RJ,Eleições estaduais no Rio de Janeiro em 2018,https://pt.wikipedia.org/wiki/Elei%C3%A7%C3%B5es_estaduais_no_Rio_de_Janeiro_em_2018,1,2,Datafolha (6 de setembro),Datafolha,,,duas_mencoes_agregadas,Barçante (PCB),2.0,2%,Senador | 1º turno | Governo do Estado | Pesquisas de opinião | Senador[editar | editar código]
2018,RJ,Eleições estaduais no Rio de Janeiro em 2018,https://pt.wikipedia.org/wiki/Elei%C3%A7%C3%B5es_estaduais_no_Rio_de_Janeiro_em_2018,1,3,Datafolha (28 de setembro),Datafolha,,,duas_mencoes_agregadas,Barçante (PCB),1.0,1%,Senador | 1º turno | Governo do Estado | Pesquisas de opinião | Senador[editar | editar código]
2018,RJ,Eleições estaduais no Rio de Janeiro em 2018,https://pt.wikipedia.org/wiki/Elei%C3%A7%C3%B5es_estaduais_no_Rio_de_Janeiro_em_2018,1,1,Datafolha (22 de agosto),Datafolha,,,duas_mencoes_agregadas,Fagundes (PCO),2.0,2%,Senador | 1º turno | Governo do Estado | Pesquisas de opinião | Senador[editar | editar código]
2018,RJ,Eleições estaduais no Rio de Janeiro em 2018,https://pt.wikipedia.org/wiki/Elei%C3%A7%C3%B5es_estaduais_no_Rio_de_Janeiro_em_2018,1,2,Datafolha (6 de setembro),Datafolha,,,duas_mencoes_agregadas,Fagundes (PCO),1.0,1%,Senador | 1º turno | Governo do Estado | Pesquisas de opinião | Senador[editar | editar código]
2018,RJ,Eleições estaduais no Rio de Janeiro em 2018,https://pt.wikipedia.org/wiki/Elei%C3%A7%C3%B5es_estaduais_no_Rio_de_Janeiro_em_2018,1,3,Datafolha (28 de setembro),Datafolha,,,duas_mencoes_agregadas,Fagundes (PCO),1.0,1%,Senador | 1º turno | Governo do Estado | Pesquisas de opinião | Senador[editar | editar código]
2018,RJ,Eleições estaduais no Rio de Janeiro em 2018,https://pt.wikipedia.org/wiki/Elei%C3%A7%C3%B5es_estaduais_no_Rio_de_Janeiro_em_2018,1,1,Datafolha (22 de agosto),Datafolha,,,duas_mencoes_agregadas,Guedes (PSTU),2.0,2%,Senador | 1º turno | Governo do Estado | Pesquisas de opinião | Senador[editar | editar código]
2018,RJ,Eleições estaduais no Rio de Janeiro em 2018,https://pt.wikipedia.org/wiki/Elei%C3%A7%C3%B5es_estaduais_no_Rio_de_Janeiro_em_2018,1,2,Datafolha (6 de setembro),Datafolha,,,duas_mencoes_agregadas,Guedes (PSTU),1.0,1%,Senador | 1º turno | Governo do Estado | Pesquisas de opinião | Senador[editar | editar código]
2018,RJ,Eleições estaduais no Rio de Janeiro em 2018,https://pt.wikipedia.org/wiki/Elei%C3%A7%C3%B5es_estaduais_no_Rio_de_Janeiro_em_2018,1,3,Datafolha (28 de setembro),Datafolha,,,duas_mencoes_agregadas,Guedes (PSTU),1.0,1%,Senador | 1º turno | Governo do Estado | Pesquisas de opinião | Senador[editar | editar código]
2018,RJ,Eleições estaduais no Rio de Janeiro em 2018,https://pt.wikipedia.org/wiki/Elei%C3%A7%C3%B5es_estaduais_no_Rio_de_Janeiro_em_2018,1,2,Datafolha (6 de setembro),Datafolha,,,duas_mencoes_agregadas,Burcci (PMB),1.0,1%,Senador | 1º turno | Governo do Estado | Pesquisas de opinião | Senador[editar | editar código]
2018,RJ,Eleições estaduais no Rio de Janeiro em 2018,https://pt.wikipedia.org/wiki/Elei%C3%A7%C3%B5es_estaduais_no_Rio_de_Janeiro_em_2018,1,3,Datafolha (28 de setembro),Datafolha,,,duas_mencoes_agregadas,Burcci (PMB),0.0,0%,Senador | 1º turno | Governo do Estado | Pesquisas de opinião | Senador[editar | editar código]
2018,RJ,Eleições estaduais no Rio de Janeiro em 2018,https://pt.wikipedia.org/wiki/Elei%C3%A7%C3%B5es_estaduais_no_Rio_de_Janeiro_em_2018,1,1,Datafolha (22 de agosto),Datafolha,,,duas_mencoes_agregadas,Cristie (PATRI),0.0,0%,Senador | 1º turno | Governo do Estado | Pesquisas de opinião | Senador[editar | editar código]
2018,RJ,Eleições estaduais no Rio de Janeiro em 2018,https://pt.wikipedia.org/wiki/Elei%C3%A7%C3%B5es_estaduais_no_Rio_de_Janeiro_em_2018,1,2,Datafolha (6 de setembro),Datafolha,,,duas_mencoes_agregadas,Cristie (PATRI),0.0,0%,Senador | 1º turno | Governo do Estado | Pesquisas de opinião | Senador[editar | editar código]
2018,RJ,Eleições estaduais no Rio de Janeiro em 2018,https://pt.wikipedia.org/wiki/Elei%C3%A7%C3%B5es_estaduais_no_Rio_de_Janeiro_em_2018,1,3,Datafolha (28 de setembro),Datafolha,,,duas_mencoes_agregadas,Cristie (PATRI),0.0,0%,Senador | 1º turno | Governo do Estado | Pesquisas de opinião | Senador[editar | editar código]
2018,RN,Eleições estaduais no Rio Grande do Norte em 2018,https://pt.wikipedia.org/wiki/Elei%C3%A7%C3%B5es_estaduais_no_Rio_Grande_do_Norte_em_2018,1,1,31/07 a 2 de agosto de 2018,Seta,"±3,5%",3.5,duas_mencoes_agregadas,Styvenson (REDE),13.3,"13,3%","Senado Federal | Governo do estado | Senadores | Governador(a) | Levando em conta que para o senado o eleitor irá votar duas vezes, as pesquisas possuem um universo de 200% | Senado Federal[editar | editar código]"
2018,RN,Eleições estaduais no Rio Grande do Norte em 2018,https://pt.wikipedia.org/wiki/Elei%C3%A7%C3%B5es_estaduais_no_Rio_Grande_do_Norte_em_2018,1,1,31/07 a 2 de agosto de 2018,Seta,"±3,5%",3.5,duas_mencoes_agregadas,Maia (PHS),14.0,"14,0%","Senado Federal | Governo do estado | Senadores | Governador(a) | Levando em conta que para o senado o eleitor irá votar duas vezes, as pesquisas possuem um universo de 200% | Senado Federal[editar | editar código]"
2018,RN,Eleições estaduais no Rio Grande do Norte em 2018,https://pt.wikipedia.org/wiki/Elei%C3%A7%C3%B5es_estaduais_no_Rio_Grande_do_Norte_em_2018,1,1,31/07 a 2 de agosto de 2018,Seta,"±3,5%",3.5,duas_mencoes_agregadas,Garibaldi (MDB),14.2,"14,2%","Senado Federal | Governo do estado | Senadores | Governador(a) | Levando em conta que para o senado o eleitor irá votar duas vezes, as pesquisas possuem um universo de 200% | Senado Federal[editar | editar código]"
2018,RN,Eleições estaduais no Rio Grande do Norte em 2018,https://pt.wikipedia.org/wiki/Elei%C3%A7%C3%B5es_estaduais_no_Rio_Grande_do_Norte_em_2018,1,1,31/07 a 2 de agosto de 2018,Seta,"±3,5%",3.5,duas_mencoes_agregadas,Melo (PSDB),6.1,"6,1%","Senado Federal | Governo do estado | Senadores | Governador(a) | Levando em conta que para o senado o eleitor irá votar duas vezes, as pesquisas possuem um universo de 200% | Senado Federal[editar | editar código]"
2018,RN,Eleições estaduais no Rio Grande do Norte em 2018,https://pt.wikipedia.org/wiki/Elei%C3%A7%C3%B5es_estaduais_no_Rio_Grande_do_Norte_em_2018,1,1,31/07 a 2 de agosto de 2018,Seta,"±3,5%",3.5,duas_mencoes_agregadas,Jácome (PODE),4.5,"4,5%","Senado Federal | Governo do estado | Senadores | Governador(a) | Levando em conta que para o senado o eleitor irá votar duas vezes, as pesquisas possuem um universo de 200% | Senado Federal[editar | editar código]"
2018,RN,Eleições estaduais no Rio Grande do Norte em 2018,https://pt.wikipedia.org/wiki/Elei%C3%A7%C3%B5es_estaduais_no_Rio_Grande_do_Norte_em_2018,1,1,31/07 a 2 de agosto de 2018,Seta,"±3,5%",3.5,duas_mencoes_agregadas,Motta (PT),0.5,"0,5%","Senado Federal | Governo do estado | Senadores | Governador(a) | Levando em conta que para o senado o eleitor irá votar duas vezes, as pesquisas possuem um universo de 200% | Senado Federal[editar | editar código]"
2018,RN,Eleições estaduais no Rio Grande do Norte em 2018,https://pt.wikipedia.org/wiki/Elei%C3%A7%C3%B5es_estaduais_no_Rio_Grande_do_Norte_em_2018,1,1,31/07 a 2 de agosto de 2018,Seta,"±3,5%",3.5,duas_mencoes_agregadas,Magnólia (SD),1.5,"1,5%","Senado Federal | Governo do estado | Senadores | Governador(a) | Levando em conta que para o senado o eleitor irá votar duas vezes, as pesquisas possuem um universo de 200% | Senado Federal[editar | editar código]"
2018,RN,Eleições estaduais no Rio Grande do Norte em 2018,https://pt.wikipedia.org/wiki/Elei%C3%A7%C3%B5es_estaduais_no_Rio_Grande_do_Norte_em_2018,1,1,31/07 a 2 de agosto de 2018,Seta,"±3,5%",3.5,duas_mencoes_agregadas,Célia (PSTU),3.1,"3,1%","Senado Federal | Governo do estado | Senadores | Governador(a) | Levando em conta que para o senado o eleitor irá votar duas vezes, as pesquisas possuem um universo de 200% | Senado Federal[editar | editar código]"
2018,RN,Eleições estaduais no Rio Grande do Norte em 2018,https://pt.wikipedia.org/wiki/Elei%C3%A7%C3%B5es_estaduais_no_Rio_Grande_do_Norte_em_2018,1,1,31/07 a 2 de agosto de 2018,Seta,"±3,5%",3.5,duas_mencoes_agregadas,Gurgel (PSOL),2.6,"2,6%","Senado Federal | Governo do estado | Senadores | Governador(a) | Levando em conta que para o senado o eleitor irá votar duas vezes, as pesquisas possuem um universo de 200% | Senado Federal[editar | editar código]"
2018,RN,Eleições estaduais no Rio Grande do Norte em 2018,https://pt.wikipedia.org/wiki/Elei%C3%A7%C3%B5es_estaduais_no_Rio_Grande_do_Norte_em_2018,1,1,31/07 a 2 de agosto de 2018,Seta,"±3,5%",3.5,duas_mencoes_agregadas,Morais (PSTU),1.8,"1,8%","Senado Federal | Governo do estado | Senadores | Governador(a) | Levando em conta que para o senado o eleitor irá votar duas vezes, as pesquisas possuem um universo de 200% | Senado Federal[editar | editar código]"
2018,RN,Eleições estaduais no Rio Grande do Norte em 2018,https://pt.wikipedia.org/wiki/Elei%C3%A7%C3%B5es_estaduais_no_Rio_Grande_do_Norte_em_2018,1,1,31/07 a 2 de agosto de 2018,Seta,"±3,5%",3.5,duas_mencoes_agregadas,Marinho (PRTB),5.5,"5,5%","Senado Federal | Governo do estado | Senadores | Governador(a) | Levando em conta que para o senado o eleitor irá votar duas vezes, as pesquisas possuem um universo de 200% | Senado Federal[editar | editar código]"
2018,RN,Eleições estaduais no Rio Grande do Norte em 2018,https://pt.wikipedia.org/wiki/Elei%C3%A7%C3%B5es_estaduais_no_Rio_Grande_do_Norte_em_2018,1,1,31/07 a 2 de agosto de 2018,Seta,"±3,5%",3.5,duas_mencoes_agregadas,Costa (PRTB),1.9,"1,9%","Senado Federal | Governo do estado | Senadores | Governador(a) | Levando em conta que para o senado o eleitor irá votar duas vezes, as pesquisas possuem um universo de 200% | Senado Federal[editar | editar código]"
2018,RN,Eleições estaduais no Rio Grande do Norte em 2018,https://pt.wikipedia.org/wiki/Elei%C3%A7%C3%B5es_estaduais_no_Rio_Grande_do_Norte_em_2018,1,1,31/07 a 2 de agosto de 2018,Seta,"±3,5%",3.5,duas_mencoes_agregadas,Napoleão (REDE),2.3,"2,3%","Senado Federal | Governo do estado | Senadores | Governador(a) | Levando em conta que para o senado o eleitor irá votar duas vezes, as pesquisas possuem um universo de 200% | Senado Federal[editar | editar código]"
2018,RN,Eleições estaduais no Rio Grande do Norte em 2018,https://pt.wikipedia.org/wiki/Elei%C3%A7%C3%B5es_estaduais_no_Rio_Grande_do_Norte_em_2018,1,1,31/07 a 2 de agosto de 2018,Seta,"±3,5%",3.5,duas_mencoes_agregadas,Joanilson (DC),0.2,"0,2%","Senado Federal | Governo do estado | Senadores | Governador(a) | Levando em conta que para o senado o eleitor irá votar duas vezes, as pesquisas possuem um universo de 200% | Senado Federal[editar | editar código]"
2018,RN,Eleições estaduais no Rio Grande do Norte em 2018,https://pt.wikipedia.org/wiki/Elei%C3%A7%C3%B5es_estaduais_no_Rio_Grande_do_Norte_em_2018,1,1,31/07 a 2 de agosto de 2018,Seta,"±3,5%",3.5,duas_mencoes_agregadas,Lailson (PSOL),1.2,"1,2%","Senado Federal | Governo do estado | Senadores | Governador(a) | Levando em conta que para o senado o eleitor irá votar duas vezes, as pesquisas possuem um universo de 200% | Senado Federal[editar | editar código]"
2018,RN,Eleições estaduais no Rio Grande do Norte em 2018,https://pt.wikipedia.org/wiki/Elei%C3%A7%C3%B5es_estaduais_no_Rio_Grande_do_Norte_em_2018,1,2,14/08 a 16 de agosto de 2018,Ibope,±3%,3.0,duas_mencoes_agregadas,Styvenson (REDE),23.0,23%,"Senado Federal | Governo do estado | Senadores | Governador(a) | Levando em conta que para o senado o eleitor irá votar duas vezes, as pesquisas possuem um universo de 200% | Senado Federal[editar | editar código]"
2018,RN,Eleições estaduais no Rio Grande do Norte em 2018,https://pt.wikipedia.org/wiki/Elei%C3%A7%C3%B5es_estaduais_no_Rio_Grande_do_Norte_em_2018,1,2,14/08 a 16 de agosto de 2018,Ibope,±3%,3.0,duas_mencoes_agregadas,Maia (PHS),12.0,12%,"Senado Federal | Governo do estado | Senadores | Governador(a) | Levando em conta que para o senado o eleitor irá votar duas vezes, as pesquisas possuem um universo de 200% | Senado Federal[editar | editar código]"
2018,RN,Eleições estaduais no Rio Grande do Norte em 2018,https://pt.wikipedia.org/wiki/Elei%C3%A7%C3%B5es_estaduais_no_Rio_Grande_do_Norte_em_2018,1,2,14/08 a 16 de agosto de 2018,Ibope,±3%,3.0,duas_mencoes_agregadas,Garibaldi (MDB),21.0,21%,"Senado Federal | Governo do estado | Senadores | Governador(a) | Levando em conta que para o senado o eleitor irá votar duas vezes, as pesquisas possuem um universo de 200% | Senado Federal[editar | editar código]"
2018,RN,Eleições estaduais no Rio Grande do Norte em 2018,https://pt.wikipedia.org/wiki/Elei%C3%A7%C3%B5es_estaduais_no_Rio_Grande_do_Norte_em_2018,1,2,14/08 a 16 de agosto de 2018,Ibope,±3%,3.0,duas_mencoes_agregadas,Melo (PSDB),14.0,14%,"Senado Federal | Governo do estado | Senadores | Governador(a) | Levando em conta que para o senado o eleitor irá votar duas vezes, as pesquisas possuem um universo de 200% | Senado Federal[editar | editar código]"
2018,RN,Eleições estaduais no Rio Grande do Norte em 2018,https://pt.wikipedia.org/wiki/Elei%C3%A7%C3%B5es_estaduais_no_Rio_Grande_do_Norte_em_2018,1,2,14/08 a 16 de agosto de 2018,Ibope,±3%,3.0,duas_mencoes_agregadas,Jácome (PODE),7.0,7%,"Senado Federal | Governo do estado | Senadores | Governador(a) | Levando em conta que para o senado o eleitor irá votar duas vezes, as pesquisas possuem um universo de 200% | Senado Federal[editar | editar código]"
2018,RN,Eleições estaduais no Rio Grande do Norte em 2018,https://pt.wikipedia.org/wiki/Elei%C3%A7%C3%B5es_estaduais_no_Rio_Grande_do_Norte_em_2018,1,2,14/08 a 16 de agosto de 2018,Ibope,±3%,3.0,duas_mencoes_agregadas,Motta (PT),4.0,4%,"Senado Federal | Governo do estado | Senadores | Governador(a) | Levando em conta que para o senado o eleitor irá votar duas vezes, as pesquisas possuem um universo de 200% | Senado Federal[editar | editar código]"
2018,RN,Eleições estaduais no Rio Grande do Norte em 2018,https://pt.wikipedia.org/wiki/Elei%C3%A7%C3%B5es_estaduais_no_Rio_Grande_do_Norte_em_2018,1,2,14/08 a 16 de agosto de 2018,Ibope,±3%,3.0,duas_mencoes_agregadas,Magnólia (SD),2.0,2%,"Senado Federal | Governo do estado | Senadores | Governador(a) | Levando em conta que para o senado o eleitor irá votar duas vezes, as pesquisas possuem um universo de 200% | Senado Federal[editar | editar código]"
2018,RN,Eleições estaduais no Rio Grande do Norte em 2018,https://pt.wikipedia.org/wiki/Elei%C3%A7%C3%B5es_estaduais_no_Rio_Grande_do_Norte_em_2018,1,2,14/08 a 16 de agosto de 2018,Ibope,±3%,3.0,duas_mencoes_agregadas,Célia (PSTU),4.0,4%,"Senado Federal | Governo do estado | Senadores | Governador(a) | Levando em conta que para o senado o eleitor irá votar duas vezes, as pesquisas possuem um universo de 200% | Senado Federal[editar | editar código]"
2018,RN,Eleições estaduais no Rio Grande do Norte em 2018,https://pt.wikipedia.org/wiki/Elei%C3%A7%C3%B5es_estaduais_no_Rio_Grande_do_Norte_em_2018,1,2,14/08 a 16 de agosto de 2018,Ibope,±3%,3.0,duas_mencoes_agregadas,Gurgel (PSOL),1.0,1%,"Senado Federal | Governo do estado | Senadores | Governador(a) | Levando em conta que para o senado o eleitor irá votar duas vezes, as pesquisas possuem um universo de 200% | Senado Federal[editar | editar código]"
2018,RN,Eleições estaduais no Rio Grande do Norte em 2018,https://pt.wikipedia.org/wiki/Elei%C3%A7%C3%B5es_estaduais_no_Rio_Grande_do_Norte_em_2018,1,2,14/08 a 16 de agosto de 2018,Ibope,±3%,3.0,duas_mencoes_agregadas,Morais (PSTU),2.0,2%,"Senado Federal | Governo do estado | Senadores | Governador(a) | Levando em conta que para o senado o eleitor irá votar duas vezes, as pesquisas possuem um universo de 200% | Senado Federal[editar | editar código]"
2018,RN,Eleições estaduais no Rio Grande do Norte em 2018,https://pt.wikipedia.org/wiki/Elei%C3%A7%C3%B5es_estaduais_no_Rio_Grande_do_Norte_em_2018,1,2,14/08 a 16 de agosto de 2018,Ibope,±3%,3.0,duas_mencoes_agregadas,Marinho (PRTB),1.0,1%,"Senado Federal | Governo do estado | Senadores | Governador(a) | Levando em conta que para o senado o eleitor irá votar duas vezes, as pesquisas possuem um universo de 200% | Senado Federal[editar | editar código]"
2018,RN,Eleições estaduais no Rio Grande do Norte em 2018,https://pt.wikipedia.org/wiki/Elei%C3%A7%C3%B5es_estaduais_no_Rio_Grande_do_Norte_em_2018,1,2,14/08 a 16 de agosto de 2018,Ibope,±3%,3.0,duas_mencoes_agregadas,Costa (PRTB),3.0,3%,"Senado Federal | Governo do estado | Senadores | Governador(a) | Levando em conta que para o senado o eleitor irá votar duas vezes, as pesquisas possuem um universo de 200% | Senado Federal[editar | editar código]"
2018,RN,Eleições estaduais no Rio Grande do Norte em 2018,https://pt.wikipedia.org/wiki/Elei%C3%A7%C3%B5es_estaduais_no_Rio_Grande_do_Norte_em_2018,1,2,14/08 a 16 de agosto de 2018,Ibope,±3%,3.0,duas_mencoes_agregadas,Napoleão (REDE),2.0,2%,"Senado Federal | Governo do estado | Senadores | Governador(a) | Levando em conta que para o senado o eleitor irá votar duas vezes, as pesquisas possuem um universo de 200% | Senado Federal[editar | editar código]"
2018,RN,Eleições estaduais no Rio Grande do Norte em 2018,https://pt.wikipedia.org/wiki/Elei%C3%A7%C3%B5es_estaduais_no_Rio_Grande_do_Norte_em_2018,1,2,14/08 a 16 de agosto de 2018,Ibope,±3%,3.0,duas_mencoes_agregadas,Joanilson (DC),1.0,1%,"Senado Federal | Governo do estado | Senadores | Governador(a) | Levando em conta que para o senado o eleitor irá votar duas vezes, as pesquisas possuem um universo de 200% | Senado Federal[editar | editar código]"
2018,RN,Eleições estaduais no Rio Grande do Norte em 2018,https://pt.wikipedia.org/wiki/Elei%C3%A7%C3%B5es_estaduais_no_Rio_Grande_do_Norte_em_2018,1,2,14/08 a 16 de agosto de 2018,Ibope,±3%,3.0,duas_mencoes_agregadas,Lailson (PSOL),1.0,1%,"Senado Federal | Governo do estado | Senadores | Governador(a) | Levando em conta que para o senado o eleitor irá votar duas vezes, as pesquisas possuem um universo de 200% | Senado Federal[editar | editar código]"
2018,RN,Eleições estaduais no Rio Grande do Norte em 2018,https://pt.wikipedia.org/wiki/Elei%C3%A7%C3%B5es_estaduais_no_Rio_Grande_do_Norte_em_2018,1,3,18/09 a 20 de setembro de 2018,Ibope,±3%,3.0,duas_mencoes_agregadas,Styvenson (REDE),27.0,27%,"Senado Federal | Governo do estado | Senadores | Governador(a) | Levando em conta que para o senado o eleitor irá votar duas vezes, as pesquisas possuem um universo de 200% | Senado Federal[editar | editar código]"
2018,RN,Eleições estaduais no Rio Grande do Norte em 2018,https://pt.wikipedia.org/wiki/Elei%C3%A7%C3%B5es_estaduais_no_Rio_Grande_do_Norte_em_2018,1,3,18/09 a 20 de setembro de 2018,Ibope,±3%,3.0,duas_mencoes_agregadas,Maia (PHS),25.0,25%,"Senado Federal | Governo do estado | Senadores | Governador(a) | Levando em conta que para o senado o eleitor irá votar duas vezes, as pesquisas possuem um universo de 200% | Senado Federal[editar | editar código]"
2018,RN,Eleições estaduais no Rio Grande do Norte em 2018,https://pt.wikipedia.org/wiki/Elei%C3%A7%C3%B5es_estaduais_no_Rio_Grande_do_Norte_em_2018,1,3,18/09 a 20 de setembro de 2018,Ibope,±3%,3.0,duas_mencoes_agregadas,Garibaldi (MDB),21.0,21%,"Senado Federal | Governo do estado | Senadores | Governador(a) | Levando em conta que para o senado o eleitor irá votar duas vezes, as pesquisas possuem um universo de 200% | Senado Federal[editar | editar código]"
2018,RN,Eleições estaduais no Rio Grande do Norte em 2018,https://pt.wikipedia.org/wiki/Elei%C3%A7%C3%B5es_estaduais_no_Rio_Grande_do_Norte_em_2018,1,3,18/09 a 20 de setembro de 2018,Ibope,±3%,3.0,duas_mencoes_agregadas,Melo (PSDB),20.0,20%,"Senado Federal | Governo do estado | Senadores | Governador(a) | Levando em conta que para o senado o eleitor irá votar duas vezes, as pesquisas possuem um universo de 200% | Senado Federal[editar | editar código]"
2018,RN,Eleições estaduais no Rio Grande do Norte em 2018,https://pt.wikipedia.org/wiki/Elei%C3%A7%C3%B5es_estaduais_no_Rio_Grande_do_Norte_em_2018,1,3,18/09 a 20 de setembro de 2018,Ibope,±3%,3.0,duas_mencoes_agregadas,Jácome (PODE),13.0,13%,"Senado Federal | Governo do estado | Senadores | Governador(a) | Levando em conta que para o senado o eleitor irá votar duas vezes, as pesquisas possuem um universo de 200% | Senado Federal[editar | editar código]"
2018,RN,Eleições estaduais no Rio Grande do Norte em 2018,https://pt.wikipedia.org/wiki/Elei%C3%A7%C3%B5es_estaduais_no_Rio_Grande_do_Norte_em_2018,1,3,18/09 a 20 de setembro de 2018,Ibope,±3%,3.0,duas_mencoes_agregadas,Motta (PT),5.0,5%,"Senado Federal | Governo do estado | Senadores | Governador(a) | Levando em conta que para o senado o eleitor irá votar duas vezes, as pesquisas possuem um universo de 200% | Senado Federal[editar | editar código]"
2018,RN,Eleições estaduais no Rio Grande do Norte em 2018,https://pt.wikipedia.org/wiki/Elei%C3%A7%C3%B5es_estaduais_no_Rio_Grande_do_Norte_em_2018,1,3,18/09 a 20 de setembro de 2018,Ibope,±3%,3.0,duas_mencoes_agregadas,Magnólia (SD),4.0,4%,"Senado Federal | Governo do estado | Senadores | Governador(a) | Levando em conta que para o senado o eleitor irá votar duas vezes, as pesquisas possuem um universo de 200% | Senado Federal[editar | editar código]"
2018,RN,Eleições estaduais no Rio Grande do Norte em 2018,https://pt.wikipedia.org/wiki/Elei%C3%A7%C3%B5es_estaduais_no_Rio_Grande_do_Norte_em_2018,1,3,18/09 a 20 de setembro de 2018,Ibope,±3%,3.0,duas_mencoes_agregadas,Célia (PSTU),2.0,2%,"Senado Federal | Governo do estado | Senadores | Governador(a) | Levando em conta que para o senado o eleitor irá votar duas vezes, as pesquisas possuem um universo de 200% | Senado Federal[editar | editar código]"
2018,RN,Eleições estaduais no Rio Grande do Norte em 2018,https://pt.wikipedia.org/wiki/Elei%C3%A7%C3%B5es_estaduais_no_Rio_Grande_do_Norte_em_2018,1,3,18/09 a 20 de setembro de 2018,Ibope,±3%,3.0,duas_mencoes_agregadas,Gurgel (PSOL),2.0,2%,"Senado Federal | Governo do estado | Senadores | Governador(a) | Levando em conta que para o senado o eleitor irá votar duas vezes, as pesquisas possuem um universo de 200% | Senado Federal[editar | editar código]"
2018,RN,Eleições estaduais no Rio Grande do Norte em 2018,https://pt.wikipedia.org/wiki/Elei%C3%A7%C3%B5es_estaduais_no_Rio_Grande_do_Norte_em_2018,1,3,18/09 a 20 de setembro de 2018,Ibope,±3%,3.0,duas_mencoes_agregadas,Morais (PSTU),2.0,2%,"Senado Federal | Governo do estado | Senadores | Governador(a) | Levando em conta que para o senado o eleitor irá votar duas vezes, as pesquisas possuem um universo de 200% | Senado Federal[editar | editar código]"
2018,RN,Eleições estaduais no Rio Grande do Norte em 2018,https://pt.wikipedia.org/wiki/Elei%C3%A7%C3%B5es_estaduais_no_Rio_Grande_do_Norte_em_2018,1,3,18/09 a 20 de setembro de 2018,Ibope,±3%,3.0,duas_mencoes_agregadas,Marinho (PRTB),2.0,2%,"Senado Federal | Governo do estado | Senadores | Governador(a) | Levando em conta que para o senado o eleitor irá votar duas vezes, as pesquisas possuem um universo de 200% | Senado Federal[editar | editar código]"
2018,RN,Eleições estaduais no Rio Grande do Norte em 2018,https://pt.wikipedia.org/wiki/Elei%C3%A7%C3%B5es_estaduais_no_Rio_Grande_do_Norte_em_2018,1,3,18/09 a 20 de setembro de 2018,Ibope,±3%,3.0,duas_mencoes_agregadas,Costa (PRTB),1.0,1%,"Senado Federal | Governo do estado | Senadores | Governador(a) | Levando em conta que para o senado o eleitor irá votar duas vezes, as pesquisas possuem um universo de 200% | Senado Federal[editar | editar código]"
2018,RN,Eleições estaduais no Rio Grande do Norte em 2018,https://pt.wikipedia.org/wiki/Elei%C3%A7%C3%B5es_estaduais_no_Rio_Grande_do_Norte_em_2018,1,3,18/09 a 20 de setembro de 2018,Ibope,±3%,3.0,duas_mencoes_agregadas,Napoleão (REDE),1.0,1%,"Senado Federal | Governo do estado | Senadores | Governador(a) | Levando em conta que para o senado o eleitor irá votar duas vezes, as pesquisas possuem um universo de 200% | Senado Federal[editar | editar código]"
2018,RN,Eleições estaduais no Rio Grande do Norte em 2018,https://pt.wikipedia.org/wiki/Elei%C3%A7%C3%B5es_estaduais_no_Rio_Grande_do_Norte_em_2018,1,3,18/09 a 20 de setembro de 2018,Ibope,±3%,3.0,duas_mencoes_agregadas,Joanilson (DC),1.0,1%,"Senado Federal | Governo do estado | Senadores | Governador(a) | Levando em conta que para o senado o eleitor irá votar duas vezes, as pesquisas possuem um universo de 200% | Senado Federal[editar | editar código]"
2018,RN,Eleições estaduais no Rio Grande do Norte em 2018,https://pt.wikipedia.org/wiki/Elei%C3%A7%C3%B5es_estaduais_no_Rio_Grande_do_Norte_em_2018,1,3,18/09 a 20 de setembro de 2018,Ibope,±3%,3.0,duas_mencoes_agregadas,Lailson (PSOL),1.0,1%,"Senado Federal | Governo do estado | Senadores | Governador(a) | Levando em conta que para o senado o eleitor irá votar duas vezes, as pesquisas possuem um universo de 200% | Senado Federal[editar | editar código]"
2018,RS,Eleições estaduais no Rio Grande do Sul em 2018,https://pt.wikipedia.org/wiki/Elei%C3%A7%C3%B5es_estaduais_no_Rio_Grande_do_Sul_em_2018,1,1,12 de junho de 2018,Paraná Pesquisas,"±2,5%",2.5,duas_mencoes_agregadas,Ana Amélia (PP),44.5,"44,5%",Senador | Governador | Pesquisas de opinião | Candidatos ao Senado Federal
2018,RS,Eleições estaduais no Rio Grande do Sul em 2018,https://pt.wikipedia.org/wiki/Elei%C3%A7%C3%B5es_estaduais_no_Rio_Grande_do_Sul_em_2018,1,1,12 de junho de 2018,Paraná Pesquisas,"±2,5%",2.5,duas_mencoes_agregadas,Beto (PSB),10.5,"10,5%",Senador | Governador | Pesquisas de opinião | Candidatos ao Senado Federal
2018,RS,Eleições estaduais no Rio Grande do Sul em 2018,https://pt.wikipedia.org/wiki/Elei%C3%A7%C3%B5es_estaduais_no_Rio_Grande_do_Sul_em_2018,1,1,12 de junho de 2018,Paraná Pesquisas,"±2,5%",2.5,duas_mencoes_agregadas,Paim (PT),28.7,"28,7%",Senador | Governador | Pesquisas de opinião | Candidatos ao Senado Federal
2018,RS,Eleições estaduais no Rio Grande do Sul em 2018,https://pt.wikipedia.org/wiki/Elei%C3%A7%C3%B5es_estaduais_no_Rio_Grande_do_Sul_em_2018,1,1,12 de junho de 2018,Paraná Pesquisas,"±2,5%",2.5,duas_mencoes_agregadas,Vais (NOVO),3.0,3%,Senador | Governador | Pesquisas de opinião | Candidatos ao Senado Federal
2018,RS,Eleições estaduais no Rio Grande do Sul em 2018,https://pt.wikipedia.org/wiki/Elei%C3%A7%C3%B5es_estaduais_no_Rio_Grande_do_Sul_em_2018,1,1,12 de junho de 2018,Paraná Pesquisas,"±2,5%",2.5,duas_mencoes_agregadas,NS / NR,20.7,"20,7%",Senador | Governador | Pesquisas de opinião | Candidatos ao Senado Federal
2018,RS,Eleições estaduais no Rio Grande do Sul em 2018,https://pt.wikipedia.org/wiki/Elei%C3%A7%C3%B5es_estaduais_no_Rio_Grande_do_Sul_em_2018,1,2,29 de junho de 2018,Instituto Methodus,±3%,3.0,duas_mencoes_agregadas,Ana Amélia (PP),35.7,"35,7%",Senador | Governador | Pesquisas de opinião | Candidatos ao Senado Federal
2018,RS,Eleições estaduais no Rio Grande do Sul em 2018,https://pt.wikipedia.org/wiki/Elei%C3%A7%C3%B5es_estaduais_no_Rio_Grande_do_Sul_em_2018,1,2,29 de junho de 2018,Instituto Methodus,±3%,3.0,duas_mencoes_agregadas,Beto (PSB),20.1,"20,1%",Senador | Governador | Pesquisas de opinião | Candidatos ao Senado Federal
2018,RS,Eleições estaduais no Rio Grande do Sul em 2018,https://pt.wikipedia.org/wiki/Elei%C3%A7%C3%B5es_estaduais_no_Rio_Grande_do_Sul_em_2018,1,2,29 de junho de 2018,Instituto Methodus,±3%,3.0,duas_mencoes_agregadas,Paim (PT),32.2,"32,2%",Senador | Governador | Pesquisas de opinião | Candidatos ao Senado Federal
2018,RS,Eleições estaduais no Rio Grande do Sul em 2018,https://pt.wikipedia.org/wiki/Elei%C3%A7%C3%B5es_estaduais_no_Rio_Grande_do_Sul_em_2018,1,2,29 de junho de 2018,Instituto Methodus,±3%,3.0,duas_mencoes_agregadas,Vais (NOVO),6.3,"6,3%",Senador | Governador | Pesquisas de opinião | Candidatos ao Senado Federal
2018,RS,Eleições estaduais no Rio Grande do Sul em 2018,https://pt.wikipedia.org/wiki/Elei%C3%A7%C3%B5es_estaduais_no_Rio_Grande_do_Sul_em_2018,1,2,29 de junho de 2018,Instituto Methodus,±3%,3.0,duas_mencoes_agregadas,NS / NR,31.1,"31,1%",Senador | Governador | Pesquisas de opinião | Candidatos ao Senado Federal
2018,RS,Eleições estaduais no Rio Grande do Sul em 2018,https://pt.wikipedia.org/wiki/Elei%C3%A7%C3%B5es_estaduais_no_Rio_Grande_do_Sul_em_2018,2,2,17 de agosto de 2018,Ibope,±3%,3.0,duas_mencoes_agregadas,Abigail (PCdoB),3.0,3%,Senador | Governador | Pesquisas de opinião | Candidatos ao Senado Federal
2018,RS,Eleições estaduais no Rio Grande do Sul em 2018,https://pt.wikipedia.org/wiki/Elei%C3%A7%C3%B5es_estaduais_no_Rio_Grande_do_Sul_em_2018,2,2,17 de agosto de 2018,Ibope,±3%,3.0,duas_mencoes_agregadas,Beto (PSB),15.0,15%,Senador | Governador | Pesquisas de opinião | Candidatos ao Senado Federal
2018,RS,Eleições estaduais no Rio Grande do Sul em 2018,https://pt.wikipedia.org/wiki/Elei%C3%A7%C3%B5es_estaduais_no_Rio_Grande_do_Sul_em_2018,2,2,17 de agosto de 2018,Ibope,±3%,3.0,duas_mencoes_agregadas,Carmen (PSL),6.0,6%,Senador | Governador | Pesquisas de opinião | Candidatos ao Senado Federal
2018,RS,Eleições estaduais no Rio Grande do Sul em 2018,https://pt.wikipedia.org/wiki/Elei%C3%A7%C3%B5es_estaduais_no_Rio_Grande_do_Sul_em_2018,2,2,17 de agosto de 2018,Ibope,±3%,3.0,duas_mencoes_agregadas,Fogaça (MDB),27.0,27%,Senador | Governador | Pesquisas de opinião | Candidatos ao Senado Federal
2018,RS,Eleições estaduais no Rio Grande do Sul em 2018,https://pt.wikipedia.org/wiki/Elei%C3%A7%C3%B5es_estaduais_no_Rio_Grande_do_Sul_em_2018,2,2,17 de agosto de 2018,Ibope,±3%,3.0,duas_mencoes_agregadas,Heinze (PP),7.0,7%,Senador | Governador | Pesquisas de opinião | Candidatos ao Senado Federal
2018,RS,Eleições estaduais no Rio Grande do Sul em 2018,https://pt.wikipedia.org/wiki/Elei%C3%A7%C3%B5es_estaduais_no_Rio_Grande_do_Sul_em_2018,2,2,17 de agosto de 2018,Ibope,±3%,3.0,duas_mencoes_agregadas,Bernd (PPS),1.0,1%,Senador | Governador | Pesquisas de opinião | Candidatos ao Senado Federal
2018,RS,Eleições estaduais no Rio Grande do Sul em 2018,https://pt.wikipedia.org/wiki/Elei%C3%A7%C3%B5es_estaduais_no_Rio_Grande_do_Sul_em_2018,2,2,17 de agosto de 2018,Ibope,±3%,3.0,duas_mencoes_agregadas,Paim (PT),27.0,27%,Senador | Governador | Pesquisas de opinião | Candidatos ao Senado Federal
2018,RS,Eleições estaduais no Rio Grande do Sul em 2018,https://pt.wikipedia.org/wiki/Elei%C3%A7%C3%B5es_estaduais_no_Rio_Grande_do_Sul_em_2018,2,2,17 de agosto de 2018,Ibope,±3%,3.0,duas_mencoes_agregadas,Sandra (SD),4.0,4%,Senador | Governador | Pesquisas de opinião | Candidatos ao Senado Federal
2018,RS,Eleições estaduais no Rio Grande do Sul em 2018,https://pt.wikipedia.org/wiki/Elei%C3%A7%C3%B5es_estaduais_no_Rio_Grande_do_Sul_em_2018,2,2,17 de agosto de 2018,Ibope,±3%,3.0,duas_mencoes_agregadas,NS / NR,55.0,55%,Senador | Governador | Pesquisas de opinião | Candidatos ao Senado Federal
2018,RS,Eleições estaduais no Rio Grande do Sul em 2018,https://pt.wikipedia.org/wiki/Elei%C3%A7%C3%B5es_estaduais_no_Rio_Grande_do_Sul_em_2018,2,3,7 de setembro de 2018,Ibope,±3%,3.0,duas_mencoes_agregadas,Abigail (PCdoB),5.0,5%,Senador | Governador | Pesquisas de opinião | Candidatos ao Senado Federal
2018,RS,Eleições estaduais no Rio Grande do Sul em 2018,https://pt.wikipedia.org/wiki/Elei%C3%A7%C3%B5es_estaduais_no_Rio_Grande_do_Sul_em_2018,2,3,7 de setembro de 2018,Ibope,±3%,3.0,duas_mencoes_agregadas,Beto (PSB),17.0,17%,Senador | Governador | Pesquisas de opinião | Candidatos ao Senado Federal
2018,RS,Eleições estaduais no Rio Grande do Sul em 2018,https://pt.wikipedia.org/wiki/Elei%C3%A7%C3%B5es_estaduais_no_Rio_Grande_do_Sul_em_2018,2,3,7 de setembro de 2018,Ibope,±3%,3.0,duas_mencoes_agregadas,Carmen (PSL),7.0,7%,Senador | Governador | Pesquisas de opinião | Candidatos ao Senado Federal
2018,RS,Eleições estaduais no Rio Grande do Sul em 2018,https://pt.wikipedia.org/wiki/Elei%C3%A7%C3%B5es_estaduais_no_Rio_Grande_do_Sul_em_2018,2,3,7 de setembro de 2018,Ibope,±3%,3.0,duas_mencoes_agregadas,Fogaça (MDB),33.0,33%,Senador | Governador | Pesquisas de opinião | Candidatos ao Senado Federal
2018,RS,Eleições estaduais no Rio Grande do Sul em 2018,https://pt.wikipedia.org/wiki/Elei%C3%A7%C3%B5es_estaduais_no_Rio_Grande_do_Sul_em_2018,2,3,7 de setembro de 2018,Ibope,±3%,3.0,duas_mencoes_agregadas,Heinze (PP),8.0,8%,Senador | Governador | Pesquisas de opinião | Candidatos ao Senado Federal
2018,RS,Eleições estaduais no Rio Grande do Sul em 2018,https://pt.wikipedia.org/wiki/Elei%C3%A7%C3%B5es_estaduais_no_Rio_Grande_do_Sul_em_2018,2,3,7 de setembro de 2018,Ibope,±3%,3.0,duas_mencoes_agregadas,Bernd (PPS),1.0,1%,Senador | Governador | Pesquisas de opinião | Candidatos ao Senado Federal
2018,RS,Eleições estaduais no Rio Grande do Sul em 2018,https://pt.wikipedia.org/wiki/Elei%C3%A7%C3%B5es_estaduais_no_Rio_Grande_do_Sul_em_2018,2,3,7 de setembro de 2018,Ibope,±3%,3.0,duas_mencoes_agregadas,Paim (PT),31.0,31%,Senador | Governador | Pesquisas de opinião | Candidatos ao Senado Federal
2018,RS,Eleições estaduais no Rio Grande do Sul em 2018,https://pt.wikipedia.org/wiki/Elei%C3%A7%C3%B5es_estaduais_no_Rio_Grande_do_Sul_em_2018,2,3,7 de setembro de 2018,Ibope,±3%,3.0,duas_mencoes_agregadas,Sandra (SD),4.0,4%,Senador | Governador | Pesquisas de opinião | Candidatos ao Senado Federal
2018,RS,Eleições estaduais no Rio Grande do Sul em 2018,https://pt.wikipedia.org/wiki/Elei%C3%A7%C3%B5es_estaduais_no_Rio_Grande_do_Sul_em_2018,2,3,7 de setembro de 2018,Ibope,±3%,3.0,duas_mencoes_agregadas,NS / NR,46.0,46%,Senador | Governador | Pesquisas de opinião | Candidatos ao Senado Federal
2018,RS,Eleições estaduais no Rio Grande do Sul em 2018,https://pt.wikipedia.org/wiki/Elei%C3%A7%C3%B5es_estaduais_no_Rio_Grande_do_Sul_em_2018,2,4,13 de setembro de 2018,Ibope,±3%,3.0,duas_mencoes_agregadas,Abigail (PCdoB),5.0,5%,Senador | Governador | Pesquisas de opinião | Candidatos ao Senado Federal
2018,RS,Eleições estaduais no Rio Grande do Sul em 2018,https://pt.wikipedia.org/wiki/Elei%C3%A7%C3%B5es_estaduais_no_Rio_Grande_do_Sul_em_2018,2,4,13 de setembro de 2018,Ibope,±3%,3.0,duas_mencoes_agregadas,Beto (PSB),21.0,21%,Senador | Governador | Pesquisas de opinião | Candidatos ao Senado Federal
2018,RS,Eleições estaduais no Rio Grande do Sul em 2018,https://pt.wikipedia.org/wiki/Elei%C3%A7%C3%B5es_estaduais_no_Rio_Grande_do_Sul_em_2018,2,4,13 de setembro de 2018,Ibope,±3%,3.0,duas_mencoes_agregadas,Carmen (PSL),7.0,7%,Senador | Governador | Pesquisas de opinião | Candidatos ao Senado Federal
2018,RS,Eleições estaduais no Rio Grande do Sul em 2018,https://pt.wikipedia.org/wiki/Elei%C3%A7%C3%B5es_estaduais_no_Rio_Grande_do_Sul_em_2018,2,4,13 de setembro de 2018,Ibope,±3%,3.0,duas_mencoes_agregadas,Fogaça (MDB),31.0,31%,Senador | Governador | Pesquisas de opinião | Candidatos ao Senado Federal
2018,RS,Eleições estaduais no Rio Grande do Sul em 2018,https://pt.wikipedia.org/wiki/Elei%C3%A7%C3%B5es_estaduais_no_Rio_Grande_do_Sul_em_2018,2,4,13 de setembro de 2018,Ibope,±3%,3.0,duas_mencoes_agregadas,Heinze (PP),8.0,8%,Senador | Governador | Pesquisas de opinião | Candidatos ao Senado Federal
2018,RS,Eleições estaduais no Rio Grande do Sul em 2018,https://pt.wikipedia.org/wiki/Elei%C3%A7%C3%B5es_estaduais_no_Rio_Grande_do_Sul_em_2018,2,4,13 de setembro de 2018,Ibope,±3%,3.0,duas_mencoes_agregadas,Bernd (PPS),1.0,1%,Senador | Governador | Pesquisas de opinião | Candidatos ao Senado Federal
2018,RS,Eleições estaduais no Rio Grande do Sul em 2018,https://pt.wikipedia.org/wiki/Elei%C3%A7%C3%B5es_estaduais_no_Rio_Grande_do_Sul_em_2018,2,4,13 de setembro de 2018,Ibope,±3%,3.0,duas_mencoes_agregadas,Paim (PT),27.0,27%,Senador | Governador | Pesquisas de opinião | Candidatos ao Senado Federal
2018,RS,Eleições estaduais no Rio Grande do Sul em 2018,https://pt.wikipedia.org/wiki/Elei%C3%A7%C3%B5es_estaduais_no_Rio_Grande_do_Sul_em_2018,2,4,13 de setembro de 2018,Ibope,±3%,3.0,duas_mencoes_agregadas,Sandra (SD),5.0,5%,Senador | Governador | Pesquisas de opinião | Candidatos ao Senado Federal
2018,RS,Eleições estaduais no Rio Grande do Sul em 2018,https://pt.wikipedia.org/wiki/Elei%C3%A7%C3%B5es_estaduais_no_Rio_Grande_do_Sul_em_2018,2,4,13 de setembro de 2018,Ibope,±3%,3.0,duas_mencoes_agregadas,NS / NR,47.0,47%,Senador | Governador | Pesquisas de opinião | Candidatos ao Senado Federal
2018,RS,Eleições estaduais no Rio Grande do Sul em 2018,https://pt.wikipedia.org/wiki/Elei%C3%A7%C3%B5es_estaduais_no_Rio_Grande_do_Sul_em_2018,2,5,21 de setembro de 2018,Ibope,±3%,3.0,duas_mencoes_agregadas,Abigail (PCdoB),6.0,6%,Senador | Governador | Pesquisas de opinião | Candidatos ao Senado Federal
2018,RS,Eleições estaduais no Rio Grande do Sul em 2018,https://pt.wikipedia.org/wiki/Elei%C3%A7%C3%B5es_estaduais_no_Rio_Grande_do_Sul_em_2018,2,5,21 de setembro de 2018,Ibope,±3%,3.0,duas_mencoes_agregadas,Beto (PSB),19.0,19%,Senador | Governador | Pesquisas de opinião | Candidatos ao Senado Federal
2018,RS,Eleições estaduais no Rio Grande do Sul em 2018,https://pt.wikipedia.org/wiki/Elei%C3%A7%C3%B5es_estaduais_no_Rio_Grande_do_Sul_em_2018,2,5,21 de setembro de 2018,Ibope,±3%,3.0,duas_mencoes_agregadas,Carmen (PSL),9.0,9%,Senador | Governador | Pesquisas de opinião | Candidatos ao Senado Federal
2018,RS,Eleições estaduais no Rio Grande do Sul em 2018,https://pt.wikipedia.org/wiki/Elei%C3%A7%C3%B5es_estaduais_no_Rio_Grande_do_Sul_em_2018,2,5,21 de setembro de 2018,Ibope,±3%,3.0,duas_mencoes_agregadas,Fogaça (MDB),31.0,31%,Senador | Governador | Pesquisas de opinião | Candidatos ao Senado Federal
2018,RS,Eleições estaduais no Rio Grande do Sul em 2018,https://pt.wikipedia.org/wiki/Elei%C3%A7%C3%B5es_estaduais_no_Rio_Grande_do_Sul_em_2018,2,5,21 de setembro de 2018,Ibope,±3%,3.0,duas_mencoes_agregadas,Heinze (PP),8.0,8%,Senador | Governador | Pesquisas de opinião | Candidatos ao Senado Federal
2018,RS,Eleições estaduais no Rio Grande do Sul em 2018,https://pt.wikipedia.org/wiki/Elei%C3%A7%C3%B5es_estaduais_no_Rio_Grande_do_Sul_em_2018,2,5,21 de setembro de 2018,Ibope,±3%,3.0,duas_mencoes_agregadas,Bernd (PPS),1.0,1%,Senador | Governador | Pesquisas de opinião | Candidatos ao Senado Federal
2018,RS,Eleições estaduais no Rio Grande do Sul em 2018,https://pt.wikipedia.org/wiki/Elei%C3%A7%C3%B5es_estaduais_no_Rio_Grande_do_Sul_em_2018,2,5,21 de setembro de 2018,Ibope,±3%,3.0,duas_mencoes_agregadas,Paim (PT),30.0,30%,Senador | Governador | Pesquisas de opinião | Candidatos ao Senado Federal
2018,RS,Eleições estaduais no Rio Grande do Sul em 2018,https://pt.wikipedia.org/wiki/Elei%C3%A7%C3%B5es_estaduais_no_Rio_Grande_do_Sul_em_2018,2,5,21 de setembro de 2018,Ibope,±3%,3.0,duas_mencoes_agregadas,Sandra (SD),4.0,4%,Senador | Governador | Pesquisas de opinião | Candidatos ao Senado Federal
2018,RS,Eleições estaduais no Rio Grande do Sul em 2018,https://pt.wikipedia.org/wiki/Elei%C3%A7%C3%B5es_estaduais_no_Rio_Grande_do_Sul_em_2018,2,5,21 de setembro de 2018,Ibope,±3%,3.0,duas_mencoes_agregadas,NS / NR,45.0,45%,Senador | Governador | Pesquisas de opinião | Candidatos ao Senado Federal
2018,RS,Eleições estaduais no Rio Grande do Sul em 2018,https://pt.wikipedia.org/wiki/Elei%C3%A7%C3%B5es_estaduais_no_Rio_Grande_do_Sul_em_2018,2,6,27 de setembro de 2018,Ibope,±3%,3.0,duas_mencoes_agregadas,Abigail (PCdoB),8.0,8%,Senador | Governador | Pesquisas de opinião | Candidatos ao Senado Federal
2018,RS,Eleições estaduais no Rio Grande do Sul em 2018,https://pt.wikipedia.org/wiki/Elei%C3%A7%C3%B5es_estaduais_no_Rio_Grande_do_Sul_em_2018,2,6,27 de setembro de 2018,Ibope,±3%,3.0,duas_mencoes_agregadas,Beto (PSB),22.0,22%,Senador | Governador | Pesquisas de opinião | Candidatos ao Senado Federal
2018,RS,Eleições estaduais no Rio Grande do Sul em 2018,https://pt.wikipedia.org/wiki/Elei%C3%A7%C3%B5es_estaduais_no_Rio_Grande_do_Sul_em_2018,2,6,27 de setembro de 2018,Ibope,±3%,3.0,duas_mencoes_agregadas,Carmen (PSL),8.0,8%,Senador | Governador | Pesquisas de opinião | Candidatos ao Senado Federal
2018,RS,Eleições estaduais no Rio Grande do Sul em 2018,https://pt.wikipedia.org/wiki/Elei%C3%A7%C3%B5es_estaduais_no_Rio_Grande_do_Sul_em_2018,2,6,27 de setembro de 2018,Ibope,±3%,3.0,duas_mencoes_agregadas,Fogaça (MDB),33.0,33%,Senador | Governador | Pesquisas de opinião | Candidatos ao Senado Federal
2018,RS,Eleições estaduais no Rio Grande do Sul em 2018,https://pt.wikipedia.org/wiki/Elei%C3%A7%C3%B5es_estaduais_no_Rio_Grande_do_Sul_em_2018,2,6,27 de setembro de 2018,Ibope,±3%,3.0,duas_mencoes_agregadas,Heinze (PP),11.0,11%,Senador | Governador | Pesquisas de opinião | Candidatos ao Senado Federal
2018,RS,Eleições estaduais no Rio Grande do Sul em 2018,https://pt.wikipedia.org/wiki/Elei%C3%A7%C3%B5es_estaduais_no_Rio_Grande_do_Sul_em_2018,2,6,27 de setembro de 2018,Ibope,±3%,3.0,duas_mencoes_agregadas,Bernd (PPS),1.0,1%,Senador | Governador | Pesquisas de opinião | Candidatos ao Senado Federal
2018,RS,Eleições estaduais no Rio Grande do Sul em 2018,https://pt.wikipedia.org/wiki/Elei%C3%A7%C3%B5es_estaduais_no_Rio_Grande_do_Sul_em_2018,2,6,27 de setembro de 2018,Ibope,±3%,3.0,duas_mencoes_agregadas,Paim (PT),32.0,32%,Senador | Governador | Pesquisas de opinião | Candidatos ao Senado Federal
2018,RS,Eleições estaduais no Rio Grande do Sul em 2018,https://pt.wikipedia.org/wiki/Elei%C3%A7%C3%B5es_estaduais_no_Rio_Grande_do_Sul_em_2018,2,6,27 de setembro de 2018,Ibope,±3%,3.0,duas_mencoes_agregadas,Sandra (SD),4.0,4%,Senador | Governador | Pesquisas de opinião | Candidatos ao Senado Federal
2018,RS,Eleições estaduais no Rio Grande do Sul em 2018,https://pt.wikipedia.org/wiki/Elei%C3%A7%C3%B5es_estaduais_no_Rio_Grande_do_Sul_em_2018,2,6,27 de setembro de 2018,Ibope,±3%,3.0,duas_mencoes_agregadas,NS / NR,40.0,40%,Senador | Governador | Pesquisas de opinião | Candidatos ao Senado Federal
2018,RS,Eleições estaduais no Rio Grande do Sul em 2018,https://pt.wikipedia.org/wiki/Elei%C3%A7%C3%B5es_estaduais_no_Rio_Grande_do_Sul_em_2018,2,7,6 de outubro de 2018,Ibope,±3%,3.0,duas_mencoes_agregadas,Abigail (PCdoB),12.0,12%,Senador | Governador | Pesquisas de opinião | Candidatos ao Senado Federal
2018,RS,Eleições estaduais no Rio Grande do Sul em 2018,https://pt.wikipedia.org/wiki/Elei%C3%A7%C3%B5es_estaduais_no_Rio_Grande_do_Sul_em_2018,2,7,6 de outubro de 2018,Ibope,±3%,3.0,duas_mencoes_agregadas,Beto (PSB),24.0,24%,Senador | Governador | Pesquisas de opinião | Candidatos ao Senado Federal
2018,RS,Eleições estaduais no Rio Grande do Sul em 2018,https://pt.wikipedia.org/wiki/Elei%C3%A7%C3%B5es_estaduais_no_Rio_Grande_do_Sul_em_2018,2,7,6 de outubro de 2018,Ibope,±3%,3.0,duas_mencoes_agregadas,Carmen (PSL),13.0,13%,Senador | Governador | Pesquisas de opinião | Candidatos ao Senado Federal
2018,RS,Eleições estaduais no Rio Grande do Sul em 2018,https://pt.wikipedia.org/wiki/Elei%C3%A7%C3%B5es_estaduais_no_Rio_Grande_do_Sul_em_2018,2,7,6 de outubro de 2018,Ibope,±3%,3.0,duas_mencoes_agregadas,Fogaça (MDB),31.0,31%,Senador | Governador | Pesquisas de opinião | Candidatos ao Senado Federal
2018,RS,Eleições estaduais no Rio Grande do Sul em 2018,https://pt.wikipedia.org/wiki/Elei%C3%A7%C3%B5es_estaduais_no_Rio_Grande_do_Sul_em_2018,2,7,6 de outubro de 2018,Ibope,±3%,3.0,duas_mencoes_agregadas,Heinze (PP),18.0,18%,Senador | Governador | Pesquisas de opinião | Candidatos ao Senado Federal
2018,RS,Eleições estaduais no Rio Grande do Sul em 2018,https://pt.wikipedia.org/wiki/Elei%C3%A7%C3%B5es_estaduais_no_Rio_Grande_do_Sul_em_2018,2,7,6 de outubro de 2018,Ibope,±3%,3.0,duas_mencoes_agregadas,Bernd (PPS),2.0,2%,Senador | Governador | Pesquisas de opinião | Candidatos ao Senado Federal
2018,RS,Eleições estaduais no Rio Grande do Sul em 2018,https://pt.wikipedia.org/wiki/Elei%C3%A7%C3%B5es_estaduais_no_Rio_Grande_do_Sul_em_2018,2,7,6 de outubro de 2018,Ibope,±3%,3.0,duas_mencoes_agregadas,Paim (PT),35.0,35%,Senador | Governador | Pesquisas de opinião | Candidatos ao Senado Federal
2018,RS,Eleições estaduais no Rio Grande do Sul em 2018,https://pt.wikipedia.org/wiki/Elei%C3%A7%C3%B5es_estaduais_no_Rio_Grande_do_Sul_em_2018,2,7,6 de outubro de 2018,Ibope,±3%,3.0,duas_mencoes_agregadas,Sandra (SD),4.0,4%,Senador | Governador | Pesquisas de opinião | Candidatos ao Senado Federal
2018,RS,Eleições estaduais no Rio Grande do Sul em 2018,https://pt.wikipedia.org/wiki/Elei%C3%A7%C3%B5es_estaduais_no_Rio_Grande_do_Sul_em_2018,2,7,6 de outubro de 2018,Ibope,±3%,3.0,duas_mencoes_agregadas,NS / NR,26.0,26%,Senador | Governador | Pesquisas de opinião | Candidatos ao Senado Federal
2018,RO,Eleições estaduais em Rondônia em 2018,https://pt.wikipedia.org/wiki/Elei%C3%A7%C3%B5es_estaduais_em_Rond%C3%B4nia_em_2018,1,1,16/08 a 21/08/2018,Ibope,±3%,3.0,duas_mencoes_agregadas,Moura (MDB),34.0,34%,"Senado Federal | 1º turno | Governo do Estado | Pesquisas de opinião | Levando em conta que para o senado o eleitor irá votar duas vezes, as pesquisas possuem um universo de 200% | Senado Federal[editar | editar código]"
2018,RO,Eleições estaduais em Rondônia em 2018,https://pt.wikipedia.org/wiki/Elei%C3%A7%C3%B5es_estaduais_em_Rond%C3%B4nia_em_2018,1,1,16/08 a 21/08/2018,Ibope,±3%,3.0,duas_mencoes_agregadas,Cleide (PT),25.0,25%,"Senado Federal | 1º turno | Governo do Estado | Pesquisas de opinião | Levando em conta que para o senado o eleitor irá votar duas vezes, as pesquisas possuem um universo de 200% | Senado Federal[editar | editar código]"
2018,RO,Eleições estaduais em Rondônia em 2018,https://pt.wikipedia.org/wiki/Elei%C3%A7%C3%B5es_estaduais_em_Rond%C3%B4nia_em_2018,1,1,16/08 a 21/08/2018,Ibope,±3%,3.0,duas_mencoes_agregadas,Raupp (MDB),21.0,21%,"Senado Federal | 1º turno | Governo do Estado | Pesquisas de opinião | Levando em conta que para o senado o eleitor irá votar duas vezes, as pesquisas possuem um universo de 200% | Senado Federal[editar | editar código]"
2018,RO,Eleições estaduais em Rondônia em 2018,https://pt.wikipedia.org/wiki/Elei%C3%A7%C3%B5es_estaduais_em_Rond%C3%B4nia_em_2018,1,1,16/08 a 21/08/2018,Ibope,±3%,3.0,duas_mencoes_agregadas,Rogério (DEM),11.0,11%,"Senado Federal | 1º turno | Governo do Estado | Pesquisas de opinião | Levando em conta que para o senado o eleitor irá votar duas vezes, as pesquisas possuem um universo de 200% | Senado Federal[editar | editar código]"
2018,RO,Eleições estaduais em Rondônia em 2018,https://pt.wikipedia.org/wiki/Elei%C3%A7%C3%B5es_estaduais_em_Rond%C3%B4nia_em_2018,1,1,16/08 a 21/08/2018,Ibope,±3%,3.0,duas_mencoes_agregadas,Magno (PP),10.0,10%,"Senado Federal | 1º turno | Governo do Estado | Pesquisas de opinião | Levando em conta que para o senado o eleitor irá votar duas vezes, as pesquisas possuem um universo de 200% | Senado Federal[editar | editar código]"
2018,RO,Eleições estaduais em Rondônia em 2018,https://pt.wikipedia.org/wiki/Elei%C3%A7%C3%B5es_estaduais_em_Rond%C3%B4nia_em_2018,1,1,16/08 a 21/08/2018,Ibope,±3%,3.0,duas_mencoes_agregadas,Edésio (PRB),7.0,7%,"Senado Federal | 1º turno | Governo do Estado | Pesquisas de opinião | Levando em conta que para o senado o eleitor irá votar duas vezes, as pesquisas possuem um universo de 200% | Senado Federal[editar | editar código]"
2018,RO,Eleições estaduais em Rondônia em 2018,https://pt.wikipedia.org/wiki/Elei%C3%A7%C3%B5es_estaduais_em_Rond%C3%B4nia_em_2018,1,1,16/08 a 21/08/2018,Ibope,±3%,3.0,duas_mencoes_agregadas,Vidal (REDE),6.0,6%,"Senado Federal | 1º turno | Governo do Estado | Pesquisas de opinião | Levando em conta que para o senado o eleitor irá votar duas vezes, as pesquisas possuem um universo de 200% | Senado Federal[editar | editar código]"
2018,RO,Eleições estaduais em Rondônia em 2018,https://pt.wikipedia.org/wiki/Elei%C3%A7%C3%B5es_estaduais_em_Rond%C3%B4nia_em_2018,1,1,16/08 a 21/08/2018,Ibope,±3%,3.0,duas_mencoes_agregadas,Pires (PSB),6.0,6%,"Senado Federal | 1º turno | Governo do Estado | Pesquisas de opinião | Levando em conta que para o senado o eleitor irá votar duas vezes, as pesquisas possuem um universo de 200% | Senado Federal[editar | editar código]"
2018,RO,Eleições estaduais em Rondônia em 2018,https://pt.wikipedia.org/wiki/Elei%C3%A7%C3%B5es_estaduais_em_Rond%C3%B4nia_em_2018,1,1,16/08 a 21/08/2018,Ibope,±3%,3.0,duas_mencoes_agregadas,Jaime (PSL),3.0,3%,"Senado Federal | 1º turno | Governo do Estado | Pesquisas de opinião | Levando em conta que para o senado o eleitor irá votar duas vezes, as pesquisas possuem um universo de 200% | Senado Federal[editar | editar código]"
2018,RO,Eleições estaduais em Rondônia em 2018,https://pt.wikipedia.org/wiki/Elei%C3%A7%C3%B5es_estaduais_em_Rond%C3%B4nia_em_2018,1,1,16/08 a 21/08/2018,Ibope,±3%,3.0,duas_mencoes_agregadas,Paz (PSTU),3.0,3%,"Senado Federal | 1º turno | Governo do Estado | Pesquisas de opinião | Levando em conta que para o senado o eleitor irá votar duas vezes, as pesquisas possuem um universo de 200% | Senado Federal[editar | editar código]"
2018,RO,Eleições estaduais em Rondônia em 2018,https://pt.wikipedia.org/wiki/Elei%C3%A7%C3%B5es_estaduais_em_Rond%C3%B4nia_em_2018,1,1,16/08 a 21/08/2018,Ibope,±3%,3.0,duas_mencoes_agregadas,Bosco (PPS),2.0,2%,"Senado Federal | 1º turno | Governo do Estado | Pesquisas de opinião | Levando em conta que para o senado o eleitor irá votar duas vezes, as pesquisas possuem um universo de 200% | Senado Federal[editar | editar código]"
2018,RO,Eleições estaduais em Rondônia em 2018,https://pt.wikipedia.org/wiki/Elei%C3%A7%C3%B5es_estaduais_em_Rond%C3%B4nia_em_2018,1,1,16/08 a 21/08/2018,Ibope,±3%,3.0,duas_mencoes_agregadas,Jurado (NOVO),2.0,2%,"Senado Federal | 1º turno | Governo do Estado | Pesquisas de opinião | Levando em conta que para o senado o eleitor irá votar duas vezes, as pesquisas possuem um universo de 200% | Senado Federal[editar | editar código]"
2018,RO,Eleições estaduais em Rondônia em 2018,https://pt.wikipedia.org/wiki/Elei%C3%A7%C3%B5es_estaduais_em_Rond%C3%B4nia_em_2018,1,1,16/08 a 21/08/2018,Ibope,±3%,3.0,duas_mencoes_agregadas,Cadillac (PSTU),2.0,2%,"Senado Federal | 1º turno | Governo do Estado | Pesquisas de opinião | Levando em conta que para o senado o eleitor irá votar duas vezes, as pesquisas possuem um universo de 200% | Senado Federal[editar | editar código]"
2018,RO,Eleições estaduais em Rondônia em 2018,https://pt.wikipedia.org/wiki/Elei%C3%A7%C3%B5es_estaduais_em_Rond%C3%B4nia_em_2018,1,1,16/08 a 21/08/2018,Ibope,±3%,3.0,duas_mencoes_agregadas,Wilson (PRTB),2.0,2%,"Senado Federal | 1º turno | Governo do Estado | Pesquisas de opinião | Levando em conta que para o senado o eleitor irá votar duas vezes, as pesquisas possuem um universo de 200% | Senado Federal[editar | editar código]"
2018,RO,Eleições estaduais em Rondônia em 2018,https://pt.wikipedia.org/wiki/Elei%C3%A7%C3%B5es_estaduais_em_Rond%C3%B4nia_em_2018,1,1,16/08 a 21/08/2018,Ibope,±3%,3.0,duas_mencoes_agregadas,Terrinha (PMB),2.0,2%,"Senado Federal | 1º turno | Governo do Estado | Pesquisas de opinião | Levando em conta que para o senado o eleitor irá votar duas vezes, as pesquisas possuem um universo de 200% | Senado Federal[editar | editar código]"
2018,RO,Eleições estaduais em Rondônia em 2018,https://pt.wikipedia.org/wiki/Elei%C3%A7%C3%B5es_estaduais_em_Rond%C3%B4nia_em_2018,1,1,16/08 a 21/08/2018,Ibope,±3%,3.0,duas_mencoes_agregadas,Dettoni (PMB),1.0,1%,"Senado Federal | 1º turno | Governo do Estado | Pesquisas de opinião | Levando em conta que para o senado o eleitor irá votar duas vezes, as pesquisas possuem um universo de 200% | Senado Federal[editar | editar código]"
2018,RO,Eleições estaduais em Rondônia em 2018,https://pt.wikipedia.org/wiki/Elei%C3%A7%C3%B5es_estaduais_em_Rond%C3%B4nia_em_2018,1,2,14/09 a 19/09/2018,Ibope,±3%,3.0,duas_mencoes_agregadas,Moura (MDB),33.0,33%,"Senado Federal | 1º turno | Governo do Estado | Pesquisas de opinião | Levando em conta que para o senado o eleitor irá votar duas vezes, as pesquisas possuem um universo de 200% | Senado Federal[editar | editar código]"
2018,RO,Eleições estaduais em Rondônia em 2018,https://pt.wikipedia.org/wiki/Elei%C3%A7%C3%B5es_estaduais_em_Rond%C3%B4nia_em_2018,1,2,14/09 a 19/09/2018,Ibope,±3%,3.0,duas_mencoes_agregadas,Cleide (PT),16.0,16%,"Senado Federal | 1º turno | Governo do Estado | Pesquisas de opinião | Levando em conta que para o senado o eleitor irá votar duas vezes, as pesquisas possuem um universo de 200% | Senado Federal[editar | editar código]"
2018,RO,Eleições estaduais em Rondônia em 2018,https://pt.wikipedia.org/wiki/Elei%C3%A7%C3%B5es_estaduais_em_Rond%C3%B4nia_em_2018,1,2,14/09 a 19/09/2018,Ibope,±3%,3.0,duas_mencoes_agregadas,Raupp (MDB),20.0,20%,"Senado Federal | 1º turno | Governo do Estado | Pesquisas de opinião | Levando em conta que para o senado o eleitor irá votar duas vezes, as pesquisas possuem um universo de 200% | Senado Federal[editar | editar código]"
2018,RO,Eleições estaduais em Rondônia em 2018,https://pt.wikipedia.org/wiki/Elei%C3%A7%C3%B5es_estaduais_em_Rond%C3%B4nia_em_2018,1,2,14/09 a 19/09/2018,Ibope,±3%,3.0,duas_mencoes_agregadas,Rogério (DEM),13.0,13%,"Senado Federal | 1º turno | Governo do Estado | Pesquisas de opinião | Levando em conta que para o senado o eleitor irá votar duas vezes, as pesquisas possuem um universo de 200% | Senado Federal[editar | editar código]"
2018,RO,Eleições estaduais em Rondônia em 2018,https://pt.wikipedia.org/wiki/Elei%C3%A7%C3%B5es_estaduais_em_Rond%C3%B4nia_em_2018,1,2,14/09 a 19/09/2018,Ibope,±3%,3.0,duas_mencoes_agregadas,Magno (PP),11.0,11%,"Senado Federal | 1º turno | Governo do Estado | Pesquisas de opinião | Levando em conta que para o senado o eleitor irá votar duas vezes, as pesquisas possuem um universo de 200% | Senado Federal[editar | editar código]"
2018,RO,Eleições estaduais em Rondônia em 2018,https://pt.wikipedia.org/wiki/Elei%C3%A7%C3%B5es_estaduais_em_Rond%C3%B4nia_em_2018,1,2,14/09 a 19/09/2018,Ibope,±3%,3.0,duas_mencoes_agregadas,Edésio (PRB),5.0,5%,"Senado Federal | 1º turno | Governo do Estado | Pesquisas de opinião | Levando em conta que para o senado o eleitor irá votar duas vezes, as pesquisas possuem um universo de 200% | Senado Federal[editar | editar código]"
2018,RO,Eleições estaduais em Rondônia em 2018,https://pt.wikipedia.org/wiki/Elei%C3%A7%C3%B5es_estaduais_em_Rond%C3%B4nia_em_2018,1,2,14/09 a 19/09/2018,Ibope,±3%,3.0,duas_mencoes_agregadas,Vidal (REDE),5.0,5%,"Senado Federal | 1º turno | Governo do Estado | Pesquisas de opinião | Levando em conta que para o senado o eleitor irá votar duas vezes, as pesquisas possuem um universo de 200% | Senado Federal[editar | editar código]"
2018,RO,Eleições estaduais em Rondônia em 2018,https://pt.wikipedia.org/wiki/Elei%C3%A7%C3%B5es_estaduais_em_Rond%C3%B4nia_em_2018,1,2,14/09 a 19/09/2018,Ibope,±3%,3.0,duas_mencoes_agregadas,Pires (PSB),8.0,8%,"Senado Federal | 1º turno | Governo do Estado | Pesquisas de opinião | Levando em conta que para o senado o eleitor irá votar duas vezes, as pesquisas possuem um universo de 200% | Senado Federal[editar | editar código]"
2018,RO,Eleições estaduais em Rondônia em 2018,https://pt.wikipedia.org/wiki/Elei%C3%A7%C3%B5es_estaduais_em_Rond%C3%B4nia_em_2018,1,2,14/09 a 19/09/2018,Ibope,±3%,3.0,duas_mencoes_agregadas,Jaime (PSL),3.0,3%,"Senado Federal | 1º turno | Governo do Estado | Pesquisas de opinião | Levando em conta que para o senado o eleitor irá votar duas vezes, as pesquisas possuem um universo de 200% | Senado Federal[editar | editar código]"
2018,RO,Eleições estaduais em Rondônia em 2018,https://pt.wikipedia.org/wiki/Elei%C3%A7%C3%B5es_estaduais_em_Rond%C3%B4nia_em_2018,1,2,14/09 a 19/09/2018,Ibope,±3%,3.0,duas_mencoes_agregadas,Paz (PSTU),1.0,1%,"Senado Federal | 1º turno | Governo do Estado | Pesquisas de opinião | Levando em conta que para o senado o eleitor irá votar duas vezes, as pesquisas possuem um universo de 200% | Senado Federal[editar | editar código]"
2018,RO,Eleições estaduais em Rondônia em 2018,https://pt.wikipedia.org/wiki/Elei%C3%A7%C3%B5es_estaduais_em_Rond%C3%B4nia_em_2018,1,2,14/09 a 19/09/2018,Ibope,±3%,3.0,duas_mencoes_agregadas,Bosco (PPS),2.0,2%,"Senado Federal | 1º turno | Governo do Estado | Pesquisas de opinião | Levando em conta que para o senado o eleitor irá votar duas vezes, as pesquisas possuem um universo de 200% | Senado Federal[editar | editar código]"
2018,RO,Eleições estaduais em Rondônia em 2018,https://pt.wikipedia.org/wiki/Elei%C3%A7%C3%B5es_estaduais_em_Rond%C3%B4nia_em_2018,1,2,14/09 a 19/09/2018,Ibope,±3%,3.0,duas_mencoes_agregadas,Jurado (NOVO),1.0,1%,"Senado Federal | 1º turno | Governo do Estado | Pesquisas de opinião | Levando em conta que para o senado o eleitor irá votar duas vezes, as pesquisas possuem um universo de 200% | Senado Federal[editar | editar código]"
2018,RO,Eleições estaduais em Rondônia em 2018,https://pt.wikipedia.org/wiki/Elei%C3%A7%C3%B5es_estaduais_em_Rond%C3%B4nia_em_2018,1,2,14/09 a 19/09/2018,Ibope,±3%,3.0,duas_mencoes_agregadas,Cadillac (PSTU),1.0,1%,"Senado Federal | 1º turno | Governo do Estado | Pesquisas de opinião | Levando em conta que para o senado o eleitor irá votar duas vezes, as pesquisas possuem um universo de 200% | Senado Federal[editar | editar código]"
2018,RO,Eleições estaduais em Rondônia em 2018,https://pt.wikipedia.org/wiki/Elei%C3%A7%C3%B5es_estaduais_em_Rond%C3%B4nia_em_2018,1,2,14/09 a 19/09/2018,Ibope,±3%,3.0,duas_mencoes_agregadas,Wilson (PRTB),1.0,1%,"Senado Federal | 1º turno | Governo do Estado | Pesquisas de opinião | Levando em conta que para o senado o eleitor irá votar duas vezes, as pesquisas possuem um universo de 200% | Senado Federal[editar | editar código]"
2018,RO,Eleições estaduais em Rondônia em 2018,https://pt.wikipedia.org/wiki/Elei%C3%A7%C3%B5es_estaduais_em_Rond%C3%B4nia_em_2018,1,2,14/09 a 19/09/2018,Ibope,±3%,3.0,duas_mencoes_agregadas,Terrinha (PMB),2.0,2%,"Senado Federal | 1º turno | Governo do Estado | Pesquisas de opinião | Levando em conta que para o senado o eleitor irá votar duas vezes, as pesquisas possuem um universo de 200% | Senado Federal[editar | editar código]"
2018,RO,Eleições estaduais em Rondônia em 2018,https://pt.wikipedia.org/wiki/Elei%C3%A7%C3%B5es_estaduais_em_Rond%C3%B4nia_em_2018,1,2,14/09 a 19/09/2018,Ibope,±3%,3.0,duas_mencoes_agregadas,Dettoni (PMB),1.0,1%,"Senado Federal | 1º turno | Governo do Estado | Pesquisas de opinião | Levando em conta que para o senado o eleitor irá votar duas vezes, as pesquisas possuem um universo de 200% | Senado Federal[editar | editar código]"
2018,RR,Eleições estaduais em Roraima em 2018,https://pt.wikipedia.org/wiki/Elei%C3%A7%C3%B5es_estaduais_em_Roraima_em_2018,1,1,13/08 a 16 de agosto de 2018,Ibope,±3%,3.0,duas_mencoes_agregadas,Mecias (PRB),26.0,26%,"Senado Federal | Governo do Estado | Pesquisas de opinião | Deputados estaduais eleitos | Levando em conta que para o senado o eleitor irá votar duas vezes, as pesquisas possuem um universo de 200% | Senado Federal[editar | editar código]"
2018,RR,Eleições estaduais em Roraima em 2018,https://pt.wikipedia.org/wiki/Elei%C3%A7%C3%B5es_estaduais_em_Roraima_em_2018,1,1,13/08 a 16 de agosto de 2018,Ibope,±3%,3.0,duas_mencoes_agregadas,Portela (PDT),30.0,30%,"Senado Federal | Governo do Estado | Pesquisas de opinião | Deputados estaduais eleitos | Levando em conta que para o senado o eleitor irá votar duas vezes, as pesquisas possuem um universo de 200% | Senado Federal[editar | editar código]"
2018,RR,Eleições estaduais em Roraima em 2018,https://pt.wikipedia.org/wiki/Elei%C3%A7%C3%B5es_estaduais_em_Roraima_em_2018,1,1,13/08 a 16 de agosto de 2018,Ibope,±3%,3.0,duas_mencoes_agregadas,Chico (DEM),21.0,21%,"Senado Federal | Governo do Estado | Pesquisas de opinião | Deputados estaduais eleitos | Levando em conta que para o senado o eleitor irá votar duas vezes, as pesquisas possuem um universo de 200% | Senado Federal[editar | editar código]"
2018,RR,Eleições estaduais em Roraima em 2018,https://pt.wikipedia.org/wiki/Elei%C3%A7%C3%B5es_estaduais_em_Roraima_em_2018,1,1,13/08 a 16 de agosto de 2018,Ibope,±3%,3.0,duas_mencoes_agregadas,Jucá (MDB),25.0,25%,"Senado Federal | Governo do Estado | Pesquisas de opinião | Deputados estaduais eleitos | Levando em conta que para o senado o eleitor irá votar duas vezes, as pesquisas possuem um universo de 200% | Senado Federal[editar | editar código]"
2018,RR,Eleições estaduais em Roraima em 2018,https://pt.wikipedia.org/wiki/Elei%C3%A7%C3%B5es_estaduais_em_Roraima_em_2018,1,1,13/08 a 16 de agosto de 2018,Ibope,±3%,3.0,duas_mencoes_agregadas,Castro (PR),21.0,21%,"Senado Federal | Governo do Estado | Pesquisas de opinião | Deputados estaduais eleitos | Levando em conta que para o senado o eleitor irá votar duas vezes, as pesquisas possuem um universo de 200% | Senado Federal[editar | editar código]"
2018,RR,Eleições estaduais em Roraima em 2018,https://pt.wikipedia.org/wiki/Elei%C3%A7%C3%B5es_estaduais_em_Roraima_em_2018,1,1,13/08 a 16 de agosto de 2018,Ibope,±3%,3.0,duas_mencoes_agregadas,Ramalho (PSL),11.0,11%,"Senado Federal | Governo do Estado | Pesquisas de opinião | Deputados estaduais eleitos | Levando em conta que para o senado o eleitor irá votar duas vezes, as pesquisas possuem um universo de 200% | Senado Federal[editar | editar código]"
2018,RR,Eleições estaduais em Roraima em 2018,https://pt.wikipedia.org/wiki/Elei%C3%A7%C3%B5es_estaduais_em_Roraima_em_2018,1,1,13/08 a 16 de agosto de 2018,Ibope,±3%,3.0,duas_mencoes_agregadas,Martins (PTB),4.0,4%,"Senado Federal | Governo do Estado | Pesquisas de opinião | Deputados estaduais eleitos | Levando em conta que para o senado o eleitor irá votar duas vezes, as pesquisas possuem um universo de 200% | Senado Federal[editar | editar código]"
2018,RR,Eleições estaduais em Roraima em 2018,https://pt.wikipedia.org/wiki/Elei%C3%A7%C3%B5es_estaduais_em_Roraima_em_2018,1,1,13/08 a 16 de agosto de 2018,Ibope,±3%,3.0,duas_mencoes_agregadas,Santos (PATRI),2.0,2%,"Senado Federal | Governo do Estado | Pesquisas de opinião | Deputados estaduais eleitos | Levando em conta que para o senado o eleitor irá votar duas vezes, as pesquisas possuem um universo de 200% | Senado Federal[editar | editar código]"
2018,RR,Eleições estaduais em Roraima em 2018,https://pt.wikipedia.org/wiki/Elei%C3%A7%C3%B5es_estaduais_em_Roraima_em_2018,1,1,13/08 a 16 de agosto de 2018,Ibope,±3%,3.0,duas_mencoes_agregadas,Telma (PCB),2.0,2%,"Senado Federal | Governo do Estado | Pesquisas de opinião | Deputados estaduais eleitos | Levando em conta que para o senado o eleitor irá votar duas vezes, as pesquisas possuem um universo de 200% | Senado Federal[editar | editar código]"
2018,RR,Eleições estaduais em Roraima em 2018,https://pt.wikipedia.org/wiki/Elei%C3%A7%C3%B5es_estaduais_em_Roraima_em_2018,1,1,13/08 a 16 de agosto de 2018,Ibope,±3%,3.0,duas_mencoes_agregadas,Leite (PV),1.0,1%,"Senado Federal | Governo do Estado | Pesquisas de opinião | Deputados estaduais eleitos | Levando em conta que para o senado o eleitor irá votar duas vezes, as pesquisas possuem um universo de 200% | Senado Federal[editar | editar código]"
2018,RR,Eleições estaduais em Roraima em 2018,https://pt.wikipedia.org/wiki/Elei%C3%A7%C3%B5es_estaduais_em_Roraima_em_2018,1,1,13/08 a 16 de agosto de 2018,Ibope,±3%,3.0,duas_mencoes_agregadas,Lourival (PSTU),1.0,1%,"Senado Federal | Governo do Estado | Pesquisas de opinião | Deputados estaduais eleitos | Levando em conta que para o senado o eleitor irá votar duas vezes, as pesquisas possuem um universo de 200% | Senado Federal[editar | editar código]"
2018,RR,Eleições estaduais em Roraima em 2018,https://pt.wikipedia.org/wiki/Elei%C3%A7%C3%B5es_estaduais_em_Roraima_em_2018,1,2,13/09 a 16 de setembro de 2018,Ibope,±3%,3.0,duas_mencoes_agregadas,Mecias (PRB),30.0,30%,"Senado Federal | Governo do Estado | Pesquisas de opinião | Deputados estaduais eleitos | Levando em conta que para o senado o eleitor irá votar duas vezes, as pesquisas possuem um universo de 200% | Senado Federal[editar | editar código]"
2018,RR,Eleições estaduais em Roraima em 2018,https://pt.wikipedia.org/wiki/Elei%C3%A7%C3%B5es_estaduais_em_Roraima_em_2018,1,2,13/09 a 16 de setembro de 2018,Ibope,±3%,3.0,duas_mencoes_agregadas,Portela (PDT),29.0,29%,"Senado Federal | Governo do Estado | Pesquisas de opinião | Deputados estaduais eleitos | Levando em conta que para o senado o eleitor irá votar duas vezes, as pesquisas possuem um universo de 200% | Senado Federal[editar | editar código]"
2018,RR,Eleições estaduais em Roraima em 2018,https://pt.wikipedia.org/wiki/Elei%C3%A7%C3%B5es_estaduais_em_Roraima_em_2018,1,2,13/09 a 16 de setembro de 2018,Ibope,±3%,3.0,duas_mencoes_agregadas,Chico (DEM),29.0,29%,"Senado Federal | Governo do Estado | Pesquisas de opinião | Deputados estaduais eleitos | Levando em conta que para o senado o eleitor irá votar duas vezes, as pesquisas possuem um universo de 200% | Senado Federal[editar | editar código]"
2018,RR,Eleições estaduais em Roraima em 2018,https://pt.wikipedia.org/wiki/Elei%C3%A7%C3%B5es_estaduais_em_Roraima_em_2018,1,2,13/09 a 16 de setembro de 2018,Ibope,±3%,3.0,duas_mencoes_agregadas,Jucá (MDB),28.0,28%,"Senado Federal | Governo do Estado | Pesquisas de opinião | Deputados estaduais eleitos | Levando em conta que para o senado o eleitor irá votar duas vezes, as pesquisas possuem um universo de 200% | Senado Federal[editar | editar código]"
2018,RR,Eleições estaduais em Roraima em 2018,https://pt.wikipedia.org/wiki/Elei%C3%A7%C3%B5es_estaduais_em_Roraima_em_2018,1,2,13/09 a 16 de setembro de 2018,Ibope,±3%,3.0,duas_mencoes_agregadas,Castro (PR),25.0,25%,"Senado Federal | Governo do Estado | Pesquisas de opinião | Deputados estaduais eleitos | Levando em conta que para o senado o eleitor irá votar duas vezes, as pesquisas possuem um universo de 200% | Senado Federal[editar | editar código]"
2018,RR,Eleições estaduais em Roraima em 2018,https://pt.wikipedia.org/wiki/Elei%C3%A7%C3%B5es_estaduais_em_Roraima_em_2018,1,2,13/09 a 16 de setembro de 2018,Ibope,±3%,3.0,duas_mencoes_agregadas,Ramalho (PSL),10.0,10%,"Senado Federal | Governo do Estado | Pesquisas de opinião | Deputados estaduais eleitos | Levando em conta que para o senado o eleitor irá votar duas vezes, as pesquisas possuem um universo de 200% | Senado Federal[editar | editar código]"
2018,RR,Eleições estaduais em Roraima em 2018,https://pt.wikipedia.org/wiki/Elei%C3%A7%C3%B5es_estaduais_em_Roraima_em_2018,1,2,13/09 a 16 de setembro de 2018,Ibope,±3%,3.0,duas_mencoes_agregadas,Martins (PTB),3.0,3%,"Senado Federal | Governo do Estado | Pesquisas de opinião | Deputados estaduais eleitos | Levando em conta que para o senado o eleitor irá votar duas vezes, as pesquisas possuem um universo de 200% | Senado Federal[editar | editar código]"
2018,RR,Eleições estaduais em Roraima em 2018,https://pt.wikipedia.org/wiki/Elei%C3%A7%C3%B5es_estaduais_em_Roraima_em_2018,1,2,13/09 a 16 de setembro de 2018,Ibope,±3%,3.0,duas_mencoes_agregadas,Santos (PATRI),3.0,3%,"Senado Federal | Governo do Estado | Pesquisas de opinião | Deputados estaduais eleitos | Levando em conta que para o senado o eleitor irá votar duas vezes, as pesquisas possuem um universo de 200% | Senado Federal[editar | editar código]"
2018,RR,Eleições estaduais em Roraima em 2018,https://pt.wikipedia.org/wiki/Elei%C3%A7%C3%B5es_estaduais_em_Roraima_em_2018,1,2,13/09 a 16 de setembro de 2018,Ibope,±3%,3.0,duas_mencoes_agregadas,Telma (PCB),2.0,2%,"Senado Federal | Governo do Estado | Pesquisas de opinião | Deputados estaduais eleitos | Levando em conta que para o senado o eleitor irá votar duas vezes, as pesquisas possuem um universo de 200% | Senado Federal[editar | editar código]"
2018,RR,Eleições estaduais em Roraima em 2018,https://pt.wikipedia.org/wiki/Elei%C3%A7%C3%B5es_estaduais_em_Roraima_em_2018,1,2,13/09 a 16 de setembro de 2018,Ibope,±3%,3.0,duas_mencoes_agregadas,Leite (PV),2.0,2%,"Senado Federal | Governo do Estado | Pesquisas de opinião | Deputados estaduais eleitos | Levando em conta que para o senado o eleitor irá votar duas vezes, as pesquisas possuem um universo de 200% | Senado Federal[editar | editar código]"
2018,RR,Eleições estaduais em Roraima em 2018,https://pt.wikipedia.org/wiki/Elei%C3%A7%C3%B5es_estaduais_em_Roraima_em_2018,1,2,13/09 a 16 de setembro de 2018,Ibope,±3%,3.0,duas_mencoes_agregadas,Lourival (PSTU),1.0,1%,"Senado Federal | Governo do Estado | Pesquisas de opinião | Deputados estaduais eleitos | Levando em conta que para o senado o eleitor irá votar duas vezes, as pesquisas possuem um universo de 200% | Senado Federal[editar | editar código]"
2018,SC,Eleições estaduais em Santa Catarina em 2018,https://pt.wikipedia.org/wiki/Elei%C3%A7%C3%B5es_estaduais_em_Santa_Catarina_em_2018,1,1,10/08 a 15 de agosto de 2018,Instituto Mapa,"±3,1%",3.1,duas_mencoes_agregadas,Raimundo Colombo (PSD),17.0,"17,0%","Senado Federal | Governo do Estado | Pesquisas de intenção de voto | Votações nominais | Levando em conta que para o senado o eleitor irá votar duas vezes, as pesquisas possuem um universo de 200%. | Senado Federal[editar | editar código]"
2018,SC,Eleições estaduais em Santa Catarina em 2018,https://pt.wikipedia.org/wiki/Elei%C3%A7%C3%B5es_estaduais_em_Santa_Catarina_em_2018,1,1,10/08 a 15 de agosto de 2018,Instituto Mapa,"±3,1%",3.1,duas_mencoes_agregadas,Esperidião Amin (PP),16.6,"16,6%","Senado Federal | Governo do Estado | Pesquisas de intenção de voto | Votações nominais | Levando em conta que para o senado o eleitor irá votar duas vezes, as pesquisas possuem um universo de 200%. | Senado Federal[editar | editar código]"
2018,SC,Eleições estaduais em Santa Catarina em 2018,https://pt.wikipedia.org/wiki/Elei%C3%A7%C3%B5es_estaduais_em_Santa_Catarina_em_2018,1,1,10/08 a 15 de agosto de 2018,Instituto Mapa,"±3,1%",3.1,duas_mencoes_agregadas,Paulo Bauer (PSDB),10.8,"10,8%","Senado Federal | Governo do Estado | Pesquisas de intenção de voto | Votações nominais | Levando em conta que para o senado o eleitor irá votar duas vezes, as pesquisas possuem um universo de 200%. | Senado Federal[editar | editar código]"
2018,SC,Eleições estaduais em Santa Catarina em 2018,https://pt.wikipedia.org/wiki/Elei%C3%A7%C3%B5es_estaduais_em_Santa_Catarina_em_2018,1,1,10/08 a 15 de agosto de 2018,Instituto Mapa,"±3,1%",3.1,duas_mencoes_agregadas,Jorginho Mello (PR),5.2,"5,2%","Senado Federal | Governo do Estado | Pesquisas de intenção de voto | Votações nominais | Levando em conta que para o senado o eleitor irá votar duas vezes, as pesquisas possuem um universo de 200%. | Senado Federal[editar | editar código]"
2018,SC,Eleições estaduais em Santa Catarina em 2018,https://pt.wikipedia.org/wiki/Elei%C3%A7%C3%B5es_estaduais_em_Santa_Catarina_em_2018,1,1,10/08 a 15 de agosto de 2018,Instituto Mapa,"±3,1%",3.1,duas_mencoes_agregadas,Ideli Salvatti (PT),4.1,"4,1%","Senado Federal | Governo do Estado | Pesquisas de intenção de voto | Votações nominais | Levando em conta que para o senado o eleitor irá votar duas vezes, as pesquisas possuem um universo de 200%. | Senado Federal[editar | editar código]"
2018,SC,Eleições estaduais em Santa Catarina em 2018,https://pt.wikipedia.org/wiki/Elei%C3%A7%C3%B5es_estaduais_em_Santa_Catarina_em_2018,1,1,10/08 a 15 de agosto de 2018,Instituto Mapa,"±3,1%",3.1,duas_mencoes_agregadas,Roberto Salum (PMN),2.0,"2,0%","Senado Federal | Governo do Estado | Pesquisas de intenção de voto | Votações nominais | Levando em conta que para o senado o eleitor irá votar duas vezes, as pesquisas possuem um universo de 200%. | Senado Federal[editar | editar código]"
2018,SC,Eleições estaduais em Santa Catarina em 2018,https://pt.wikipedia.org/wiki/Elei%C3%A7%C3%B5es_estaduais_em_Santa_Catarina_em_2018,1,1,10/08 a 15 de agosto de 2018,Instituto Mapa,"±3,1%",3.1,duas_mencoes_agregadas,Antônio Campos (PSOL),1.7,"1,7%","Senado Federal | Governo do Estado | Pesquisas de intenção de voto | Votações nominais | Levando em conta que para o senado o eleitor irá votar duas vezes, as pesquisas possuem um universo de 200%. | Senado Federal[editar | editar código]"
2018,SC,Eleições estaduais em Santa Catarina em 2018,https://pt.wikipedia.org/wiki/Elei%C3%A7%C3%B5es_estaduais_em_Santa_Catarina_em_2018,1,1,10/08 a 15 de agosto de 2018,Instituto Mapa,"±3,1%",3.1,duas_mencoes_agregadas,Pedro Cabral (PSOL),1.9,"1,9%","Senado Federal | Governo do Estado | Pesquisas de intenção de voto | Votações nominais | Levando em conta que para o senado o eleitor irá votar duas vezes, as pesquisas possuem um universo de 200%. | Senado Federal[editar | editar código]"
2018,SC,Eleições estaduais em Santa Catarina em 2018,https://pt.wikipedia.org/wiki/Elei%C3%A7%C3%B5es_estaduais_em_Santa_Catarina_em_2018,1,1,10/08 a 15 de agosto de 2018,Instituto Mapa,"±3,1%",3.1,duas_mencoes_agregadas,Andréa Carvalho (PCO),1.2,"1,2%","Senado Federal | Governo do Estado | Pesquisas de intenção de voto | Votações nominais | Levando em conta que para o senado o eleitor irá votar duas vezes, as pesquisas possuem um universo de 200%. | Senado Federal[editar | editar código]"
2018,SC,Eleições estaduais em Santa Catarina em 2018,https://pt.wikipedia.org/wiki/Elei%C3%A7%C3%B5es_estaduais_em_Santa_Catarina_em_2018,1,1,10/08 a 15 de agosto de 2018,Instituto Mapa,"±3,1%",3.1,duas_mencoes_agregadas,Lucas Esmeraldino (PSL),1.7,"1,7%","Senado Federal | Governo do Estado | Pesquisas de intenção de voto | Votações nominais | Levando em conta que para o senado o eleitor irá votar duas vezes, as pesquisas possuem um universo de 200%. | Senado Federal[editar | editar código]"
2018,SC,Eleições estaduais em Santa Catarina em 2018,https://pt.wikipedia.org/wiki/Elei%C3%A7%C3%B5es_estaduais_em_Santa_Catarina_em_2018,1,1,10/08 a 15 de agosto de 2018,Instituto Mapa,"±3,1%",3.1,duas_mencoes_agregadas,Lédio Rosa (PT),1.9,"1,9%","Senado Federal | Governo do Estado | Pesquisas de intenção de voto | Votações nominais | Levando em conta que para o senado o eleitor irá votar duas vezes, as pesquisas possuem um universo de 200%. | Senado Federal[editar | editar código]"
2018,SC,Eleições estaduais em Santa Catarina em 2018,https://pt.wikipedia.org/wiki/Elei%C3%A7%C3%B5es_estaduais_em_Santa_Catarina_em_2018,1,1,10/08 a 15 de agosto de 2018,Instituto Mapa,"±3,1%",3.1,duas_mencoes_agregadas,Ricardo Lautert (PSTU),0.4,"0,4%","Senado Federal | Governo do Estado | Pesquisas de intenção de voto | Votações nominais | Levando em conta que para o senado o eleitor irá votar duas vezes, as pesquisas possuem um universo de 200%. | Senado Federal[editar | editar código]"
2018,SC,Eleições estaduais em Santa Catarina em 2018,https://pt.wikipedia.org/wiki/Elei%C3%A7%C3%B5es_estaduais_em_Santa_Catarina_em_2018,1,1,10/08 a 15 de agosto de 2018,Instituto Mapa,"±3,1%",3.1,duas_mencoes_agregadas,Diego Mezzogiorno (REDE),0.8,"0,8%","Senado Federal | Governo do Estado | Pesquisas de intenção de voto | Votações nominais | Levando em conta que para o senado o eleitor irá votar duas vezes, as pesquisas possuem um universo de 200%. | Senado Federal[editar | editar código]"
2018,SC,Eleições estaduais em Santa Catarina em 2018,https://pt.wikipedia.org/wiki/Elei%C3%A7%C3%B5es_estaduais_em_Santa_Catarina_em_2018,1,1,10/08 a 15 de agosto de 2018,Instituto Mapa,"±3,1%",3.1,duas_mencoes_agregadas,Miriam Prochnow (REDE),0.7,"0,7%","Senado Federal | Governo do Estado | Pesquisas de intenção de voto | Votações nominais | Levando em conta que para o senado o eleitor irá votar duas vezes, as pesquisas possuem um universo de 200%. | Senado Federal[editar | editar código]"
2018,SC,Eleições estaduais em Santa Catarina em 2018,https://pt.wikipedia.org/wiki/Elei%C3%A7%C3%B5es_estaduais_em_Santa_Catarina_em_2018,1,2,14/08 a 16 de agosto de 2018,Ibope,±3%,3.0,duas_mencoes_agregadas,Raimundo Colombo (PSD),27.0,27%,"Senado Federal | Governo do Estado | Pesquisas de intenção de voto | Votações nominais | Levando em conta que para o senado o eleitor irá votar duas vezes, as pesquisas possuem um universo de 200%. | Senado Federal[editar | editar código]"
2018,SC,Eleições estaduais em Santa Catarina em 2018,https://pt.wikipedia.org/wiki/Elei%C3%A7%C3%B5es_estaduais_em_Santa_Catarina_em_2018,1,2,14/08 a 16 de agosto de 2018,Ibope,±3%,3.0,duas_mencoes_agregadas,Esperidião Amin (PP),23.0,23%,"Senado Federal | Governo do Estado | Pesquisas de intenção de voto | Votações nominais | Levando em conta que para o senado o eleitor irá votar duas vezes, as pesquisas possuem um universo de 200%. | Senado Federal[editar | editar código]"
2018,SC,Eleições estaduais em Santa Catarina em 2018,https://pt.wikipedia.org/wiki/Elei%C3%A7%C3%B5es_estaduais_em_Santa_Catarina_em_2018,1,2,14/08 a 16 de agosto de 2018,Ibope,±3%,3.0,duas_mencoes_agregadas,Paulo Bauer (PSDB),19.0,19%,"Senado Federal | Governo do Estado | Pesquisas de intenção de voto | Votações nominais | Levando em conta que para o senado o eleitor irá votar duas vezes, as pesquisas possuem um universo de 200%. | Senado Federal[editar | editar código]"
2018,SC,Eleições estaduais em Santa Catarina em 2018,https://pt.wikipedia.org/wiki/Elei%C3%A7%C3%B5es_estaduais_em_Santa_Catarina_em_2018,1,2,14/08 a 16 de agosto de 2018,Ibope,±3%,3.0,duas_mencoes_agregadas,Jorginho Mello (PR),8.0,8%,"Senado Federal | Governo do Estado | Pesquisas de intenção de voto | Votações nominais | Levando em conta que para o senado o eleitor irá votar duas vezes, as pesquisas possuem um universo de 200%. | Senado Federal[editar | editar código]"
2018,SC,Eleições estaduais em Santa Catarina em 2018,https://pt.wikipedia.org/wiki/Elei%C3%A7%C3%B5es_estaduais_em_Santa_Catarina_em_2018,1,2,14/08 a 16 de agosto de 2018,Ibope,±3%,3.0,duas_mencoes_agregadas,Ideli Salvatti (PT),7.0,7%,"Senado Federal | Governo do Estado | Pesquisas de intenção de voto | Votações nominais | Levando em conta que para o senado o eleitor irá votar duas vezes, as pesquisas possuem um universo de 200%. | Senado Federal[editar | editar código]"
2018,SC,Eleições estaduais em Santa Catarina em 2018,https://pt.wikipedia.org/wiki/Elei%C3%A7%C3%B5es_estaduais_em_Santa_Catarina_em_2018,1,2,14/08 a 16 de agosto de 2018,Ibope,±3%,3.0,duas_mencoes_agregadas,Roberto Salum (PMN),6.0,6%,"Senado Federal | Governo do Estado | Pesquisas de intenção de voto | Votações nominais | Levando em conta que para o senado o eleitor irá votar duas vezes, as pesquisas possuem um universo de 200%. | Senado Federal[editar | editar código]"
2018,SC,Eleições estaduais em Santa Catarina em 2018,https://pt.wikipedia.org/wiki/Elei%C3%A7%C3%B5es_estaduais_em_Santa_Catarina_em_2018,1,2,14/08 a 16 de agosto de 2018,Ibope,±3%,3.0,duas_mencoes_agregadas,Antônio Campos (PSOL),5.0,5%,"Senado Federal | Governo do Estado | Pesquisas de intenção de voto | Votações nominais | Levando em conta que para o senado o eleitor irá votar duas vezes, as pesquisas possuem um universo de 200%. | Senado Federal[editar | editar código]"
2018,SC,Eleições estaduais em Santa Catarina em 2018,https://pt.wikipedia.org/wiki/Elei%C3%A7%C3%B5es_estaduais_em_Santa_Catarina_em_2018,1,2,14/08 a 16 de agosto de 2018,Ibope,±3%,3.0,duas_mencoes_agregadas,Pedro Cabral (PSOL),5.0,5%,"Senado Federal | Governo do Estado | Pesquisas de intenção de voto | Votações nominais | Levando em conta que para o senado o eleitor irá votar duas vezes, as pesquisas possuem um universo de 200%. | Senado Federal[editar | editar código]"
2018,SC,Eleições estaduais em Santa Catarina em 2018,https://pt.wikipedia.org/wiki/Elei%C3%A7%C3%B5es_estaduais_em_Santa_Catarina_em_2018,1,2,14/08 a 16 de agosto de 2018,Ibope,±3%,3.0,duas_mencoes_agregadas,Andréa Carvalho (PCO),4.0,4%,"Senado Federal | Governo do Estado | Pesquisas de intenção de voto | Votações nominais | Levando em conta que para o senado o eleitor irá votar duas vezes, as pesquisas possuem um universo de 200%. | Senado Federal[editar | editar código]"
2018,SC,Eleições estaduais em Santa Catarina em 2018,https://pt.wikipedia.org/wiki/Elei%C3%A7%C3%B5es_estaduais_em_Santa_Catarina_em_2018,1,2,14/08 a 16 de agosto de 2018,Ibope,±3%,3.0,duas_mencoes_agregadas,Lucas Esmeraldino (PSL),3.0,3%,"Senado Federal | Governo do Estado | Pesquisas de intenção de voto | Votações nominais | Levando em conta que para o senado o eleitor irá votar duas vezes, as pesquisas possuem um universo de 200%. | Senado Federal[editar | editar código]"
2018,SC,Eleições estaduais em Santa Catarina em 2018,https://pt.wikipedia.org/wiki/Elei%C3%A7%C3%B5es_estaduais_em_Santa_Catarina_em_2018,1,2,14/08 a 16 de agosto de 2018,Ibope,±3%,3.0,duas_mencoes_agregadas,Lédio Rosa (PT),2.0,2%,"Senado Federal | Governo do Estado | Pesquisas de intenção de voto | Votações nominais | Levando em conta que para o senado o eleitor irá votar duas vezes, as pesquisas possuem um universo de 200%. | Senado Federal[editar | editar código]"
2018,SC,Eleições estaduais em Santa Catarina em 2018,https://pt.wikipedia.org/wiki/Elei%C3%A7%C3%B5es_estaduais_em_Santa_Catarina_em_2018,1,2,14/08 a 16 de agosto de 2018,Ibope,±3%,3.0,duas_mencoes_agregadas,Ricardo Lautert (PSTU),2.0,2%,"Senado Federal | Governo do Estado | Pesquisas de intenção de voto | Votações nominais | Levando em conta que para o senado o eleitor irá votar duas vezes, as pesquisas possuem um universo de 200%. | Senado Federal[editar | editar código]"
2018,SC,Eleições estaduais em Santa Catarina em 2018,https://pt.wikipedia.org/wiki/Elei%C3%A7%C3%B5es_estaduais_em_Santa_Catarina_em_2018,1,2,14/08 a 16 de agosto de 2018,Ibope,±3%,3.0,duas_mencoes_agregadas,Diego Mezzogiorno (REDE),1.0,1%,"Senado Federal | Governo do Estado | Pesquisas de intenção de voto | Votações nominais | Levando em conta que para o senado o eleitor irá votar duas vezes, as pesquisas possuem um universo de 200%. | Senado Federal[editar | editar código]"
2018,SC,Eleições estaduais em Santa Catarina em 2018,https://pt.wikipedia.org/wiki/Elei%C3%A7%C3%B5es_estaduais_em_Santa_Catarina_em_2018,1,2,14/08 a 16 de agosto de 2018,Ibope,±3%,3.0,duas_mencoes_agregadas,Miriam Prochnow (REDE),1.0,1%,"Senado Federal | Governo do Estado | Pesquisas de intenção de voto | Votações nominais | Levando em conta que para o senado o eleitor irá votar duas vezes, as pesquisas possuem um universo de 200%. | Senado Federal[editar | editar código]"
2018,SC,Eleições estaduais em Santa Catarina em 2018,https://pt.wikipedia.org/wiki/Elei%C3%A7%C3%B5es_estaduais_em_Santa_Catarina_em_2018,1,3,01/09 a 3 de setembro de 2018,Grupo RIC,±3%,3.0,duas_mencoes_agregadas,Raimundo Colombo (PSD),29.0,29%,"Senado Federal | Governo do Estado | Pesquisas de intenção de voto | Votações nominais | Levando em conta que para o senado o eleitor irá votar duas vezes, as pesquisas possuem um universo de 200%. | Senado Federal[editar | editar código]"
2018,SC,Eleições estaduais em Santa Catarina em 2018,https://pt.wikipedia.org/wiki/Elei%C3%A7%C3%B5es_estaduais_em_Santa_Catarina_em_2018,1,3,01/09 a 3 de setembro de 2018,Grupo RIC,±3%,3.0,duas_mencoes_agregadas,Esperidião Amin (PP),31.0,31%,"Senado Federal | Governo do Estado | Pesquisas de intenção de voto | Votações nominais | Levando em conta que para o senado o eleitor irá votar duas vezes, as pesquisas possuem um universo de 200%. | Senado Federal[editar | editar código]"
2018,SC,Eleições estaduais em Santa Catarina em 2018,https://pt.wikipedia.org/wiki/Elei%C3%A7%C3%B5es_estaduais_em_Santa_Catarina_em_2018,1,3,01/09 a 3 de setembro de 2018,Grupo RIC,±3%,3.0,duas_mencoes_agregadas,Paulo Bauer (PSDB),24.0,24%,"Senado Federal | Governo do Estado | Pesquisas de intenção de voto | Votações nominais | Levando em conta que para o senado o eleitor irá votar duas vezes, as pesquisas possuem um universo de 200%. | Senado Federal[editar | editar código]"
2018,SC,Eleições estaduais em Santa Catarina em 2018,https://pt.wikipedia.org/wiki/Elei%C3%A7%C3%B5es_estaduais_em_Santa_Catarina_em_2018,1,3,01/09 a 3 de setembro de 2018,Grupo RIC,±3%,3.0,duas_mencoes_agregadas,Jorginho Mello (PR),6.0,6%,"Senado Federal | Governo do Estado | Pesquisas de intenção de voto | Votações nominais | Levando em conta que para o senado o eleitor irá votar duas vezes, as pesquisas possuem um universo de 200%. | Senado Federal[editar | editar código]"
2018,SC,Eleições estaduais em Santa Catarina em 2018,https://pt.wikipedia.org/wiki/Elei%C3%A7%C3%B5es_estaduais_em_Santa_Catarina_em_2018,1,3,01/09 a 3 de setembro de 2018,Grupo RIC,±3%,3.0,duas_mencoes_agregadas,Ideli Salvatti (PT),6.0,6%,"Senado Federal | Governo do Estado | Pesquisas de intenção de voto | Votações nominais | Levando em conta que para o senado o eleitor irá votar duas vezes, as pesquisas possuem um universo de 200%. | Senado Federal[editar | editar código]"
2018,SC,Eleições estaduais em Santa Catarina em 2018,https://pt.wikipedia.org/wiki/Elei%C3%A7%C3%B5es_estaduais_em_Santa_Catarina_em_2018,1,3,01/09 a 3 de setembro de 2018,Grupo RIC,±3%,3.0,duas_mencoes_agregadas,Roberto Salum (PMN),7.0,7%,"Senado Federal | Governo do Estado | Pesquisas de intenção de voto | Votações nominais | Levando em conta que para o senado o eleitor irá votar duas vezes, as pesquisas possuem um universo de 200%. | Senado Federal[editar | editar código]"
2018,SC,Eleições estaduais em Santa Catarina em 2018,https://pt.wikipedia.org/wiki/Elei%C3%A7%C3%B5es_estaduais_em_Santa_Catarina_em_2018,1,3,01/09 a 3 de setembro de 2018,Grupo RIC,±3%,3.0,duas_mencoes_agregadas,Antônio Campos (PSOL),3.0,3%,"Senado Federal | Governo do Estado | Pesquisas de intenção de voto | Votações nominais | Levando em conta que para o senado o eleitor irá votar duas vezes, as pesquisas possuem um universo de 200%. | Senado Federal[editar | editar código]"
2018,SC,Eleições estaduais em Santa Catarina em 2018,https://pt.wikipedia.org/wiki/Elei%C3%A7%C3%B5es_estaduais_em_Santa_Catarina_em_2018,1,3,01/09 a 3 de setembro de 2018,Grupo RIC,±3%,3.0,duas_mencoes_agregadas,Pedro Cabral (PSOL),3.0,3%,"Senado Federal | Governo do Estado | Pesquisas de intenção de voto | Votações nominais | Levando em conta que para o senado o eleitor irá votar duas vezes, as pesquisas possuem um universo de 200%. | Senado Federal[editar | editar código]"
2018,SC,Eleições estaduais em Santa Catarina em 2018,https://pt.wikipedia.org/wiki/Elei%C3%A7%C3%B5es_estaduais_em_Santa_Catarina_em_2018,1,3,01/09 a 3 de setembro de 2018,Grupo RIC,±3%,3.0,duas_mencoes_agregadas,Andréa Carvalho (PCO),1.0,1%,"Senado Federal | Governo do Estado | Pesquisas de intenção de voto | Votações nominais | Levando em conta que para o senado o eleitor irá votar duas vezes, as pesquisas possuem um universo de 200%. | Senado Federal[editar | editar código]"
2018,SC,Eleições estaduais em Santa Catarina em 2018,https://pt.wikipedia.org/wiki/Elei%C3%A7%C3%B5es_estaduais_em_Santa_Catarina_em_2018,1,3,01/09 a 3 de setembro de 2018,Grupo RIC,±3%,3.0,duas_mencoes_agregadas,Lucas Esmeraldino (PSL),4.0,4%,"Senado Federal | Governo do Estado | Pesquisas de intenção de voto | Votações nominais | Levando em conta que para o senado o eleitor irá votar duas vezes, as pesquisas possuem um universo de 200%. | Senado Federal[editar | editar código]"
2018,SC,Eleições estaduais em Santa Catarina em 2018,https://pt.wikipedia.org/wiki/Elei%C3%A7%C3%B5es_estaduais_em_Santa_Catarina_em_2018,1,3,01/09 a 3 de setembro de 2018,Grupo RIC,±3%,3.0,duas_mencoes_agregadas,Lédio Rosa (PT),3.0,3%,"Senado Federal | Governo do Estado | Pesquisas de intenção de voto | Votações nominais | Levando em conta que para o senado o eleitor irá votar duas vezes, as pesquisas possuem um universo de 200%. | Senado Federal[editar | editar código]"
2018,SC,Eleições estaduais em Santa Catarina em 2018,https://pt.wikipedia.org/wiki/Elei%C3%A7%C3%B5es_estaduais_em_Santa_Catarina_em_2018,1,3,01/09 a 3 de setembro de 2018,Grupo RIC,±3%,3.0,duas_mencoes_agregadas,Ricardo Lautert (PSTU),0.0,0%,"Senado Federal | Governo do Estado | Pesquisas de intenção de voto | Votações nominais | Levando em conta que para o senado o eleitor irá votar duas vezes, as pesquisas possuem um universo de 200%. | Senado Federal[editar | editar código]"
2018,SC,Eleições estaduais em Santa Catarina em 2018,https://pt.wikipedia.org/wiki/Elei%C3%A7%C3%B5es_estaduais_em_Santa_Catarina_em_2018,1,3,01/09 a 3 de setembro de 2018,Grupo RIC,±3%,3.0,duas_mencoes_agregadas,Diego Mezzogiorno (REDE),1.0,1%,"Senado Federal | Governo do Estado | Pesquisas de intenção de voto | Votações nominais | Levando em conta que para o senado o eleitor irá votar duas vezes, as pesquisas possuem um universo de 200%. | Senado Federal[editar | editar código]"
2018,SC,Eleições estaduais em Santa Catarina em 2018,https://pt.wikipedia.org/wiki/Elei%C3%A7%C3%B5es_estaduais_em_Santa_Catarina_em_2018,1,3,01/09 a 3 de setembro de 2018,Grupo RIC,±3%,3.0,duas_mencoes_agregadas,Miriam Prochnow (REDE),1.0,1%,"Senado Federal | Governo do Estado | Pesquisas de intenção de voto | Votações nominais | Levando em conta que para o senado o eleitor irá votar duas vezes, as pesquisas possuem um universo de 200%. | Senado Federal[editar | editar código]"
2018,SE,Eleições estaduais em Sergipe em 2018,https://pt.wikipedia.org/wiki/Elei%C3%A7%C3%B5es_estaduais_em_Sergipe_em_2018,1,1,14 a 16/08/2018,Ibope,±3%,3.0,duas_mencoes_agregadas,Valadares (PSB),28.0,28%,"Senado Federal | Potencial de voto e rejeição | Intenção de voto | Governador do Estado - 2º turno | Levando em conta que para o senado o eleitor irá votar duas vezes, as pesquisas possuem um universo de 200% | Senado Federal[editar | editar código]"
2018,SE,Eleições estaduais em Sergipe em 2018,https://pt.wikipedia.org/wiki/Elei%C3%A7%C3%B5es_estaduais_em_Sergipe_em_2018,1,1,14 a 16/08/2018,Ibope,±3%,3.0,duas_mencoes_agregadas,André Moura (PSC),21.0,21%,"Senado Federal | Potencial de voto e rejeição | Intenção de voto | Governador do Estado - 2º turno | Levando em conta que para o senado o eleitor irá votar duas vezes, as pesquisas possuem um universo de 200% | Senado Federal[editar | editar código]"
2018,SE,Eleições estaduais em Sergipe em 2018,https://pt.wikipedia.org/wiki/Elei%C3%A7%C3%B5es_estaduais_em_Sergipe_em_2018,1,1,14 a 16/08/2018,Ibope,±3%,3.0,duas_mencoes_agregadas,Jackson Barreto (MDB),16.0,16%,"Senado Federal | Potencial de voto e rejeição | Intenção de voto | Governador do Estado - 2º turno | Levando em conta que para o senado o eleitor irá votar duas vezes, as pesquisas possuem um universo de 200% | Senado Federal[editar | editar código]"
2018,SE,Eleições estaduais em Sergipe em 2018,https://pt.wikipedia.org/wiki/Elei%C3%A7%C3%B5es_estaduais_em_Sergipe_em_2018,1,1,14 a 16/08/2018,Ibope,±3%,3.0,duas_mencoes_agregadas,Pastor Heleno (PRB),7.0,7%,"Senado Federal | Potencial de voto e rejeição | Intenção de voto | Governador do Estado - 2º turno | Levando em conta que para o senado o eleitor irá votar duas vezes, as pesquisas possuem um universo de 200% | Senado Federal[editar | editar código]"
2018,SE,Eleições estaduais em Sergipe em 2018,https://pt.wikipedia.org/wiki/Elei%C3%A7%C3%B5es_estaduais_em_Sergipe_em_2018,1,1,14 a 16/08/2018,Ibope,±3%,3.0,duas_mencoes_agregadas,Rogério Carvalho (PT),12.0,12%,"Senado Federal | Potencial de voto e rejeição | Intenção de voto | Governador do Estado - 2º turno | Levando em conta que para o senado o eleitor irá votar duas vezes, as pesquisas possuem um universo de 200% | Senado Federal[editar | editar código]"
2018,SE,Eleições estaduais em Sergipe em 2018,https://pt.wikipedia.org/wiki/Elei%C3%A7%C3%B5es_estaduais_em_Sergipe_em_2018,1,1,14 a 16/08/2018,Ibope,±3%,3.0,duas_mencoes_agregadas,Delegado Alessandro (REDE),7.0,7%,"Senado Federal | Potencial de voto e rejeição | Intenção de voto | Governador do Estado - 2º turno | Levando em conta que para o senado o eleitor irá votar duas vezes, as pesquisas possuem um universo de 200% | Senado Federal[editar | editar código]"
2018,SE,Eleições estaduais em Sergipe em 2018,https://pt.wikipedia.org/wiki/Elei%C3%A7%C3%B5es_estaduais_em_Sergipe_em_2018,1,1,14 a 16/08/2018,Ibope,±3%,3.0,duas_mencoes_agregadas,Sônia Meire (PSOL),9.0,9%,"Senado Federal | Potencial de voto e rejeição | Intenção de voto | Governador do Estado - 2º turno | Levando em conta que para o senado o eleitor irá votar duas vezes, as pesquisas possuem um universo de 200% | Senado Federal[editar | editar código]"
2018,SE,Eleições estaduais em Sergipe em 2018,https://pt.wikipedia.org/wiki/Elei%C3%A7%C3%B5es_estaduais_em_Sergipe_em_2018,1,1,14 a 16/08/2018,Ibope,±3%,3.0,duas_mencoes_agregadas,Henry Clay (PPL),2.0,2%,"Senado Federal | Potencial de voto e rejeição | Intenção de voto | Governador do Estado - 2º turno | Levando em conta que para o senado o eleitor irá votar duas vezes, as pesquisas possuem um universo de 200% | Senado Federal[editar | editar código]"
2018,SE,Eleições estaduais em Sergipe em 2018,https://pt.wikipedia.org/wiki/Elei%C3%A7%C3%B5es_estaduais_em_Sergipe_em_2018,1,1,14 a 16/08/2018,Ibope,±3%,3.0,duas_mencoes_agregadas,Professor Jossimário (PSOL),4.0,4%,"Senado Federal | Potencial de voto e rejeição | Intenção de voto | Governador do Estado - 2º turno | Levando em conta que para o senado o eleitor irá votar duas vezes, as pesquisas possuem um universo de 200% | Senado Federal[editar | editar código]"
2018,SE,Eleições estaduais em Sergipe em 2018,https://pt.wikipedia.org/wiki/Elei%C3%A7%C3%B5es_estaduais_em_Sergipe_em_2018,1,1,14 a 16/08/2018,Ibope,±3%,3.0,duas_mencoes_agregadas,Adelson Alves (PATRI),3.0,3%,"Senado Federal | Potencial de voto e rejeição | Intenção de voto | Governador do Estado - 2º turno | Levando em conta que para o senado o eleitor irá votar duas vezes, as pesquisas possuem um universo de 200% | Senado Federal[editar | editar código]"
2018,SE,Eleições estaduais em Sergipe em 2018,https://pt.wikipedia.org/wiki/Elei%C3%A7%C3%B5es_estaduais_em_Sergipe_em_2018,1,1,14 a 16/08/2018,Ibope,±3%,3.0,duas_mencoes_agregadas,Cadu Silva (PSL),2.0,2%,"Senado Federal | Potencial de voto e rejeição | Intenção de voto | Governador do Estado - 2º turno | Levando em conta que para o senado o eleitor irá votar duas vezes, as pesquisas possuem um universo de 200% | Senado Federal[editar | editar código]"
2018,SE,Eleições estaduais em Sergipe em 2018,https://pt.wikipedia.org/wiki/Elei%C3%A7%C3%B5es_estaduais_em_Sergipe_em_2018,1,1,14 a 16/08/2018,Ibope,±3%,3.0,duas_mencoes_agregadas,Reynaldo Nunes (PV),2.0,2%,"Senado Federal | Potencial de voto e rejeição | Intenção de voto | Governador do Estado - 2º turno | Levando em conta que para o senado o eleitor irá votar duas vezes, as pesquisas possuem um universo de 200% | Senado Federal[editar | editar código]"
2018,SE,Eleições estaduais em Sergipe em 2018,https://pt.wikipedia.org/wiki/Elei%C3%A7%C3%B5es_estaduais_em_Sergipe_em_2018,1,1,14 a 16/08/2018,Ibope,±3%,3.0,duas_mencoes_agregadas,Clarckson Messias (PSTU),1.0,1%,"Senado Federal | Potencial de voto e rejeição | Intenção de voto | Governador do Estado - 2º turno | Levando em conta que para o senado o eleitor irá votar duas vezes, as pesquisas possuem um universo de 200% | Senado Federal[editar | editar código]"
2018,SE,Eleições estaduais em Sergipe em 2018,https://pt.wikipedia.org/wiki/Elei%C3%A7%C3%B5es_estaduais_em_Sergipe_em_2018,1,2,17 a 19/09/2018,Ibope,±3%,3.0,duas_mencoes_agregadas,Valadares (PSB),26.0,26%,"Senado Federal | Potencial de voto e rejeição | Intenção de voto | Governador do Estado - 2º turno | Levando em conta que para o senado o eleitor irá votar duas vezes, as pesquisas possuem um universo de 200% | Senado Federal[editar | editar código]"
2018,SE,Eleições estaduais em Sergipe em 2018,https://pt.wikipedia.org/wiki/Elei%C3%A7%C3%B5es_estaduais_em_Sergipe_em_2018,1,2,17 a 19/09/2018,Ibope,±3%,3.0,duas_mencoes_agregadas,André Moura (PSC),21.0,21%,"Senado Federal | Potencial de voto e rejeição | Intenção de voto | Governador do Estado - 2º turno | Levando em conta que para o senado o eleitor irá votar duas vezes, as pesquisas possuem um universo de 200% | Senado Federal[editar | editar código]"
2018,SE,Eleições estaduais em Sergipe em 2018,https://pt.wikipedia.org/wiki/Elei%C3%A7%C3%B5es_estaduais_em_Sergipe_em_2018,1,2,17 a 19/09/2018,Ibope,±3%,3.0,duas_mencoes_agregadas,Jackson Barreto (MDB),18.0,18%,"Senado Federal | Potencial de voto e rejeição | Intenção de voto | Governador do Estado - 2º turno | Levando em conta que para o senado o eleitor irá votar duas vezes, as pesquisas possuem um universo de 200% | Senado Federal[editar | editar código]"
2018,SE,Eleições estaduais em Sergipe em 2018,https://pt.wikipedia.org/wiki/Elei%C3%A7%C3%B5es_estaduais_em_Sergipe_em_2018,1,2,17 a 19/09/2018,Ibope,±3%,3.0,duas_mencoes_agregadas,Pastor Heleno (PRB),15.0,15%,"Senado Federal | Potencial de voto e rejeição | Intenção de voto | Governador do Estado - 2º turno | Levando em conta que para o senado o eleitor irá votar duas vezes, as pesquisas possuem um universo de 200% | Senado Federal[editar | editar código]"
2018,SE,Eleições estaduais em Sergipe em 2018,https://pt.wikipedia.org/wiki/Elei%C3%A7%C3%B5es_estaduais_em_Sergipe_em_2018,1,2,17 a 19/09/2018,Ibope,±3%,3.0,duas_mencoes_agregadas,Rogério Carvalho (PT),12.0,12%,"Senado Federal | Potencial de voto e rejeição | Intenção de voto | Governador do Estado - 2º turno | Levando em conta que para o senado o eleitor irá votar duas vezes, as pesquisas possuem um universo de 200% | Senado Federal[editar | editar código]"
2018,SE,Eleições estaduais em Sergipe em 2018,https://pt.wikipedia.org/wiki/Elei%C3%A7%C3%B5es_estaduais_em_Sergipe_em_2018,1,2,17 a 19/09/2018,Ibope,±3%,3.0,duas_mencoes_agregadas,Delegado Alessandro (REDE),10.0,10%,"Senado Federal | Potencial de voto e rejeição | Intenção de voto | Governador do Estado - 2º turno | Levando em conta que para o senado o eleitor irá votar duas vezes, as pesquisas possuem um universo de 200% | Senado Federal[editar | editar código]"
2018,SE,Eleições estaduais em Sergipe em 2018,https://pt.wikipedia.org/wiki/Elei%C3%A7%C3%B5es_estaduais_em_Sergipe_em_2018,1,2,17 a 19/09/2018,Ibope,±3%,3.0,duas_mencoes_agregadas,Sônia Meire (PSOL),5.0,5%,"Senado Federal | Potencial de voto e rejeição | Intenção de voto | Governador do Estado - 2º turno | Levando em conta que para o senado o eleitor irá votar duas vezes, as pesquisas possuem um universo de 200% | Senado Federal[editar | editar código]"
2018,SE,Eleições estaduais em Sergipe em 2018,https://pt.wikipedia.org/wiki/Elei%C3%A7%C3%B5es_estaduais_em_Sergipe_em_2018,1,2,17 a 19/09/2018,Ibope,±3%,3.0,duas_mencoes_agregadas,Henry Clay (PPL),4.0,4%,"Senado Federal | Potencial de voto e rejeição | Intenção de voto | Governador do Estado - 2º turno | Levando em conta que para o senado o eleitor irá votar duas vezes, as pesquisas possuem um universo de 200% | Senado Federal[editar | editar código]"
2018,SE,Eleições estaduais em Sergipe em 2018,https://pt.wikipedia.org/wiki/Elei%C3%A7%C3%B5es_estaduais_em_Sergipe_em_2018,1,2,17 a 19/09/2018,Ibope,±3%,3.0,duas_mencoes_agregadas,Professor Jossimário (PSOL),2.0,2%,"Senado Federal | Potencial de voto e rejeição | Intenção de voto | Governador do Estado - 2º turno | Levando em conta que para o senado o eleitor irá votar duas vezes, as pesquisas possuem um universo de 200% | Senado Federal[editar | editar código]"
2018,SE,Eleições estaduais em Sergipe em 2018,https://pt.wikipedia.org/wiki/Elei%C3%A7%C3%B5es_estaduais_em_Sergipe_em_2018,1,2,17 a 19/09/2018,Ibope,±3%,3.0,duas_mencoes_agregadas,Adelson Alves (PATRI),2.0,2%,"Senado Federal | Potencial de voto e rejeição | Intenção de voto | Governador do Estado - 2º turno | Levando em conta que para o senado o eleitor irá votar duas vezes, as pesquisas possuem um universo de 200% | Senado Federal[editar | editar código]"
2018,SE,Eleições estaduais em Sergipe em 2018,https://pt.wikipedia.org/wiki/Elei%C3%A7%C3%B5es_estaduais_em_Sergipe_em_2018,1,2,17 a 19/09/2018,Ibope,±3%,3.0,duas_mencoes_agregadas,Cadu Silva (PSL),1.0,1%,"Senado Federal | Potencial de voto e rejeição | Intenção de voto | Governador do Estado - 2º turno | Levando em conta que para o senado o eleitor irá votar duas vezes, as pesquisas possuem um universo de 200% | Senado Federal[editar | editar código]"
2018,SE,Eleições estaduais em Sergipe em 2018,https://pt.wikipedia.org/wiki/Elei%C3%A7%C3%B5es_estaduais_em_Sergipe_em_2018,1,2,17 a 19/09/2018,Ibope,±3%,3.0,duas_mencoes_agregadas,Reynaldo Nunes (PV),1.0,1%,"Senado Federal | Potencial de voto e rejeição | Intenção de voto | Governador do Estado - 2º turno | Levando em conta que para o senado o eleitor irá votar duas vezes, as pesquisas possuem um universo de 200% | Senado Federal[editar | editar código]"
2018,SE,Eleições estaduais em Sergipe em 2018,https://pt.wikipedia.org/wiki/Elei%C3%A7%C3%B5es_estaduais_em_Sergipe_em_2018,1,2,17 a 19/09/2018,Ibope,±3%,3.0,duas_mencoes_agregadas,Clarckson Messias (PSTU),0.0,0%,"Senado Federal | Potencial de voto e rejeição | Intenção de voto | Governador do Estado - 2º turno | Levando em conta que para o senado o eleitor irá votar duas vezes, as pesquisas possuem um universo de 200% | Senado Federal[editar | editar código]"
2018,SE,Eleições estaduais em Sergipe em 2018,https://pt.wikipedia.org/wiki/Elei%C3%A7%C3%B5es_estaduais_em_Sergipe_em_2018,1,3,04 a 06/10/2018,Ibope,±3%,3.0,duas_mencoes_agregadas,Valadares (PSB),29.0,29%,"Senado Federal | Potencial de voto e rejeição | Intenção de voto | Governador do Estado - 2º turno | Levando em conta que para o senado o eleitor irá votar duas vezes, as pesquisas possuem um universo de 200% | Senado Federal[editar | editar código]"
2018,SE,Eleições estaduais em Sergipe em 2018,https://pt.wikipedia.org/wiki/Elei%C3%A7%C3%B5es_estaduais_em_Sergipe_em_2018,1,3,04 a 06/10/2018,Ibope,±3%,3.0,duas_mencoes_agregadas,André Moura (PSC),26.0,26%,"Senado Federal | Potencial de voto e rejeição | Intenção de voto | Governador do Estado - 2º turno | Levando em conta que para o senado o eleitor irá votar duas vezes, as pesquisas possuem um universo de 200% | Senado Federal[editar | editar código]"
2018,SE,Eleições estaduais em Sergipe em 2018,https://pt.wikipedia.org/wiki/Elei%C3%A7%C3%B5es_estaduais_em_Sergipe_em_2018,1,3,04 a 06/10/2018,Ibope,±3%,3.0,duas_mencoes_agregadas,Jackson Barreto (MDB),18.0,18%,"Senado Federal | Potencial de voto e rejeição | Intenção de voto | Governador do Estado - 2º turno | Levando em conta que para o senado o eleitor irá votar duas vezes, as pesquisas possuem um universo de 200% | Senado Federal[editar | editar código]"
2018,SE,Eleições estaduais em Sergipe em 2018,https://pt.wikipedia.org/wiki/Elei%C3%A7%C3%B5es_estaduais_em_Sergipe_em_2018,1,3,04 a 06/10/2018,Ibope,±3%,3.0,duas_mencoes_agregadas,Pastor Heleno (PRB),18.0,18%,"Senado Federal | Potencial de voto e rejeição | Intenção de voto | Governador do Estado - 2º turno | Levando em conta que para o senado o eleitor irá votar duas vezes, as pesquisas possuem um universo de 200% | Senado Federal[editar | editar código]"
2018,SE,Eleições estaduais em Sergipe em 2018,https://pt.wikipedia.org/wiki/Elei%C3%A7%C3%B5es_estaduais_em_Sergipe_em_2018,1,3,04 a 06/10/2018,Ibope,±3%,3.0,duas_mencoes_agregadas,Rogério Carvalho (PT),16.0,16%,"Senado Federal | Potencial de voto e rejeição | Intenção de voto | Governador do Estado - 2º turno | Levando em conta que para o senado o eleitor irá votar duas vezes, as pesquisas possuem um universo de 200% | Senado Federal[editar | editar código]"
2018,SE,Eleições estaduais em Sergipe em 2018,https://pt.wikipedia.org/wiki/Elei%C3%A7%C3%B5es_estaduais_em_Sergipe_em_2018,1,3,04 a 06/10/2018,Ibope,±3%,3.0,duas_mencoes_agregadas,Delegado Alessandro (REDE),20.0,20%,"Senado Federal | Potencial de voto e rejeição | Intenção de voto | Governador do Estado - 2º turno | Levando em conta que para o senado o eleitor irá votar duas vezes, as pesquisas possuem um universo de 200% | Senado Federal[editar | editar código]"
2018,SE,Eleições estaduais em Sergipe em 2018,https://pt.wikipedia.org/wiki/Elei%C3%A7%C3%B5es_estaduais_em_Sergipe_em_2018,1,3,04 a 06/10/2018,Ibope,±3%,3.0,duas_mencoes_agregadas,Sônia Meire (PSOL),6.0,6%,"Senado Federal | Potencial de voto e rejeição | Intenção de voto | Governador do Estado - 2º turno | Levando em conta que para o senado o eleitor irá votar duas vezes, as pesquisas possuem um universo de 200% | Senado Federal[editar | editar código]"
2018,SE,Eleições estaduais em Sergipe em 2018,https://pt.wikipedia.org/wiki/Elei%C3%A7%C3%B5es_estaduais_em_Sergipe_em_2018,1,3,04 a 06/10/2018,Ibope,±3%,3.0,duas_mencoes_agregadas,Henry Clay (PPL),8.0,8%,"Senado Federal | Potencial de voto e rejeição | Intenção de voto | Governador do Estado - 2º turno | Levando em conta que para o senado o eleitor irá votar duas vezes, as pesquisas possuem um universo de 200% | Senado Federal[editar | editar código]"
2018,SE,Eleições estaduais em Sergipe em 2018,https://pt.wikipedia.org/wiki/Elei%C3%A7%C3%B5es_estaduais_em_Sergipe_em_2018,1,3,04 a 06/10/2018,Ibope,±3%,3.0,duas_mencoes_agregadas,Professor Jossimário (PSOL),1.0,1%,"Senado Federal | Potencial de voto e rejeição | Intenção de voto | Governador do Estado - 2º turno | Levando em conta que para o senado o eleitor irá votar duas vezes, as pesquisas possuem um universo de 200% | Senado Federal[editar | editar código]"
2018,SE,Eleições estaduais em Sergipe em 2018,https://pt.wikipedia.org/wiki/Elei%C3%A7%C3%B5es_estaduais_em_Sergipe_em_2018,1,3,04 a 06/10/2018,Ibope,±3%,3.0,duas_mencoes_agregadas,Adelson Alves (PATRI),11.0,— [nota 11],"Senado Federal | Potencial de voto e rejeição | Intenção de voto | Governador do Estado - 2º turno | Levando em conta que para o senado o eleitor irá votar duas vezes, as pesquisas possuem um universo de 200% | Senado Federal[editar | editar código]"
2018,SE,Eleições estaduais em Sergipe em 2018,https://pt.wikipedia.org/wiki/Elei%C3%A7%C3%B5es_estaduais_em_Sergipe_em_2018,1,3,04 a 06/10/2018,Ibope,±3%,3.0,duas_mencoes_agregadas,Cadu Silva (PSL),3.0,3%,"Senado Federal | Potencial de voto e rejeição | Intenção de voto | Governador do Estado - 2º turno | Levando em conta que para o senado o eleitor irá votar duas vezes, as pesquisas possuem um universo de 200% | Senado Federal[editar | editar código]"
2018,SE,Eleições estaduais em Sergipe em 2018,https://pt.wikipedia.org/wiki/Elei%C3%A7%C3%B5es_estaduais_em_Sergipe_em_2018,1,3,04 a 06/10/2018,Ibope,±3%,3.0,duas_mencoes_agregadas,Reynaldo Nunes (PV),2.0,2%,"Senado Federal | Potencial de voto e rejeição | Intenção de voto | Governador do Estado - 2º turno | Levando em conta que para o senado o eleitor irá votar duas vezes, as pesquisas possuem um universo de 200% | Senado Federal[editar | editar código]"
2018,SE,Eleições estaduais em Sergipe em 2018,https://pt.wikipedia.org/wiki/Elei%C3%A7%C3%B5es_estaduais_em_Sergipe_em_2018,1,3,04 a 06/10/2018,Ibope,±3%,3.0,duas_mencoes_agregadas,Clarckson Messias (PSTU),1.0,1%,"Senado Federal | Potencial de voto e rejeição | Intenção de voto | Governador do Estado - 2º turno | Levando em conta que para o senado o eleitor irá votar duas vezes, as pesquisas possuem um universo de 200% | Senado Federal[editar | editar código]"
2018,SE,Eleições estaduais em Sergipe em 2018,https://pt.wikipedia.org/wiki/Elei%C3%A7%C3%B5es_estaduais_em_Sergipe_em_2018,1,4,04 a 06/10/2018,Ibope (Votos válidos),±3%,3.0,duas_mencoes_agregadas,Valadares (PSB),20.0,20%,"Senado Federal | Potencial de voto e rejeição | Intenção de voto | Governador do Estado - 2º turno | Levando em conta que para o senado o eleitor irá votar duas vezes, as pesquisas possuem um universo de 200% | Senado Federal[editar | editar código]"
2018,SE,Eleições estaduais em Sergipe em 2018,https://pt.wikipedia.org/wiki/Elei%C3%A7%C3%B5es_estaduais_em_Sergipe_em_2018,1,4,04 a 06/10/2018,Ibope (Votos válidos),±3%,3.0,duas_mencoes_agregadas,André Moura (PSC),18.0,18%,"Senado Federal | Potencial de voto e rejeição | Intenção de voto | Governador do Estado - 2º turno | Levando em conta que para o senado o eleitor irá votar duas vezes, as pesquisas possuem um universo de 200% | Senado Federal[editar | editar código]"
2018,SE,Eleições estaduais em Sergipe em 2018,https://pt.wikipedia.org/wiki/Elei%C3%A7%C3%B5es_estaduais_em_Sergipe_em_2018,1,4,04 a 06/10/2018,Ibope (Votos válidos),±3%,3.0,duas_mencoes_agregadas,Jackson Barreto (MDB),12.0,12%,"Senado Federal | Potencial de voto e rejeição | Intenção de voto | Governador do Estado - 2º turno | Levando em conta que para o senado o eleitor irá votar duas vezes, as pesquisas possuem um universo de 200% | Senado Federal[editar | editar código]"
2018,SE,Eleições estaduais em Sergipe em 2018,https://pt.wikipedia.org/wiki/Elei%C3%A7%C3%B5es_estaduais_em_Sergipe_em_2018,1,4,04 a 06/10/2018,Ibope (Votos válidos),±3%,3.0,duas_mencoes_agregadas,Pastor Heleno (PRB),12.0,12%,"Senado Federal | Potencial de voto e rejeição | Intenção de voto | Governador do Estado - 2º turno | Levando em conta que para o senado o eleitor irá votar duas vezes, as pesquisas possuem um universo de 200% | Senado Federal[editar | editar código]"
2018,SE,Eleições estaduais em Sergipe em 2018,https://pt.wikipedia.org/wiki/Elei%C3%A7%C3%B5es_estaduais_em_Sergipe_em_2018,1,4,04 a 06/10/2018,Ibope (Votos válidos),±3%,3.0,duas_mencoes_agregadas,Rogério Carvalho (PT),11.0,11%,"Senado Federal | Potencial de voto e rejeição | Intenção de voto | Governador do Estado - 2º turno | Levando em conta que para o senado o eleitor irá votar duas vezes, as pesquisas possuem um universo de 200% | Senado Federal[editar | editar código]"
2018,SE,Eleições estaduais em Sergipe em 2018,https://pt.wikipedia.org/wiki/Elei%C3%A7%C3%B5es_estaduais_em_Sergipe_em_2018,1,4,04 a 06/10/2018,Ibope (Votos válidos),±3%,3.0,duas_mencoes_agregadas,Delegado Alessandro (REDE),13.0,13%,"Senado Federal | Potencial de voto e rejeição | Intenção de voto | Governador do Estado - 2º turno | Levando em conta que para o senado o eleitor irá votar duas vezes, as pesquisas possuem um universo de 200% | Senado Federal[editar | editar código]"
2018,SE,Eleições estaduais em Sergipe em 2018,https://pt.wikipedia.org/wiki/Elei%C3%A7%C3%B5es_estaduais_em_Sergipe_em_2018,1,4,04 a 06/10/2018,Ibope (Votos válidos),±3%,3.0,duas_mencoes_agregadas,Sônia Meire (PSOL),4.0,4%,"Senado Federal | Potencial de voto e rejeição | Intenção de voto | Governador do Estado - 2º turno | Levando em conta que para o senado o eleitor irá votar duas vezes, as pesquisas possuem um universo de 200% | Senado Federal[editar | editar código]"
2018,SE,Eleições estaduais em Sergipe em 2018,https://pt.wikipedia.org/wiki/Elei%C3%A7%C3%B5es_estaduais_em_Sergipe_em_2018,1,4,04 a 06/10/2018,Ibope (Votos válidos),±3%,3.0,duas_mencoes_agregadas,Henry Clay (PPL),6.0,6%,"Senado Federal | Potencial de voto e rejeição | Intenção de voto | Governador do Estado - 2º turno | Levando em conta que para o senado o eleitor irá votar duas vezes, as pesquisas possuem um universo de 200% | Senado Federal[editar | editar código]"
2018,SE,Eleições estaduais em Sergipe em 2018,https://pt.wikipedia.org/wiki/Elei%C3%A7%C3%B5es_estaduais_em_Sergipe_em_2018,1,4,04 a 06/10/2018,Ibope (Votos válidos),±3%,3.0,duas_mencoes_agregadas,Professor Jossimário (PSOL),1.0,1%,"Senado Federal | Potencial de voto e rejeição | Intenção de voto | Governador do Estado - 2º turno | Levando em conta que para o senado o eleitor irá votar duas vezes, as pesquisas possuem um universo de 200% | Senado Federal[editar | editar código]"
2018,SE,Eleições estaduais em Sergipe em 2018,https://pt.wikipedia.org/wiki/Elei%C3%A7%C3%B5es_estaduais_em_Sergipe_em_2018,1,4,04 a 06/10/2018,Ibope (Votos válidos),±3%,3.0,duas_mencoes_agregadas,Adelson Alves (PATRI),11.0,— [nota 11],"Senado Federal | Potencial de voto e rejeição | Intenção de voto | Governador do Estado - 2º turno | Levando em conta que para o senado o eleitor irá votar duas vezes, as pesquisas possuem um universo de 200% | Senado Federal[editar | editar código]"
2018,SE,Eleições estaduais em Sergipe em 2018,https://pt.wikipedia.org/wiki/Elei%C3%A7%C3%B5es_estaduais_em_Sergipe_em_2018,1,4,04 a 06/10/2018,Ibope (Votos válidos),±3%,3.0,duas_mencoes_agregadas,Cadu Silva (PSL),2.0,2%,"Senado Federal | Potencial de voto e rejeição | Intenção de voto | Governador do Estado - 2º turno | Levando em conta que para o senado o eleitor irá votar duas vezes, as pesquisas possuem um universo de 200% | Senado Federal[editar | editar código]"
2018,SE,Eleições estaduais em Sergipe em 2018,https://pt.wikipedia.org/wiki/Elei%C3%A7%C3%B5es_estaduais_em_Sergipe_em_2018,1,4,04 a 06/10/2018,Ibope (Votos válidos),±3%,3.0,duas_mencoes_agregadas,Reynaldo Nunes (PV),1.0,1%,"Senado Federal | Potencial de voto e rejeição | Intenção de voto | Governador do Estado - 2º turno | Levando em conta que para o senado o eleitor irá votar duas vezes, as pesquisas possuem um universo de 200% | Senado Federal[editar | editar código]"
2018,SE,Eleições estaduais em Sergipe em 2018,https://pt.wikipedia.org/wiki/Elei%C3%A7%C3%B5es_estaduais_em_Sergipe_em_2018,1,4,04 a 06/10/2018,Ibope (Votos válidos),±3%,3.0,duas_mencoes_agregadas,Clarckson Messias (PSTU),1.0,1%,"Senado Federal | Potencial de voto e rejeição | Intenção de voto | Governador do Estado - 2º turno | Levando em conta que para o senado o eleitor irá votar duas vezes, as pesquisas possuem um universo de 200% | Senado Federal[editar | editar código]"
2018,TO,Eleições estaduais no Tocantins em 2018,https://pt.wikipedia.org/wiki/Elei%C3%A7%C3%B5es_estaduais_no_Tocantins_em_2018,1,1,14/08 a 16/08/2018,Ibope,±3%,3.0,duas_mencoes_agregadas,Vicentinho (PR),29.0,29%,"Senado Federal | Governo do Estado | Pesquisas | Deputados federais eleitos | Levando em conta que para o senado o eleitor irá votar duas vezes, as pesquisas possuem um universo de 200% | Senado Federal[editar | editar código]"
2018,TO,Eleições estaduais no Tocantins em 2018,https://pt.wikipedia.org/wiki/Elei%C3%A7%C3%B5es_estaduais_no_Tocantins_em_2018,1,1,14/08 a 16/08/2018,Ibope,±3%,3.0,duas_mencoes_agregadas,Irajá (PSD),20.0,20%,"Senado Federal | Governo do Estado | Pesquisas | Deputados federais eleitos | Levando em conta que para o senado o eleitor irá votar duas vezes, as pesquisas possuem um universo de 200% | Senado Federal[editar | editar código]"
2018,TO,Eleições estaduais no Tocantins em 2018,https://pt.wikipedia.org/wiki/Elei%C3%A7%C3%B5es_estaduais_no_Tocantins_em_2018,1,1,14/08 a 16/08/2018,Ibope,±3%,3.0,duas_mencoes_agregadas,Mourão (PT),15.0,15%,"Senado Federal | Governo do Estado | Pesquisas | Deputados federais eleitos | Levando em conta que para o senado o eleitor irá votar duas vezes, as pesquisas possuem um universo de 200% | Senado Federal[editar | editar código]"
2018,TO,Eleições estaduais no Tocantins em 2018,https://pt.wikipedia.org/wiki/Elei%C3%A7%C3%B5es_estaduais_no_Tocantins_em_2018,1,1,14/08 a 16/08/2018,Ibope,±3%,3.0,duas_mencoes_agregadas,Halum (PRB),17.0,17%,"Senado Federal | Governo do Estado | Pesquisas | Deputados federais eleitos | Levando em conta que para o senado o eleitor irá votar duas vezes, as pesquisas possuem um universo de 200% | Senado Federal[editar | editar código]"
2018,TO,Eleições estaduais no Tocantins em 2018,https://pt.wikipedia.org/wiki/Elei%C3%A7%C3%B5es_estaduais_no_Tocantins_em_2018,1,1,14/08 a 16/08/2018,Ibope,±3%,3.0,duas_mencoes_agregadas,Ataídes (PSDB),11.0,11%,"Senado Federal | Governo do Estado | Pesquisas | Deputados federais eleitos | Levando em conta que para o senado o eleitor irá votar duas vezes, as pesquisas possuem um universo de 200% | Senado Federal[editar | editar código]"
2018,TO,Eleições estaduais no Tocantins em 2018,https://pt.wikipedia.org/wiki/Elei%C3%A7%C3%B5es_estaduais_no_Tocantins_em_2018,1,1,14/08 a 16/08/2018,Ibope,±3%,3.0,duas_mencoes_agregadas,Jorge (PSL),4.0,4%,"Senado Federal | Governo do Estado | Pesquisas | Deputados federais eleitos | Levando em conta que para o senado o eleitor irá votar duas vezes, as pesquisas possuem um universo de 200% | Senado Federal[editar | editar código]"
2018,TO,Eleições estaduais no Tocantins em 2018,https://pt.wikipedia.org/wiki/Elei%C3%A7%C3%B5es_estaduais_no_Tocantins_em_2018,1,1,14/08 a 16/08/2018,Ibope,±3%,3.0,duas_mencoes_agregadas,Aires (PSOL),2.0,2%,"Senado Federal | Governo do Estado | Pesquisas | Deputados federais eleitos | Levando em conta que para o senado o eleitor irá votar duas vezes, as pesquisas possuem um universo de 200% | Senado Federal[editar | editar código]"
2018,TO,Eleições estaduais no Tocantins em 2018,https://pt.wikipedia.org/wiki/Elei%C3%A7%C3%B5es_estaduais_no_Tocantins_em_2018,1,1,14/08 a 16/08/2018,Ibope,±3%,3.0,duas_mencoes_agregadas,Farlei (PSL),0.0,0%,"Senado Federal | Governo do Estado | Pesquisas | Deputados federais eleitos | Levando em conta que para o senado o eleitor irá votar duas vezes, as pesquisas possuem um universo de 200% | Senado Federal[editar | editar código]"
2018,TO,Eleições estaduais no Tocantins em 2018,https://pt.wikipedia.org/wiki/Elei%C3%A7%C3%B5es_estaduais_no_Tocantins_em_2018,1,1,14/08 a 16/08/2018,Ibope,±3%,3.0,duas_mencoes_agregadas,Siqueira (DEM),31.0,31%,"Senado Federal | Governo do Estado | Pesquisas | Deputados federais eleitos | Levando em conta que para o senado o eleitor irá votar duas vezes, as pesquisas possuem um universo de 200% | Senado Federal[editar | editar código]"
2018,TO,Eleições estaduais no Tocantins em 2018,https://pt.wikipedia.org/wiki/Elei%C3%A7%C3%B5es_estaduais_no_Tocantins_em_2018,1,2,18/09 a 20/09/2018,Ibope,±3%,3.0,duas_mencoes_agregadas,Vicentinho (PR),34.0,34%,"Senado Federal | Governo do Estado | Pesquisas | Deputados federais eleitos | Levando em conta que para o senado o eleitor irá votar duas vezes, as pesquisas possuem um universo de 200% | Senado Federal[editar | editar código]"
2018,TO,Eleições estaduais no Tocantins em 2018,https://pt.wikipedia.org/wiki/Elei%C3%A7%C3%B5es_estaduais_no_Tocantins_em_2018,1,2,18/09 a 20/09/2018,Ibope,±3%,3.0,duas_mencoes_agregadas,Irajá (PSD),24.0,24%,"Senado Federal | Governo do Estado | Pesquisas | Deputados federais eleitos | Levando em conta que para o senado o eleitor irá votar duas vezes, as pesquisas possuem um universo de 200% | Senado Federal[editar | editar código]"
2018,TO,Eleições estaduais no Tocantins em 2018,https://pt.wikipedia.org/wiki/Elei%C3%A7%C3%B5es_estaduais_no_Tocantins_em_2018,1,2,18/09 a 20/09/2018,Ibope,±3%,3.0,duas_mencoes_agregadas,Gomes (SD),23.0,23%,"Senado Federal | Governo do Estado | Pesquisas | Deputados federais eleitos | Levando em conta que para o senado o eleitor irá votar duas vezes, as pesquisas possuem um universo de 200% | Senado Federal[editar | editar código]"
2018,TO,Eleições estaduais no Tocantins em 2018,https://pt.wikipedia.org/wiki/Elei%C3%A7%C3%B5es_estaduais_no_Tocantins_em_2018,1,2,18/09 a 20/09/2018,Ibope,±3%,3.0,duas_mencoes_agregadas,Mourão (PT),19.0,19%,"Senado Federal | Governo do Estado | Pesquisas | Deputados federais eleitos | Levando em conta que para o senado o eleitor irá votar duas vezes, as pesquisas possuem um universo de 200% | Senado Federal[editar | editar código]"
2018,TO,Eleições estaduais no Tocantins em 2018,https://pt.wikipedia.org/wiki/Elei%C3%A7%C3%B5es_estaduais_no_Tocantins_em_2018,1,2,18/09 a 20/09/2018,Ibope,±3%,3.0,duas_mencoes_agregadas,Halum (PRB),16.0,16%,"Senado Federal | Governo do Estado | Pesquisas | Deputados federais eleitos | Levando em conta que para o senado o eleitor irá votar duas vezes, as pesquisas possuem um universo de 200% | Senado Federal[editar | editar código]"
2018,TO,Eleições estaduais no Tocantins em 2018,https://pt.wikipedia.org/wiki/Elei%C3%A7%C3%B5es_estaduais_no_Tocantins_em_2018,1,2,18/09 a 20/09/2018,Ibope,±3%,3.0,duas_mencoes_agregadas,Ataídes (PSDB),16.0,16%,"Senado Federal | Governo do Estado | Pesquisas | Deputados federais eleitos | Levando em conta que para o senado o eleitor irá votar duas vezes, as pesquisas possuem um universo de 200% | Senado Federal[editar | editar código]"
2018,TO,Eleições estaduais no Tocantins em 2018,https://pt.wikipedia.org/wiki/Elei%C3%A7%C3%B5es_estaduais_no_Tocantins_em_2018,1,2,18/09 a 20/09/2018,Ibope,±3%,3.0,duas_mencoes_agregadas,Jorge (PSL),3.0,3%,"Senado Federal | Governo do Estado | Pesquisas | Deputados federais eleitos | Levando em conta que para o senado o eleitor irá votar duas vezes, as pesquisas possuem um universo de 200% | Senado Federal[editar | editar código]"
2018,TO,Eleições estaduais no Tocantins em 2018,https://pt.wikipedia.org/wiki/Elei%C3%A7%C3%B5es_estaduais_no_Tocantins_em_2018,1,2,18/09 a 20/09/2018,Ibope,±3%,3.0,duas_mencoes_agregadas,Aires (PSOL),1.0,1%,"Senado Federal | Governo do Estado | Pesquisas | Deputados federais eleitos | Levando em conta que para o senado o eleitor irá votar duas vezes, as pesquisas possuem um universo de 200% | Senado Federal[editar | editar código]"
2018,TO,Eleições estaduais no Tocantins em 2018,https://pt.wikipedia.org/wiki/Elei%C3%A7%C3%B5es_estaduais_no_Tocantins_em_2018,1,2,18/09 a 20/09/2018,Ibope,±3%,3.0,duas_mencoes_agregadas,Farlei (PSL),0.0,0%,"Senado Federal | Governo do Estado | Pesquisas | Deputados federais eleitos | Levando em conta que para o senado o eleitor irá votar duas vezes, as pesquisas possuem um universo de 200% | Senado Federal[editar | editar código]"
2010,BA,Eleições estaduais na Bahia em 2010,https://pt.wikipedia.org/wiki/Elei%C3%A7%C3%B5es_estaduais_na_Bahia_em_2010,1,1,28 e 29 de setembro de 2010,TV Globo/Folha de São Paulo/Datafolha,,,nao_identificado,Amostragem,1.198,1.198 eleitores,Pesquisa para senador | Pesquisa para governador | Primeiro turno | Pesquisas eleitorais | Pesquisa para senador[editar | editar código]
2010,GO,Eleições estaduais em Goiás em 2010,https://pt.wikipedia.org/wiki/Elei%C3%A7%C3%B5es_estaduais_em_Goi%C3%A1s_em_2010,1,1,21–23 de setembro de 2010,Ibope,,,duas_mencoes_agregadas,Demóstenes (DEM),52.0,52%,"Senador | Governador | Pesquisas de opinião | Deputados estaduais eleitos | Como em 2010 os cidadãos puderam votar em dois senadores, alguns institutos de pesquisa, como o IBOPE e o Ecope, trabalham com uma margem de 200%, ao invés dos tradicionais 100%. Assim sendo, soma-se as respostas recebidas por cada candidato na primeira e na segunda vaga. | Senador[editar | editar código]"
2010,GO,Eleições estaduais em Goiás em 2010,https://pt.wikipedia.org/wiki/Elei%C3%A7%C3%B5es_estaduais_em_Goi%C3%A1s_em_2010,1,1,21–23 de setembro de 2010,Ibope,,,duas_mencoes_agregadas,Lúcia (PSDB),39.0,39%,"Senador | Governador | Pesquisas de opinião | Deputados estaduais eleitos | Como em 2010 os cidadãos puderam votar em dois senadores, alguns institutos de pesquisa, como o IBOPE e o Ecope, trabalham com uma margem de 200%, ao invés dos tradicionais 100%. Assim sendo, soma-se as respostas recebidas por cada candidato na primeira e na segunda vaga. | Senador[editar | editar código]"
2010,GO,Eleições estaduais em Goiás em 2010,https://pt.wikipedia.org/wiki/Elei%C3%A7%C3%B5es_estaduais_em_Goi%C3%A1s_em_2010,1,1,21–23 de setembro de 2010,Ibope,,,duas_mencoes_agregadas,Pedro (PT),18.0,18%,"Senador | Governador | Pesquisas de opinião | Deputados estaduais eleitos | Como em 2010 os cidadãos puderam votar em dois senadores, alguns institutos de pesquisa, como o IBOPE e o Ecope, trabalham com uma margem de 200%, ao invés dos tradicionais 100%. Assim sendo, soma-se as respostas recebidas por cada candidato na primeira e na segunda vaga. | Senador[editar | editar código]"
2010,GO,Eleições estaduais em Goiás em 2010,https://pt.wikipedia.org/wiki/Elei%C3%A7%C3%B5es_estaduais_em_Goi%C3%A1s_em_2010,1,1,21–23 de setembro de 2010,Ibope,,,duas_mencoes_agregadas,Paulo Roberto (PP),6.0,6%,"Senador | Governador | Pesquisas de opinião | Deputados estaduais eleitos | Como em 2010 os cidadãos puderam votar em dois senadores, alguns institutos de pesquisa, como o IBOPE e o Ecope, trabalham com uma margem de 200%, ao invés dos tradicionais 100%. Assim sendo, soma-se as respostas recebidas por cada candidato na primeira e na segunda vaga. | Senador[editar | editar código]"
2010,GO,Eleições estaduais em Goiás em 2010,https://pt.wikipedia.org/wiki/Elei%C3%A7%C3%B5es_estaduais_em_Goi%C3%A1s_em_2010,1,1,21–23 de setembro de 2010,Ibope,,,duas_mencoes_agregadas,Adib (PMDB),11.0,11%,"Senador | Governador | Pesquisas de opinião | Deputados estaduais eleitos | Como em 2010 os cidadãos puderam votar em dois senadores, alguns institutos de pesquisa, como o IBOPE e o Ecope, trabalham com uma margem de 200%, ao invés dos tradicionais 100%. Assim sendo, soma-se as respostas recebidas por cada candidato na primeira e na segunda vaga. | Senador[editar | editar código]"
2010,GO,Eleições estaduais em Goiás em 2010,https://pt.wikipedia.org/wiki/Elei%C3%A7%C3%B5es_estaduais_em_Goi%C3%A1s_em_2010,1,1,21–23 de setembro de 2010,Ibope,,,duas_mencoes_agregadas,Renner (PP),7.0,7%,"Senador | Governador | Pesquisas de opinião | Deputados estaduais eleitos | Como em 2010 os cidadãos puderam votar em dois senadores, alguns institutos de pesquisa, como o IBOPE e o Ecope, trabalham com uma margem de 200%, ao invés dos tradicionais 100%. Assim sendo, soma-se as respostas recebidas por cada candidato na primeira e na segunda vaga. | Senador[editar | editar código]"
2010,GO,Eleições estaduais em Goiás em 2010,https://pt.wikipedia.org/wiki/Elei%C3%A7%C3%B5es_estaduais_em_Goi%C3%A1s_em_2010,1,1,21–23 de setembro de 2010,Ibope,,,duas_mencoes_agregadas,Elias Vaz (PSOL),3.0,3%,"Senador | Governador | Pesquisas de opinião | Deputados estaduais eleitos | Como em 2010 os cidadãos puderam votar em dois senadores, alguns institutos de pesquisa, como o IBOPE e o Ecope, trabalham com uma margem de 200%, ao invés dos tradicionais 100%. Assim sendo, soma-se as respostas recebidas por cada candidato na primeira e na segunda vaga. | Senador[editar | editar código]"
2010,GO,Eleições estaduais em Goiás em 2010,https://pt.wikipedia.org/wiki/Elei%C3%A7%C3%B5es_estaduais_em_Goi%C3%A1s_em_2010,1,1,21–23 de setembro de 2010,Ibope,,,duas_mencoes_agregadas,Rubens Donizzeti (PSTU),1.0,1%,"Senador | Governador | Pesquisas de opinião | Deputados estaduais eleitos | Como em 2010 os cidadãos puderam votar em dois senadores, alguns institutos de pesquisa, como o IBOPE e o Ecope, trabalham com uma margem de 200%, ao invés dos tradicionais 100%. Assim sendo, soma-se as respostas recebidas por cada candidato na primeira e na segunda vaga. | Senador[editar | editar código]"
2010,GO,Eleições estaduais em Goiás em 2010,https://pt.wikipedia.org/wiki/Elei%C3%A7%C3%B5es_estaduais_em_Goi%C3%A1s_em_2010,1,1,21–23 de setembro de 2010,Ibope,,,duas_mencoes_agregadas,Bispo (PCB),1.0,1%,"Senador | Governador | Pesquisas de opinião | Deputados estaduais eleitos | Como em 2010 os cidadãos puderam votar em dois senadores, alguns institutos de pesquisa, como o IBOPE e o Ecope, trabalham com uma margem de 200%, ao invés dos tradicionais 100%. Assim sendo, soma-se as respostas recebidas por cada candidato na primeira e na segunda vaga. | Senador[editar | editar código]"
2010,GO,Eleições estaduais em Goiás em 2010,https://pt.wikipedia.org/wiki/Elei%C3%A7%C3%B5es_estaduais_em_Goi%C3%A1s_em_2010,1,2,7–10 de setembro de 2010,Serpes,,,duas_mencoes_agregadas,Demóstenes (DEM),29.1,"29,1%","Senador | Governador | Pesquisas de opinião | Deputados estaduais eleitos | Como em 2010 os cidadãos puderam votar em dois senadores, alguns institutos de pesquisa, como o IBOPE e o Ecope, trabalham com uma margem de 200%, ao invés dos tradicionais 100%. Assim sendo, soma-se as respostas recebidas por cada candidato na primeira e na segunda vaga. | Senador[editar | editar código]"
2010,GO,Eleições estaduais em Goiás em 2010,https://pt.wikipedia.org/wiki/Elei%C3%A7%C3%B5es_estaduais_em_Goi%C3%A1s_em_2010,1,2,7–10 de setembro de 2010,Serpes,,,duas_mencoes_agregadas,Lúcia (PSDB),22.0,22%,"Senador | Governador | Pesquisas de opinião | Deputados estaduais eleitos | Como em 2010 os cidadãos puderam votar em dois senadores, alguns institutos de pesquisa, como o IBOPE e o Ecope, trabalham com uma margem de 200%, ao invés dos tradicionais 100%. Assim sendo, soma-se as respostas recebidas por cada candidato na primeira e na segunda vaga. | Senador[editar | editar código]"
2010,GO,Eleições estaduais em Goiás em 2010,https://pt.wikipedia.org/wiki/Elei%C3%A7%C3%B5es_estaduais_em_Goi%C3%A1s_em_2010,1,2,7–10 de setembro de 2010,Serpes,,,duas_mencoes_agregadas,Pedro (PT),9.6,"9,6%","Senador | Governador | Pesquisas de opinião | Deputados estaduais eleitos | Como em 2010 os cidadãos puderam votar em dois senadores, alguns institutos de pesquisa, como o IBOPE e o Ecope, trabalham com uma margem de 200%, ao invés dos tradicionais 100%. Assim sendo, soma-se as respostas recebidas por cada candidato na primeira e na segunda vaga. | Senador[editar | editar código]"
2010,GO,Eleições estaduais em Goiás em 2010,https://pt.wikipedia.org/wiki/Elei%C3%A7%C3%B5es_estaduais_em_Goi%C3%A1s_em_2010,1,2,7–10 de setembro de 2010,Serpes,,,duas_mencoes_agregadas,Paulo Roberto (PP),4.6,"4,6%","Senador | Governador | Pesquisas de opinião | Deputados estaduais eleitos | Como em 2010 os cidadãos puderam votar em dois senadores, alguns institutos de pesquisa, como o IBOPE e o Ecope, trabalham com uma margem de 200%, ao invés dos tradicionais 100%. Assim sendo, soma-se as respostas recebidas por cada candidato na primeira e na segunda vaga. | Senador[editar | editar código]"
2010,GO,Eleições estaduais em Goiás em 2010,https://pt.wikipedia.org/wiki/Elei%C3%A7%C3%B5es_estaduais_em_Goi%C3%A1s_em_2010,1,2,7–10 de setembro de 2010,Serpes,,,duas_mencoes_agregadas,Adib (PMDB),3.3,"3,3%","Senador | Governador | Pesquisas de opinião | Deputados estaduais eleitos | Como em 2010 os cidadãos puderam votar em dois senadores, alguns institutos de pesquisa, como o IBOPE e o Ecope, trabalham com uma margem de 200%, ao invés dos tradicionais 100%. Assim sendo, soma-se as respostas recebidas por cada candidato na primeira e na segunda vaga. | Senador[editar | editar código]"
2010,GO,Eleições estaduais em Goiás em 2010,https://pt.wikipedia.org/wiki/Elei%C3%A7%C3%B5es_estaduais_em_Goi%C3%A1s_em_2010,1,2,7–10 de setembro de 2010,Serpes,,,duas_mencoes_agregadas,Renner (PP),3.8,"3,8%","Senador | Governador | Pesquisas de opinião | Deputados estaduais eleitos | Como em 2010 os cidadãos puderam votar em dois senadores, alguns institutos de pesquisa, como o IBOPE e o Ecope, trabalham com uma margem de 200%, ao invés dos tradicionais 100%. Assim sendo, soma-se as respostas recebidas por cada candidato na primeira e na segunda vaga. | Senador[editar | editar código]"
2010,GO,Eleições estaduais em Goiás em 2010,https://pt.wikipedia.org/wiki/Elei%C3%A7%C3%B5es_estaduais_em_Goi%C3%A1s_em_2010,1,2,7–10 de setembro de 2010,Serpes,,,duas_mencoes_agregadas,Elias Vaz (PSOL),1.5,"1,5%","Senador | Governador | Pesquisas de opinião | Deputados estaduais eleitos | Como em 2010 os cidadãos puderam votar em dois senadores, alguns institutos de pesquisa, como o IBOPE e o Ecope, trabalham com uma margem de 200%, ao invés dos tradicionais 100%. Assim sendo, soma-se as respostas recebidas por cada candidato na primeira e na segunda vaga. | Senador[editar | editar código]"
2010,GO,Eleições estaduais em Goiás em 2010,https://pt.wikipedia.org/wiki/Elei%C3%A7%C3%B5es_estaduais_em_Goi%C3%A1s_em_2010,1,2,7–10 de setembro de 2010,Serpes,,,duas_mencoes_agregadas,Rubens Donizzeti (PSTU),0.6,"0,6%","Senador | Governador | Pesquisas de opinião | Deputados estaduais eleitos | Como em 2010 os cidadãos puderam votar em dois senadores, alguns institutos de pesquisa, como o IBOPE e o Ecope, trabalham com uma margem de 200%, ao invés dos tradicionais 100%. Assim sendo, soma-se as respostas recebidas por cada candidato na primeira e na segunda vaga. | Senador[editar | editar código]"
2010,GO,Eleições estaduais em Goiás em 2010,https://pt.wikipedia.org/wiki/Elei%C3%A7%C3%B5es_estaduais_em_Goi%C3%A1s_em_2010,1,2,7–10 de setembro de 2010,Serpes,,,duas_mencoes_agregadas,Bispo (PCB),0.6,"0,6%","Senador | Governador | Pesquisas de opinião | Deputados estaduais eleitos | Como em 2010 os cidadãos puderam votar em dois senadores, alguns institutos de pesquisa, como o IBOPE e o Ecope, trabalham com uma margem de 200%, ao invés dos tradicionais 100%. Assim sendo, soma-se as respostas recebidas por cada candidato na primeira e na segunda vaga. | Senador[editar | editar código]"
2010,GO,Eleições estaduais em Goiás em 2010,https://pt.wikipedia.org/wiki/Elei%C3%A7%C3%B5es_estaduais_em_Goi%C3%A1s_em_2010,1,3,7–9 de setembro de 2010,Ibope,,,duas_mencoes_agregadas,Demóstenes (DEM),49.0,49%,"Senador | Governador | Pesquisas de opinião | Deputados estaduais eleitos | Como em 2010 os cidadãos puderam votar em dois senadores, alguns institutos de pesquisa, como o IBOPE e o Ecope, trabalham com uma margem de 200%, ao invés dos tradicionais 100%. Assim sendo, soma-se as respostas recebidas por cada candidato na primeira e na segunda vaga. | Senador[editar | editar código]"
2010,GO,Eleições estaduais em Goiás em 2010,https://pt.wikipedia.org/wiki/Elei%C3%A7%C3%B5es_estaduais_em_Goi%C3%A1s_em_2010,1,3,7–9 de setembro de 2010,Ibope,,,duas_mencoes_agregadas,Lúcia (PSDB),39.0,39%,"Senador | Governador | Pesquisas de opinião | Deputados estaduais eleitos | Como em 2010 os cidadãos puderam votar em dois senadores, alguns institutos de pesquisa, como o IBOPE e o Ecope, trabalham com uma margem de 200%, ao invés dos tradicionais 100%. Assim sendo, soma-se as respostas recebidas por cada candidato na primeira e na segunda vaga. | Senador[editar | editar código]"
2010,GO,Eleições estaduais em Goiás em 2010,https://pt.wikipedia.org/wiki/Elei%C3%A7%C3%B5es_estaduais_em_Goi%C3%A1s_em_2010,1,3,7–9 de setembro de 2010,Ibope,,,duas_mencoes_agregadas,Pedro (PT),15.0,15%,"Senador | Governador | Pesquisas de opinião | Deputados estaduais eleitos | Como em 2010 os cidadãos puderam votar em dois senadores, alguns institutos de pesquisa, como o IBOPE e o Ecope, trabalham com uma margem de 200%, ao invés dos tradicionais 100%. Assim sendo, soma-se as respostas recebidas por cada candidato na primeira e na segunda vaga. | Senador[editar | editar código]"
2010,GO,Eleições estaduais em Goiás em 2010,https://pt.wikipedia.org/wiki/Elei%C3%A7%C3%B5es_estaduais_em_Goi%C3%A1s_em_2010,1,3,7–9 de setembro de 2010,Ibope,,,duas_mencoes_agregadas,Paulo Roberto (PP),7.0,7%,"Senador | Governador | Pesquisas de opinião | Deputados estaduais eleitos | Como em 2010 os cidadãos puderam votar em dois senadores, alguns institutos de pesquisa, como o IBOPE e o Ecope, trabalham com uma margem de 200%, ao invés dos tradicionais 100%. Assim sendo, soma-se as respostas recebidas por cada candidato na primeira e na segunda vaga. | Senador[editar | editar código]"
2010,GO,Eleições estaduais em Goiás em 2010,https://pt.wikipedia.org/wiki/Elei%C3%A7%C3%B5es_estaduais_em_Goi%C3%A1s_em_2010,1,3,7–9 de setembro de 2010,Ibope,,,duas_mencoes_agregadas,Adib (PMDB),7.0,7%,"Senador | Governador | Pesquisas de opinião | Deputados estaduais eleitos | Como em 2010 os cidadãos puderam votar em dois senadores, alguns institutos de pesquisa, como o IBOPE e o Ecope, trabalham com uma margem de 200%, ao invés dos tradicionais 100%. Assim sendo, soma-se as respostas recebidas por cada candidato na primeira e na segunda vaga. | Senador[editar | editar código]"
2010,GO,Eleições estaduais em Goiás em 2010,https://pt.wikipedia.org/wiki/Elei%C3%A7%C3%B5es_estaduais_em_Goi%C3%A1s_em_2010,1,3,7–9 de setembro de 2010,Ibope,,,duas_mencoes_agregadas,Renner (PP),6.0,6%,"Senador | Governador | Pesquisas de opinião | Deputados estaduais eleitos | Como em 2010 os cidadãos puderam votar em dois senadores, alguns institutos de pesquisa, como o IBOPE e o Ecope, trabalham com uma margem de 200%, ao invés dos tradicionais 100%. Assim sendo, soma-se as respostas recebidas por cada candidato na primeira e na segunda vaga. | Senador[editar | editar código]"
2010,GO,Eleições estaduais em Goiás em 2010,https://pt.wikipedia.org/wiki/Elei%C3%A7%C3%B5es_estaduais_em_Goi%C3%A1s_em_2010,1,3,7–9 de setembro de 2010,Ibope,,,duas_mencoes_agregadas,Elias Vaz (PSOL),3.0,3%,"Senador | Governador | Pesquisas de opinião | Deputados estaduais eleitos | Como em 2010 os cidadãos puderam votar em dois senadores, alguns institutos de pesquisa, como o IBOPE e o Ecope, trabalham com uma margem de 200%, ao invés dos tradicionais 100%. Assim sendo, soma-se as respostas recebidas por cada candidato na primeira e na segunda vaga. | Senador[editar | editar código]"
2010,GO,Eleições estaduais em Goiás em 2010,https://pt.wikipedia.org/wiki/Elei%C3%A7%C3%B5es_estaduais_em_Goi%C3%A1s_em_2010,1,3,7–9 de setembro de 2010,Ibope,,,duas_mencoes_agregadas,Rubens Donizzeti (PSTU),2.0,2%,"Senador | Governador | Pesquisas de opinião | Deputados estaduais eleitos | Como em 2010 os cidadãos puderam votar em dois senadores, alguns institutos de pesquisa, como o IBOPE e o Ecope, trabalham com uma margem de 200%, ao invés dos tradicionais 100%. Assim sendo, soma-se as respostas recebidas por cada candidato na primeira e na segunda vaga. | Senador[editar | editar código]"
2010,GO,Eleições estaduais em Goiás em 2010,https://pt.wikipedia.org/wiki/Elei%C3%A7%C3%B5es_estaduais_em_Goi%C3%A1s_em_2010,1,3,7–9 de setembro de 2010,Ibope,,,duas_mencoes_agregadas,Bispo (PCB),1.0,1%,"Senador | Governador | Pesquisas de opinião | Deputados estaduais eleitos | Como em 2010 os cidadãos puderam votar em dois senadores, alguns institutos de pesquisa, como o IBOPE e o Ecope, trabalham com uma margem de 200%, ao invés dos tradicionais 100%. Assim sendo, soma-se as respostas recebidas por cada candidato na primeira e na segunda vaga. | Senador[editar | editar código]"
2010,GO,Eleições estaduais em Goiás em 2010,https://pt.wikipedia.org/wiki/Elei%C3%A7%C3%B5es_estaduais_em_Goi%C3%A1s_em_2010,1,4,23–27 de agosto de 2010,Serpes,,,duas_mencoes_agregadas,Demóstenes (DEM),30.0,30%,"Senador | Governador | Pesquisas de opinião | Deputados estaduais eleitos | Como em 2010 os cidadãos puderam votar em dois senadores, alguns institutos de pesquisa, como o IBOPE e o Ecope, trabalham com uma margem de 200%, ao invés dos tradicionais 100%. Assim sendo, soma-se as respostas recebidas por cada candidato na primeira e na segunda vaga. | Senador[editar | editar código]"
2010,GO,Eleições estaduais em Goiás em 2010,https://pt.wikipedia.org/wiki/Elei%C3%A7%C3%B5es_estaduais_em_Goi%C3%A1s_em_2010,1,4,23–27 de agosto de 2010,Serpes,,,duas_mencoes_agregadas,Lúcia (PSDB),22.9,"22,9%","Senador | Governador | Pesquisas de opinião | Deputados estaduais eleitos | Como em 2010 os cidadãos puderam votar em dois senadores, alguns institutos de pesquisa, como o IBOPE e o Ecope, trabalham com uma margem de 200%, ao invés dos tradicionais 100%. Assim sendo, soma-se as respostas recebidas por cada candidato na primeira e na segunda vaga. | Senador[editar | editar código]"
2010,GO,Eleições estaduais em Goiás em 2010,https://pt.wikipedia.org/wiki/Elei%C3%A7%C3%B5es_estaduais_em_Goi%C3%A1s_em_2010,1,4,23–27 de agosto de 2010,Serpes,,,duas_mencoes_agregadas,Pedro (PT),8.8,"8,8%","Senador | Governador | Pesquisas de opinião | Deputados estaduais eleitos | Como em 2010 os cidadãos puderam votar em dois senadores, alguns institutos de pesquisa, como o IBOPE e o Ecope, trabalham com uma margem de 200%, ao invés dos tradicionais 100%. Assim sendo, soma-se as respostas recebidas por cada candidato na primeira e na segunda vaga. | Senador[editar | editar código]"
2010,GO,Eleições estaduais em Goiás em 2010,https://pt.wikipedia.org/wiki/Elei%C3%A7%C3%B5es_estaduais_em_Goi%C3%A1s_em_2010,1,4,23–27 de agosto de 2010,Serpes,,,duas_mencoes_agregadas,Paulo Roberto (PP),3.9,"3,9%","Senador | Governador | Pesquisas de opinião | Deputados estaduais eleitos | Como em 2010 os cidadãos puderam votar em dois senadores, alguns institutos de pesquisa, como o IBOPE e o Ecope, trabalham com uma margem de 200%, ao invés dos tradicionais 100%. Assim sendo, soma-se as respostas recebidas por cada candidato na primeira e na segunda vaga. | Senador[editar | editar código]"
2010,GO,Eleições estaduais em Goiás em 2010,https://pt.wikipedia.org/wiki/Elei%C3%A7%C3%B5es_estaduais_em_Goi%C3%A1s_em_2010,1,4,23–27 de agosto de 2010,Serpes,,,duas_mencoes_agregadas,Adib (PMDB),3.5,"3,5%","Senador | Governador | Pesquisas de opinião | Deputados estaduais eleitos | Como em 2010 os cidadãos puderam votar em dois senadores, alguns institutos de pesquisa, como o IBOPE e o Ecope, trabalham com uma margem de 200%, ao invés dos tradicionais 100%. Assim sendo, soma-se as respostas recebidas por cada candidato na primeira e na segunda vaga. | Senador[editar | editar código]"
2010,GO,Eleições estaduais em Goiás em 2010,https://pt.wikipedia.org/wiki/Elei%C3%A7%C3%B5es_estaduais_em_Goi%C3%A1s_em_2010,1,4,23–27 de agosto de 2010,Serpes,,,duas_mencoes_agregadas,Renner (PP),4.3,"4,3%","Senador | Governador | Pesquisas de opinião | Deputados estaduais eleitos | Como em 2010 os cidadãos puderam votar em dois senadores, alguns institutos de pesquisa, como o IBOPE e o Ecope, trabalham com uma margem de 200%, ao invés dos tradicionais 100%. Assim sendo, soma-se as respostas recebidas por cada candidato na primeira e na segunda vaga. | Senador[editar | editar código]"
2010,GO,Eleições estaduais em Goiás em 2010,https://pt.wikipedia.org/wiki/Elei%C3%A7%C3%B5es_estaduais_em_Goi%C3%A1s_em_2010,1,4,23–27 de agosto de 2010,Serpes,,,duas_mencoes_agregadas,Elias Vaz (PSOL),1.2,"1,2%","Senador | Governador | Pesquisas de opinião | Deputados estaduais eleitos | Como em 2010 os cidadãos puderam votar em dois senadores, alguns institutos de pesquisa, como o IBOPE e o Ecope, trabalham com uma margem de 200%, ao invés dos tradicionais 100%. Assim sendo, soma-se as respostas recebidas por cada candidato na primeira e na segunda vaga. | Senador[editar | editar código]"
2010,GO,Eleições estaduais em Goiás em 2010,https://pt.wikipedia.org/wiki/Elei%C3%A7%C3%B5es_estaduais_em_Goi%C3%A1s_em_2010,1,4,23–27 de agosto de 2010,Serpes,,,duas_mencoes_agregadas,Rubens Donizzeti (PSTU),0.8,"0,8%","Senador | Governador | Pesquisas de opinião | Deputados estaduais eleitos | Como em 2010 os cidadãos puderam votar em dois senadores, alguns institutos de pesquisa, como o IBOPE e o Ecope, trabalham com uma margem de 200%, ao invés dos tradicionais 100%. Assim sendo, soma-se as respostas recebidas por cada candidato na primeira e na segunda vaga. | Senador[editar | editar código]"
2010,GO,Eleições estaduais em Goiás em 2010,https://pt.wikipedia.org/wiki/Elei%C3%A7%C3%B5es_estaduais_em_Goi%C3%A1s_em_2010,1,5,8–26 de agosto de 2010,Ecope,,,duas_mencoes_agregadas,Demóstenes (DEM),53.5,"53,5%","Senador | Governador | Pesquisas de opinião | Deputados estaduais eleitos | Como em 2010 os cidadãos puderam votar em dois senadores, alguns institutos de pesquisa, como o IBOPE e o Ecope, trabalham com uma margem de 200%, ao invés dos tradicionais 100%. Assim sendo, soma-se as respostas recebidas por cada candidato na primeira e na segunda vaga. | Senador[editar | editar código]"
2010,GO,Eleições estaduais em Goiás em 2010,https://pt.wikipedia.org/wiki/Elei%C3%A7%C3%B5es_estaduais_em_Goi%C3%A1s_em_2010,1,5,8–26 de agosto de 2010,Ecope,,,duas_mencoes_agregadas,Lúcia (PSDB),42.4,"42,4%","Senador | Governador | Pesquisas de opinião | Deputados estaduais eleitos | Como em 2010 os cidadãos puderam votar em dois senadores, alguns institutos de pesquisa, como o IBOPE e o Ecope, trabalham com uma margem de 200%, ao invés dos tradicionais 100%. Assim sendo, soma-se as respostas recebidas por cada candidato na primeira e na segunda vaga. | Senador[editar | editar código]"
2010,GO,Eleições estaduais em Goiás em 2010,https://pt.wikipedia.org/wiki/Elei%C3%A7%C3%B5es_estaduais_em_Goi%C3%A1s_em_2010,1,5,8–26 de agosto de 2010,Ecope,,,duas_mencoes_agregadas,Pedro (PT),19.2,"19,2%","Senador | Governador | Pesquisas de opinião | Deputados estaduais eleitos | Como em 2010 os cidadãos puderam votar em dois senadores, alguns institutos de pesquisa, como o IBOPE e o Ecope, trabalham com uma margem de 200%, ao invés dos tradicionais 100%. Assim sendo, soma-se as respostas recebidas por cada candidato na primeira e na segunda vaga. | Senador[editar | editar código]"
2010,GO,Eleições estaduais em Goiás em 2010,https://pt.wikipedia.org/wiki/Elei%C3%A7%C3%B5es_estaduais_em_Goi%C3%A1s_em_2010,1,5,8–26 de agosto de 2010,Ecope,,,duas_mencoes_agregadas,Paulo Roberto (PP),9.5,"9,5%","Senador | Governador | Pesquisas de opinião | Deputados estaduais eleitos | Como em 2010 os cidadãos puderam votar em dois senadores, alguns institutos de pesquisa, como o IBOPE e o Ecope, trabalham com uma margem de 200%, ao invés dos tradicionais 100%. Assim sendo, soma-se as respostas recebidas por cada candidato na primeira e na segunda vaga. | Senador[editar | editar código]"
2010,GO,Eleições estaduais em Goiás em 2010,https://pt.wikipedia.org/wiki/Elei%C3%A7%C3%B5es_estaduais_em_Goi%C3%A1s_em_2010,1,5,8–26 de agosto de 2010,Ecope,,,duas_mencoes_agregadas,Adib (PMDB),4.3,"4,3%","Senador | Governador | Pesquisas de opinião | Deputados estaduais eleitos | Como em 2010 os cidadãos puderam votar em dois senadores, alguns institutos de pesquisa, como o IBOPE e o Ecope, trabalham com uma margem de 200%, ao invés dos tradicionais 100%. Assim sendo, soma-se as respostas recebidas por cada candidato na primeira e na segunda vaga. | Senador[editar | editar código]"
2010,GO,Eleições estaduais em Goiás em 2010,https://pt.wikipedia.org/wiki/Elei%C3%A7%C3%B5es_estaduais_em_Goi%C3%A1s_em_2010,1,5,8–26 de agosto de 2010,Ecope,,,duas_mencoes_agregadas,Renner (PP),5.1,"5,1%","Senador | Governador | Pesquisas de opinião | Deputados estaduais eleitos | Como em 2010 os cidadãos puderam votar em dois senadores, alguns institutos de pesquisa, como o IBOPE e o Ecope, trabalham com uma margem de 200%, ao invés dos tradicionais 100%. Assim sendo, soma-se as respostas recebidas por cada candidato na primeira e na segunda vaga. | Senador[editar | editar código]"
2010,GO,Eleições estaduais em Goiás em 2010,https://pt.wikipedia.org/wiki/Elei%C3%A7%C3%B5es_estaduais_em_Goi%C3%A1s_em_2010,1,5,8–26 de agosto de 2010,Ecope,,,duas_mencoes_agregadas,Elias Vaz (PSOL),5.4,"5,4%","Senador | Governador | Pesquisas de opinião | Deputados estaduais eleitos | Como em 2010 os cidadãos puderam votar em dois senadores, alguns institutos de pesquisa, como o IBOPE e o Ecope, trabalham com uma margem de 200%, ao invés dos tradicionais 100%. Assim sendo, soma-se as respostas recebidas por cada candidato na primeira e na segunda vaga. | Senador[editar | editar código]"
2010,GO,Eleições estaduais em Goiás em 2010,https://pt.wikipedia.org/wiki/Elei%C3%A7%C3%B5es_estaduais_em_Goi%C3%A1s_em_2010,1,5,8–26 de agosto de 2010,Ecope,,,duas_mencoes_agregadas,Rubens Donizzeti (PSTU),2.7,"2,7%","Senador | Governador | Pesquisas de opinião | Deputados estaduais eleitos | Como em 2010 os cidadãos puderam votar em dois senadores, alguns institutos de pesquisa, como o IBOPE e o Ecope, trabalham com uma margem de 200%, ao invés dos tradicionais 100%. Assim sendo, soma-se as respostas recebidas por cada candidato na primeira e na segunda vaga. | Senador[editar | editar código]"
2010,GO,Eleições estaduais em Goiás em 2010,https://pt.wikipedia.org/wiki/Elei%C3%A7%C3%B5es_estaduais_em_Goi%C3%A1s_em_2010,1,5,8–26 de agosto de 2010,Ecope,,,duas_mencoes_agregadas,Bispo (PCB),1.8,"1,8%","Senador | Governador | Pesquisas de opinião | Deputados estaduais eleitos | Como em 2010 os cidadãos puderam votar em dois senadores, alguns institutos de pesquisa, como o IBOPE e o Ecope, trabalham com uma margem de 200%, ao invés dos tradicionais 100%. Assim sendo, soma-se as respostas recebidas por cada candidato na primeira e na segunda vaga. | Senador[editar | editar código]"
2010,GO,Eleições estaduais em Goiás em 2010,https://pt.wikipedia.org/wiki/Elei%C3%A7%C3%B5es_estaduais_em_Goi%C3%A1s_em_2010,1,6,10–12 de agosto de 2010,Ibope,,,duas_mencoes_agregadas,Demóstenes (DEM),43.0,43%,"Senador | Governador | Pesquisas de opinião | Deputados estaduais eleitos | Como em 2010 os cidadãos puderam votar em dois senadores, alguns institutos de pesquisa, como o IBOPE e o Ecope, trabalham com uma margem de 200%, ao invés dos tradicionais 100%. Assim sendo, soma-se as respostas recebidas por cada candidato na primeira e na segunda vaga. | Senador[editar | editar código]"
2010,GO,Eleições estaduais em Goiás em 2010,https://pt.wikipedia.org/wiki/Elei%C3%A7%C3%B5es_estaduais_em_Goi%C3%A1s_em_2010,1,6,10–12 de agosto de 2010,Ibope,,,duas_mencoes_agregadas,Lúcia (PSDB),36.0,36%,"Senador | Governador | Pesquisas de opinião | Deputados estaduais eleitos | Como em 2010 os cidadãos puderam votar em dois senadores, alguns institutos de pesquisa, como o IBOPE e o Ecope, trabalham com uma margem de 200%, ao invés dos tradicionais 100%. Assim sendo, soma-se as respostas recebidas por cada candidato na primeira e na segunda vaga. | Senador[editar | editar código]"
2010,GO,Eleições estaduais em Goiás em 2010,https://pt.wikipedia.org/wiki/Elei%C3%A7%C3%B5es_estaduais_em_Goi%C3%A1s_em_2010,1,6,10–12 de agosto de 2010,Ibope,,,duas_mencoes_agregadas,Pedro (PT),16.0,16%,"Senador | Governador | Pesquisas de opinião | Deputados estaduais eleitos | Como em 2010 os cidadãos puderam votar em dois senadores, alguns institutos de pesquisa, como o IBOPE e o Ecope, trabalham com uma margem de 200%, ao invés dos tradicionais 100%. Assim sendo, soma-se as respostas recebidas por cada candidato na primeira e na segunda vaga. | Senador[editar | editar código]"
2010,GO,Eleições estaduais em Goiás em 2010,https://pt.wikipedia.org/wiki/Elei%C3%A7%C3%B5es_estaduais_em_Goi%C3%A1s_em_2010,1,6,10–12 de agosto de 2010,Ibope,,,duas_mencoes_agregadas,Paulo Roberto (PP),7.0,7%,"Senador | Governador | Pesquisas de opinião | Deputados estaduais eleitos | Como em 2010 os cidadãos puderam votar em dois senadores, alguns institutos de pesquisa, como o IBOPE e o Ecope, trabalham com uma margem de 200%, ao invés dos tradicionais 100%. Assim sendo, soma-se as respostas recebidas por cada candidato na primeira e na segunda vaga. | Senador[editar | editar código]"
2010,GO,Eleições estaduais em Goiás em 2010,https://pt.wikipedia.org/wiki/Elei%C3%A7%C3%B5es_estaduais_em_Goi%C3%A1s_em_2010,1,6,10–12 de agosto de 2010,Ibope,,,duas_mencoes_agregadas,Adib (PMDB),6.0,6%,"Senador | Governador | Pesquisas de opinião | Deputados estaduais eleitos | Como em 2010 os cidadãos puderam votar em dois senadores, alguns institutos de pesquisa, como o IBOPE e o Ecope, trabalham com uma margem de 200%, ao invés dos tradicionais 100%. Assim sendo, soma-se as respostas recebidas por cada candidato na primeira e na segunda vaga. | Senador[editar | editar código]"
2010,GO,Eleições estaduais em Goiás em 2010,https://pt.wikipedia.org/wiki/Elei%C3%A7%C3%B5es_estaduais_em_Goi%C3%A1s_em_2010,1,6,10–12 de agosto de 2010,Ibope,,,duas_mencoes_agregadas,Renner (PP),3.0,3%,"Senador | Governador | Pesquisas de opinião | Deputados estaduais eleitos | Como em 2010 os cidadãos puderam votar em dois senadores, alguns institutos de pesquisa, como o IBOPE e o Ecope, trabalham com uma margem de 200%, ao invés dos tradicionais 100%. Assim sendo, soma-se as respostas recebidas por cada candidato na primeira e na segunda vaga. | Senador[editar | editar código]"
2010,GO,Eleições estaduais em Goiás em 2010,https://pt.wikipedia.org/wiki/Elei%C3%A7%C3%B5es_estaduais_em_Goi%C3%A1s_em_2010,1,6,10–12 de agosto de 2010,Ibope,,,duas_mencoes_agregadas,Elias Vaz (PSOL),5.0,5%,"Senador | Governador | Pesquisas de opinião | Deputados estaduais eleitos | Como em 2010 os cidadãos puderam votar em dois senadores, alguns institutos de pesquisa, como o IBOPE e o Ecope, trabalham com uma margem de 200%, ao invés dos tradicionais 100%. Assim sendo, soma-se as respostas recebidas por cada candidato na primeira e na segunda vaga. | Senador[editar | editar código]"
2010,GO,Eleições estaduais em Goiás em 2010,https://pt.wikipedia.org/wiki/Elei%C3%A7%C3%B5es_estaduais_em_Goi%C3%A1s_em_2010,1,6,10–12 de agosto de 2010,Ibope,,,duas_mencoes_agregadas,Rubens Donizzeti (PSTU),2.0,2%,"Senador | Governador | Pesquisas de opinião | Deputados estaduais eleitos | Como em 2010 os cidadãos puderam votar em dois senadores, alguns institutos de pesquisa, como o IBOPE e o Ecope, trabalham com uma margem de 200%, ao invés dos tradicionais 100%. Assim sendo, soma-se as respostas recebidas por cada candidato na primeira e na segunda vaga. | Senador[editar | editar código]"
2010,GO,Eleições estaduais em Goiás em 2010,https://pt.wikipedia.org/wiki/Elei%C3%A7%C3%B5es_estaduais_em_Goi%C3%A1s_em_2010,1,6,10–12 de agosto de 2010,Ibope,,,duas_mencoes_agregadas,Bispo (PCB),1.0,1%,"Senador | Governador | Pesquisas de opinião | Deputados estaduais eleitos | Como em 2010 os cidadãos puderam votar em dois senadores, alguns institutos de pesquisa, como o IBOPE e o Ecope, trabalham com uma margem de 200%, ao invés dos tradicionais 100%. Assim sendo, soma-se as respostas recebidas por cada candidato na primeira e na segunda vaga. | Senador[editar | editar código]"
2010,PA,Eleições estaduais no Pará em 2010,https://pt.wikipedia.org/wiki/Elei%C3%A7%C3%B5es_estaduais_no_Par%C3%A1_em_2010,1,1,24 a 26/08/2010,Ibope,,,duas_mencoes_agregadas,Jader Barbalho (PMDB) Impugnado,50.0,50%,Senador | Segundo turno | Primeiro turno | Governador | Senador[editar | editar código]
2010,PA,Eleições estaduais no Pará em 2010,https://pt.wikipedia.org/wiki/Elei%C3%A7%C3%B5es_estaduais_no_Par%C3%A1_em_2010,1,1,24 a 26/08/2010,Ibope,,,duas_mencoes_agregadas,Flexa Ribeiro (PSDB),23.0,23%,Senador | Segundo turno | Primeiro turno | Governador | Senador[editar | editar código]
2010,PA,Eleições estaduais no Pará em 2010,https://pt.wikipedia.org/wiki/Elei%C3%A7%C3%B5es_estaduais_no_Par%C3%A1_em_2010,1,1,24 a 26/08/2010,Ibope,,,duas_mencoes_agregadas,Paulo Rocha (PT) Impugnado,28.0,28%,Senador | Segundo turno | Primeiro turno | Governador | Senador[editar | editar código]
2010,PA,Eleições estaduais no Pará em 2010,https://pt.wikipedia.org/wiki/Elei%C3%A7%C3%B5es_estaduais_no_Par%C3%A1_em_2010,1,1,24 a 26/08/2010,Ibope,,,duas_mencoes_agregadas,Marinor Brito (PSOL),7.0,7%,Senador | Segundo turno | Primeiro turno | Governador | Senador[editar | editar código]
2010,PA,Eleições estaduais no Pará em 2010,https://pt.wikipedia.org/wiki/Elei%C3%A7%C3%B5es_estaduais_no_Par%C3%A1_em_2010,1,1,24 a 26/08/2010,Ibope,,,duas_mencoes_agregadas,Paulo Braga (PSTU),5.0,5%,Senador | Segundo turno | Primeiro turno | Governador | Senador[editar | editar código]
2010,PA,Eleições estaduais no Pará em 2010,https://pt.wikipedia.org/wiki/Elei%C3%A7%C3%B5es_estaduais_no_Par%C3%A1_em_2010,1,1,24 a 26/08/2010,Ibope,,,duas_mencoes_agregadas,Abel Ribeiro (PSTU),3.0,3%,Senador | Segundo turno | Primeiro turno | Governador | Senador[editar | editar código]
2010,PA,Eleições estaduais no Pará em 2010,https://pt.wikipedia.org/wiki/Elei%C3%A7%C3%B5es_estaduais_no_Par%C3%A1_em_2010,1,1,24 a 26/08/2010,Ibope,,,duas_mencoes_agregadas,João Augusto (PSOL),2.0,2%,Senador | Segundo turno | Primeiro turno | Governador | Senador[editar | editar código]
2010,PA,Eleições estaduais no Pará em 2010,https://pt.wikipedia.org/wiki/Elei%C3%A7%C3%B5es_estaduais_no_Par%C3%A1_em_2010,1,2,14 a 16/09/2010,Ibope,,,duas_mencoes_agregadas,Jader Barbalho (PMDB) Impugnado,42.0,42%,Senador | Segundo turno | Primeiro turno | Governador | Senador[editar | editar código]
2010,PA,Eleições estaduais no Pará em 2010,https://pt.wikipedia.org/wiki/Elei%C3%A7%C3%B5es_estaduais_no_Par%C3%A1_em_2010,1,2,14 a 16/09/2010,Ibope,,,duas_mencoes_agregadas,Flexa Ribeiro (PSDB),33.0,33%,Senador | Segundo turno | Primeiro turno | Governador | Senador[editar | editar código]
2010,PA,Eleições estaduais no Pará em 2010,https://pt.wikipedia.org/wiki/Elei%C3%A7%C3%B5es_estaduais_no_Par%C3%A1_em_2010,1,2,14 a 16/09/2010,Ibope,,,duas_mencoes_agregadas,Paulo Rocha (PT) Impugnado,29.0,29%,Senador | Segundo turno | Primeiro turno | Governador | Senador[editar | editar código]
2010,PA,Eleições estaduais no Pará em 2010,https://pt.wikipedia.org/wiki/Elei%C3%A7%C3%B5es_estaduais_no_Par%C3%A1_em_2010,1,2,14 a 16/09/2010,Ibope,,,duas_mencoes_agregadas,Marinor Brito (PSOL),8.0,8%,Senador | Segundo turno | Primeiro turno | Governador | Senador[editar | editar código]
2010,PA,Eleições estaduais no Pará em 2010,https://pt.wikipedia.org/wiki/Elei%C3%A7%C3%B5es_estaduais_no_Par%C3%A1_em_2010,1,2,14 a 16/09/2010,Ibope,,,duas_mencoes_agregadas,Paulo Braga (PSTU),7.0,7%,Senador | Segundo turno | Primeiro turno | Governador | Senador[editar | editar código]
2010,PA,Eleições estaduais no Pará em 2010,https://pt.wikipedia.org/wiki/Elei%C3%A7%C3%B5es_estaduais_no_Par%C3%A1_em_2010,1,2,14 a 16/09/2010,Ibope,,,duas_mencoes_agregadas,Abel Ribeiro (PSTU),3.0,3%,Senador | Segundo turno | Primeiro turno | Governador | Senador[editar | editar código]
2010,PA,Eleições estaduais no Pará em 2010,https://pt.wikipedia.org/wiki/Elei%C3%A7%C3%B5es_estaduais_no_Par%C3%A1_em_2010,1,2,14 a 16/09/2010,Ibope,,,duas_mencoes_agregadas,João Augusto (PSOL),2.0,2%,Senador | Segundo turno | Primeiro turno | Governador | Senador[editar | editar código]
2010,PA,Eleições estaduais no Pará em 2010,https://pt.wikipedia.org/wiki/Elei%C3%A7%C3%B5es_estaduais_no_Par%C3%A1_em_2010,1,3,29/03 a 01/10/2010,Ibope,,,duas_mencoes_agregadas,Jader Barbalho (PMDB) Impugnado,46.0,46%,Senador | Segundo turno | Primeiro turno | Governador | Senador[editar | editar código]
2010,PA,Eleições estaduais no Pará em 2010,https://pt.wikipedia.org/wiki/Elei%C3%A7%C3%B5es_estaduais_no_Par%C3%A1_em_2010,1,3,29/03 a 01/10/2010,Ibope,,,duas_mencoes_agregadas,Flexa Ribeiro (PSDB),38.0,38%,Senador | Segundo turno | Primeiro turno | Governador | Senador[editar | editar código]
2010,PA,Eleições estaduais no Pará em 2010,https://pt.wikipedia.org/wiki/Elei%C3%A7%C3%B5es_estaduais_no_Par%C3%A1_em_2010,1,3,29/03 a 01/10/2010,Ibope,,,duas_mencoes_agregadas,Paulo Rocha (PT) Impugnado,37.0,37%,Senador | Segundo turno | Primeiro turno | Governador | Senador[editar | editar código]
2010,PA,Eleições estaduais no Pará em 2010,https://pt.wikipedia.org/wiki/Elei%C3%A7%C3%B5es_estaduais_no_Par%C3%A1_em_2010,1,3,29/03 a 01/10/2010,Ibope,,,duas_mencoes_agregadas,Marinor Brito (PSOL),0.0,0%,Senador | Segundo turno | Primeiro turno | Governador | Senador[editar | editar código]
2010,PA,Eleições estaduais no Pará em 2010,https://pt.wikipedia.org/wiki/Elei%C3%A7%C3%B5es_estaduais_no_Par%C3%A1_em_2010,1,3,29/03 a 01/10/2010,Ibope,,,duas_mencoes_agregadas,Paulo Braga (PSTU),0.0,0%,Senador | Segundo turno | Primeiro turno | Governador | Senador[editar | editar código]
2010,PA,Eleições estaduais no Pará em 2010,https://pt.wikipedia.org/wiki/Elei%C3%A7%C3%B5es_estaduais_no_Par%C3%A1_em_2010,1,3,29/03 a 01/10/2010,Ibope,,,duas_mencoes_agregadas,Abel Ribeiro (PSTU),0.0,0%,Senador | Segundo turno | Primeiro turno | Governador | Senador[editar | editar código]
2010,PA,Eleições estaduais no Pará em 2010,https://pt.wikipedia.org/wiki/Elei%C3%A7%C3%B5es_estaduais_no_Par%C3%A1_em_2010,1,3,29/03 a 01/10/2010,Ibope,,,duas_mencoes_agregadas,João Augusto (PSOL),0.0,0%,Senador | Segundo turno | Primeiro turno | Governador | Senador[editar | editar código]
2010,RS,Eleições estaduais no Rio Grande do Sul em 2010,https://pt.wikipedia.org/wiki/Elei%C3%A7%C3%B5es_estaduais_no_Rio_Grande_do_Sul_em_2010,1,1,20-25 de setembro de 2009,Mathodus,,,nao_identificado,Germano Rigotto (PMDB),47.0,47%,Pesquisas de opinião para o Senado | Lista dos candidatos ao Senado | Pesquisas de opinião para o Governo do Estado | Lista dos candidatos ao Governo do Estado | Pesquisas de opinião para o Senado[editar | editar código]
2010,RS,Eleições estaduais no Rio Grande do Sul em 2010,https://pt.wikipedia.org/wiki/Elei%C3%A7%C3%B5es_estaduais_no_Rio_Grande_do_Sul_em_2010,1,1,20-25 de setembro de 2009,Mathodus,,,nao_identificado,Paulo Paim (PT),47.0,47%,Pesquisas de opinião para o Senado | Lista dos candidatos ao Senado | Pesquisas de opinião para o Governo do Estado | Lista dos candidatos ao Governo do Estado | Pesquisas de opinião para o Senado[editar | editar código]
2010,RS,Eleições estaduais no Rio Grande do Sul em 2010,https://pt.wikipedia.org/wiki/Elei%C3%A7%C3%B5es_estaduais_no_Rio_Grande_do_Sul_em_2010,1,2,02-6 de dezembro de 2009,Methodus,,,duas_mencoes_agregadas,Ana Amélia Lemos (PP),40.7,"40,7%",Pesquisas de opinião para o Senado | Lista dos candidatos ao Senado | Pesquisas de opinião para o Governo do Estado | Lista dos candidatos ao Governo do Estado | Pesquisas de opinião para o Senado[editar | editar código]
2010,RS,Eleições estaduais no Rio Grande do Sul em 2010,https://pt.wikipedia.org/wiki/Elei%C3%A7%C3%B5es_estaduais_no_Rio_Grande_do_Sul_em_2010,1,2,02-6 de dezembro de 2009,Methodus,,,duas_mencoes_agregadas,Germano Rigotto (PMDB),42.3,"42,3%",Pesquisas de opinião para o Senado | Lista dos candidatos ao Senado | Pesquisas de opinião para o Governo do Estado | Lista dos candidatos ao Governo do Estado | Pesquisas de opinião para o Senado[editar | editar código]
2010,RS,Eleições estaduais no Rio Grande do Sul em 2010,https://pt.wikipedia.org/wiki/Elei%C3%A7%C3%B5es_estaduais_no_Rio_Grande_do_Sul_em_2010,1,2,02-6 de dezembro de 2009,Methodus,,,duas_mencoes_agregadas,Paulo Paim (PT),43.0,43%,Pesquisas de opinião para o Senado | Lista dos candidatos ao Senado | Pesquisas de opinião para o Governo do Estado | Lista dos candidatos ao Governo do Estado | Pesquisas de opinião para o Senado[editar | editar código]
2010,RS,Eleições estaduais no Rio Grande do Sul em 2010,https://pt.wikipedia.org/wiki/Elei%C3%A7%C3%B5es_estaduais_no_Rio_Grande_do_Sul_em_2010,1,3,18-19 de março de 2010,Methodus,,,duas_mencoes_agregadas,Ana Amélia Lemos (PP),33.5,"33,5%",Pesquisas de opinião para o Senado | Lista dos candidatos ao Senado | Pesquisas de opinião para o Governo do Estado | Lista dos candidatos ao Governo do Estado | Pesquisas de opinião para o Senado[editar | editar código]
2010,RS,Eleições estaduais no Rio Grande do Sul em 2010,https://pt.wikipedia.org/wiki/Elei%C3%A7%C3%B5es_estaduais_no_Rio_Grande_do_Sul_em_2010,1,3,18-19 de março de 2010,Methodus,,,duas_mencoes_agregadas,Germano Rigotto (PMDB),49.8,"49,8%",Pesquisas de opinião para o Senado | Lista dos candidatos ao Senado | Pesquisas de opinião para o Governo do Estado | Lista dos candidatos ao Governo do Estado | Pesquisas de opinião para o Senado[editar | editar código]
2010,RS,Eleições estaduais no Rio Grande do Sul em 2010,https://pt.wikipedia.org/wiki/Elei%C3%A7%C3%B5es_estaduais_no_Rio_Grande_do_Sul_em_2010,1,3,18-19 de março de 2010,Methodus,,,duas_mencoes_agregadas,Paulo Paim (PT),46.4,"46,4%",Pesquisas de opinião para o Senado | Lista dos candidatos ao Senado | Pesquisas de opinião para o Governo do Estado | Lista dos candidatos ao Governo do Estado | Pesquisas de opinião para o Senado[editar | editar código]
2010,RS,Eleições estaduais no Rio Grande do Sul em 2010,https://pt.wikipedia.org/wiki/Elei%C3%A7%C3%B5es_estaduais_no_Rio_Grande_do_Sul_em_2010,1,4,30-31 de março de 2010,Datafolha,,,duas_mencoes_agregadas,Ana Amélia Lemos (PP),31.0,31%,Pesquisas de opinião para o Senado | Lista dos candidatos ao Senado | Pesquisas de opinião para o Governo do Estado | Lista dos candidatos ao Governo do Estado | Pesquisas de opinião para o Senado[editar | editar código]
2010,RS,Eleições estaduais no Rio Grande do Sul em 2010,https://pt.wikipedia.org/wiki/Elei%C3%A7%C3%B5es_estaduais_no_Rio_Grande_do_Sul_em_2010,1,4,30-31 de março de 2010,Datafolha,,,duas_mencoes_agregadas,Germano Rigotto (PMDB),46.0,46%,Pesquisas de opinião para o Senado | Lista dos candidatos ao Senado | Pesquisas de opinião para o Governo do Estado | Lista dos candidatos ao Governo do Estado | Pesquisas de opinião para o Senado[editar | editar código]
2010,RS,Eleições estaduais no Rio Grande do Sul em 2010,https://pt.wikipedia.org/wiki/Elei%C3%A7%C3%B5es_estaduais_no_Rio_Grande_do_Sul_em_2010,1,4,30-31 de março de 2010,Datafolha,,,duas_mencoes_agregadas,Paulo Paim (PT),45.0,45%,Pesquisas de opinião para o Senado | Lista dos candidatos ao Senado | Pesquisas de opinião para o Governo do Estado | Lista dos candidatos ao Governo do Estado | Pesquisas de opinião para o Senado[editar | editar código]
2010,RS,Eleições estaduais no Rio Grande do Sul em 2010,https://pt.wikipedia.org/wiki/Elei%C3%A7%C3%B5es_estaduais_no_Rio_Grande_do_Sul_em_2010,1,5,08-10 de março de 2010,Index,,,duas_mencoes_agregadas,Ana Amélia Lemos (PP),41.4,"41,4%",Pesquisas de opinião para o Senado | Lista dos candidatos ao Senado | Pesquisas de opinião para o Governo do Estado | Lista dos candidatos ao Governo do Estado | Pesquisas de opinião para o Senado[editar | editar código]
2010,RS,Eleições estaduais no Rio Grande do Sul em 2010,https://pt.wikipedia.org/wiki/Elei%C3%A7%C3%B5es_estaduais_no_Rio_Grande_do_Sul_em_2010,1,5,08-10 de março de 2010,Index,,,duas_mencoes_agregadas,Germano Rigotto (PMDB),53.0,53%,Pesquisas de opinião para o Senado | Lista dos candidatos ao Senado | Pesquisas de opinião para o Governo do Estado | Lista dos candidatos ao Governo do Estado | Pesquisas de opinião para o Senado[editar | editar código]
2010,RS,Eleições estaduais no Rio Grande do Sul em 2010,https://pt.wikipedia.org/wiki/Elei%C3%A7%C3%B5es_estaduais_no_Rio_Grande_do_Sul_em_2010,1,5,08-10 de março de 2010,Index,,,duas_mencoes_agregadas,Paulo Paim (PT),60.6,"60,6%",Pesquisas de opinião para o Senado | Lista dos candidatos ao Senado | Pesquisas de opinião para o Governo do Estado | Lista dos candidatos ao Governo do Estado | Pesquisas de opinião para o Senado[editar | editar código]
2010,RS,Eleições estaduais no Rio Grande do Sul em 2010,https://pt.wikipedia.org/wiki/Elei%C3%A7%C3%B5es_estaduais_no_Rio_Grande_do_Sul_em_2010,1,6,06-8 de julho de 2010,Ibope,,,duas_mencoes_agregadas,Abigail Pereira (PCdoB),2.0,2%,Pesquisas de opinião para o Senado | Lista dos candidatos ao Senado | Pesquisas de opinião para o Governo do Estado | Lista dos candidatos ao Governo do Estado | Pesquisas de opinião para o Senado[editar | editar código]
2010,RS,Eleições estaduais no Rio Grande do Sul em 2010,https://pt.wikipedia.org/wiki/Elei%C3%A7%C3%B5es_estaduais_no_Rio_Grande_do_Sul_em_2010,1,6,06-8 de julho de 2010,Ibope,,,duas_mencoes_agregadas,Ana Amélia Lemos (PP),40.0,40%,Pesquisas de opinião para o Senado | Lista dos candidatos ao Senado | Pesquisas de opinião para o Governo do Estado | Lista dos candidatos ao Governo do Estado | Pesquisas de opinião para o Senado[editar | editar código]
2010,RS,Eleições estaduais no Rio Grande do Sul em 2010,https://pt.wikipedia.org/wiki/Elei%C3%A7%C3%B5es_estaduais_no_Rio_Grande_do_Sul_em_2010,1,6,06-8 de julho de 2010,Ibope,,,duas_mencoes_agregadas,Bernadete Menezes (PSOL),2.0,2%,Pesquisas de opinião para o Senado | Lista dos candidatos ao Senado | Pesquisas de opinião para o Governo do Estado | Lista dos candidatos ao Governo do Estado | Pesquisas de opinião para o Senado[editar | editar código]
2010,RS,Eleições estaduais no Rio Grande do Sul em 2010,https://pt.wikipedia.org/wiki/Elei%C3%A7%C3%B5es_estaduais_no_Rio_Grande_do_Sul_em_2010,1,6,06-8 de julho de 2010,Ibope,,,duas_mencoes_agregadas,José Schneider (PMN),3.0,3%,Pesquisas de opinião para o Senado | Lista dos candidatos ao Senado | Pesquisas de opinião para o Governo do Estado | Lista dos candidatos ao Governo do Estado | Pesquisas de opinião para o Senado[editar | editar código]
2010,RS,Eleições estaduais no Rio Grande do Sul em 2010,https://pt.wikipedia.org/wiki/Elei%C3%A7%C3%B5es_estaduais_no_Rio_Grande_do_Sul_em_2010,1,6,06-8 de julho de 2010,Ibope,,,duas_mencoes_agregadas,Luiz Carlos Lucas (PSOL),2.0,2%,Pesquisas de opinião para o Senado | Lista dos candidatos ao Senado | Pesquisas de opinião para o Governo do Estado | Lista dos candidatos ao Governo do Estado | Pesquisas de opinião para o Senado[editar | editar código]
2010,RS,Eleições estaduais no Rio Grande do Sul em 2010,https://pt.wikipedia.org/wiki/Elei%C3%A7%C3%B5es_estaduais_no_Rio_Grande_do_Sul_em_2010,1,6,06-8 de julho de 2010,Ibope,,,duas_mencoes_agregadas,Marcos Monteiro (PV),2.0,2%,Pesquisas de opinião para o Senado | Lista dos candidatos ao Senado | Pesquisas de opinião para o Governo do Estado | Lista dos candidatos ao Governo do Estado | Pesquisas de opinião para o Senado[editar | editar código]
2010,RS,Eleições estaduais no Rio Grande do Sul em 2010,https://pt.wikipedia.org/wiki/Elei%C3%A7%C3%B5es_estaduais_no_Rio_Grande_do_Sul_em_2010,1,6,06-8 de julho de 2010,Ibope,,,duas_mencoes_agregadas,Germano Rigotto (PMDB),46.0,46%,Pesquisas de opinião para o Senado | Lista dos candidatos ao Senado | Pesquisas de opinião para o Governo do Estado | Lista dos candidatos ao Governo do Estado | Pesquisas de opinião para o Senado[editar | editar código]
2010,RS,Eleições estaduais no Rio Grande do Sul em 2010,https://pt.wikipedia.org/wiki/Elei%C3%A7%C3%B5es_estaduais_no_Rio_Grande_do_Sul_em_2010,1,6,06-8 de julho de 2010,Ibope,,,duas_mencoes_agregadas,Paulo Paim (PT),46.0,46%,Pesquisas de opinião para o Senado | Lista dos candidatos ao Senado | Pesquisas de opinião para o Governo do Estado | Lista dos candidatos ao Governo do Estado | Pesquisas de opinião para o Senado[editar | editar código]
2010,RS,Eleições estaduais no Rio Grande do Sul em 2010,https://pt.wikipedia.org/wiki/Elei%C3%A7%C3%B5es_estaduais_no_Rio_Grande_do_Sul_em_2010,1,6,06-8 de julho de 2010,Ibope,,,duas_mencoes_agregadas,Roberto Gross (PTC),2.0,2%,Pesquisas de opinião para o Senado | Lista dos candidatos ao Senado | Pesquisas de opinião para o Governo do Estado | Lista dos candidatos ao Governo do Estado | Pesquisas de opinião para o Senado[editar | editar código]
2010,RS,Eleições estaduais no Rio Grande do Sul em 2010,https://pt.wikipedia.org/wiki/Elei%C3%A7%C3%B5es_estaduais_no_Rio_Grande_do_Sul_em_2010,1,6,06-8 de julho de 2010,Ibope,,,duas_mencoes_agregadas,Vera Guasso (PSTU),5.0,5%,Pesquisas de opinião para o Senado | Lista dos candidatos ao Senado | Pesquisas de opinião para o Governo do Estado | Lista dos candidatos ao Governo do Estado | Pesquisas de opinião para o Senado[editar | editar código]
2010,RS,Eleições estaduais no Rio Grande do Sul em 2010,https://pt.wikipedia.org/wiki/Elei%C3%A7%C3%B5es_estaduais_no_Rio_Grande_do_Sul_em_2010,1,7,17-20 de julho de 2010,Vox Populi,,,nao_identificado,Ana Amélia Lemos (PP),34.0,34%,Pesquisas de opinião para o Senado | Lista dos candidatos ao Senado | Pesquisas de opinião para o Governo do Estado | Lista dos candidatos ao Governo do Estado | Pesquisas de opinião para o Senado[editar | editar código]
2010,RS,Eleições estaduais no Rio Grande do Sul em 2010,https://pt.wikipedia.org/wiki/Elei%C3%A7%C3%B5es_estaduais_no_Rio_Grande_do_Sul_em_2010,1,7,17-20 de julho de 2010,Vox Populi,,,nao_identificado,Germano Rigotto (PMDB),31.0,31%,Pesquisas de opinião para o Senado | Lista dos candidatos ao Senado | Pesquisas de opinião para o Governo do Estado | Lista dos candidatos ao Governo do Estado | Pesquisas de opinião para o Senado[editar | editar código]
2010,RS,Eleições estaduais no Rio Grande do Sul em 2010,https://pt.wikipedia.org/wiki/Elei%C3%A7%C3%B5es_estaduais_no_Rio_Grande_do_Sul_em_2010,1,7,17-20 de julho de 2010,Vox Populi,,,nao_identificado,Paulo Paim (PT),33.0,33%,Pesquisas de opinião para o Senado | Lista dos candidatos ao Senado | Pesquisas de opinião para o Governo do Estado | Lista dos candidatos ao Governo do Estado | Pesquisas de opinião para o Senado[editar | editar código]
2010,RS,Eleições estaduais no Rio Grande do Sul em 2010,https://pt.wikipedia.org/wiki/Elei%C3%A7%C3%B5es_estaduais_no_Rio_Grande_do_Sul_em_2010,1,8,20-23 de julho de 2010,Datafolha,,,duas_mencoes_agregadas,Abigail Pereira (PCdoB),1.0,1%,Pesquisas de opinião para o Senado | Lista dos candidatos ao Senado | Pesquisas de opinião para o Governo do Estado | Lista dos candidatos ao Governo do Estado | Pesquisas de opinião para o Senado[editar | editar código]
2010,RS,Eleições estaduais no Rio Grande do Sul em 2010,https://pt.wikipedia.org/wiki/Elei%C3%A7%C3%B5es_estaduais_no_Rio_Grande_do_Sul_em_2010,1,8,20-23 de julho de 2010,Datafolha,,,duas_mencoes_agregadas,Ana Amélia Lemos (PP),33.0,33%,Pesquisas de opinião para o Senado | Lista dos candidatos ao Senado | Pesquisas de opinião para o Governo do Estado | Lista dos candidatos ao Governo do Estado | Pesquisas de opinião para o Senado[editar | editar código]
2010,RS,Eleições estaduais no Rio Grande do Sul em 2010,https://pt.wikipedia.org/wiki/Elei%C3%A7%C3%B5es_estaduais_no_Rio_Grande_do_Sul_em_2010,1,8,20-23 de julho de 2010,Datafolha,,,duas_mencoes_agregadas,Bernadete Menezes (PSOL),1.0,1%,Pesquisas de opinião para o Senado | Lista dos candidatos ao Senado | Pesquisas de opinião para o Governo do Estado | Lista dos candidatos ao Governo do Estado | Pesquisas de opinião para o Senado[editar | editar código]
2010,RS,Eleições estaduais no Rio Grande do Sul em 2010,https://pt.wikipedia.org/wiki/Elei%C3%A7%C3%B5es_estaduais_no_Rio_Grande_do_Sul_em_2010,1,8,20-23 de julho de 2010,Datafolha,,,duas_mencoes_agregadas,José Schneider (PMN),4.0,4%,Pesquisas de opinião para o Senado | Lista dos candidatos ao Senado | Pesquisas de opinião para o Governo do Estado | Lista dos candidatos ao Governo do Estado | Pesquisas de opinião para o Senado[editar | editar código]
2010,RS,Eleições estaduais no Rio Grande do Sul em 2010,https://pt.wikipedia.org/wiki/Elei%C3%A7%C3%B5es_estaduais_no_Rio_Grande_do_Sul_em_2010,1,8,20-23 de julho de 2010,Datafolha,,,duas_mencoes_agregadas,Luiz Carlos Lucas (PSOL),2.0,2%,Pesquisas de opinião para o Senado | Lista dos candidatos ao Senado | Pesquisas de opinião para o Governo do Estado | Lista dos candidatos ao Governo do Estado | Pesquisas de opinião para o Senado[editar | editar código]
2010,RS,Eleições estaduais no Rio Grande do Sul em 2010,https://pt.wikipedia.org/wiki/Elei%C3%A7%C3%B5es_estaduais_no_Rio_Grande_do_Sul_em_2010,1,8,20-23 de julho de 2010,Datafolha,,,duas_mencoes_agregadas,Marcos Monteiro (PV),2.0,2%,Pesquisas de opinião para o Senado | Lista dos candidatos ao Senado | Pesquisas de opinião para o Governo do Estado | Lista dos candidatos ao Governo do Estado | Pesquisas de opinião para o Senado[editar | editar código]
2010,RS,Eleições estaduais no Rio Grande do Sul em 2010,https://pt.wikipedia.org/wiki/Elei%C3%A7%C3%B5es_estaduais_no_Rio_Grande_do_Sul_em_2010,1,8,20-23 de julho de 2010,Datafolha,,,duas_mencoes_agregadas,Germano Rigotto (PMDB),41.0,41%,Pesquisas de opinião para o Senado | Lista dos candidatos ao Senado | Pesquisas de opinião para o Governo do Estado | Lista dos candidatos ao Governo do Estado | Pesquisas de opinião para o Senado[editar | editar código]
2010,RS,Eleições estaduais no Rio Grande do Sul em 2010,https://pt.wikipedia.org/wiki/Elei%C3%A7%C3%B5es_estaduais_no_Rio_Grande_do_Sul_em_2010,1,8,20-23 de julho de 2010,Datafolha,,,duas_mencoes_agregadas,Paulo Paim (PT),37.0,37%,Pesquisas de opinião para o Senado | Lista dos candidatos ao Senado | Pesquisas de opinião para o Governo do Estado | Lista dos candidatos ao Governo do Estado | Pesquisas de opinião para o Senado[editar | editar código]
2010,RS,Eleições estaduais no Rio Grande do Sul em 2010,https://pt.wikipedia.org/wiki/Elei%C3%A7%C3%B5es_estaduais_no_Rio_Grande_do_Sul_em_2010,1,8,20-23 de julho de 2010,Datafolha,,,duas_mencoes_agregadas,Roberto Gross (PTC),2.0,2%,Pesquisas de opinião para o Senado | Lista dos candidatos ao Senado | Pesquisas de opinião para o Governo do Estado | Lista dos candidatos ao Governo do Estado | Pesquisas de opinião para o Senado[editar | editar código]
2010,RS,Eleições estaduais no Rio Grande do Sul em 2010,https://pt.wikipedia.org/wiki/Elei%C3%A7%C3%B5es_estaduais_no_Rio_Grande_do_Sul_em_2010,1,8,20-23 de julho de 2010,Datafolha,,,duas_mencoes_agregadas,Vera Guasso (PSTU),4.0,4%,Pesquisas de opinião para o Senado | Lista dos candidatos ao Senado | Pesquisas de opinião para o Governo do Estado | Lista dos candidatos ao Governo do Estado | Pesquisas de opinião para o Senado[editar | editar código]
2010,RS,Eleições estaduais no Rio Grande do Sul em 2010,https://pt.wikipedia.org/wiki/Elei%C3%A7%C3%B5es_estaduais_no_Rio_Grande_do_Sul_em_2010,1,9,03-05 de agosto de 2010,Ibope,,,duas_mencoes_agregadas,Abigail Pereira (PCdoB),1.0,1%,Pesquisas de opinião para o Senado | Lista dos candidatos ao Senado | Pesquisas de opinião para o Governo do Estado | Lista dos candidatos ao Governo do Estado | Pesquisas de opinião para o Senado[editar | editar código]
2010,RS,Eleições estaduais no Rio Grande do Sul em 2010,https://pt.wikipedia.org/wiki/Elei%C3%A7%C3%B5es_estaduais_no_Rio_Grande_do_Sul_em_2010,1,9,03-05 de agosto de 2010,Ibope,,,duas_mencoes_agregadas,Ana Amélia Lemos (PP),38.0,38%,Pesquisas de opinião para o Senado | Lista dos candidatos ao Senado | Pesquisas de opinião para o Governo do Estado | Lista dos candidatos ao Governo do Estado | Pesquisas de opinião para o Senado[editar | editar código]
2010,RS,Eleições estaduais no Rio Grande do Sul em 2010,https://pt.wikipedia.org/wiki/Elei%C3%A7%C3%B5es_estaduais_no_Rio_Grande_do_Sul_em_2010,1,9,03-05 de agosto de 2010,Ibope,,,duas_mencoes_agregadas,Bernadete Menezes (PSOL),1.0,1%,Pesquisas de opinião para o Senado | Lista dos candidatos ao Senado | Pesquisas de opinião para o Governo do Estado | Lista dos candidatos ao Governo do Estado | Pesquisas de opinião para o Senado[editar | editar código]
2010,RS,Eleições estaduais no Rio Grande do Sul em 2010,https://pt.wikipedia.org/wiki/Elei%C3%A7%C3%B5es_estaduais_no_Rio_Grande_do_Sul_em_2010,1,9,03-05 de agosto de 2010,Ibope,,,duas_mencoes_agregadas,José Schneider (PMN),3.0,3%,Pesquisas de opinião para o Senado | Lista dos candidatos ao Senado | Pesquisas de opinião para o Governo do Estado | Lista dos candidatos ao Governo do Estado | Pesquisas de opinião para o Senado[editar | editar código]
2010,RS,Eleições estaduais no Rio Grande do Sul em 2010,https://pt.wikipedia.org/wiki/Elei%C3%A7%C3%B5es_estaduais_no_Rio_Grande_do_Sul_em_2010,1,9,03-05 de agosto de 2010,Ibope,,,duas_mencoes_agregadas,Luiz Carlos Lucas (PSOL),2.0,2%,Pesquisas de opinião para o Senado | Lista dos candidatos ao Senado | Pesquisas de opinião para o Governo do Estado | Lista dos candidatos ao Governo do Estado | Pesquisas de opinião para o Senado[editar | editar código]
2010,RS,Eleições estaduais no Rio Grande do Sul em 2010,https://pt.wikipedia.org/wiki/Elei%C3%A7%C3%B5es_estaduais_no_Rio_Grande_do_Sul_em_2010,1,9,03-05 de agosto de 2010,Ibope,,,duas_mencoes_agregadas,Marcos Monteiro (PV),1.0,1%,Pesquisas de opinião para o Senado | Lista dos candidatos ao Senado | Pesquisas de opinião para o Governo do Estado | Lista dos candidatos ao Governo do Estado | Pesquisas de opinião para o Senado[editar | editar código]
2010,RS,Eleições estaduais no Rio Grande do Sul em 2010,https://pt.wikipedia.org/wiki/Elei%C3%A7%C3%B5es_estaduais_no_Rio_Grande_do_Sul_em_2010,1,9,03-05 de agosto de 2010,Ibope,,,duas_mencoes_agregadas,Germano Rigotto (PMDB),39.0,39%,Pesquisas de opinião para o Senado | Lista dos candidatos ao Senado | Pesquisas de opinião para o Governo do Estado | Lista dos candidatos ao Governo do Estado | Pesquisas de opinião para o Senado[editar | editar código]
2010,RS,Eleições estaduais no Rio Grande do Sul em 2010,https://pt.wikipedia.org/wiki/Elei%C3%A7%C3%B5es_estaduais_no_Rio_Grande_do_Sul_em_2010,1,9,03-05 de agosto de 2010,Ibope,,,duas_mencoes_agregadas,Paulo Paim (PT),39.0,39%,Pesquisas de opinião para o Senado | Lista dos candidatos ao Senado | Pesquisas de opinião para o Governo do Estado | Lista dos candidatos ao Governo do Estado | Pesquisas de opinião para o Senado[editar | editar código]
2010,RS,Eleições estaduais no Rio Grande do Sul em 2010,https://pt.wikipedia.org/wiki/Elei%C3%A7%C3%B5es_estaduais_no_Rio_Grande_do_Sul_em_2010,1,9,03-05 de agosto de 2010,Ibope,,,duas_mencoes_agregadas,Roberto Gross (PTC),2.0,2%,Pesquisas de opinião para o Senado | Lista dos candidatos ao Senado | Pesquisas de opinião para o Governo do Estado | Lista dos candidatos ao Governo do Estado | Pesquisas de opinião para o Senado[editar | editar código]
2010,RS,Eleições estaduais no Rio Grande do Sul em 2010,https://pt.wikipedia.org/wiki/Elei%C3%A7%C3%B5es_estaduais_no_Rio_Grande_do_Sul_em_2010,1,9,03-05 de agosto de 2010,Ibope,,,duas_mencoes_agregadas,Vera Guasso (PSTU),5.0,5%,Pesquisas de opinião para o Senado | Lista dos candidatos ao Senado | Pesquisas de opinião para o Governo do Estado | Lista dos candidatos ao Governo do Estado | Pesquisas de opinião para o Senado[editar | editar código]
2010,RS,Eleições estaduais no Rio Grande do Sul em 2010,https://pt.wikipedia.org/wiki/Elei%C3%A7%C3%B5es_estaduais_no_Rio_Grande_do_Sul_em_2010,1,10,07-10 de agosto de 2010,Vox Populi,,,nao_identificado,Ana Amélia Lemos (PP),27.0,27%,Pesquisas de opinião para o Senado | Lista dos candidatos ao Senado | Pesquisas de opinião para o Governo do Estado | Lista dos candidatos ao Governo do Estado | Pesquisas de opinião para o Senado[editar | editar código]
2010,RS,Eleições estaduais no Rio Grande do Sul em 2010,https://pt.wikipedia.org/wiki/Elei%C3%A7%C3%B5es_estaduais_no_Rio_Grande_do_Sul_em_2010,1,10,07-10 de agosto de 2010,Vox Populi,,,nao_identificado,Germano Rigotto (PMDB),38.0,38%,Pesquisas de opinião para o Senado | Lista dos candidatos ao Senado | Pesquisas de opinião para o Governo do Estado | Lista dos candidatos ao Governo do Estado | Pesquisas de opinião para o Senado[editar | editar código]
2010,RS,Eleições estaduais no Rio Grande do Sul em 2010,https://pt.wikipedia.org/wiki/Elei%C3%A7%C3%B5es_estaduais_no_Rio_Grande_do_Sul_em_2010,1,10,07-10 de agosto de 2010,Vox Populi,,,nao_identificado,Paulo Paim (PT),30.0,30%,Pesquisas de opinião para o Senado | Lista dos candidatos ao Senado | Pesquisas de opinião para o Governo do Estado | Lista dos candidatos ao Governo do Estado | Pesquisas de opinião para o Senado[editar | editar código]
2010,RS,Eleições estaduais no Rio Grande do Sul em 2010,https://pt.wikipedia.org/wiki/Elei%C3%A7%C3%B5es_estaduais_no_Rio_Grande_do_Sul_em_2010,1,11,09-12 de agosto de 2010,Datafolha,,,duas_mencoes_agregadas,Abigail Pereira (PCdoB),1.0,1%,Pesquisas de opinião para o Senado | Lista dos candidatos ao Senado | Pesquisas de opinião para o Governo do Estado | Lista dos candidatos ao Governo do Estado | Pesquisas de opinião para o Senado[editar | editar código]
2010,RS,Eleições estaduais no Rio Grande do Sul em 2010,https://pt.wikipedia.org/wiki/Elei%C3%A7%C3%B5es_estaduais_no_Rio_Grande_do_Sul_em_2010,1,11,09-12 de agosto de 2010,Datafolha,,,duas_mencoes_agregadas,Ana Amélia Lemos (PP),35.0,35%,Pesquisas de opinião para o Senado | Lista dos candidatos ao Senado | Pesquisas de opinião para o Governo do Estado | Lista dos candidatos ao Governo do Estado | Pesquisas de opinião para o Senado[editar | editar código]
2010,RS,Eleições estaduais no Rio Grande do Sul em 2010,https://pt.wikipedia.org/wiki/Elei%C3%A7%C3%B5es_estaduais_no_Rio_Grande_do_Sul_em_2010,1,11,09-12 de agosto de 2010,Datafolha,,,duas_mencoes_agregadas,Bernadete Menezes (PSOL),1.0,1%,Pesquisas de opinião para o Senado | Lista dos candidatos ao Senado | Pesquisas de opinião para o Governo do Estado | Lista dos candidatos ao Governo do Estado | Pesquisas de opinião para o Senado[editar | editar código]
2010,RS,Eleições estaduais no Rio Grande do Sul em 2010,https://pt.wikipedia.org/wiki/Elei%C3%A7%C3%B5es_estaduais_no_Rio_Grande_do_Sul_em_2010,1,11,09-12 de agosto de 2010,Datafolha,,,duas_mencoes_agregadas,José Schneider (PMN),3.0,3%,Pesquisas de opinião para o Senado | Lista dos candidatos ao Senado | Pesquisas de opinião para o Governo do Estado | Lista dos candidatos ao Governo do Estado | Pesquisas de opinião para o Senado[editar | editar código]
2010,RS,Eleições estaduais no Rio Grande do Sul em 2010,https://pt.wikipedia.org/wiki/Elei%C3%A7%C3%B5es_estaduais_no_Rio_Grande_do_Sul_em_2010,1,11,09-12 de agosto de 2010,Datafolha,,,duas_mencoes_agregadas,Luís Carlos Draehmer (PCB),1.0,1%,Pesquisas de opinião para o Senado | Lista dos candidatos ao Senado | Pesquisas de opinião para o Governo do Estado | Lista dos candidatos ao Governo do Estado | Pesquisas de opinião para o Senado[editar | editar código]
2010,RS,Eleições estaduais no Rio Grande do Sul em 2010,https://pt.wikipedia.org/wiki/Elei%C3%A7%C3%B5es_estaduais_no_Rio_Grande_do_Sul_em_2010,1,11,09-12 de agosto de 2010,Datafolha,,,duas_mencoes_agregadas,Luiz Carlos Lucas (PSOL),1.0,1%,Pesquisas de opinião para o Senado | Lista dos candidatos ao Senado | Pesquisas de opinião para o Governo do Estado | Lista dos candidatos ao Governo do Estado | Pesquisas de opinião para o Senado[editar | editar código]
2010,RS,Eleições estaduais no Rio Grande do Sul em 2010,https://pt.wikipedia.org/wiki/Elei%C3%A7%C3%B5es_estaduais_no_Rio_Grande_do_Sul_em_2010,1,11,09-12 de agosto de 2010,Datafolha,,,duas_mencoes_agregadas,Marcos Monteiro (PV),2.0,2%,Pesquisas de opinião para o Senado | Lista dos candidatos ao Senado | Pesquisas de opinião para o Governo do Estado | Lista dos candidatos ao Governo do Estado | Pesquisas de opinião para o Senado[editar | editar código]
2010,RS,Eleições estaduais no Rio Grande do Sul em 2010,https://pt.wikipedia.org/wiki/Elei%C3%A7%C3%B5es_estaduais_no_Rio_Grande_do_Sul_em_2010,1,11,09-12 de agosto de 2010,Datafolha,,,duas_mencoes_agregadas,Germano Rigotto (PMDB),43.0,43%,Pesquisas de opinião para o Senado | Lista dos candidatos ao Senado | Pesquisas de opinião para o Governo do Estado | Lista dos candidatos ao Governo do Estado | Pesquisas de opinião para o Senado[editar | editar código]
2010,RS,Eleições estaduais no Rio Grande do Sul em 2010,https://pt.wikipedia.org/wiki/Elei%C3%A7%C3%B5es_estaduais_no_Rio_Grande_do_Sul_em_2010,1,11,09-12 de agosto de 2010,Datafolha,,,duas_mencoes_agregadas,Paulo Paim (PT),35.0,35%,Pesquisas de opinião para o Senado | Lista dos candidatos ao Senado | Pesquisas de opinião para o Governo do Estado | Lista dos candidatos ao Governo do Estado | Pesquisas de opinião para o Senado[editar | editar código]
2010,RS,Eleições estaduais no Rio Grande do Sul em 2010,https://pt.wikipedia.org/wiki/Elei%C3%A7%C3%B5es_estaduais_no_Rio_Grande_do_Sul_em_2010,1,11,09-12 de agosto de 2010,Datafolha,,,duas_mencoes_agregadas,Roberto Gross (PTC),2.0,2%,Pesquisas de opinião para o Senado | Lista dos candidatos ao Senado | Pesquisas de opinião para o Governo do Estado | Lista dos candidatos ao Governo do Estado | Pesquisas de opinião para o Senado[editar | editar código]
2010,RS,Eleições estaduais no Rio Grande do Sul em 2010,https://pt.wikipedia.org/wiki/Elei%C3%A7%C3%B5es_estaduais_no_Rio_Grande_do_Sul_em_2010,1,11,09-12 de agosto de 2010,Datafolha,,,duas_mencoes_agregadas,Vera Guasso (PSTU),3.0,3%,Pesquisas de opinião para o Senado | Lista dos candidatos ao Senado | Pesquisas de opinião para o Governo do Estado | Lista dos candidatos ao Governo do Estado | Pesquisas de opinião para o Senado[editar | editar código]
2010,RS,Eleições estaduais no Rio Grande do Sul em 2010,https://pt.wikipedia.org/wiki/Elei%C3%A7%C3%B5es_estaduais_no_Rio_Grande_do_Sul_em_2010,1,12,11-13 de agosto de 2010,Methodus,,,duas_mencoes_agregadas,Abigail Pereira (PCdoB),2.4,"2,4%",Pesquisas de opinião para o Senado | Lista dos candidatos ao Senado | Pesquisas de opinião para o Governo do Estado | Lista dos candidatos ao Governo do Estado | Pesquisas de opinião para o Senado[editar | editar código]
2010,RS,Eleições estaduais no Rio Grande do Sul em 2010,https://pt.wikipedia.org/wiki/Elei%C3%A7%C3%B5es_estaduais_no_Rio_Grande_do_Sul_em_2010,1,12,11-13 de agosto de 2010,Methodus,,,duas_mencoes_agregadas,Ana Amélia Lemos (PP),39.4,"39,4%",Pesquisas de opinião para o Senado | Lista dos candidatos ao Senado | Pesquisas de opinião para o Governo do Estado | Lista dos candidatos ao Governo do Estado | Pesquisas de opinião para o Senado[editar | editar código]
2010,RS,Eleições estaduais no Rio Grande do Sul em 2010,https://pt.wikipedia.org/wiki/Elei%C3%A7%C3%B5es_estaduais_no_Rio_Grande_do_Sul_em_2010,1,12,11-13 de agosto de 2010,Methodus,,,duas_mencoes_agregadas,Bernadete Menezes (PSOL),2.5,"2,5%",Pesquisas de opinião para o Senado | Lista dos candidatos ao Senado | Pesquisas de opinião para o Governo do Estado | Lista dos candidatos ao Governo do Estado | Pesquisas de opinião para o Senado[editar | editar código]
2010,RS,Eleições estaduais no Rio Grande do Sul em 2010,https://pt.wikipedia.org/wiki/Elei%C3%A7%C3%B5es_estaduais_no_Rio_Grande_do_Sul_em_2010,1,12,11-13 de agosto de 2010,Methodus,,,duas_mencoes_agregadas,José Schneider (PMN),3.7,"3,7%",Pesquisas de opinião para o Senado | Lista dos candidatos ao Senado | Pesquisas de opinião para o Governo do Estado | Lista dos candidatos ao Governo do Estado | Pesquisas de opinião para o Senado[editar | editar código]
2010,RS,Eleições estaduais no Rio Grande do Sul em 2010,https://pt.wikipedia.org/wiki/Elei%C3%A7%C3%B5es_estaduais_no_Rio_Grande_do_Sul_em_2010,1,12,11-13 de agosto de 2010,Methodus,,,duas_mencoes_agregadas,Luiz Carlos Lucas (PSOL),2.1,"2,1%",Pesquisas de opinião para o Senado | Lista dos candidatos ao Senado | Pesquisas de opinião para o Governo do Estado | Lista dos candidatos ao Governo do Estado | Pesquisas de opinião para o Senado[editar | editar código]
2010,RS,Eleições estaduais no Rio Grande do Sul em 2010,https://pt.wikipedia.org/wiki/Elei%C3%A7%C3%B5es_estaduais_no_Rio_Grande_do_Sul_em_2010,1,12,11-13 de agosto de 2010,Methodus,,,duas_mencoes_agregadas,Marcos Monteiro (PV),2.7,"2,7%",Pesquisas de opinião para o Senado | Lista dos candidatos ao Senado | Pesquisas de opinião para o Governo do Estado | Lista dos candidatos ao Governo do Estado | Pesquisas de opinião para o Senado[editar | editar código]
2010,RS,Eleições estaduais no Rio Grande do Sul em 2010,https://pt.wikipedia.org/wiki/Elei%C3%A7%C3%B5es_estaduais_no_Rio_Grande_do_Sul_em_2010,1,12,11-13 de agosto de 2010,Methodus,,,duas_mencoes_agregadas,Germano Rigotto (PMDB),48.5,"48,5%",Pesquisas de opinião para o Senado | Lista dos candidatos ao Senado | Pesquisas de opinião para o Governo do Estado | Lista dos candidatos ao Governo do Estado | Pesquisas de opinião para o Senado[editar | editar código]
2010,RS,Eleições estaduais no Rio Grande do Sul em 2010,https://pt.wikipedia.org/wiki/Elei%C3%A7%C3%B5es_estaduais_no_Rio_Grande_do_Sul_em_2010,1,12,11-13 de agosto de 2010,Methodus,,,duas_mencoes_agregadas,Paulo Paim (PT),47.7,"47,7%",Pesquisas de opinião para o Senado | Lista dos candidatos ao Senado | Pesquisas de opinião para o Governo do Estado | Lista dos candidatos ao Governo do Estado | Pesquisas de opinião para o Senado[editar | editar código]
2010,RS,Eleições estaduais no Rio Grande do Sul em 2010,https://pt.wikipedia.org/wiki/Elei%C3%A7%C3%B5es_estaduais_no_Rio_Grande_do_Sul_em_2010,1,12,11-13 de agosto de 2010,Methodus,,,duas_mencoes_agregadas,Roberto Gross (PTC),1.4,"1,4%",Pesquisas de opinião para o Senado | Lista dos candidatos ao Senado | Pesquisas de opinião para o Governo do Estado | Lista dos candidatos ao Governo do Estado | Pesquisas de opinião para o Senado[editar | editar código]
2010,RS,Eleições estaduais no Rio Grande do Sul em 2010,https://pt.wikipedia.org/wiki/Elei%C3%A7%C3%B5es_estaduais_no_Rio_Grande_do_Sul_em_2010,1,12,11-13 de agosto de 2010,Methodus,,,duas_mencoes_agregadas,Vera Guasso (PSTU),4.2,"4,2%",Pesquisas de opinião para o Senado | Lista dos candidatos ao Senado | Pesquisas de opinião para o Governo do Estado | Lista dos candidatos ao Governo do Estado | Pesquisas de opinião para o Senado[editar | editar código]
2010,RS,Eleições estaduais no Rio Grande do Sul em 2010,https://pt.wikipedia.org/wiki/Elei%C3%A7%C3%B5es_estaduais_no_Rio_Grande_do_Sul_em_2010,1,13,23-24 de agosto de 2010,Datafolha,,,duas_mencoes_agregadas,Abigail Pereira (PCdoB),4.0,4%,Pesquisas de opinião para o Senado | Lista dos candidatos ao Senado | Pesquisas de opinião para o Governo do Estado | Lista dos candidatos ao Governo do Estado | Pesquisas de opinião para o Senado[editar | editar código]
2010,RS,Eleições estaduais no Rio Grande do Sul em 2010,https://pt.wikipedia.org/wiki/Elei%C3%A7%C3%B5es_estaduais_no_Rio_Grande_do_Sul_em_2010,1,13,23-24 de agosto de 2010,Datafolha,,,duas_mencoes_agregadas,Ana Amélia Lemos (PP),44.0,44%,Pesquisas de opinião para o Senado | Lista dos candidatos ao Senado | Pesquisas de opinião para o Governo do Estado | Lista dos candidatos ao Governo do Estado | Pesquisas de opinião para o Senado[editar | editar código]
2010,RS,Eleições estaduais no Rio Grande do Sul em 2010,https://pt.wikipedia.org/wiki/Elei%C3%A7%C3%B5es_estaduais_no_Rio_Grande_do_Sul_em_2010,1,13,23-24 de agosto de 2010,Datafolha,,,duas_mencoes_agregadas,Bernadete Menezes (PSOL),1.0,1%,Pesquisas de opinião para o Senado | Lista dos candidatos ao Senado | Pesquisas de opinião para o Governo do Estado | Lista dos candidatos ao Governo do Estado | Pesquisas de opinião para o Senado[editar | editar código]
2010,RS,Eleições estaduais no Rio Grande do Sul em 2010,https://pt.wikipedia.org/wiki/Elei%C3%A7%C3%B5es_estaduais_no_Rio_Grande_do_Sul_em_2010,1,13,23-24 de agosto de 2010,Datafolha,,,duas_mencoes_agregadas,José Schneider (PMN),3.0,3%,Pesquisas de opinião para o Senado | Lista dos candidatos ao Senado | Pesquisas de opinião para o Governo do Estado | Lista dos candidatos ao Governo do Estado | Pesquisas de opinião para o Senado[editar | editar código]
2010,RS,Eleições estaduais no Rio Grande do Sul em 2010,https://pt.wikipedia.org/wiki/Elei%C3%A7%C3%B5es_estaduais_no_Rio_Grande_do_Sul_em_2010,1,13,23-24 de agosto de 2010,Datafolha,,,duas_mencoes_agregadas,Luís Carlos Draehmer (PCB),1.0,1%,Pesquisas de opinião para o Senado | Lista dos candidatos ao Senado | Pesquisas de opinião para o Governo do Estado | Lista dos candidatos ao Governo do Estado | Pesquisas de opinião para o Senado[editar | editar código]
2010,RS,Eleições estaduais no Rio Grande do Sul em 2010,https://pt.wikipedia.org/wiki/Elei%C3%A7%C3%B5es_estaduais_no_Rio_Grande_do_Sul_em_2010,1,13,23-24 de agosto de 2010,Datafolha,,,duas_mencoes_agregadas,Luiz Carlos Lucas (PSOL),2.0,2%,Pesquisas de opinião para o Senado | Lista dos candidatos ao Senado | Pesquisas de opinião para o Governo do Estado | Lista dos candidatos ao Governo do Estado | Pesquisas de opinião para o Senado[editar | editar código]
2010,RS,Eleições estaduais no Rio Grande do Sul em 2010,https://pt.wikipedia.org/wiki/Elei%C3%A7%C3%B5es_estaduais_no_Rio_Grande_do_Sul_em_2010,1,13,23-24 de agosto de 2010,Datafolha,,,duas_mencoes_agregadas,Marcos Monteiro (PV),1.0,1%,Pesquisas de opinião para o Senado | Lista dos candidatos ao Senado | Pesquisas de opinião para o Governo do Estado | Lista dos candidatos ao Governo do Estado | Pesquisas de opinião para o Senado[editar | editar código]
2010,RS,Eleições estaduais no Rio Grande do Sul em 2010,https://pt.wikipedia.org/wiki/Elei%C3%A7%C3%B5es_estaduais_no_Rio_Grande_do_Sul_em_2010,1,13,23-24 de agosto de 2010,Datafolha,,,duas_mencoes_agregadas,Germano Rigotto (PMDB),42.0,42%,Pesquisas de opinião para o Senado | Lista dos candidatos ao Senado | Pesquisas de opinião para o Governo do Estado | Lista dos candidatos ao Governo do Estado | Pesquisas de opinião para o Senado[editar | editar código]
2010,RS,Eleições estaduais no Rio Grande do Sul em 2010,https://pt.wikipedia.org/wiki/Elei%C3%A7%C3%B5es_estaduais_no_Rio_Grande_do_Sul_em_2010,1,13,23-24 de agosto de 2010,Datafolha,,,duas_mencoes_agregadas,Paulo Paim (PT),38.0,38%,Pesquisas de opinião para o Senado | Lista dos candidatos ao Senado | Pesquisas de opinião para o Governo do Estado | Lista dos candidatos ao Governo do Estado | Pesquisas de opinião para o Senado[editar | editar código]
2010,RS,Eleições estaduais no Rio Grande do Sul em 2010,https://pt.wikipedia.org/wiki/Elei%C3%A7%C3%B5es_estaduais_no_Rio_Grande_do_Sul_em_2010,1,13,23-24 de agosto de 2010,Datafolha,,,duas_mencoes_agregadas,Roberto Gross (PTC),1.0,1%,Pesquisas de opinião para o Senado | Lista dos candidatos ao Senado | Pesquisas de opinião para o Governo do Estado | Lista dos candidatos ao Governo do Estado | Pesquisas de opinião para o Senado[editar | editar código]
2010,RS,Eleições estaduais no Rio Grande do Sul em 2010,https://pt.wikipedia.org/wiki/Elei%C3%A7%C3%B5es_estaduais_no_Rio_Grande_do_Sul_em_2010,1,13,23-24 de agosto de 2010,Datafolha,,,duas_mencoes_agregadas,Vera Guasso (PSTU),2.0,2%,Pesquisas de opinião para o Senado | Lista dos candidatos ao Senado | Pesquisas de opinião para o Governo do Estado | Lista dos candidatos ao Governo do Estado | Pesquisas de opinião para o Senado[editar | editar código]
