ano,uf,pagina,url,tabela,linha,candidato_resultado,partido_resultado,votos,percentual_publicado,percentual_original,fonte_primaria,fonte_estruturada,ranking_voto_bruto,eleito_top2_voto_bruto,share_voto_nominal_calculado,diferenca_percentual_publicado_pp
2018,AC,Eleições estaduais no Acre em 2018,https://pt.wikipedia.org/wiki/Elei%C3%A7%C3%B5es_estaduais_no_Acre_em_2018,11,1,Petecão,,244109,30.71,"30,71%",TSE/Justiça Eleitoral (conforme tabela estadual),Wikipédia,2,True,0.15354524857562313,15.355475142437685
2018,AC,Eleições estaduais no Acre em 2018,https://pt.wikipedia.org/wiki/Elei%C3%A7%C3%B5es_estaduais_no_Acre_em_2018,11,2,Bittar,,185066,23.28,"23,28%",TSE/Justiça Eleitoral (conforme tabela estadual),Wikipédia,3,False,0.11640703527070394,11.639296472929606
2018,AC,Eleições estaduais no Acre em 2018,https://pt.wikipedia.org/wiki/Elei%C3%A7%C3%B5es_estaduais_no_Acre_em_2018,11,3,Viana,,117200,14.74,"14,74%",TSE/Justiça Eleitoral (conforme tabela estadual),Wikipédia,4,False,0.07371913011426465,7.368086988573536
2018,AC,Eleições estaduais no Acre em 2018,https://pt.wikipedia.org/wiki/Elei%C3%A7%C3%B5es_estaduais_no_Acre_em_2018,11,4,Amorim,,115243,14.5,"14,5%",TSE/Justiça Eleitoral (conforme tabela estadual),Wikipédia,5,False,0.07248817160203243,7.251182839796757
2018,AC,Eleições estaduais no Acre em 2018,https://pt.wikipedia.org/wiki/Elei%C3%A7%C3%B5es_estaduais_no_Acre_em_2018,11,5,Kinpara,,112989,14.21,"14,21%",TSE/Justiça Eleitoral (conforme tabela estadual),Wikipédia,6,False,0.07107039925324786,7.102960074675215
2018,AC,Eleições estaduais no Acre em 2018,https://pt.wikipedia.org/wiki/Elei%C3%A7%C3%B5es_estaduais_no_Acre_em_2018,11,6,Pedrazza,,20302,2.55,"2,55%",TSE/Justiça Eleitoral (conforme tabela estadual),Wikipédia,7,False,0.012770015184127995,1.2729984815872004
2018,AC,Eleições estaduais no Acre em 2018,https://pt.wikipedia.org/wiki/Elei%C3%A7%C3%B5es_estaduais_no_Acre_em_2018,11,7,Totais,Totais,794909,,,TSE/Justiça Eleitoral (conforme tabela estadual),Wikipédia,1,True,0.5,
2018,AL,Eleições estaduais em Alagoas em 2018,https://pt.wikipedia.org/wiki/Elei%C3%A7%C3%B5es_estaduais_em_Alagoas_em_2018,6,1,Cunha,,895738,34.38,"34,38%",TSE/Justiça Eleitoral (conforme tabela estadual),Wikipédia,2,True,0.1719122269567357,17.188777304326436
2018,AL,Eleições estaduais em Alagoas em 2018,https://pt.wikipedia.org/wiki/Elei%C3%A7%C3%B5es_estaduais_em_Alagoas_em_2018,6,2,Renan,,621562,23.86,"23,86%",TSE/Justiça Eleitoral (conforme tabela estadual),Wikipédia,3,False,0.11929169870172143,11.930830129827857
2018,AL,Eleições estaduais em Alagoas em 2018,https://pt.wikipedia.org/wiki/Elei%C3%A7%C3%B5es_estaduais_em_Alagoas_em_2018,6,3,Quintella,,494027,18.96,"18,96%",TSE/Justiça Eleitoral (conforme tabela estadual),Wikipédia,4,False,0.09481486969041758,9.478513030958243
2018,AL,Eleições estaduais em Alagoas em 2018,https://pt.wikipedia.org/wiki/Elei%C3%A7%C3%B5es_estaduais_em_Alagoas_em_2018,6,4,Benedito,,364316,13.98,"13,98%",TSE/Justiça Eleitoral (conforme tabela estadual),Wikipédia,5,False,0.06992041743899458,6.987958256100543
2018,AL,Eleições estaduais em Alagoas em 2018,https://pt.wikipedia.org/wiki/Elei%C3%A7%C3%B5es_estaduais_em_Alagoas_em_2018,6,5,Moreno,,142757,5.48,"5,48%",TSE/Justiça Eleitoral (conforme tabela estadual),Wikipédia,6,False,0.027398272467688896,2.7401727532311106
2018,AL,Eleições estaduais em Alagoas em 2018,https://pt.wikipedia.org/wiki/Elei%C3%A7%C3%B5es_estaduais_em_Alagoas_em_2018,6,6,Albuquerque,,57747,2.22,"2,22%",TSE/Justiça Eleitoral (conforme tabela estadual),Wikipédia,7,False,0.011082945426085102,1.11170545739149
2018,AL,Eleições estaduais em Alagoas em 2018,https://pt.wikipedia.org/wiki/Elei%C3%A7%C3%B5es_estaduais_em_Alagoas_em_2018,6,7,Osvaldo,,14785,0.57,"0,57%",TSE/Justiça Eleitoral (conforme tabela estadual),Wikipédia,8,False,0.0028375733479603826,0.2862426652039617
2018,AL,Eleições estaduais em Alagoas em 2018,https://pt.wikipedia.org/wiki/Elei%C3%A7%C3%B5es_estaduais_em_Alagoas_em_2018,6,8,Cabral,,11552,0.44,"0,44%",TSE/Justiça Eleitoral (conforme tabela estadual),Wikipédia,9,False,0.00221708808357378,0.218291191642622
2018,AL,Eleições estaduais em Alagoas em 2018,https://pt.wikipedia.org/wiki/Elei%C3%A7%C3%B5es_estaduais_em_Alagoas_em_2018,6,9,Flávia,,2735,0.1,"0,1%",TSE/Justiça Eleitoral (conforme tabela estadual),Wikipédia,10,False,0.0005249078868225666,0.04750921131774334
2018,AL,Eleições estaduais em Alagoas em 2018,https://pt.wikipedia.org/wiki/Elei%C3%A7%C3%B5es_estaduais_em_Alagoas_em_2018,6,10,Totais,Totais,2605219,,,TSE/Justiça Eleitoral (conforme tabela estadual),Wikipédia,1,True,0.5,
2018,AP,Eleições estaduais no Amapá em 2018,https://pt.wikipedia.org/wiki/Elei%C3%A7%C3%B5es_estaduais_no_Amap%C3%A1_em_2018,9,1,Randolfe (REDE),,264798,46.26,"46,26%",TSE/Justiça Eleitoral (conforme tabela estadual),Wikipédia,2,True,0.14454031411554907,31.80596858844509
2018,AP,Eleições estaduais no Amapá em 2018,https://pt.wikipedia.org/wiki/Elei%C3%A7%C3%B5es_estaduais_no_Amap%C3%A1_em_2018,9,2,Lucas Barreto (PTB),,128186,22.39,"22,39%",TSE/Justiça Eleitoral (conforme tabela estadual),Wikipédia,4,False,0.06997048582397063,15.39295141760294
2018,AP,Eleições estaduais no Amapá em 2018,https://pt.wikipedia.org/wiki/Elei%C3%A7%C3%B5es_estaduais_no_Amap%C3%A1_em_2018,9,3,Janete Capiberibe (PSB),,125123,0.0,"0,00%",TSE/Justiça Eleitoral (conforme tabela estadual),Wikipédia,5,False,0.06829854350516185,-6.829854350516184
2018,AP,Eleições estaduais no Amapá em 2018,https://pt.wikipedia.org/wiki/Elei%C3%A7%C3%B5es_estaduais_no_Amap%C3%A1_em_2018,9,4,Jorge Amanajás (PPS),,52678,0.0,"0,00%",TSE/Justiça Eleitoral (conforme tabela estadual),Wikipédia,6,False,0.02875435111662057,-2.875435111662057
2018,AP,Eleições estaduais no Amapá em 2018,https://pt.wikipedia.org/wiki/Elei%C3%A7%C3%B5es_estaduais_no_Amap%C3%A1_em_2018,9,5,Bala Rocha (PSDB),,45999,8.04,"8,04%",TSE/Justiça Eleitoral (conforme tabela estadual),Wikipédia,7,False,0.025108610748574917,5.529138925142507
2018,AP,Eleições estaduais no Amapá em 2018,https://pt.wikipedia.org/wiki/Elei%C3%A7%C3%B5es_estaduais_no_Amap%C3%A1_em_2018,9,6,Guaracy Júnior (PTC),,40558,7.09,"7,09%",TSE/Justiça Eleitoral (conforme tabela estadual),Wikipédia,8,False,0.022138634203802292,4.8761365796197715
2018,AP,Eleições estaduais no Amapá em 2018,https://pt.wikipedia.org/wiki/Elei%C3%A7%C3%B5es_estaduais_no_Amap%C3%A1_em_2018,9,7,Fátima Pelaes (MDB),,40405,7.06,"7,06%",TSE/Justiça Eleitoral (conforme tabela estadual),Wikipédia,9,False,0.022055118965546416,4.854488103445358
2018,AP,Eleições estaduais no Amapá em 2018,https://pt.wikipedia.org/wiki/Elei%C3%A7%C3%B5es_estaduais_no_Amap%C3%A1_em_2018,9,8,Gilvam Borges (MDB),,2936,5.13,"5,13%",TSE/Justiça Eleitoral (conforme tabela estadual),Wikipédia,14,False,0.001602619212544098,4.96973807874559
2018,AP,Eleições estaduais no Amapá em 2018,https://pt.wikipedia.org/wiki/Elei%C3%A7%C3%B5es_estaduais_no_Amap%C3%A1_em_2018,9,9,Dr. Ricardo Santos (PSL),,11882,2.08,"2,08%",TSE/Justiça Eleitoral (conforme tabela estadual),Wikipédia,10,False,0.0064858043199758075,1.431419568002419
2018,AP,Eleições estaduais no Amapá em 2018,https://pt.wikipedia.org/wiki/Elei%C3%A7%C3%B5es_estaduais_no_Amap%C3%A1_em_2018,9,10,Joaquina Lino (PCB),,6102,0.0,"0,00%",TSE/Justiça Eleitoral (conforme tabela estadual),Wikipédia,11,False,0.0033307842080872226,-0.33307842080872224
2018,AP,Eleições estaduais no Amapá em 2018,https://pt.wikipedia.org/wiki/Elei%C3%A7%C3%B5es_estaduais_no_Amap%C3%A1_em_2018,9,11,Davi Silva (PSTU),,5641,0.99,"0,99%",TSE/Justiça Eleitoral (conforme tabela estadual),Wikipédia,12,False,0.003079146790858739,0.682085320914126
2018,AP,Eleições estaduais no Amapá em 2018,https://pt.wikipedia.org/wiki/Elei%C3%A7%C3%B5es_estaduais_no_Amap%C3%A1_em_2018,9,12,Wagner Gomes (PMN),,5604,0.98,"0,98%",TSE/Justiça Eleitoral (conforme tabela estadual),Wikipédia,13,False,0.003058950295332808,0.6741049704667191
2018,AP,Eleições estaduais no Amapá em 2018,https://pt.wikipedia.org/wiki/Elei%C3%A7%C3%B5es_estaduais_no_Amap%C3%A1_em_2018,9,16,→ Votos anulados,,163903,0.28,"0,28%",TSE/Justiça Eleitoral (conforme tabela estadual),Wikipédia,3,False,0.08946665422125862,-8.666665422125861
2018,AP,Eleições estaduais no Amapá em 2018,https://pt.wikipedia.org/wiki/Elei%C3%A7%C3%B5es_estaduais_no_Amap%C3%A1_em_2018,9,19,Eleitorado apto,,938186,938.186,938.186,TSE/Justiça Eleitoral (conforme tabela estadual),Wikipédia,1,True,0.512109982472717,886.9750017527283
2018,AM,Eleições estaduais no Amazonas em 2018,https://pt.wikipedia.org/wiki/Elei%C3%A7%C3%B5es_estaduais_no_Amazonas_em_2018,10,1,Plínio Valério PSDB,,834809,25.36,"25,36%",TSE/Justiça Eleitoral (conforme tabela estadual),Wikipédia,1,True,0.25458859895744224,-0.09885989574422438
2018,AM,Eleições estaduais no Amazonas em 2018,https://pt.wikipedia.org/wiki/Elei%C3%A7%C3%B5es_estaduais_no_Amazonas_em_2018,10,2,Eduardo Braga MDB,,607286,18.45,"18,45%",TSE/Justiça Eleitoral (conforme tabela estadual),Wikipédia,2,True,0.18520175501997377,-0.0701755019973771
2018,AM,Eleições estaduais no Amazonas em 2018,https://pt.wikipedia.org/wiki/Elei%C3%A7%C3%B5es_estaduais_no_Amazonas_em_2018,10,3,Luiz Castro REDE,,581553,17.66,"17,66%",TSE/Justiça Eleitoral (conforme tabela estadual),Wikipédia,3,False,0.17735405762215958,-0.07540576221595763
2018,AM,Eleições estaduais no Amazonas em 2018,https://pt.wikipedia.org/wiki/Elei%C3%A7%C3%B5es_estaduais_no_Amazonas_em_2018,10,4,Alfredo Nascimento PR,,569766,17.31,"17,31%",TSE/Justiça Eleitoral (conforme tabela estadual),Wikipédia,4,False,0.17375942002731887,-0.0659420027318891
2018,AM,Eleições estaduais no Amazonas em 2018,https://pt.wikipedia.org/wiki/Elei%C3%A7%C3%B5es_estaduais_no_Amazonas_em_2018,10,5,Vanessa Grazziotin PCdoB,,373948,11.36,"11,36%",TSE/Justiça Eleitoral (conforme tabela estadual),Wikipédia,5,False,0.11404153213841443,-0.044153213841444106
2018,AM,Eleições estaduais no Amazonas em 2018,https://pt.wikipedia.org/wiki/Elei%C3%A7%C3%B5es_estaduais_no_Amazonas_em_2018,10,6,Hissa Abrahão PDT,,282736,8.59,"8,59%",TSE/Justiça Eleitoral (conforme tabela estadual),Wikipédia,6,False,0.08622494740094008,-0.03249474009400788
2018,AM,Eleições estaduais no Amazonas em 2018,https://pt.wikipedia.org/wiki/Elei%C3%A7%C3%B5es_estaduais_no_Amazonas_em_2018,10,7,Luiz Fernando Santos PSOL,,27488,0.83,"0,83%",TSE/Justiça Eleitoral (conforme tabela estadual),Wikipédia,7,False,0.008382913227028187,-0.008291322702818661
2018,AM,Eleições estaduais no Amazonas em 2018,https://pt.wikipedia.org/wiki/Elei%C3%A7%C3%B5es_estaduais_no_Amazonas_em_2018,10,8,Rondinely Fonseca PSOL,,1465,0.44,"0,44%",TSE/Justiça Eleitoral (conforme tabela estadual),Wikipédia,8,False,0.00044677560672279874,0.39532243932772015
2018,BA,Eleições estaduais na Bahia em 2018,https://pt.wikipedia.org/wiki/Elei%C3%A7%C3%B5es_estaduais_na_Bahia_em_2018,13,1,Jaques Wagner (PT),,4253331,,,TSE/Justiça Eleitoral (conforme tabela estadual),Wikipédia,1,True,0.3570972144806806,
2018,BA,Eleições estaduais na Bahia em 2018,https://pt.wikipedia.org/wiki/Elei%C3%A7%C3%B5es_estaduais_na_Bahia_em_2018,13,2,Angelo Coronel (PSD),,3927598,,,TSE/Justiça Eleitoral (conforme tabela estadual),Wikipédia,2,True,0.3297496257403649,
2018,BA,Eleições estaduais na Bahia em 2018,https://pt.wikipedia.org/wiki/Elei%C3%A7%C3%B5es_estaduais_na_Bahia_em_2018,13,3,Irmão Lázaro (PSC),,1830581,,,TSE/Justiça Eleitoral (conforme tabela estadual),Wikipédia,3,False,0.1536902197316077,
2018,BA,Eleições estaduais na Bahia em 2018,https://pt.wikipedia.org/wiki/Elei%C3%A7%C3%B5es_estaduais_na_Bahia_em_2018,13,4,Jutahy Júnior (PSDB),,948541,,,TSE/Justiça Eleitoral (conforme tabela estadual),Wikipédia,4,False,0.07963672446859162,
2018,BA,Eleições estaduais na Bahia em 2018,https://pt.wikipedia.org/wiki/Elei%C3%A7%C3%B5es_estaduais_na_Bahia_em_2018,13,5,Comadante Rangel (PSL),,577645,,,TSE/Justiça Eleitoral (conforme tabela estadual),Wikipédia,5,False,0.04849738251236331,
2018,BA,Eleições estaduais na Bahia em 2018,https://pt.wikipedia.org/wiki/Elei%C3%A7%C3%B5es_estaduais_na_Bahia_em_2018,13,6,Fábio Nogueira (PSOL),,165705,,,TSE/Justiça Eleitoral (conforme tabela estadual),Wikipédia,6,False,0.013912106517343977,
2018,BA,Eleições estaduais na Bahia em 2018,https://pt.wikipedia.org/wiki/Elei%C3%A7%C3%B5es_estaduais_na_Bahia_em_2018,13,7,Jorge Viana (MDB),,60907,,,TSE/Justiça Eleitoral (conforme tabela estadual),Wikipédia,7,False,0.005113573348129927,
2018,BA,Eleições estaduais na Bahia em 2018,https://pt.wikipedia.org/wiki/Elei%C3%A7%C3%B5es_estaduais_na_Bahia_em_2018,13,8,Francisco José (REDE),,44524,,,TSE/Justiça Eleitoral (conforme tabela estadual),Wikipédia,8,False,0.0037381046472841693,
2018,BA,Eleições estaduais na Bahia em 2018,https://pt.wikipedia.org/wiki/Elei%C3%A7%C3%B5es_estaduais_na_Bahia_em_2018,13,9,Celsinho Cotrim (PRTB),,41055,,,TSE/Justiça Eleitoral (conforme tabela estadual),Wikipédia,9,False,0.003446857566576488,
2018,BA,Eleições estaduais na Bahia em 2018,https://pt.wikipedia.org/wiki/Elei%C3%A7%C3%B5es_estaduais_na_Bahia_em_2018,13,10,Marcos Maurício (DC),,39780,,,TSE/Justiça Eleitoral (conforme tabela estadual),Wikipédia,10,False,0.0033398123005337404,
2018,BA,Eleições estaduais na Bahia em 2018,https://pt.wikipedia.org/wiki/Elei%C3%A7%C3%B5es_estaduais_na_Bahia_em_2018,13,11,Adroaldo dos Santos (PCO),,21182,,,TSE/Justiça Eleitoral (conforme tabela estadual),Wikipédia,11,False,0.0017783786865235216,
2018,CE,Eleições estaduais no Ceará em 2018,https://pt.wikipedia.org/wiki/Elei%C3%A7%C3%B5es_estaduais_no_Cear%C3%A1_em_2018,14,1,Cid Gomes,,3228533,41.62,"41,62%",TSE/Justiça Eleitoral (conforme tabela estadual),Wikipédia,2,True,0.2080813899604543,20.811861003954565
2018,CE,Eleições estaduais no Ceará em 2018,https://pt.wikipedia.org/wiki/Elei%C3%A7%C3%B5es_estaduais_no_Cear%C3%A1_em_2018,14,2,Girão,,1325786,17.09,"17,09%",TSE/Justiça Eleitoral (conforme tabela estadual),Wikipédia,3,False,0.08544790890169339,8.54520910983066
2018,CE,Eleições estaduais no Ceará em 2018,https://pt.wikipedia.org/wiki/Elei%C3%A7%C3%B5es_estaduais_no_Cear%C3%A1_em_2018,14,3,Eunício,,1313793,16.93,"16,93%",TSE/Justiça Eleitoral (conforme tabela estadual),Wikipédia,4,False,0.0846749509948683,8.46250490051317
2018,CE,Eleições estaduais no Ceará em 2018,https://pt.wikipedia.org/wiki/Elei%C3%A7%C3%B5es_estaduais_no_Cear%C3%A1_em_2018,14,4,Mayra,,882019,11.37,"11,37%",TSE/Justiça Eleitoral (conforme tabela estadual),Wikipédia,5,False,0.056846790629530485,5.685320937046951
2018,CE,Eleições estaduais no Ceará em 2018,https://pt.wikipedia.org/wiki/Elei%C3%A7%C3%B5es_estaduais_no_Cear%C3%A1_em_2018,14,5,Pedro,,334561,4.31,"4,31%",TSE/Justiça Eleitoral (conforme tabela estadual),Wikipédia,6,False,0.021562709102418823,2.1537290897581176
2018,CE,Eleições estaduais no Ceará em 2018,https://pt.wikipedia.org/wiki/Elei%C3%A7%C3%B5es_estaduais_no_Cear%C3%A1_em_2018,14,6,Anna Karina,,316922,4.09,"4,09%",TSE/Justiça Eleitoral (conforme tabela estadual),Wikipédia,7,False,0.020425862231870356,2.0474137768129643
2018,CE,Eleições estaduais no Ceará em 2018,https://pt.wikipedia.org/wiki/Elei%C3%A7%C3%B5es_estaduais_no_Cear%C3%A1_em_2018,14,7,Pinheiro,,183949,2.37,"2,37%",TSE/Justiça Eleitoral (conforme tabela estadual),Wikipédia,8,False,0.011855651963859626,1.1844348036140377
2018,CE,Eleições estaduais no Ceará em 2018,https://pt.wikipedia.org/wiki/Elei%C3%A7%C3%B5es_estaduais_no_Cear%C3%A1_em_2018,14,8,Simões,,150644,1.94,"1,94%",TSE/Justiça Eleitoral (conforme tabela estadual),Wikipédia,9,False,0.009709119562724829,0.9690880437275171
2018,CE,Eleições estaduais no Ceará em 2018,https://pt.wikipedia.org/wiki/Elei%C3%A7%C3%B5es_estaduais_no_Cear%C3%A1_em_2018,14,9,Saraiva,,21654,0.28,"0,28%",TSE/Justiça Eleitoral (conforme tabela estadual),Wikipédia,10,False,0.00139561665257988,0.14043833474201203
2018,CE,Eleições estaduais no Ceará em 2018,https://pt.wikipedia.org/wiki/Elei%C3%A7%C3%B5es_estaduais_no_Cear%C3%A1_em_2018,14,10,Burns[nota 4],,0,0.0,0%,TSE/Justiça Eleitoral (conforme tabela estadual),Wikipédia,11,False,0.0,0.0
2018,CE,Eleições estaduais no Ceará em 2018,https://pt.wikipedia.org/wiki/Elei%C3%A7%C3%B5es_estaduais_no_Cear%C3%A1_em_2018,14,11,Barroso[nota 5],,0,0.0,0%,TSE/Justiça Eleitoral (conforme tabela estadual),Wikipédia,12,False,0.0,0.0
2018,CE,Eleições estaduais no Ceará em 2018,https://pt.wikipedia.org/wiki/Elei%C3%A7%C3%B5es_estaduais_no_Cear%C3%A1_em_2018,14,12,Totais,Totais,7757861,,,TSE/Justiça Eleitoral (conforme tabela estadual),Wikipédia,1,True,0.5,
2018,DF,Eleições distritais no Distrito Federal em 2018,https://pt.wikipedia.org/wiki/Elei%C3%A7%C3%B5es_distritais_no_Distrito_Federal_em_2018,14,1,Leila,,467787,17.76,"17,76%",TSE/Justiça Eleitoral (conforme tabela estadual),Wikipédia,2,True,0.08878378024435767,8.881621975564235
2018,DF,Eleições distritais no Distrito Federal em 2018,https://pt.wikipedia.org/wiki/Elei%C3%A7%C3%B5es_distritais_no_Distrito_Federal_em_2018,14,2,Izalci,,403735,15.33,"15,33%",TSE/Justiça Eleitoral (conforme tabela estadual),Wikipédia,3,False,0.07662701083389607,7.667298916610392
2018,DF,Eleições distritais no Distrito Federal em 2018,https://pt.wikipedia.org/wiki/Elei%C3%A7%C3%B5es_distritais_no_Distrito_Federal_em_2018,14,3,Cristovam,,317778,12.06,"12,06%",TSE/Justiça Eleitoral (conforme tabela estadual),Wikipédia,4,False,0.060312775084582285,6.028722491541771
2018,DF,Eleições distritais no Distrito Federal em 2018,https://pt.wikipedia.org/wiki/Elei%C3%A7%C3%B5es_distritais_no_Distrito_Federal_em_2018,14,4,Faraj,,268078,10.18,"10,18%",TSE/Justiça Eleitoral (conforme tabela estadual),Wikipédia,5,False,0.050879948011267766,5.092005198873224
2018,DF,Eleições distritais no Distrito Federal em 2018,https://pt.wikipedia.org/wiki/Elei%C3%A7%C3%B5es_distritais_no_Distrito_Federal_em_2018,14,5,Wasny,,218058,8.28,"8,28%",TSE/Justiça Eleitoral (conforme tabela estadual),Wikipédia,6,False,0.041386386437682415,4.141361356231759
2018,DF,Eleições distritais no Distrito Federal em 2018,https://pt.wikipedia.org/wiki/Elei%C3%A7%C3%B5es_distritais_no_Distrito_Federal_em_2018,14,6,Roque,,202834,7.7,"7,7%",TSE/Justiça Eleitoral (conforme tabela estadual),Wikipédia,7,False,0.0384969425872973,3.8503057412702697
2018,DF,Eleições distritais no Distrito Federal em 2018,https://pt.wikipedia.org/wiki/Elei%C3%A7%C3%B5es_distritais_no_Distrito_Federal_em_2018,14,7,Chico,,195641,7.43,"7,43%",TSE/Justiça Eleitoral (conforme tabela estadual),Wikipédia,8,False,0.03713174489839687,3.716825510160312
2018,DF,Eleições distritais no Distrito Federal em 2018,https://pt.wikipedia.org/wiki/Elei%C3%A7%C3%B5es_distritais_no_Distrito_Federal_em_2018,14,8,Átila,,135573,5.15,"5,15%",TSE/Justiça Eleitoral (conforme tabela estadual),Wikipédia,9,False,0.025731120016307212,2.5768879983692794
2018,DF,Eleições distritais no Distrito Federal em 2018,https://pt.wikipedia.org/wiki/Elei%C3%A7%C3%B5es_distritais_no_Distrito_Federal_em_2018,14,9,Marques,,124904,4.74,"4,74%",TSE/Justiça Eleitoral (conforme tabela estadual),Wikipédia,10,False,0.02370619381821481,2.3693806181785195
2018,DF,Eleições distritais no Distrito Federal em 2018,https://pt.wikipedia.org/wiki/Elei%C3%A7%C3%B5es_distritais_no_Distrito_Federal_em_2018,14,10,Marivaldo,,83112,3.15,"3,15%",TSE/Justiça Eleitoral (conforme tabela estadual),Wikipédia,11,False,0.015774268082843376,1.5725731917156625
2018,DF,Eleições distritais no Distrito Federal em 2018,https://pt.wikipedia.org/wiki/Elei%C3%A7%C3%B5es_distritais_no_Distrito_Federal_em_2018,14,11,Ribeiro,,77682,2.95,"2,95%",TSE/Justiça Eleitoral (conforme tabela estadual),Wikipédia,12,False,0.014743679531372596,1.4756320468627406
2018,DF,Eleições distritais no Distrito Federal em 2018,https://pt.wikipedia.org/wiki/Elei%C3%A7%C3%B5es_distritais_no_Distrito_Federal_em_2018,14,12,Neves,,73753,2.8,"2,8%",TSE/Justiça Eleitoral (conforme tabela estadual),Wikipédia,13,False,0.013997973745234715,1.4002026254765283
2018,DF,Eleições distritais no Distrito Federal em 2018,https://pt.wikipedia.org/wiki/Elei%C3%A7%C3%B5es_distritais_no_Distrito_Federal_em_2018,14,13,Amábile,,43089,1.64,"1,64%",TSE/Justiça Eleitoral (conforme tabela estadual),Wikipédia,14,False,0.008178090256781671,0.8221909743218326
2018,DF,Eleições distritais no Distrito Federal em 2018,https://pt.wikipedia.org/wiki/Elei%C3%A7%C3%B5es_distritais_no_Distrito_Federal_em_2018,14,14,Sant'anna,,17074,0.65,"0,65%",TSE/Justiça Eleitoral (conforme tabela estadual),Wikipédia,15,False,0.0032405651800758955,0.3259434819924105
2018,DF,Eleições distritais no Distrito Federal em 2018,https://pt.wikipedia.org/wiki/Elei%C3%A7%C3%B5es_distritais_no_Distrito_Federal_em_2018,14,15,Robson,,5319,0.2,"0,2%",TSE/Justiça Eleitoral (conforme tabela estadual),Wikipédia,16,False,0.001009521271689334,0.0990478728310666
2018,DF,Eleições distritais no Distrito Federal em 2018,https://pt.wikipedia.org/wiki/Elei%C3%A7%C3%B5es_distritais_no_Distrito_Federal_em_2018,14,16,Ferraz,,0,0.0,0%,TSE/Justiça Eleitoral (conforme tabela estadual),Wikipédia,17,False,0.0,0.0
2018,DF,Eleições distritais no Distrito Federal em 2018,https://pt.wikipedia.org/wiki/Elei%C3%A7%C3%B5es_distritais_no_Distrito_Federal_em_2018,14,17,Matoso,,0,0.0,0%,TSE/Justiça Eleitoral (conforme tabela estadual),Wikipédia,18,False,0.0,0.0
2018,DF,Eleições distritais no Distrito Federal em 2018,https://pt.wikipedia.org/wiki/Elei%C3%A7%C3%B5es_distritais_no_Distrito_Federal_em_2018,14,18,Queiroz,,0,0.0,0%,TSE/Justiça Eleitoral (conforme tabela estadual),Wikipédia,19,False,0.0,0.0
2018,DF,Eleições distritais no Distrito Federal em 2018,https://pt.wikipedia.org/wiki/Elei%C3%A7%C3%B5es_distritais_no_Distrito_Federal_em_2018,14,19,Totais,Totais,2634417,,,TSE/Justiça Eleitoral (conforme tabela estadual),Wikipédia,1,True,0.5,
2018,ES,Eleições estaduais no Espírito Santo em 2018,https://pt.wikipedia.org/wiki/Elei%C3%A7%C3%B5es_estaduais_no_Esp%C3%ADrito_Santo_em_2018,10,1,Fabiano Contarato (REDE),,1117036,31.15,"31,15%",TSE/Justiça Eleitoral (conforme tabela estadual),Wikipédia,1,True,0.31149151944960635,0.0008480550393652475
2018,ES,Eleições estaduais no Espírito Santo em 2018,https://pt.wikipedia.org/wiki/Elei%C3%A7%C3%B5es_estaduais_no_Esp%C3%ADrito_Santo_em_2018,10,2,Marcos do Val (PPS),,863359,24.08,"24,08%",TSE/Justiça Eleitoral (conforme tabela estadual),Wikipédia,2,True,0.24075231840378708,0.004768159621290624
2018,ES,Eleições estaduais no Espírito Santo em 2018,https://pt.wikipedia.org/wiki/Elei%C3%A7%C3%B5es_estaduais_no_Esp%C3%ADrito_Santo_em_2018,10,3,Magno Malta (PR),,611284,17.05,"17,05%",TSE/Justiça Eleitoral (conforme tabela estadual),Wikipédia,3,False,0.17045984370712597,0.004015629287404399
2018,ES,Eleições estaduais no Espírito Santo em 2018,https://pt.wikipedia.org/wiki/Elei%C3%A7%C3%B5es_estaduais_no_Esp%C3%ADrito_Santo_em_2018,10,4,Ricardo Ferraço (PSDB),,480122,13.39,"13,39%",TSE/Justiça Eleitoral (conforme tabela estadual),Wikipédia,4,False,0.13388461186674727,0.0015388133252747238
2018,ES,Eleições estaduais no Espírito Santo em 2018,https://pt.wikipedia.org/wiki/Elei%C3%A7%C3%B5es_estaduais_no_Esp%C3%ADrito_Santo_em_2018,10,5,Subtenente Assis (PSL),,247165,6.89,"6,89%",TSE/Justiça Eleitoral (conforme tabela estadual),Wikipédia,5,False,0.0689232946876931,-0.0023294687693103944
2018,ES,Eleições estaduais no Espírito Santo em 2018,https://pt.wikipedia.org/wiki/Elei%C3%A7%C3%B5es_estaduais_no_Esp%C3%ADrito_Santo_em_2018,10,6,Célia Tavares (PT),,164845,4.6,"4,60%",TSE/Justiça Eleitoral (conforme tabela estadual),Wikipédia,6,False,0.04596791824405871,0.003208175594129198
2018,ES,Eleições estaduais no Espírito Santo em 2018,https://pt.wikipedia.org/wiki/Elei%C3%A7%C3%B5es_estaduais_no_Esp%C3%ADrito_Santo_em_2018,10,7,Ulisses Pincelli (NOVO),,37119,1.04,"1,04%",TSE/Justiça Eleitoral (conforme tabela estadual),Wikipédia,7,False,0.010350833554558616,0.0049166445441383225
2018,ES,Eleições estaduais no Espírito Santo em 2018,https://pt.wikipedia.org/wiki/Elei%C3%A7%C3%B5es_estaduais_no_Esp%C3%ADrito_Santo_em_2018,10,8,Liu Katrine (PSOL),,24496,0.68,"0,68%",TSE/Justiça Eleitoral (conforme tabela estadual),Wikipédia,8,False,0.00683084185329529,-0.0030841853295289663
2018,ES,Eleições estaduais no Espírito Santo em 2018,https://pt.wikipedia.org/wiki/Elei%C3%A7%C3%B5es_estaduais_no_Esp%C3%ADrito_Santo_em_2018,10,9,Helder Carnielli (PTB),,22844,0.64,"0,64%",TSE/Justiça Eleitoral (conforme tabela estadual),Wikipédia,9,False,0.0063701727341883415,0.0029827265811658774
2018,ES,Eleições estaduais no Espírito Santo em 2018,https://pt.wikipedia.org/wiki/Elei%C3%A7%C3%B5es_estaduais_no_Esp%C3%ADrito_Santo_em_2018,10,10,Rogerio Bernardo (PMB),,9531,0.27,"0,27%",TSE/Justiça Eleitoral (conforme tabela estadual),Wikipédia,10,False,0.0026577708076321606,0.00422291923678395
2018,ES,Eleições estaduais no Espírito Santo em 2018,https://pt.wikipedia.org/wiki/Elei%C3%A7%C3%B5es_estaduais_no_Esp%C3%ADrito_Santo_em_2018,10,11,Mauro Ribeiro (PCB),,8287,0.23,"0,23%",TSE/Justiça Eleitoral (conforme tabela estadual),Wikipédia,11,False,0.0023108746913070733,-0.0010874691307073345
2018,GO,Eleições estaduais em Goiás em 2018,https://pt.wikipedia.org/wiki/Elei%C3%A7%C3%B5es_estaduais_em_Goi%C3%A1s_em_2018,8,2,Vanderlan Cardoso PP,,1729637,31.35,"31,35%",TSE/Justiça Eleitoral (conforme tabela estadual),Wikipédia,1,True,0.3129343553900053,0.05656446099946977
2018,GO,Eleições estaduais em Goiás em 2018,https://pt.wikipedia.org/wiki/Elei%C3%A7%C3%B5es_estaduais_em_Goi%C3%A1s_em_2018,8,4,Jorge Kajuru PRP,,1557415,28.23,"28,23%",TSE/Justiça Eleitoral (conforme tabela estadual),Wikipédia,2,True,0.2817751118296643,0.05248881703356911
2018,GO,Eleições estaduais em Goiás em 2018,https://pt.wikipedia.org/wiki/Elei%C3%A7%C3%B5es_estaduais_em_Goi%C3%A1s_em_2018,8,5,Wilder Morais DEM,,796387,14.43,"14,43%",TSE/Justiça Eleitoral (conforme tabela estadual),Wikipédia,3,False,0.1440862172155083,0.021378278449168953
2018,GO,Eleições estaduais em Goiás em 2018,https://pt.wikipedia.org/wiki/Elei%C3%A7%C3%B5es_estaduais_em_Goi%C3%A1s_em_2018,8,6,Lúcia Vânia PSB,,519691,9.42,"9,42%",TSE/Justiça Eleitoral (conforme tabela estadual),Wikipédia,4,False,0.09402502842329763,0.01749715767023763
2018,GO,Eleições estaduais em Goiás em 2018,https://pt.wikipedia.org/wiki/Elei%C3%A7%C3%B5es_estaduais_em_Goi%C3%A1s_em_2018,8,7,Marconi Perillo PSDB,,416613,7.37,"7,37%",TSE/Justiça Eleitoral (conforme tabela estadual),Wikipédia,5,False,0.07537565431480493,-0.16756543148049308
2018,GO,Eleições estaduais em Goiás em 2018,https://pt.wikipedia.org/wiki/Elei%C3%A7%C3%B5es_estaduais_em_Goi%C3%A1s_em_2018,8,8,Agenor Mariano MDB,,196614,3.56,"3,56%",TSE/Justiça Eleitoral (conforme tabela estadual),Wikipédia,6,False,0.0355723630742465,0.0027636925753499186
2018,GO,Eleições estaduais em Goiás em 2018,https://pt.wikipedia.org/wiki/Elei%C3%A7%C3%B5es_estaduais_em_Goi%C3%A1s_em_2018,8,9,Professora Geli PT,,132773,2.41,"2,41%",TSE/Justiça Eleitoral (conforme tabela estadual),Wikipédia,7,False,0.024021938226458598,0.007806177354140187
2018,GO,Eleições estaduais em Goiás em 2018,https://pt.wikipedia.org/wiki/Elei%C3%A7%C3%B5es_estaduais_em_Goi%C3%A1s_em_2018,8,10,Luis Cesar Bueno PT,,101743,1.84,"1,84%",TSE/Justiça Eleitoral (conforme tabela estadual),Wikipédia,8,False,0.018407839402397905,-0.0007839402397905731
2018,GO,Eleições estaduais em Goiás em 2018,https://pt.wikipedia.org/wiki/Elei%C3%A7%C3%B5es_estaduais_em_Goi%C3%A1s_em_2018,8,11,Fabrício Rosa PSOL,,45833,0.83,"0,83%",TSE/Justiça Eleitoral (conforme tabela estadual),Wikipédia,9,False,0.008292329726173822,0.0007670273826178298
2018,GO,Eleições estaduais em Goiás em 2018,https://pt.wikipedia.org/wiki/Elei%C3%A7%C3%B5es_estaduais_em_Goi%C3%A1s_em_2018,8,12,Magda Borges PCB,,20623,0.37,"0,37%",TSE/Justiça Eleitoral (conforme tabela estadual),Wikipédia,10,False,0.0037312136657622836,-0.0031213665762283398
2018,GO,Eleições estaduais em Goiás em 2018,https://pt.wikipedia.org/wiki/Elei%C3%A7%C3%B5es_estaduais_em_Goi%C3%A1s_em_2018,8,13,Santana Pires PATRI,,5958,0.11,"0,11%",TSE/Justiça Eleitoral (conforme tabela estadual),Wikipédia,11,False,0.001077950396189288,0.0022049603810712047
2018,GO,Eleições estaduais em Goiás em 2018,https://pt.wikipedia.org/wiki/Elei%C3%A7%C3%B5es_estaduais_em_Goi%C3%A1s_em_2018,8,14,Professor Alessandro Aquino PCO,,3869,0.08,"0,08%",TSE/Justiça Eleitoral (conforme tabela estadual),Wikipédia,12,False,0.000699998335491164,0.010000166450883604
2018,MA,Eleições estaduais no Maranhão em 2018,https://pt.wikipedia.org/wiki/Elei%C3%A7%C3%B5es_estaduais_no_Maranh%C3%A3o_em_2018,11,1,Weverton Rocha,,1997443,35.02,"35,02%",TSE/Justiça Eleitoral (conforme tabela estadual),Wikipédia,2,True,0.17509145776498208,17.51085422350179
2018,MA,Eleições estaduais no Maranhão em 2018,https://pt.wikipedia.org/wiki/Elei%C3%A7%C3%B5es_estaduais_no_Maranh%C3%A3o_em_2018,11,2,Eliziane Gama,,1539916,27.0,27%,TSE/Justiça Eleitoral (conforme tabela estadual),Wikipédia,3,False,0.1349856477885077,13.501435221149233
2018,MA,Eleições estaduais no Maranhão em 2018,https://pt.wikipedia.org/wiki/Elei%C3%A7%C3%B5es_estaduais_no_Maranh%C3%A3o_em_2018,11,3,Sarney Filho,,752893,13.2,"13,2%",TSE/Justiça Eleitoral (conforme tabela estadual),Wikipédia,4,False,0.06599694354785125,6.600305645214875
2018,MA,Eleições estaduais no Maranhão em 2018,https://pt.wikipedia.org/wiki/Elei%C3%A7%C3%B5es_estaduais_no_Maranh%C3%A3o_em_2018,11,4,Edison Lobão,,553276,9.7,"9,7%",TSE/Justiça Eleitoral (conforme tabela estadual),Wikipédia,5,False,0.048498956609213995,4.8501043390786
2018,MA,Eleições estaduais no Maranhão em 2018,https://pt.wikipedia.org/wiki/Elei%C3%A7%C3%B5es_estaduais_no_Maranh%C3%A3o_em_2018,11,5,Samoel de Itapecuru,,254979,4.47,"4,47%",TSE/Justiça Eleitoral (conforme tabela estadual),Wikipédia,6,False,0.022350898027857297,2.23491019721427
2018,MA,Eleições estaduais no Maranhão em 2018,https://pt.wikipedia.org/wiki/Elei%C3%A7%C3%B5es_estaduais_no_Maranh%C3%A3o_em_2018,11,6,Zé Reinaldo,,219225,3.84,"3,84%",TSE/Justiça Eleitoral (conforme tabela estadual),Wikipédia,7,False,0.019216781068860635,1.9183218931139363
2018,MA,Eleições estaduais no Maranhão em 2018,https://pt.wikipedia.org/wiki/Elei%C3%A7%C3%B5es_estaduais_no_Maranh%C3%A3o_em_2018,11,7,Alexandre Almeida,,191997,3.37,"3,37%",TSE/Justiça Eleitoral (conforme tabela estadual),Wikipédia,8,False,0.016830034507369303,1.6869965492630696
2018,MA,Eleições estaduais no Maranhão em 2018,https://pt.wikipedia.org/wiki/Elei%C3%A7%C3%B5es_estaduais_no_Maranh%C3%A3o_em_2018,11,8,Saulo Pinto,,87100,1.53,"1,53%",TSE/Justiça Eleitoral (conforme tabela estadual),Wikipédia,9,False,0.0076349943259106465,0.7665005674089355
2018,MA,Eleições estaduais no Maranhão em 2018,https://pt.wikipedia.org/wiki/Elei%C3%A7%C3%B5es_estaduais_no_Maranh%C3%A3o_em_2018,11,9,Preta Lu,,47407,0.83,"0,83%",TSE/Justiça Eleitoral (conforme tabela estadual),Wikipédia,10,False,0.004155593295160115,0.4144406704839885
2018,MA,Eleições estaduais no Maranhão em 2018,https://pt.wikipedia.org/wiki/Elei%C3%A7%C3%B5es_estaduais_no_Maranh%C3%A3o_em_2018,11,10,Saulo Arcangeli,,36436,0.64,"0,64%",TSE/Justiça Eleitoral (conforme tabela estadual),Wikipédia,11,False,0.003193899578173138,0.32061004218268624
2018,MA,Eleições estaduais no Maranhão em 2018,https://pt.wikipedia.org/wiki/Elei%C3%A7%C3%B5es_estaduais_no_Maranh%C3%A3o_em_2018,11,11,Iêgo Brunno,,23327,0.41,"0,41%",TSE/Justiça Eleitoral (conforme tabela estadual),Wikipédia,12,False,0.002044793486113865,0.20552065138861345
2018,MA,Eleições estaduais no Maranhão em 2018,https://pt.wikipedia.org/wiki/Elei%C3%A7%C3%B5es_estaduais_no_Maranh%C3%A3o_em_2018,11,12,Totais,Totais,5703999,,,TSE/Justiça Eleitoral (conforme tabela estadual),Wikipédia,1,True,0.5,
2018,MT,Eleições estaduais em Mato Grosso em 2018,https://pt.wikipedia.org/wiki/Elei%C3%A7%C3%B5es_estaduais_em_Mato_Grosso_em_2018,5,1,Selma Arruda PSL,,678542,24.65,"24,65%",TSE/Justiça Eleitoral (conforme tabela estadual),Wikipédia,1,True,0.2763301715136499,-2.983017151364992
2018,MT,Eleições estaduais em Mato Grosso em 2018,https://pt.wikipedia.org/wiki/Elei%C3%A7%C3%B5es_estaduais_em_Mato_Grosso_em_2018,5,2,Jayme Campos DEM,,490699,17.82,"17,82%",TSE/Justiça Eleitoral (conforme tabela estadual),Wikipédia,2,True,0.19983278681581465,-2.163278681581465
2018,MT,Eleições estaduais em Mato Grosso em 2018,https://pt.wikipedia.org/wiki/Elei%C3%A7%C3%B5es_estaduais_em_Mato_Grosso_em_2018,5,3,Carlos Fávaro PSD,,434972,15.8,"15,80%",TSE/Justiça Eleitoral (conforme tabela estadual),Wikipédia,3,False,0.17713846359346264,-1.9138463593462633
2018,MT,Eleições estaduais em Mato Grosso em 2018,https://pt.wikipedia.org/wiki/Elei%C3%A7%C3%B5es_estaduais_em_Mato_Grosso_em_2018,5,4,Adilton Sachetti PRB,,333082,12.1,"12,10%",TSE/Justiça Eleitoral (conforme tabela estadual),Wikipédia,4,False,0.13564467076188289,-1.464467076188289
2018,MT,Eleições estaduais em Mato Grosso em 2018,https://pt.wikipedia.org/wiki/Elei%C3%A7%C3%B5es_estaduais_em_Mato_Grosso_em_2018,5,5,Nilson Leitão PSDB,,33043,12.0,"12,00%",TSE/Justiça Eleitoral (conforme tabela estadual),Wikipédia,8,False,0.013456466743879575,10.654353325612043
2018,MT,Eleições estaduais em Mato Grosso em 2018,https://pt.wikipedia.org/wiki/Elei%C3%A7%C3%B5es_estaduais_em_Mato_Grosso_em_2018,5,6,Procurador Mauro PSOL,,226053,8.21,"8,21%",TSE/Justiça Eleitoral (conforme tabela estadual),Wikipédia,5,False,0.09205806606101774,-0.9958066061017734
2018,MT,Eleições estaduais em Mato Grosso em 2018,https://pt.wikipedia.org/wiki/Elei%C3%A7%C3%B5es_estaduais_em_Mato_Grosso_em_2018,5,7,Professora Maria Lúcia PCdoB,,172259,6.26,"6,26%",TSE/Justiça Eleitoral (conforme tabela estadual),Wikipédia,6,False,0.07015093983094609,-0.7550939830946082
2018,MT,Eleições estaduais em Mato Grosso em 2018,https://pt.wikipedia.org/wiki/Elei%C3%A7%C3%B5es_estaduais_em_Mato_Grosso_em_2018,5,8,Dr. Waldir Caldas NOVO,,71494,2.6,"2,60%",TSE/Justiça Eleitoral (conforme tabela estadual),Wikipédia,7,False,0.029115293205427058,-0.31152932054270555
2018,MT,Eleições estaduais em Mato Grosso em 2018,https://pt.wikipedia.org/wiki/Elei%C3%A7%C3%B5es_estaduais_em_Mato_Grosso_em_2018,5,9,Aladir Leite PPL,,9325,0.34,"0,34%",TSE/Justiça Eleitoral (conforme tabela estadual),Wikipédia,9,False,0.0037975229969033387,-0.03975229969033385
2018,MT,Eleições estaduais em Mato Grosso em 2018,https://pt.wikipedia.org/wiki/Elei%C3%A7%C3%B5es_estaduais_em_Mato_Grosso_em_2018,5,10,Gilberto Lopes Filho PSOL,,6079,0.22,"0,22%",TSE/Justiça Eleitoral (conforme tabela estadual),Wikipédia,10,False,0.002475618477016128,-0.027561847701612803
2018,MT,Eleições estaduais em Mato Grosso em 2018,https://pt.wikipedia.org/wiki/Elei%C3%A7%C3%B5es_estaduais_em_Mato_Grosso_em_2018,5,11,Sebastião Carlos REDE,,0,0.0,"0,00%",TSE/Justiça Eleitoral (conforme tabela estadual),Wikipédia,11,False,0.0,0.0
2018,MS,Eleições estaduais em Mato Grosso do Sul em 2018,https://pt.wikipedia.org/wiki/Elei%C3%A7%C3%B5es_estaduais_em_Mato_Grosso_do_Sul_em_2018,20,1,Nelsinho Trad (PTB),,424085,18.37,"18,37%",TSE/Justiça Eleitoral (conforme tabela estadual),Wikipédia,2,True,0.1006031420319422,8.30968579680578
2018,MS,Eleições estaduais em Mato Grosso do Sul em 2018,https://pt.wikipedia.org/wiki/Elei%C3%A7%C3%B5es_estaduais_em_Mato_Grosso_do_Sul_em_2018,20,2,Soraya Thronicke (PSL),,373712,16.19,"16,19%",TSE/Justiça Eleitoral (conforme tabela estadual),Wikipédia,3,False,0.08865345724333845,7.324654275666156
2018,MS,Eleições estaduais em Mato Grosso do Sul em 2018,https://pt.wikipedia.org/wiki/Elei%C3%A7%C3%B5es_estaduais_em_Mato_Grosso_do_Sul_em_2018,20,3,Waldemir Moka (MDB — Inc.),,357427,15.48,"15,48%",TSE/Justiça Eleitoral (conforme tabela estadual),Wikipédia,4,False,0.08479026432684723,7.000973567315276
2018,MS,Eleições estaduais em Mato Grosso do Sul em 2018,https://pt.wikipedia.org/wiki/Elei%C3%A7%C3%B5es_estaduais_em_Mato_Grosso_do_Sul_em_2018,20,4,Marcelo Miglioli (PSDB),,347861,15.07,"15,07%",TSE/Justiça Eleitoral (conforme tabela estadual),Wikipédia,5,False,0.0825209794979154,6.817902050208461
2018,MS,Eleições estaduais em Mato Grosso do Sul em 2018,https://pt.wikipedia.org/wiki/Elei%C3%A7%C3%B5es_estaduais_em_Mato_Grosso_do_Sul_em_2018,20,5,Zeca do PT (PT),,294059,12.74,"12,74%",TSE/Justiça Eleitoral (conforme tabela estadual),Wikipédia,6,False,0.0697578535972055,5.764214640279451
2018,MS,Eleições estaduais em Mato Grosso do Sul em 2018,https://pt.wikipedia.org/wiki/Elei%C3%A7%C3%B5es_estaduais_em_Mato_Grosso_do_Sul_em_2018,20,6,Sérgio Harfouche (PSC),,292301,12.66,"12,66%",TSE/Justiça Eleitoral (conforme tabela estadual),Wikipédia,7,False,0.06934081379694812,5.725918620305187
2018,MS,Eleições estaduais em Mato Grosso do Sul em 2018,https://pt.wikipedia.org/wiki/Elei%C3%A7%C3%B5es_estaduais_em_Mato_Grosso_do_Sul_em_2018,20,7,Gilmar da Cruz (PRB),,35227,1.53,"1,53%",TSE/Justiça Eleitoral (conforme tabela estadual),Wikipédia,9,False,0.008356690013462462,0.6943309986537539
2018,MS,Eleições estaduais em Mato Grosso do Sul em 2018,https://pt.wikipedia.org/wiki/Elei%C3%A7%C3%B5es_estaduais_em_Mato_Grosso_do_Sul_em_2018,20,8,Mário Fonseca (PCdoB),,30619,1.33,"1,33%",TSE/Justiça Eleitoral (conforme tabela estadual),Wikipédia,10,False,0.007263561799818524,0.6036438200181478
2018,MS,Eleições estaduais em Mato Grosso do Sul em 2018,https://pt.wikipedia.org/wiki/Elei%C3%A7%C3%B5es_estaduais_em_Mato_Grosso_do_Sul_em_2018,20,9,Anísio Guató (PSOL),,28888,1.25,"1,25%",TSE/Justiça Eleitoral (conforme tabela estadual),Wikipédia,11,False,0.006852927047687955,0.5647072952312046
2018,MS,Eleições estaduais em Mato Grosso do Sul em 2018,https://pt.wikipedia.org/wiki/Elei%C3%A7%C3%B5es_estaduais_em_Mato_Grosso_do_Sul_em_2018,20,10,Dorival Betini (PMB),,14415,0.62,"0,62%",TSE/Justiça Eleitoral (conforme tabela estadual),Wikipédia,13,False,0.003419584027707764,0.2780415972292236
2018,MS,Eleições estaduais em Mato Grosso do Sul em 2018,https://pt.wikipedia.org/wiki/Elei%C3%A7%C3%B5es_estaduais_em_Mato_Grosso_do_Sul_em_2018,20,11,Delcídio Amaral (PTC)[R],,109927,0.0,"0,00%",TSE/Justiça Eleitoral (conforme tabela estadual),Wikipédia,8,False,0.026077323164331,-2.6077323164331
2018,MS,Eleições estaduais em Mato Grosso do Sul em 2018,https://pt.wikipedia.org/wiki/Elei%C3%A7%C3%B5es_estaduais_em_Mato_Grosso_do_Sul_em_2018,20,12,Beto Figueiró (PODE)[S],,19402,0.0,"0,00%",TSE/Justiça Eleitoral (conforme tabela estadual),Wikipédia,12,False,0.004602620139131879,-0.4602620139131879
2018,MS,Eleições estaduais em Mato Grosso do Sul em 2018,https://pt.wikipedia.org/wiki/Elei%C3%A7%C3%B5es_estaduais_em_Mato_Grosso_do_Sul_em_2018,20,13,Thiago Freitas (PPL)[T],,9520,0.0,"0,00%",TSE/Justiça Eleitoral (conforme tabela estadual),Wikipédia,14,False,0.002258372524715776,-0.2258372524715776
2018,MS,Eleições estaduais em Mato Grosso do Sul em 2018,https://pt.wikipedia.org/wiki/Elei%C3%A7%C3%B5es_estaduais_em_Mato_Grosso_do_Sul_em_2018,20,19,Eleitores aptos a votar,,1877982,100.0,"100,00%",TSE/Justiça Eleitoral (conforme tabela estadual),Wikipédia,1,True,0.44550241078894776,55.44975892110522
2018,MG,Eleições estaduais em Minas Gerais em 2018,https://pt.wikipedia.org/wiki/Elei%C3%A7%C3%B5es_estaduais_em_Minas_Gerais_em_2018,12,1,Rodrigo Pacheco (DEM),,3616864,20.49,"20,49%",TSE/Justiça Eleitoral (conforme tabela estadual),Wikipédia,2,True,0.10830496447062334,9.659503552937663
2018,MG,Eleições estaduais em Minas Gerais em 2018,https://pt.wikipedia.org/wiki/Elei%C3%A7%C3%B5es_estaduais_em_Minas_Gerais_em_2018,12,2,Carlos Viana (PHS),,3568658,20.22,"20,22%",TSE/Justiça Eleitoral (conforme tabela estadual),Wikipédia,3,False,0.10686146283017713,9.533853716982286
2018,MG,Eleições estaduais em Minas Gerais em 2018,https://pt.wikipedia.org/wiki/Elei%C3%A7%C3%B5es_estaduais_em_Minas_Gerais_em_2018,12,3,Dinis Pinheiro (SD),,3251175,18.42,"18,42%",TSE/Justiça Eleitoral (conforme tabela estadual),Wikipédia,4,False,0.09735461241085615,8.684538758914389
2018,MG,Eleições estaduais em Minas Gerais em 2018,https://pt.wikipedia.org/wiki/Elei%C3%A7%C3%B5es_estaduais_em_Minas_Gerais_em_2018,12,4,Dilma Rousseff (PT),,2709233,15.35,"15,35%",TSE/Justiça Eleitoral (conforme tabela estadual),Wikipédia,5,False,0.08112646309278986,7.237353690721014
2018,MG,Eleições estaduais em Minas Gerais em 2018,https://pt.wikipedia.org/wiki/Elei%C3%A7%C3%B5es_estaduais_em_Minas_Gerais_em_2018,12,5,Rodrigo Paiva (NOVO),,1342645,7.61,"7,61%",TSE/Justiça Eleitoral (conforme tabela estadual),Wikipédia,6,False,0.04020475169142663,3.589524830857337
2018,MG,Eleições estaduais em Minas Gerais em 2018,https://pt.wikipedia.org/wiki/Elei%C3%A7%C3%B5es_estaduais_em_Minas_Gerais_em_2018,12,6,Miguel Corrêa (PT),,1282946,7.27,"7,27%",TSE/Justiça Eleitoral (conforme tabela estadual),Wikipédia,7,False,0.0384170986102127,3.4282901389787304
2018,MG,Eleições estaduais em Minas Gerais em 2018,https://pt.wikipedia.org/wiki/Elei%C3%A7%C3%B5es_estaduais_em_Minas_Gerais_em_2018,12,7,Fábio Cherem (PDT),,899824,5.1,"5,10%",TSE/Justiça Eleitoral (conforme tabela estadual),Wikipédia,8,False,0.026944725140291195,2.40552748597088
2018,MG,Eleições estaduais em Minas Gerais em 2018,https://pt.wikipedia.org/wiki/Elei%C3%A7%C3%B5es_estaduais_em_Minas_Gerais_em_2018,12,8,Duda Salabert (PSOL),,351874,1.99,"1,99%",TSE/Justiça Eleitoral (conforme tabela estadual),Wikipédia,9,False,0.010536669630966528,0.9363330369033473
2018,MG,Eleições estaduais em Minas Gerais em 2018,https://pt.wikipedia.org/wiki/Elei%C3%A7%C3%B5es_estaduais_em_Minas_Gerais_em_2018,12,9,Coronel Lacerda (PPL),,307197,1.74,"1,74%",TSE/Justiça Eleitoral (conforme tabela estadual),Wikipédia,10,False,0.009198841916777096,0.8201158083222903
2018,MG,Eleições estaduais em Minas Gerais em 2018,https://pt.wikipedia.org/wiki/Elei%C3%A7%C3%B5es_estaduais_em_Minas_Gerais_em_2018,12,10,Tulio Lopes (PCB),,92165,0.52,"0,52%",TSE/Justiça Eleitoral (conforme tabela estadual),Wikipédia,11,False,0.002759829247224944,0.24401707527750555
2018,MG,Eleições estaduais em Minas Gerais em 2018,https://pt.wikipedia.org/wiki/Elei%C3%A7%C3%B5es_estaduais_em_Minas_Gerais_em_2018,12,11,Kaka Menezes (REDE),,86771,0.49,"0,49%",TSE/Justiça Eleitoral (conforme tabela estadual),Wikipédia,12,False,0.00259830894169105,0.230169105830895
2018,MG,Eleições estaduais em Minas Gerais em 2018,https://pt.wikipedia.org/wiki/Elei%C3%A7%C3%B5es_estaduais_em_Minas_Gerais_em_2018,12,12,Bispo Damasceno (PPL),,56129,0.32,"0,32%",TSE/Justiça Eleitoral (conforme tabela estadual),Wikipédia,13,False,0.0016807514329462256,0.15192485670537745
2018,MG,Eleições estaduais em Minas Gerais em 2018,https://pt.wikipedia.org/wiki/Elei%C3%A7%C3%B5es_estaduais_em_Minas_Gerais_em_2018,12,13,Vanessa Portugal (PSTU),,53272,0.3,"0,30%",TSE/Justiça Eleitoral (conforme tabela estadual),Wikipédia,14,False,0.0015952001698927708,0.14047998301072293
2018,MG,Eleições estaduais em Minas Gerais em 2018,https://pt.wikipedia.org/wiki/Elei%C3%A7%C3%B5es_estaduais_em_Minas_Gerais_em_2018,12,14,Edson André (AVANTE),,29869,0.17,"0,17%",TSE/Justiça Eleitoral (conforme tabela estadual),Wikipédia,15,False,0.0008944104571731335,0.08055895428268665
2018,MG,Eleições estaduais em Minas Gerais em 2018,https://pt.wikipedia.org/wiki/Elei%C3%A7%C3%B5es_estaduais_em_Minas_Gerais_em_2018,12,15,Ana Alves (PCO),,25675,0.0,"0,00%",TSE/Justiça Eleitoral (conforme tabela estadual),Wikipédia,16,False,0.0007688234787880479,-0.0768823478788048
2018,MG,Eleições estaduais em Minas Gerais em 2018,https://pt.wikipedia.org/wiki/Elei%C3%A7%C3%B5es_estaduais_em_Minas_Gerais_em_2018,12,19,→ Votos anulados,,25675,0.11,"0,11%",TSE/Justiça Eleitoral (conforme tabela estadual),Wikipédia,17,False,0.0007688234787880479,0.03311765212119522
2018,MG,Eleições estaduais em Minas Gerais em 2018,https://pt.wikipedia.org/wiki/Elei%C3%A7%C3%B5es_estaduais_em_Minas_Gerais_em_2018,12,22,Eleitorado apto,,15695210,15.695,15.695.210,TSE/Justiça Eleitoral (conforme tabela estadual),Wikipédia,1,True,0.4699842629993752,-31.30342629993752
2018,PA,Eleições estaduais no Pará em 2018,https://pt.wikipedia.org/wiki/Elei%C3%A7%C3%B5es_estaduais_no_Par%C3%A1_em_2018,23,1,Jader Barbalho (MDB),,1383306,19.74,"19,74%",TSE/Justiça Eleitoral (conforme tabela estadual),Wikipédia,1,True,0.1974104845876211,-0.001048458762109572
2018,PA,Eleições estaduais no Pará em 2018,https://pt.wikipedia.org/wiki/Elei%C3%A7%C3%B5es_estaduais_no_Par%C3%A1_em_2018,23,2,Zequinha Marinho (PSC),,1374956,19.62,"19,62%",TSE/Justiça Eleitoral (conforme tabela estadual),Wikipédia,2,True,0.19621886281607767,-0.0018862816077658273
2018,PA,Eleições estaduais no Pará em 2018,https://pt.wikipedia.org/wiki/Elei%C3%A7%C3%B5es_estaduais_no_Par%C3%A1_em_2018,23,3,Flexa Ribeiro (PSDB),,1138377,16.25,"16,25%",TSE/Justiça Eleitoral (conforme tabela estadual),Wikipédia,3,False,0.1624568643621891,0.0043135637810914895
2018,PA,Eleições estaduais no Pará em 2018,https://pt.wikipedia.org/wiki/Elei%C3%A7%C3%B5es_estaduais_no_Par%C3%A1_em_2018,23,4,Zé Geraldo (PT),,806854,11.21,"11,21%",TSE/Justiça Eleitoral (conforme tabela estadual),Wikipédia,4,False,0.11514548417447798,-0.3045484174477975
2018,PA,Eleições estaduais no Pará em 2018,https://pt.wikipedia.org/wiki/Elei%C3%A7%C3%B5es_estaduais_no_Par%C3%A1_em_2018,23,5,Sidney Rosa (PSB),,642299,9.17,"9,17%",TSE/Justiça Eleitoral (conforme tabela estadual),Wikipédia,5,False,0.09166197272342087,0.003802727657913063
2018,PA,Eleições estaduais no Pará em 2018,https://pt.wikipedia.org/wiki/Elei%C3%A7%C3%B5es_estaduais_no_Par%C3%A1_em_2018,23,6,Ursula Vidal (PSOL),,585344,8.35,"8,35%",TSE/Justiça Eleitoral (conforme tabela estadual),Wikipédia,6,False,0.08353397056794121,-0.003397056794121611
2018,PA,Eleições estaduais no Pará em 2018,https://pt.wikipedia.org/wiki/Elei%C3%A7%C3%B5es_estaduais_no_Par%C3%A1_em_2018,23,7,Jarbas Vasconcelos (PV),,440597,6.29,"6,29%",TSE/Justiça Eleitoral (conforme tabela estadual),Wikipédia,7,False,0.06287724283553464,0.002275716446535625
2018,PA,Eleições estaduais no Pará em 2018,https://pt.wikipedia.org/wiki/Elei%C3%A7%C3%B5es_estaduais_no_Par%C3%A1_em_2018,23,8,Coronel Osmar (PDT),,324331,4.63,"4,63%",TSE/Justiça Eleitoral (conforme tabela estadual),Wikipédia,8,False,0.04628501566304761,0.0014984336952392208
2018,PA,Eleições estaduais no Pará em 2018,https://pt.wikipedia.org/wiki/Elei%C3%A7%C3%B5es_estaduais_no_Par%C3%A1_em_2018,23,9,Gerson Durão (PCdoB),,126078,1.8,"1,80%",TSE/Justiça Eleitoral (conforme tabela estadual),Wikipédia,9,False,0.017992489785946197,0.0007510214053804698
2018,PA,Eleições estaduais no Pará em 2018,https://pt.wikipedia.org/wiki/Elei%C3%A7%C3%B5es_estaduais_no_Par%C3%A1_em_2018,23,10,Elléri Bogo (PRP),,124923,1.78,"1,78%",TSE/Justiça Eleitoral (conforme tabela estadual),Wikipédia,10,False,0.017827660666648877,-0.002766066664887726
2018,PA,Eleições estaduais no Pará em 2018,https://pt.wikipedia.org/wiki/Elei%C3%A7%C3%B5es_estaduais_no_Par%C3%A1_em_2018,23,11,Benedita do Amaral (PSTU),,38183,0.54,"0,54%",TSE/Justiça Eleitoral (conforme tabela estadual),Wikipédia,11,False,0.005449065162017035,-0.004906516201703438
2018,PA,Eleições estaduais no Pará em 2018,https://pt.wikipedia.org/wiki/Elei%C3%A7%C3%B5es_estaduais_no_Par%C3%A1_em_2018,23,12,Xaropinho do Povo (PPL),,21996,0.31,"0,31%",TSE/Justiça Eleitoral (conforme tabela estadual),Wikipédia,12,False,0.00313903143555317,-0.0039031435553170055
2018,PA,Eleições estaduais no Pará em 2018,https://pt.wikipedia.org/wiki/Elei%C3%A7%C3%B5es_estaduais_no_Par%C3%A1_em_2018,23,13,Prado Sá (PSB),,1,0.0,0.00%,TSE/Justiça Eleitoral (conforme tabela estadual),Wikipédia,17,False,1.4270919419681623e-07,-1.4270919419681623e-05
2018,PA,Eleições estaduais no Pará em 2018,https://pt.wikipedia.org/wiki/Elei%C3%A7%C3%B5es_estaduais_no_Par%C3%A1_em_2018,23,14,Wladimir Costa (SD),,1,0.0,0.00%,TSE/Justiça Eleitoral (conforme tabela estadual),Wikipédia,18,False,1.4270919419681623e-07,-1.4270919419681623e-05
2018,PA,Eleições estaduais no Pará em 2018,https://pt.wikipedia.org/wiki/Elei%C3%A7%C3%B5es_estaduais_no_Par%C3%A1_em_2018,23,15,Mário Couto (PP),,2,0.0,0.00%,TSE/Justiça Eleitoral (conforme tabela estadual),Wikipédia,16,False,2.8541838839363246e-07,-2.8541838839363246e-05
2018,PA,Eleições estaduais no Pará em 2018,https://pt.wikipedia.org/wiki/Elei%C3%A7%C3%B5es_estaduais_no_Par%C3%A1_em_2018,23,16,Anivaldo Vale (PR),,3,0.0,0.00%,TSE/Justiça Eleitoral (conforme tabela estadual),Wikipédia,13,False,4.2812758259044875e-07,-4.281275825904488e-05
2018,PA,Eleições estaduais no Pará em 2018,https://pt.wikipedia.org/wiki/Elei%C3%A7%C3%B5es_estaduais_no_Par%C3%A1_em_2018,23,17,Francisco Alves (PRB),,3,0.0,0.00%,TSE/Justiça Eleitoral (conforme tabela estadual),Wikipédia,14,False,4.2812758259044875e-07,-4.281275825904488e-05
2018,PA,Eleições estaduais no Pará em 2018,https://pt.wikipedia.org/wiki/Elei%C3%A7%C3%B5es_estaduais_no_Par%C3%A1_em_2018,23,18,Ibanês Taveira (PTC),,3,0.0,0.00%,TSE/Justiça Eleitoral (conforme tabela estadual),Wikipédia,15,False,4.2812758259044875e-07,-4.281275825904488e-05
2018,PB,Eleições estaduais na Paraíba em 2018,https://pt.wikipedia.org/wiki/Elei%C3%A7%C3%B5es_estaduais_na_Para%C3%ADba_em_2018,9,2,Veneziano Vital[nota 4] PSB,,844786,24.63,"24,63%",TSE/Justiça Eleitoral (conforme tabela estadual),Wikipédia,1,True,0.3109621877259188,-6.466218772591883
2018,PB,Eleições estaduais na Paraíba em 2018,https://pt.wikipedia.org/wiki/Elei%C3%A7%C3%B5es_estaduais_na_Para%C3%ADba_em_2018,9,4,Daniella Ribeiro[nota 5] PP,,831701,24.25,"24,25%",TSE/Justiça Eleitoral (conforme tabela estadual),Wikipédia,2,True,0.30614565403999877,-6.364565403999878
2018,PB,Eleições estaduais na Paraíba em 2018,https://pt.wikipedia.org/wiki/Elei%C3%A7%C3%B5es_estaduais_na_Para%C3%ADba_em_2018,9,5,Luiz Couto PT,,79242,23.1,"23,10%",TSE/Justiça Eleitoral (conforme tabela estadual),Wikipédia,6,False,0.029168648249115466,20.183135175088456
2018,PB,Eleições estaduais na Paraíba em 2018,https://pt.wikipedia.org/wiki/Elei%C3%A7%C3%B5es_estaduais_na_Para%C3%ADba_em_2018,9,6,Cássio Cunha Lima PSDB,,601343,17.53,"17,53%",TSE/Justiça Eleitoral (conforme tabela estadual),Wikipédia,3,False,0.22135183922752885,-4.605183922752884
2018,PB,Eleições estaduais na Paraíba em 2018,https://pt.wikipedia.org/wiki/Elei%C3%A7%C3%B5es_estaduais_na_Para%C3%ADba_em_2018,9,7,Roberto Paulino MDB,,262998,7.67,"7,67%",TSE/Justiça Eleitoral (conforme tabela estadual),Wikipédia,4,False,0.09680846208097814,-2.0108462080978136
2018,PB,Eleições estaduais na Paraíba em 2018,https://pt.wikipedia.org/wiki/Elei%C3%A7%C3%B5es_estaduais_na_Para%C3%ADba_em_2018,9,8,Nelson Júnior PSOL,,82153,2.4,"2,40%",TSE/Justiça Eleitoral (conforme tabela estadual),Wikipédia,5,False,0.03024017515471067,-0.6240175154710669
2018,PB,Eleições estaduais na Paraíba em 2018,https://pt.wikipedia.org/wiki/Elei%C3%A7%C3%B5es_estaduais_na_Para%C3%ADba_em_2018,9,9,Nivaldo Mangueira PSOL,,14461,0.42,"0,42%",TSE/Justiça Eleitoral (conforme tabela estadual),Wikipédia,7,False,0.005323033521749309,-0.11230335217493094
2018,PR,Eleições estaduais no Paraná em 2018,https://pt.wikipedia.org/wiki/Elei%C3%A7%C3%B5es_estaduais_no_Paran%C3%A1_em_2018,11,1,Oriovisto Guimarães,,2957239,29.17,"29,17%",TSE/Justiça Eleitoral (conforme tabela estadual),Wikipédia,2,True,0.1458645249546288,14.583547504537123
2018,PR,Eleições estaduais no Paraná em 2018,https://pt.wikipedia.org/wiki/Elei%C3%A7%C3%B5es_estaduais_no_Paran%C3%A1_em_2018,11,2,Flávio Arns,,2331740,23.0,23%,TSE/Justiça Eleitoral (conforme tabela estadual),Wikipédia,3,False,0.11501205936270492,11.498794063729509
2018,PR,Eleições estaduais no Paraná em 2018,https://pt.wikipedia.org/wiki/Elei%C3%A7%C3%B5es_estaduais_no_Paran%C3%A1_em_2018,11,3,Roberto Requião,,1528291,15.08,"15,08%",TSE/Justiça Eleitoral (conforme tabela estadual),Wikipédia,4,False,0.07538228756872022,7.541771243127977
2018,PR,Eleições estaduais no Paraná em 2018,https://pt.wikipedia.org/wiki/Elei%C3%A7%C3%B5es_estaduais_no_Paran%C3%A1_em_2018,11,4,Alex Canziani,,1304719,12.87,"12,87%",TSE/Justiça Eleitoral (conforme tabela estadual),Wikipédia,5,False,0.06435469609804224,6.434530390195774
2018,PR,Eleições estaduais no Paraná em 2018,https://pt.wikipedia.org/wiki/Elei%C3%A7%C3%B5es_estaduais_no_Paran%C3%A1_em_2018,11,5,Mirian Gonçalves,,599953,5.92,"5,92%",TSE/Justiça Eleitoral (conforme tabela estadual),Wikipédia,6,False,0.029592420274487254,2.9607579725512747
2018,PR,Eleições estaduais no Paraná em 2018,https://pt.wikipedia.org/wiki/Elei%C3%A7%C3%B5es_estaduais_no_Paran%C3%A1_em_2018,11,6,Beto Richa,,377872,3.73,"3,73%",TSE/Justiça Eleitoral (conforme tabela estadual),Wikipédia,7,False,0.018638371729053856,1.8661628270946145
2018,PR,Eleições estaduais no Paraná em 2018,https://pt.wikipedia.org/wiki/Elei%C3%A7%C3%B5es_estaduais_no_Paran%C3%A1_em_2018,11,7,Nelton Friedrich,,269254,2.66,"2,66%",TSE/Justiça Eleitoral (conforme tabela estadual),Wikipédia,8,False,0.013280836213148016,1.3319163786851986
2018,PR,Eleições estaduais no Paraná em 2018,https://pt.wikipedia.org/wiki/Elei%C3%A7%C3%B5es_estaduais_no_Paran%C3%A1_em_2018,11,8,Zé Boni,,264518,2.61,"2,61%",TSE/Justiça Eleitoral (conforme tabela estadual),Wikipédia,9,False,0.013047235077025732,1.3052764922974267
2018,PR,Eleições estaduais no Paraná em 2018,https://pt.wikipedia.org/wiki/Elei%C3%A7%C3%B5es_estaduais_no_Paran%C3%A1_em_2018,11,9,Rodrigo Reis,,243353,2.4,"2,4%",TSE/Justiça Eleitoral (conforme tabela estadual),Wikipédia,10,False,0.01200328067541507,1.199671932458493
2018,PR,Eleições estaduais no Paraná em 2018,https://pt.wikipedia.org/wiki/Elei%C3%A7%C3%B5es_estaduais_no_Paran%C3%A1_em_2018,11,10,Luiz Adão,,87438,0.86,"0,86%",TSE/Justiça Eleitoral (conforme tabela estadual),Wikipédia,11,False,0.004312841245831951,0.42871587541680495
2018,PR,Eleições estaduais no Paraná em 2018,https://pt.wikipedia.org/wiki/Elei%C3%A7%C3%B5es_estaduais_no_Paran%C3%A1_em_2018,11,11,Jacque Parmigiani,,77450,0.76,"0,76%",TSE/Justiça Eleitoral (conforme tabela estadual),Wikipédia,12,False,0.0038201874984524417,0.3779812501547558
2018,PR,Eleições estaduais no Paraná em 2018,https://pt.wikipedia.org/wiki/Elei%C3%A7%C3%B5es_estaduais_no_Paran%C3%A1_em_2018,11,12,Roselaine Barroso,,49037,0.48,"0,48%",TSE/Justiça Eleitoral (conforme tabela estadual),Wikipédia,13,False,0.002418728655411393,0.23812713445886066
2018,PR,Eleições estaduais no Paraná em 2018,https://pt.wikipedia.org/wiki/Elei%C3%A7%C3%B5es_estaduais_no_Paran%C3%A1_em_2018,11,13,Rodrigo Tomazini,,35233,0.35,"0,35%",TSE/Justiça Eleitoral (conforme tabela estadual),Wikipédia,14,False,0.0017378523709874096,0.176214762901259
2018,PR,Eleições estaduais no Paraná em 2018,https://pt.wikipedia.org/wiki/Elei%C3%A7%C3%B5es_estaduais_no_Paran%C3%A1_em_2018,11,14,Gilson Mezarobba,,10840,0.11,"0,11%",TSE/Justiça Eleitoral (conforme tabela estadual),Wikipédia,15,False,0.0005346782760906969,0.05653217239093032
2018,PR,Eleições estaduais no Paraná em 2018,https://pt.wikipedia.org/wiki/Elei%C3%A7%C3%B5es_estaduais_no_Paran%C3%A1_em_2018,11,15,Totais,Totais,10136937,,,TSE/Justiça Eleitoral (conforme tabela estadual),Wikipédia,1,True,0.5,
2018,PE,Eleições estaduais em Pernambuco em 2018,https://pt.wikipedia.org/wiki/Elei%C3%A7%C3%B5es_estaduais_em_Pernambuco_em_2018,5,1,Humberto Costa PT,,1713565,25.76,"25,76%",TSE/Justiça Eleitoral (conforme tabela estadual),Wikipédia,1,True,0.257294900874274,0.030509912572601605
2018,PE,Eleições estaduais em Pernambuco em 2018,https://pt.wikipedia.org/wiki/Elei%C3%A7%C3%B5es_estaduais_em_Pernambuco_em_2018,5,2,Jarbas Vasconcelos MDB,,1430802,21.51,"21,51%",TSE/Justiça Eleitoral (conforme tabela estadual),Wikipédia,2,True,0.21483752221871535,0.026247778128465904
2018,PE,Eleições estaduais em Pernambuco em 2018,https://pt.wikipedia.org/wiki/Elei%C3%A7%C3%B5es_estaduais_em_Pernambuco_em_2018,5,3,Mendonça Filho DEM,,1302446,19.58,"19,58%",TSE/Justiça Eleitoral (conforme tabela estadual),Wikipédia,3,False,0.19556463540285582,0.023536459714415536
2018,PE,Eleições estaduais em Pernambuco em 2018,https://pt.wikipedia.org/wiki/Elei%C3%A7%C3%B5es_estaduais_em_Pernambuco_em_2018,5,4,Bruno Araújo PSDB,,925371,13.91,"13,91%",TSE/Justiça Eleitoral (conforme tabela estadual),Wikipédia,4,False,0.13894613844057727,0.01538615594227355
2018,PE,Eleições estaduais em Pernambuco em 2018,https://pt.wikipedia.org/wiki/Elei%C3%A7%C3%B5es_estaduais_em_Pernambuco_em_2018,5,5,Silvio Costa AVANTE,,680435,10.23,"10,23%",TSE/Justiça Eleitoral (conforme tabela estadual),Wikipédia,5,False,0.10216855262355767,0.013144737644232851
2018,PE,Eleições estaduais em Pernambuco em 2018,https://pt.wikipedia.org/wiki/Elei%C3%A7%C3%B5es_estaduais_em_Pernambuco_em_2018,5,6,Pastor Jairinho REDE,,191059,2.87,"2,87%",TSE/Justiça Eleitoral (conforme tabela estadual),Wikipédia,6,False,0.02868785629149633,0.001214370850366811
2018,PE,Eleições estaduais em Pernambuco em 2018,https://pt.wikipedia.org/wiki/Elei%C3%A7%C3%B5es_estaduais_em_Pernambuco_em_2018,5,7,Albanise Azevedo PSOL,,142280,2.14,"2,14%",TSE/Justiça Eleitoral (conforme tabela estadual),Wikipédia,7,False,0.02136360073670488,0.0036399263295121276
2018,PE,Eleições estaduais em Pernambuco em 2018,https://pt.wikipedia.org/wiki/Elei%C3%A7%C3%B5es_estaduais_em_Pernambuco_em_2018,5,8,Eugênia Lima PSOL,,113703,1.71,"1,71%",TSE/Justiça Eleitoral (conforme tabela estadual),Wikipédia,8,False,0.017072712219324958,0.002728778067504281
2018,PE,Eleições estaduais em Pernambuco em 2018,https://pt.wikipedia.org/wiki/Elei%C3%A7%C3%B5es_estaduais_em_Pernambuco_em_2018,5,9,Adriana Rocha REDE,,91941,1.38,"1,38%",TSE/Justiça Eleitoral (conforme tabela estadual),Wikipédia,9,False,0.013805108345047678,-0.0005108345047678126
2018,PE,Eleições estaduais em Pernambuco em 2018,https://pt.wikipedia.org/wiki/Elei%C3%A7%C3%B5es_estaduais_em_Pernambuco_em_2018,5,10,Lídia Brunes PROS,,44727,0.67,"0,67%",TSE/Justiça Eleitoral (conforme tabela estadual),Wikipédia,10,False,0.006715840386214501,-0.0015840386214500957
2018,PE,Eleições estaduais em Pernambuco em 2018,https://pt.wikipedia.org/wiki/Elei%C3%A7%C3%B5es_estaduais_em_Pernambuco_em_2018,5,11,Hélio Cabral PSTU,,16766,0.25,"0,25%",TSE/Justiça Eleitoral (conforme tabela estadual),Wikipédia,11,False,0.002517445389032851,-0.001744538903285112
2018,PE,Eleições estaduais em Pernambuco em 2018,https://pt.wikipedia.org/wiki/Elei%C3%A7%C3%B5es_estaduais_em_Pernambuco_em_2018,5,12,Alex Lima[nota 2] PCO,,6831,0.0,0,TSE/Justiça Eleitoral (conforme tabela estadual),Wikipédia,12,False,0.0010256870721987,-0.10256870721987
2018,PI,Eleições estaduais no Piauí em 2018,https://pt.wikipedia.org/wiki/Elei%C3%A7%C3%B5es_estaduais_no_Piau%C3%AD_em_2018,7,1,Ciro Nogueira PP,,897959,29.92,"29,92%",TSE/Justiça Eleitoral (conforme tabela estadual),Wikipédia,1,True,0.29920666628236736,-0.0006666282367340237
2018,PI,Eleições estaduais no Piauí em 2018,https://pt.wikipedia.org/wiki/Elei%C3%A7%C3%B5es_estaduais_no_Piau%C3%AD_em_2018,7,2,Marcelo Castro MDB,,812213,27.96,"27,96%",TSE/Justiça Eleitoral (conforme tabela estadual),Wikipédia,2,True,0.2706354566758621,0.896454332413793
2018,PI,Eleições estaduais no Piauí em 2018,https://pt.wikipedia.org/wiki/Elei%C3%A7%C3%B5es_estaduais_no_Piau%C3%AD_em_2018,7,3,Wilson Martins PSB,,570065,18.99,"18,99%",TSE/Justiça Eleitoral (conforme tabela estadual),Wikipédia,3,False,0.1899499289101816,-0.004992891018160139
2018,PI,Eleições estaduais no Piauí em 2018,https://pt.wikipedia.org/wiki/Elei%C3%A7%C3%B5es_estaduais_no_Piau%C3%AD_em_2018,7,4,Robert Rios DEM,,248223,8.27,"8,27%",TSE/Justiça Eleitoral (conforme tabela estadual),Wikipédia,4,False,0.08270976327940148,-0.0009763279401484026
2018,PI,Eleições estaduais no Piauí em 2018,https://pt.wikipedia.org/wiki/Elei%C3%A7%C3%B5es_estaduais_no_Piau%C3%AD_em_2018,7,5,Frank Aguiar PRB,,151269,5.04,"5,04%",TSE/Justiça Eleitoral (conforme tabela estadual),Wikipédia,5,False,0.050403964102890476,-0.0003964102890476051
2018,PI,Eleições estaduais no Piauí em 2018,https://pt.wikipedia.org/wiki/Elei%C3%A7%C3%B5es_estaduais_no_Piau%C3%AD_em_2018,7,6,Jesus Rodrigues PSOL,,72755,2.42,"2,42%",TSE/Justiça Eleitoral (conforme tabela estadual),Wikipédia,6,False,0.024242511078316088,-0.0042511078316088274
2018,PI,Eleições estaduais no Piauí em 2018,https://pt.wikipedia.org/wiki/Elei%C3%A7%C3%B5es_estaduais_no_Piau%C3%AD_em_2018,7,7,Marcus Vinícius Cunha Dias PTC,,72446,2.41,"2,41%",TSE/Justiça Eleitoral (conforme tabela estadual),Wikipédia,7,False,0.024139549963297195,-0.003954996329719532
2018,PI,Eleições estaduais no Piauí em 2018,https://pt.wikipedia.org/wiki/Elei%C3%A7%C3%B5es_estaduais_no_Piau%C3%AD_em_2018,7,8,Antônio José Lira PSL,,58336,1.94,"1,94%",TSE/Justiça Eleitoral (conforme tabela estadual),Wikipédia,8,False,0.01943799225159298,-0.003799225159297967
2018,PI,Eleições estaduais no Piauí em 2018,https://pt.wikipedia.org/wiki/Elei%C3%A7%C3%B5es_estaduais_no_Piau%C3%AD_em_2018,7,9,Paulo Henrique Pinheiro REDE,,27477,0.92,"0,92%",TSE/Justiça Eleitoral (conforme tabela estadual),Wikipédia,9,False,0.009155542256874321,0.004445774312567853
2018,PI,Eleições estaduais no Piauí em 2018,https://pt.wikipedia.org/wiki/Elei%C3%A7%C3%B5es_estaduais_no_Piau%C3%AD_em_2018,7,10,Flávia Barbosa PRP,,23645,0.79,"0,79%",TSE/Justiça Eleitoral (conforme tabela estadual),Wikipédia,10,False,0.00787869114764324,0.0021308852356760957
2018,PI,Eleições estaduais no Piauí em 2018,https://pt.wikipedia.org/wiki/Elei%C3%A7%C3%B5es_estaduais_no_Piau%C3%AD_em_2018,7,11,Quem-Quem AVANTE,,21075,0.7,"0,70%",TSE/Justiça Eleitoral (conforme tabela estadual),Wikipédia,11,False,0.007022347893278972,-0.002234789327897231
2018,PI,Eleições estaduais no Piauí em 2018,https://pt.wikipedia.org/wiki/Elei%C3%A7%C3%B5es_estaduais_no_Piau%C3%AD_em_2018,7,12,Genival Oliveira PSC,,16329,0.54,"0,54%",TSE/Justiça Eleitoral (conforme tabela estadual),Wikipédia,12,False,0.0054409451363868246,-0.004094513638682427
2018,PI,Eleições estaduais no Piauí em 2018,https://pt.wikipedia.org/wiki/Elei%C3%A7%C3%B5es_estaduais_no_Piau%C3%AD_em_2018,7,13,Fausto Ripardo PCB,,6932,0.23,"0,23%",TSE/Justiça Eleitoral (conforme tabela estadual),Wikipédia,13,False,0.0023097943343397312,-0.0009794334339731283
2018,PI,Eleições estaduais no Piauí em 2018,https://pt.wikipedia.org/wiki/Elei%C3%A7%C3%B5es_estaduais_no_Piau%C3%AD_em_2018,7,14,Albetiza Araújo PCO,,6669,0.22,"0,22%",TSE/Justiça Eleitoral (conforme tabela estadual),Wikipédia,14,False,0.002222160763951481,-0.002216076395148087
2018,PI,Eleições estaduais no Piauí em 2018,https://pt.wikipedia.org/wiki/Elei%C3%A7%C3%B5es_estaduais_no_Piau%C3%AD_em_2018,7,15,Joaquim Saraiva DC,,5792,0.19,"0,19%",TSE/Justiça Eleitoral (conforme tabela estadual),Wikipédia,15,False,0.001929937793493324,-0.002993779349332406
2018,PI,Eleições estaduais no Piauí em 2018,https://pt.wikipedia.org/wiki/Elei%C3%A7%C3%B5es_estaduais_no_Piau%C3%AD_em_2018,7,16,Lafayette Andrade DC,,5640,0.19,"0,19%",TSE/Justiça Eleitoral (conforme tabela estadual),Wikipédia,16,False,0.001879290254713803,0.0020709745286196955
2018,PI,Eleições estaduais no Piauí em 2018,https://pt.wikipedia.org/wiki/Elei%C3%A7%C3%B5es_estaduais_no_Piau%C3%AD_em_2018,7,17,Gervásio Santos PSTU,,4308,0.14,"0,14%",TSE/Justiça Eleitoral (conforme tabela estadual),Wikipédia,17,False,0.0014354578754090538,-0.0035457875409053647
2018,RJ,Eleições estaduais no Rio de Janeiro em 2018,https://pt.wikipedia.org/wiki/Elei%C3%A7%C3%B5es_estaduais_no_Rio_de_Janeiro_em_2018,15,1,Flávio Bolsonaro,PSL,4380418,,,TSE/Justiça Eleitoral (conforme tabela estadual),Wikipédia,1,True,0.3129182918291829,
2018,RJ,Eleições estaduais no Rio de Janeiro em 2018,https://pt.wikipedia.org/wiki/Elei%C3%A7%C3%B5es_estaduais_no_Rio_de_Janeiro_em_2018,15,2,Arolde de Oliveira,PSD,2382265,,,TSE/Justiça Eleitoral (conforme tabela estadual),Wikipédia,2,True,0.17017880359464518,
2018,RJ,Eleições estaduais no Rio de Janeiro em 2018,https://pt.wikipedia.org/wiki/Elei%C3%A7%C3%B5es_estaduais_no_Rio_de_Janeiro_em_2018,15,3,Cesar Maia,DEM,2327634,,,TSE/Justiça Eleitoral (conforme tabela estadual),Wikipédia,3,False,0.16627619904847626,
2018,RJ,Eleições estaduais no Rio de Janeiro em 2018,https://pt.wikipedia.org/wiki/Elei%C3%A7%C3%B5es_estaduais_no_Rio_de_Janeiro_em_2018,15,4,Lindbergh Farias,PT,1419676,,,TSE/Justiça Eleitoral (conforme tabela estadual),Wikipédia,4,False,0.10141557012844142,
2018,RJ,Eleições estaduais no Rio de Janeiro em 2018,https://pt.wikipedia.org/wiki/Elei%C3%A7%C3%B5es_estaduais_no_Rio_de_Janeiro_em_2018,15,5,Chico Alencar,PSOL,1281373,,,TSE/Justiça Eleitoral (conforme tabela estadual),Wikipédia,5,False,0.09153579643678654,
2018,RJ,Eleições estaduais no Rio de Janeiro em 2018,https://pt.wikipedia.org/wiki/Elei%C3%A7%C3%B5es_estaduais_no_Rio_de_Janeiro_em_2018,15,6,Eduardo Lopes,PRB,507850,,,TSE/Justiça Eleitoral (conforme tabela estadual),Wikipédia,6,False,0.03627862786278628,
2018,RJ,Eleições estaduais no Rio de Janeiro em 2018,https://pt.wikipedia.org/wiki/Elei%C3%A7%C3%B5es_estaduais_no_Rio_de_Janeiro_em_2018,15,7,Miro Teixeira,REDE,430893,,,TSE/Justiça Eleitoral (conforme tabela estadual),Wikipédia,7,False,0.03078114954352578,
2018,RJ,Eleições estaduais no Rio de Janeiro em 2018,https://pt.wikipedia.org/wiki/Elei%C3%A7%C3%B5es_estaduais_no_Rio_de_Janeiro_em_2018,15,8,Pastor Everaldo,PSC,360688,,,TSE/Justiça Eleitoral (conforme tabela estadual),Wikipédia,8,False,0.025766005171945765,
2018,RJ,Eleições estaduais no Rio de Janeiro em 2018,https://pt.wikipedia.org/wiki/Elei%C3%A7%C3%B5es_estaduais_no_Rio_de_Janeiro_em_2018,15,9,José Bonifácio,PDT,313265,,,TSE/Justiça Eleitoral (conforme tabela estadual),Wikipédia,9,False,0.022378309259497377,
2018,RJ,Eleições estaduais no Rio de Janeiro em 2018,https://pt.wikipedia.org/wiki/Elei%C3%A7%C3%B5es_estaduais_no_Rio_de_Janeiro_em_2018,15,10,Aspásia Camargo,PSDB,248868,,,TSE/Justiça Eleitoral (conforme tabela estadual),Wikipédia,10,False,0.01777806352063778,
2018,RJ,Eleições estaduais no Rio de Janeiro em 2018,https://pt.wikipedia.org/wiki/Elei%C3%A7%C3%B5es_estaduais_no_Rio_de_Janeiro_em_2018,15,11,Mattos Nascimento,PRTB,173968,,,TSE/Justiça Eleitoral (conforme tabela estadual),Wikipédia,11,False,0.012427528467132427,
2018,RJ,Eleições estaduais no Rio de Janeiro em 2018,https://pt.wikipedia.org/wiki/Elei%C3%A7%C3%B5es_estaduais_no_Rio_de_Janeiro_em_2018,15,12,Marta Barçante,PCB,52734,,,TSE/Justiça Eleitoral (conforme tabela estadual),Wikipédia,12,False,0.0037670909948137672,
2018,RJ,Eleições estaduais no Rio de Janeiro em 2018,https://pt.wikipedia.org/wiki/Elei%C3%A7%C3%B5es_estaduais_no_Rio_de_Janeiro_em_2018,15,13,Cyro Garcia,PSTU,45588,,,TSE/Justiça Eleitoral (conforme tabela estadual),Wikipédia,13,False,0.0032566113754232567,
2018,RJ,Eleições estaduais no Rio de Janeiro em 2018,https://pt.wikipedia.org/wiki/Elei%C3%A7%C3%B5es_estaduais_no_Rio_de_Janeiro_em_2018,15,14,Gabrielle Burcci,PMB,27081,,,TSE/Justiça Eleitoral (conforme tabela estadual),Wikipédia,14,False,0.0019345505979169347,
2018,RJ,Eleições estaduais no Rio de Janeiro em 2018,https://pt.wikipedia.org/wiki/Elei%C3%A7%C3%B5es_estaduais_no_Rio_de_Janeiro_em_2018,15,15,Walter Cristie,PATRI,23803,,,TSE/Justiça Eleitoral (conforme tabela estadual),Wikipédia,15,False,0.0017003843241467005,
2018,RJ,Eleições estaduais no Rio de Janeiro em 2018,https://pt.wikipedia.org/wiki/Elei%C3%A7%C3%B5es_estaduais_no_Rio_de_Janeiro_em_2018,15,16,Samantha Guedes,PSTU,13680,,,TSE/Justiça Eleitoral (conforme tabela estadual),Wikipédia,16,False,0.0009772405812009772,
2018,RJ,Eleições estaduais no Rio de Janeiro em 2018,https://pt.wikipedia.org/wiki/Elei%C3%A7%C3%B5es_estaduais_no_Rio_de_Janeiro_em_2018,15,17,Fernando Fagundes,PCO,8816,,,TSE/Justiça Eleitoral (conforme tabela estadual),Wikipédia,17,False,0.0006297772634406298,
2018,RN,Eleições estaduais no Rio Grande do Norte em 2018,https://pt.wikipedia.org/wiki/Elei%C3%A7%C3%B5es_estaduais_no_Rio_Grande_do_Norte_em_2018,10,1,Styvenson Valentim REDE,,745827,25.63,"25,63%",TSE/Justiça Eleitoral (conforme tabela estadual),Wikipédia,1,True,0.2569235602570383,-0.06235602570383025
2018,RN,Eleições estaduais no Rio Grande do Norte em 2018,https://pt.wikipedia.org/wiki/Elei%C3%A7%C3%B5es_estaduais_no_Rio_Grande_do_Norte_em_2018,10,3,Zenaide Maia PHS,,660315,22.69,"22,69%",TSE/Justiça Eleitoral (conforme tabela estadual),Wikipédia,2,True,0.2274662632100021,-0.05662632100020826
2018,RN,Eleições estaduais no Rio Grande do Norte em 2018,https://pt.wikipedia.org/wiki/Elei%C3%A7%C3%B5es_estaduais_no_Rio_Grande_do_Norte_em_2018,10,4,Geraldo Melo PSDB,,382249,13.14,"13,14%",TSE/Justiça Eleitoral (conforme tabela estadual),Wikipédia,3,False,0.1316776866279883,-0.02776866279882717
2018,RN,Eleições estaduais no Rio Grande do Norte em 2018,https://pt.wikipedia.org/wiki/Elei%C3%A7%C3%B5es_estaduais_no_Rio_Grande_do_Norte_em_2018,10,5,Garibaldi Alves Filho MDB,,376199,12.93,"12,93%",TSE/Justiça Eleitoral (conforme tabela estadual),Wikipédia,4,False,0.129593573905393,-0.0293573905393002
2018,RN,Eleições estaduais no Rio Grande do Norte em 2018,https://pt.wikipedia.org/wiki/Elei%C3%A7%C3%B5es_estaduais_no_Rio_Grande_do_Norte_em_2018,10,6,Antônio Jácome PODE,,307399,10.57,"10,57%",TSE/Justiça Eleitoral (conforme tabela estadual),Wikipédia,5,False,0.10589325071290434,-0.01932507129043387
2018,RN,Eleições estaduais no Rio Grande do Norte em 2018,https://pt.wikipedia.org/wiki/Elei%C3%A7%C3%B5es_estaduais_no_Rio_Grande_do_Norte_em_2018,10,7,Alexandre Motta PT,,242465,8.33,"8,33%",TSE/Justiça Eleitoral (conforme tabela estadual),Wikipédia,6,False,0.08352469277422618,-0.022469277422618172
2018,RN,Eleições estaduais no Rio Grande do Norte em 2018,https://pt.wikipedia.org/wiki/Elei%C3%A7%C3%B5es_estaduais_no_Rio_Grande_do_Norte_em_2018,10,8,Magnólia Figueiredo SD,,114055,3.92,"3,92%",TSE/Justiça Eleitoral (conforme tabela estadual),Wikipédia,7,False,0.03928983083894321,-0.008983083894321259
2018,RN,Eleições estaduais no Rio Grande do Norte em 2018,https://pt.wikipedia.org/wiki/Elei%C3%A7%C3%B5es_estaduais_no_Rio_Grande_do_Norte_em_2018,10,9,Telma Gurgel PSOL,,23846,0.82,"0,82%",TSE/Justiça Eleitoral (conforme tabela estadual),Wikipédia,8,False,0.008214504460001226,-0.00145044600012266
2018,RN,Eleições estaduais no Rio Grande do Norte em 2018,https://pt.wikipedia.org/wiki/Elei%C3%A7%C3%B5es_estaduais_no_Rio_Grande_do_Norte_em_2018,10,10,Joanílson Rêgo DC,,15418,0.53,"0,53%",TSE/Justiça Eleitoral (conforme tabela estadual),Wikipédia,9,False,0.005311214868921367,-0.0011214868921366992
2018,RN,Eleições estaduais no Rio Grande do Norte em 2018,https://pt.wikipedia.org/wiki/Elei%C3%A7%C3%B5es_estaduais_no_Rio_Grande_do_Norte_em_2018,10,11,Levi Costa PRTB,,14709,0.51,"0,51%",TSE/Justiça Eleitoral (conforme tabela estadual),Wikipédia,10,False,0.005066977526719703,0.0033022473280297504
2018,RN,Eleições estaduais no Rio Grande do Norte em 2018,https://pt.wikipedia.org/wiki/Elei%C3%A7%C3%B5es_estaduais_no_Rio_Grande_do_Norte_em_2018,10,12,Ana Celia PSTU,,8233,0.28,"0,28%",TSE/Justiça Eleitoral (conforme tabela estadual),Wikipédia,11,False,0.0028361157099383587,-0.0036115709938358293
2018,RN,Eleições estaduais no Rio Grande do Norte em 2018,https://pt.wikipedia.org/wiki/Elei%C3%A7%C3%B5es_estaduais_no_Rio_Grande_do_Norte_em_2018,10,13,Laílson Almeida PSOL,,742,0.26,"0,26%",TSE/Justiça Eleitoral (conforme tabela estadual),Wikipédia,14,False,0.0002556052297794561,0.23443947702205437
2018,RN,Eleições estaduais no Rio Grande do Norte em 2018,https://pt.wikipedia.org/wiki/Elei%C3%A7%C3%B5es_estaduais_no_Rio_Grande_do_Norte_em_2018,10,14,João Napoleão REDE,,7166,0.25,"0,25%",TSE/Justiça Eleitoral (conforme tabela estadual),Wikipédia,12,False,0.0024685540115897335,0.0031445988410266565
2018,RN,Eleições estaduais no Rio Grande do Norte em 2018,https://pt.wikipedia.org/wiki/Elei%C3%A7%C3%B5es_estaduais_no_Rio_Grande_do_Norte_em_2018,10,15,João Morais PSTU,,4291,0.15,"0,15%",TSE/Justiça Eleitoral (conforme tabela estadual),Wikipédia,13,False,0.0014781698665547792,0.002183013344522083
2018,RN,Eleições estaduais no Rio Grande do Norte em 2018,https://pt.wikipedia.org/wiki/Elei%C3%A7%C3%B5es_estaduais_no_Rio_Grande_do_Norte_em_2018,10,16,Jurandir Marinho PRTB,,0,0.0,"0,00%",TSE/Justiça Eleitoral (conforme tabela estadual),Wikipédia,15,False,0.0,0.0
2018,RS,Eleições estaduais no Rio Grande do Sul em 2018,https://pt.wikipedia.org/wiki/Elei%C3%A7%C3%B5es_estaduais_no_Rio_Grande_do_Sul_em_2018,17,1,Luiz Carlos Heinze (PP),,2316365,21.94,"21,94%",TSE/Justiça Eleitoral (conforme tabela estadual),Wikipédia,1,True,0.2194276965626422,-0.002769656264217657
2018,RS,Eleições estaduais no Rio Grande do Sul em 2018,https://pt.wikipedia.org/wiki/Elei%C3%A7%C3%B5es_estaduais_no_Rio_Grande_do_Sul_em_2018,17,2,Paulo Paim (PT),,1875245,17.76,"17,76%",TSE/Justiça Eleitoral (conforme tabela estadual),Wikipédia,2,True,0.17764069602183247,-0.004069602183245924
2018,RS,Eleições estaduais no Rio Grande do Sul em 2018,https://pt.wikipedia.org/wiki/Elei%C3%A7%C3%B5es_estaduais_no_Rio_Grande_do_Sul_em_2018,17,3,Beto Albuquerque (PSB),,1713792,16.23,"16,23%",TSE/Justiça Eleitoral (conforme tabela estadual),Wikipédia,3,False,0.16234636205757022,-0.0046362057570220605
2018,RS,Eleições estaduais no Rio Grande do Sul em 2018,https://pt.wikipedia.org/wiki/Elei%C3%A7%C3%B5es_estaduais_no_Rio_Grande_do_Sul_em_2018,17,4,Carmen Flores (PSL),,1509152,14.3,"14,30%",TSE/Justiça Eleitoral (conforme tabela estadual),Wikipédia,4,False,0.1429609526663132,0.003904733368681468
2018,RS,Eleições estaduais no Rio Grande do Sul em 2018,https://pt.wikipedia.org/wiki/Elei%C3%A7%C3%B5es_estaduais_no_Rio_Grande_do_Sul_em_2018,17,5,José Fogaça (MDB),,1465700,13.88,"13,88%",TSE/Justiça Eleitoral (conforme tabela estadual),Wikipédia,5,False,0.13884477396777478,-0.004477396777477494
2018,RS,Eleições estaduais no Rio Grande do Sul em 2018,https://pt.wikipedia.org/wiki/Elei%C3%A7%C3%B5es_estaduais_no_Rio_Grande_do_Sul_em_2018,17,6,Abigail Pereira (PCdoB),,970286,9.19,"9,19%",TSE/Justiça Eleitoral (conforme tabela estadual),Wikipédia,6,False,0.09191453936965022,-0.0014539369650221068
2018,RS,Eleições estaduais no Rio Grande do Sul em 2018,https://pt.wikipedia.org/wiki/Elei%C3%A7%C3%B5es_estaduais_no_Rio_Grande_do_Sul_em_2018,17,7,Sandra Weber (SD),,263411,2.5,"2,50%",TSE/Justiça Eleitoral (conforme tabela estadual),Wikipédia,7,False,0.02495274664366891,0.004725335633109021
2018,RS,Eleições estaduais no Rio Grande do Sul em 2018,https://pt.wikipedia.org/wiki/Elei%C3%A7%C3%B5es_estaduais_no_Rio_Grande_do_Sul_em_2018,17,8,Mario Bernd (PPS),,233747,2.21,"2,21%",TSE/Justiça Eleitoral (conforme tabela estadual),Wikipédia,8,False,0.022142695900010542,-0.00426959000105441
2018,RS,Eleições estaduais no Rio Grande do Sul em 2018,https://pt.wikipedia.org/wiki/Elei%C3%A7%C3%B5es_estaduais_no_Rio_Grande_do_Sul_em_2018,17,9,Ana Varela (PODE),,101504,0.96,"0,96%",TSE/Justiça Eleitoral (conforme tabela estadual),Wikipédia,9,False,0.009615405565139533,-0.0015405565139533714
2018,RS,Eleições estaduais no Rio Grande do Sul em 2018,https://pt.wikipedia.org/wiki/Elei%C3%A7%C3%B5es_estaduais_no_Rio_Grande_do_Sul_em_2018,17,10,Romer Guex (PSOL),,49023,0.46,"0,46%",TSE/Justiça Eleitoral (conforme tabela estadual),Wikipédia,10,False,0.004643915776913573,-0.004391577691357281
2018,RS,Eleições estaduais no Rio Grande do Sul em 2018,https://pt.wikipedia.org/wiki/Elei%C3%A7%C3%B5es_estaduais_no_Rio_Grande_do_Sul_em_2018,17,11,Marli Schaule (PSTU),,26242,0.25,"0,25%",TSE/Justiça Eleitoral (conforme tabela estadual),Wikipédia,11,False,0.002485886988102849,0.0014113011897150859
2018,RS,Eleições estaduais no Rio Grande do Sul em 2018,https://pt.wikipedia.org/wiki/Elei%C3%A7%C3%B5es_estaduais_no_Rio_Grande_do_Sul_em_2018,17,12,Cleber Soares (PCB),,23963,0.23,"0,23%",TSE/Justiça Eleitoral (conforme tabela estadual),Wikipédia,12,False,0.0022699988528278553,0.0030001147172144683
2018,RS,Eleições estaduais no Rio Grande do Sul em 2018,https://pt.wikipedia.org/wiki/Elei%C3%A7%C3%B5es_estaduais_no_Rio_Grande_do_Sul_em_2018,17,13,José Augusto (PSTU),,7963,0.08,"0,08%",TSE/Justiça Eleitoral (conforme tabela estadual),Wikipédia,13,False,0.000754329627553654,0.0045670372446346055
2018,RO,Eleições estaduais em Rondônia em 2018,https://pt.wikipedia.org/wiki/Elei%C3%A7%C3%B5es_estaduais_em_Rond%C3%B4nia_em_2018,7,1,Marcos Rogério DEM,,324939,24.06,"24,06%",TSE/Justiça Eleitoral (conforme tabela estadual),Wikipédia,1,True,0.2605895401375209,-1.9989540137520911
2018,RO,Eleições estaduais em Rondônia em 2018,https://pt.wikipedia.org/wiki/Elei%C3%A7%C3%B5es_estaduais_em_Rond%C3%B4nia_em_2018,7,2,Confúcio Moura MDB,,230361,17.06,"17,06%",TSE/Justiça Eleitoral (conforme tabela estadual),Wikipédia,2,True,0.18474134239232423,-1.4141342392324256
2018,RO,Eleições estaduais em Rondônia em 2018,https://pt.wikipedia.org/wiki/Elei%C3%A7%C3%B5es_estaduais_em_Rond%C3%B4nia_em_2018,7,3,Jaime Bagattoli PSL,,212077,15.7,"15,70%",TSE/Justiça Eleitoral (conforme tabela estadual),Wikipédia,3,False,0.17007822361657116,-1.3078223616571156
2018,RO,Eleições estaduais em Rondônia em 2018,https://pt.wikipedia.org/wiki/Elei%C3%A7%C3%B5es_estaduais_em_Rond%C3%B4nia_em_2018,7,4,Jesualdo Pires PSB,,195641,14.49,"14,49%",TSE/Justiça Eleitoral (conforme tabela estadual),Wikipédia,4,False,0.1568971352224409,-1.1997135222440891
2018,RO,Eleições estaduais em Rondônia em 2018,https://pt.wikipedia.org/wiki/Elei%C3%A7%C3%B5es_estaduais_em_Rond%C3%B4nia_em_2018,7,5,Carlos Magno PP,,163859,12.13,"12,13%",TSE/Justiça Eleitoral (conforme tabela estadual),Wikipédia,5,False,0.13140909973070034,-1.010909973070033
2018,RO,Eleições estaduais em Rondônia em 2018,https://pt.wikipedia.org/wiki/Elei%C3%A7%C3%B5es_estaduais_em_Rond%C3%B4nia_em_2018,7,6,Valdir Raupp MDB,,8037,5.95,"5,95%",TSE/Justiça Eleitoral (conforme tabela estadual),Wikipédia,9,False,0.006445388623973285,5.305461137602672
2018,RO,Eleições estaduais em Rondônia em 2018,https://pt.wikipedia.org/wiki/Elei%C3%A7%C3%B5es_estaduais_em_Rond%C3%B4nia_em_2018,7,7,Aluízio Vidal Flor REDE,,51917,3.84,"3,84%",TSE/Justiça Eleitoral (conforme tabela estadual),Wikipédia,6,False,0.04163559054259314,-0.3235590542593141
2018,RO,Eleições estaduais em Rondônia em 2018,https://pt.wikipedia.org/wiki/Elei%C3%A7%C3%B5es_estaduais_em_Rond%C3%B4nia_em_2018,7,8,Edésio Fernandes PRB,,43539,3.22,"3,22%",TSE/Justiça Eleitoral (conforme tabela estadual),Wikipédia,7,False,0.034916732026772784,-0.27167320267727846
2018,RO,Eleições estaduais em Rondônia em 2018,https://pt.wikipedia.org/wiki/Elei%C3%A7%C3%B5es_estaduais_em_Rond%C3%B4nia_em_2018,7,9,Fabrício Jurado NOVO,,3477,2.57,"2,57%",TSE/Justiça Eleitoral (conforme tabela estadual),Wikipédia,10,False,0.0027884305394494354,2.2911569460550565
2018,RO,Eleições estaduais em Rondônia em 2018,https://pt.wikipedia.org/wiki/Elei%C3%A7%C3%B5es_estaduais_em_Rond%C3%B4nia_em_2018,7,10,Ted Wilson PRTB,,13091,0.97,"0,97%",TSE/Justiça Eleitoral (conforme tabela estadual),Wikipédia,8,False,0.010498517167653884,-0.07985171676538841
2018,RO,Eleições estaduais em Rondônia em 2018,https://pt.wikipedia.org/wiki/Elei%C3%A7%C3%B5es_estaduais_em_Rond%C3%B4nia_em_2018,7,11,João Bosco Costa PPS,,0,0.0,"0,00%",TSE/Justiça Eleitoral (conforme tabela estadual),Wikipédia,11,False,0.0,0.0
2018,RO,Eleições estaduais em Rondônia em 2018,https://pt.wikipedia.org/wiki/Elei%C3%A7%C3%B5es_estaduais_em_Rond%C3%B4nia_em_2018,7,12,Tito Soares Paz PSTU,,0,0.0,"0,00%",TSE/Justiça Eleitoral (conforme tabela estadual),Wikipédia,12,False,0.0,0.0
2018,RO,Eleições estaduais em Rondônia em 2018,https://pt.wikipedia.org/wiki/Elei%C3%A7%C3%B5es_estaduais_em_Rond%C3%B4nia_em_2018,7,13,Fátima Cleide PT,,0,0.0,"0,00%",TSE/Justiça Eleitoral (conforme tabela estadual),Wikipédia,13,False,0.0,0.0
2018,RO,Eleições estaduais em Rondônia em 2018,https://pt.wikipedia.org/wiki/Elei%C3%A7%C3%B5es_estaduais_em_Rond%C3%B4nia_em_2018,7,14,Paulo Sérgio Augusto da Silva PSTU,,0,0.0,"0,00%",TSE/Justiça Eleitoral (conforme tabela estadual),Wikipédia,14,False,0.0,0.0
2018,RO,Eleições estaduais em Rondônia em 2018,https://pt.wikipedia.org/wiki/Elei%C3%A7%C3%B5es_estaduais_em_Rond%C3%B4nia_em_2018,7,15,Irailton de Souza PMB,,0,0.0,"0,00%",TSE/Justiça Eleitoral (conforme tabela estadual),Wikipédia,15,False,0.0,0.0
2018,RO,Eleições estaduais em Rondônia em 2018,https://pt.wikipedia.org/wiki/Elei%C3%A7%C3%B5es_estaduais_em_Rond%C3%B4nia_em_2018,7,16,Josemir Dettoni PMB,,0,0.0,"0,00%",TSE/Justiça Eleitoral (conforme tabela estadual),Wikipédia,16,False,0.0,0.0
2018,RR,Eleições estaduais em Roraima em 2018,https://pt.wikipedia.org/wiki/Elei%C3%A7%C3%B5es_estaduais_em_Roraima_em_2018,9,2,Chico Rodrigues DEM,,111466,22.76,"22,76%",TSE/Justiça Eleitoral (conforme tabela estadual),Wikipédia,1,True,0.26964927644215647,-4.204927644215645
2018,RR,Eleições estaduais em Roraima em 2018,https://pt.wikipedia.org/wiki/Elei%C3%A7%C3%B5es_estaduais_em_Roraima_em_2018,9,4,Mecias de Jesus PRB,,85366,17.43,"17,43%",TSE/Justiça Eleitoral (conforme tabela estadual),Wikipédia,2,True,0.20651032720974227,-3.221032720974226
2018,RR,Eleições estaduais em Roraima em 2018,https://pt.wikipedia.org/wiki/Elei%C3%A7%C3%B5es_estaduais_em_Roraima_em_2018,9,5,Romero Jucá MDB,,8494,17.34,"17,34%",TSE/Justiça Eleitoral (conforme tabela estadual),Wikipédia,8,False,0.02054797834406615,15.285202165593384
2018,RR,Eleições estaduais em Roraima em 2018,https://pt.wikipedia.org/wiki/Elei%C3%A7%C3%B5es_estaduais_em_Roraima_em_2018,9,6,Ângela Portela PDT,,64164,13.1,"13,10%",TSE/Justiça Eleitoral (conforme tabela estadual),Wikipédia,3,False,0.15522021220492824,-2.422021220492823
2018,RR,Eleições estaduais em Roraima em 2018,https://pt.wikipedia.org/wiki/Elei%C3%A7%C3%B5es_estaduais_em_Roraima_em_2018,9,7,Luciano Castro PR,,56147,11.46,"11,46%",TSE/Justiça Eleitoral (conforme tabela estadual),Wikipédia,4,False,0.1358261525882131,-2.122615258821309
2018,RR,Eleições estaduais em Roraima em 2018,https://pt.wikipedia.org/wiki/Elei%C3%A7%C3%B5es_estaduais_em_Roraima_em_2018,9,8,Pastor Isamar Ramalho PSL,,52028,10.62,"10,62%",TSE/Justiça Eleitoral (conforme tabela estadual),Wikipédia,5,False,0.12586181037027003,-1.9661810370270039
2018,RR,Eleições estaduais em Roraima em 2018,https://pt.wikipedia.org/wiki/Elei%C3%A7%C3%B5es_estaduais_em_Roraima_em_2018,9,9,Júlio Martins PTB,,20004,4.08,"4,08%",TSE/Justiça Eleitoral (conforme tabela estadual),Wikipédia,6,False,0.04839201304387794,-0.7592013043877938
2018,RR,Eleições estaduais em Roraima em 2018,https://pt.wikipedia.org/wiki/Elei%C3%A7%C3%B5es_estaduais_em_Roraima_em_2018,9,10,Telma Taurepang PCB,,13839,2.83,"2,83%",TSE/Justiça Eleitoral (conforme tabela estadual),Wikipédia,7,False,0.03347815779415251,-0.5178157794152507
2018,RR,Eleições estaduais em Roraima em 2018,https://pt.wikipedia.org/wiki/Elei%C3%A7%C3%B5es_estaduais_em_Roraima_em_2018,9,11,Lourival PSTU,,1866,0.38,"0,38%",TSE/Justiça Eleitoral (conforme tabela estadual),Wikipédia,9,False,0.004514072002593293,-0.07140720025932928
2018,RR,Eleições estaduais em Roraima em 2018,https://pt.wikipedia.org/wiki/Elei%C3%A7%C3%B5es_estaduais_em_Roraima_em_2018,9,12,Rudson Leite PV,,0,0.0,0%,TSE/Justiça Eleitoral (conforme tabela estadual),Wikipédia,10,False,0.0,0.0
2018,RR,Eleições estaduais em Roraima em 2018,https://pt.wikipedia.org/wiki/Elei%C3%A7%C3%B5es_estaduais_em_Roraima_em_2018,9,13,Christian Santos PATRI,,0,0.0,0%,TSE/Justiça Eleitoral (conforme tabela estadual),Wikipédia,11,False,0.0,0.0
2018,SC,Eleições estaduais em Santa Catarina em 2018,https://pt.wikipedia.org/wiki/Elei%C3%A7%C3%B5es_estaduais_em_Santa_Catarina_em_2018,14,1,Esperidião Amin PP,,1226064,18.78,"18,78%",TSE/Justiça Eleitoral (conforme tabela estadual),Wikipédia,2,True,0.10570556071889824,8.20944392811018
2018,SC,Eleições estaduais em Santa Catarina em 2018,https://pt.wikipedia.org/wiki/Elei%C3%A7%C3%B5es_estaduais_em_Santa_Catarina_em_2018,14,2,Jorginho Mello PR,,1179757,18.07,"18,07%",TSE/Justiça Eleitoral (conforme tabela estadual),Wikipédia,3,False,0.10171318560617164,7.898681439382836
2018,SC,Eleições estaduais em Santa Catarina em 2018,https://pt.wikipedia.org/wiki/Elei%C3%A7%C3%B5es_estaduais_em_Santa_Catarina_em_2018,14,3,Lucas Esmeraldino PSL,,1161662,17.79,"17,79%",TSE/Justiça Eleitoral (conforme tabela estadual),Wikipédia,4,False,0.10015311849612807,7.774688150387194
2018,SC,Eleições estaduais em Santa Catarina em 2018,https://pt.wikipedia.org/wiki/Elei%C3%A7%C3%B5es_estaduais_em_Santa_Catarina_em_2018,14,4,Raimundo Colombo PSD,,999043,15.3,"15,30%",TSE/Justiça Eleitoral (conforme tabela estadual),Wikipédia,5,False,0.0861328613329241,6.68671386670759
2018,SC,Eleições estaduais em Santa Catarina em 2018,https://pt.wikipedia.org/wiki/Elei%C3%A7%C3%B5es_estaduais_em_Santa_Catarina_em_2018,14,5,Paulo Bauer PSDB,,802037,12.28,"12,28%",TSE/Justiça Eleitoral (conforme tabela estadual),Wikipédia,6,False,0.06914791626073596,5.365208373926403
2018,SC,Eleições estaduais em Santa Catarina em 2018,https://pt.wikipedia.org/wiki/Elei%C3%A7%C3%B5es_estaduais_em_Santa_Catarina_em_2018,14,6,Ideli Salvatti PT,,336449,5.15,"5,15%",TSE/Justiça Eleitoral (conforme tabela estadual),Wikipédia,7,False,0.029007074833216368,2.2492925166783637
2018,SC,Eleições estaduais em Santa Catarina em 2018,https://pt.wikipedia.org/wiki/Elei%C3%A7%C3%B5es_estaduais_em_Santa_Catarina_em_2018,14,7,Lédio Andrade PT,,327226,5.01,"5,01%",TSE/Justiça Eleitoral (conforme tabela estadual),Wikipédia,8,False,0.0282119104808576,2.1888089519142397
2018,SC,Eleições estaduais em Santa Catarina em 2018,https://pt.wikipedia.org/wiki/Elei%C3%A7%C3%B5es_estaduais_em_Santa_Catarina_em_2018,14,8,Roberto Salum PMN,,246686,3.78,"3,78%",TSE/Justiça Eleitoral (conforme tabela estadual),Wikipédia,9,False,0.021268124626040837,1.6531875373959164
2018,SC,Eleições estaduais em Santa Catarina em 2018,https://pt.wikipedia.org/wiki/Elei%C3%A7%C3%B5es_estaduais_em_Santa_Catarina_em_2018,14,9,Miriam Prochnow REDE,,84486,1.29,"1,29%",TSE/Justiça Eleitoral (conforme tabela estadual),Wikipédia,10,False,0.007283991702632845,0.5616008297367154
2018,SC,Eleições estaduais em Santa Catarina em 2018,https://pt.wikipedia.org/wiki/Elei%C3%A7%C3%B5es_estaduais_em_Santa_Catarina_em_2018,14,10,Pedro Cabral PSOL,,63523,0.97,"0,97%",TSE/Justiça Eleitoral (conforme tabela estadual),Wikipédia,11,False,0.005476658913031108,0.42233410869688925
2018,SC,Eleições estaduais em Santa Catarina em 2018,https://pt.wikipedia.org/wiki/Elei%C3%A7%C3%B5es_estaduais_em_Santa_Catarina_em_2018,14,11,Antônio Campos PSOL,,51191,0.78,"0,78%",TSE/Justiça Eleitoral (conforme tabela estadual),Wikipédia,12,False,0.004413450977078782,0.33865490229212186
2018,SC,Eleições estaduais em Santa Catarina em 2018,https://pt.wikipedia.org/wiki/Elei%C3%A7%C3%B5es_estaduais_em_Santa_Catarina_em_2018,14,12,Diego Mezzogiorno REDE,,38470,0.59,"0,59%",TSE/Justiça Eleitoral (conforme tabela estadual),Wikipédia,13,False,0.00331670526241372,0.25832947375862797
2018,SC,Eleições estaduais em Santa Catarina em 2018,https://pt.wikipedia.org/wiki/Elei%C3%A7%C3%B5es_estaduais_em_Santa_Catarina_em_2018,14,13,Ricardo Lautert PSTU,,13845,0.21,"0,21%",TSE/Justiça Eleitoral (conforme tabela estadual),Wikipédia,14,False,0.001193651789917285,0.09063482100827149
2018,SC,Eleições estaduais em Santa Catarina em 2018,https://pt.wikipedia.org/wiki/Elei%C3%A7%C3%B5es_estaduais_em_Santa_Catarina_em_2018,14,17,Votos anulados,,0,0.0,0%,TSE/Justiça Eleitoral (conforme tabela estadual),Wikipédia,15,False,0.0,0.0
2018,SC,Eleições estaduais em Santa Catarina em 2018,https://pt.wikipedia.org/wiki/Elei%C3%A7%C3%B5es_estaduais_em_Santa_Catarina_em_2018,14,20,Eleitores aptos a votar,,5068421,100.0,100%,TSE/Justiça Eleitoral (conforme tabela estadual),Wikipédia,1,True,0.43697578899995343,56.30242110000465
2018,SP,Eleições estaduais em São Paulo em 2018,https://pt.wikipedia.org/wiki/Elei%C3%A7%C3%B5es_estaduais_em_S%C3%A3o_Paulo_em_2018,18,1,Major Olímpio (PSL),,9039717,25.81,"25,81%",TSE/Justiça Eleitoral (conforme tabela estadual),Wikipédia,2,True,0.1318111805218504,12.62888194781496
2018,SP,Eleições estaduais em São Paulo em 2018,https://pt.wikipedia.org/wiki/Elei%C3%A7%C3%B5es_estaduais_em_S%C3%A3o_Paulo_em_2018,18,2,Mara Gabrilli (PSDB),,6513282,18.59,"18,59%",TSE/Justiça Eleitoral (conforme tabela estadual),Wikipédia,3,False,0.09497237463205084,9.092762536794917
2018,SP,Eleições estaduais em São Paulo em 2018,https://pt.wikipedia.org/wiki/Elei%C3%A7%C3%B5es_estaduais_em_S%C3%A3o_Paulo_em_2018,18,3,Eduardo Suplicy (PT),,4667565,13.32,"13,32%",TSE/Justiça Eleitoral (conforme tabela estadual),Wikipédia,4,False,0.06805934885046408,6.514065114953594
2018,SP,Eleições estaduais em São Paulo em 2018,https://pt.wikipedia.org/wiki/Elei%C3%A7%C3%B5es_estaduais_em_S%C3%A3o_Paulo_em_2018,18,4,Ricardo Tripoli (PSDB),,3154058,9.0,"9,00%",TSE/Justiça Eleitoral (conforme tabela estadual),Wikipédia,5,False,0.04599038978923636,4.4009610210763634
2018,SP,Eleições estaduais em São Paulo em 2018,https://pt.wikipedia.org/wiki/Elei%C3%A7%C3%B5es_estaduais_em_S%C3%A3o_Paulo_em_2018,18,5,Maurren Maggi (PSB),,2979856,8.51,"8,51%",TSE/Justiça Eleitoral (conforme tabela estadual),Wikipédia,6,False,0.04345029132495177,4.164970867504823
2018,SP,Eleições estaduais em São Paulo em 2018,https://pt.wikipedia.org/wiki/Elei%C3%A7%C3%B5es_estaduais_em_S%C3%A3o_Paulo_em_2018,18,6,Mário Covas Neto (PODE),,2217983,6.07,"6,07%",TSE/Justiça Eleitoral (conforme tabela estadual),Wikipédia,7,False,0.03234116262792246,2.8358837372077548
2018,SP,Eleições estaduais em São Paulo em 2018,https://pt.wikipedia.org/wiki/Elei%C3%A7%C3%B5es_estaduais_em_S%C3%A3o_Paulo_em_2018,18,7,Jilmar Tatto (PT),,2103377,6.0,"6,00%",TSE/Justiça Eleitoral (conforme tabela estadual),Wikipédia,8,False,0.030670053659036904,2.9329946340963096
2018,SP,Eleições estaduais em São Paulo em 2018,https://pt.wikipedia.org/wiki/Elei%C3%A7%C3%B5es_estaduais_em_S%C3%A3o_Paulo_em_2018,18,8,Diogo da Luz (NOVO),,1778884,5.08,"5,08%",TSE/Justiça Eleitoral (conforme tabela estadual),Wikipédia,9,False,0.025938511133858647,2.486148886614135
2018,SP,Eleições estaduais em São Paulo em 2018,https://pt.wikipedia.org/wiki/Elei%C3%A7%C3%B5es_estaduais_em_S%C3%A3o_Paulo_em_2018,18,9,Cidinha Pinto(MDB),,587859,1.68,"1,68%",TSE/Justiça Eleitoral (conforme tabela estadual),Wikipédia,10,False,0.008571771524528307,0.8228228475471692
2018,SP,Eleições estaduais em São Paulo em 2018,https://pt.wikipedia.org/wiki/Elei%C3%A7%C3%B5es_estaduais_em_S%C3%A3o_Paulo_em_2018,18,10,Silvia Ferraro (PSOL),,543583,1.55,"1,55%",TSE/Justiça Eleitoral (conforme tabela estadual),Wikipédia,11,False,0.007926168146813555,0.7573831853186445
2018,SP,Eleições estaduais em São Paulo em 2018,https://pt.wikipedia.org/wiki/Elei%C3%A7%C3%B5es_estaduais_em_S%C3%A3o_Paulo_em_2018,18,11,Daniel Cara (PSOL),,440118,1.26,"1,26%",TSE/Justiça Eleitoral (conforme tabela estadual),Wikipédia,12,False,0.0064175098787844515,0.6182490121215548
2018,SP,Eleições estaduais em São Paulo em 2018,https://pt.wikipedia.org/wiki/Elei%C3%A7%C3%B5es_estaduais_em_S%C3%A3o_Paulo_em_2018,18,12,Marcelo Barbieri (MDB),,386880,1.1,"1,10%",TSE/Justiça Eleitoral (conforme tabela estadual),Wikipédia,13,False,0.005641228538492242,0.5358771461507759
2018,SP,Eleições estaduais em São Paulo em 2018,https://pt.wikipedia.org/wiki/Elei%C3%A7%C3%B5es_estaduais_em_S%C3%A3o_Paulo_em_2018,18,13,Antonio Neto (PDT),,358432,1.02,"1,02%",TSE/Justiça Eleitoral (conforme tabela estadual),Wikipédia,14,False,0.005226418598813201,0.49735814011867996
2018,SP,Eleições estaduais em São Paulo em 2018,https://pt.wikipedia.org/wiki/Elei%C3%A7%C3%B5es_estaduais_em_S%C3%A3o_Paulo_em_2018,18,14,Jair Andreoni (PRTB),,145944,0.0,"0,00%",TSE/Justiça Eleitoral (conforme tabela estadual),Wikipédia,15,False,0.0021280589790677,-0.21280589790677001
2018,SP,Eleições estaduais em São Paulo em 2018,https://pt.wikipedia.org/wiki/Elei%C3%A7%C3%B5es_estaduais_em_S%C3%A3o_Paulo_em_2018,18,15,Pedro Henrique de Cristo (REDE),,136466,0.39,"0,39%",TSE/Justiça Eleitoral (conforme tabela estadual),Wikipédia,17,False,0.001989857045424634,0.19101429545753662
2018,SP,Eleições estaduais em São Paulo em 2018,https://pt.wikipedia.org/wiki/Elei%C3%A7%C3%B5es_estaduais_em_S%C3%A3o_Paulo_em_2018,18,16,Kaled El Malat(DC),,134266,0.0,"0,00%",TSE/Justiça Eleitoral (conforme tabela estadual),Wikipédia,18,False,0.0019577780990208834,-0.19577780990208835
2018,SP,Eleições estaduais em São Paulo em 2018,https://pt.wikipedia.org/wiki/Elei%C3%A7%C3%B5es_estaduais_em_S%C3%A3o_Paulo_em_2018,18,17,Moira Lázaro (REDE),,129146,0.37,"0,37%",TSE/Justiça Eleitoral (conforme tabela estadual),Wikipédia,19,False,0.0018831216419357918,0.18168783580642084
2018,SP,Eleições estaduais em São Paulo em 2018,https://pt.wikipedia.org/wiki/Elei%C3%A7%C3%B5es_estaduais_em_S%C3%A3o_Paulo_em_2018,18,18,Eliana Ferreira (PSTU),,60731,0.17,"0,17%",TSE/Justiça Eleitoral (conforme tabela estadual),Wikipédia,20,False,0.0008855393154755283,0.08144606845244719
2018,SP,Eleições estaduais em São Paulo em 2018,https://pt.wikipedia.org/wiki/Elei%C3%A7%C3%B5es_estaduais_em_S%C3%A3o_Paulo_em_2018,18,19,Mancha (PSTU),,21183,0.06,"0,06%",TSE/Justiça Eleitoral (conforme tabela estadual),Wikipédia,21,False,0.0003088765098502925,0.029112349014970746
2018,SP,Eleições estaduais em São Paulo em 2018,https://pt.wikipedia.org/wiki/Elei%C3%A7%C3%B5es_estaduais_em_S%C3%A3o_Paulo_em_2018,18,20,Nivaldo Orlandi (PCO),,7419,0.0,"0,00%",TSE/Justiça Eleitoral (conforme tabela estadual),Wikipédia,22,False,0.00010817895607701082,-0.010817895607701081
2018,SP,Eleições estaduais em São Paulo em 2018,https://pt.wikipedia.org/wiki/Elei%C3%A7%C3%B5es_estaduais_em_S%C3%A3o_Paulo_em_2018,18,24,→ Votos anulados,,141685,0.27,"0,27%",TSE/Justiça Eleitoral (conforme tabela estadual),Wikipédia,16,False,0.0020659570550978943,0.06340429449021058
2018,SP,Eleições estaduais em São Paulo em 2018,https://pt.wikipedia.org/wiki/Elei%C3%A7%C3%B5es_estaduais_em_S%C3%A3o_Paulo_em_2018,18,27,Eleitorado apto,,33032372,33.032,33.032.372,TSE/Justiça Eleitoral (conforme tabela estadual),Wikipédia,1,True,0.48165622317124707,-15.133622317124711
2018,SE,Eleições estaduais em Sergipe em 2018,https://pt.wikipedia.org/wiki/Elei%C3%A7%C3%B5es_estaduais_em_Sergipe_em_2018,22,1,Alessandro,,474449,25.95,"25,95%",TSE/Justiça Eleitoral (conforme tabela estadual),Wikipédia,2,True,0.12976673938396704,12.973326061603297
2018,SE,Eleições estaduais em Sergipe em 2018,https://pt.wikipedia.org/wiki/Elei%C3%A7%C3%B5es_estaduais_em_Sergipe_em_2018,22,2,Rogério,,300247,16.42,"16,42%",TSE/Justiça Eleitoral (conforme tabela estadual),Wikipédia,3,False,0.08212067935609085,8.207932064390915
2018,SE,Eleições estaduais em Sergipe em 2018,https://pt.wikipedia.org/wiki/Elei%C3%A7%C3%B5es_estaduais_em_Sergipe_em_2018,22,3,André,,251213,13.74,"13,74%",TSE/Justiça Eleitoral (conforme tabela estadual),Wikipédia,4,False,0.06870937002894834,6.869062997105166
2018,SE,Eleições estaduais em Sergipe em 2018,https://pt.wikipedia.org/wiki/Elei%C3%A7%C3%B5es_estaduais_em_Sergipe_em_2018,22,4,Jackson,,204677,11.2,"11,2%",TSE/Justiça Eleitoral (conforme tabela estadual),Wikipédia,5,False,0.055981289700035665,5.601871029996432
2018,SE,Eleições estaduais em Sergipe em 2018,https://pt.wikipedia.org/wiki/Elei%C3%A7%C3%B5es_estaduais_em_Sergipe_em_2018,22,5,Valadares,,175155,9.58,"9,58%",TSE/Justiça Eleitoral (conforme tabela estadual),Wikipédia,6,False,0.047906715446336165,4.789328455366383
2018,SE,Eleições estaduais em Sergipe em 2018,https://pt.wikipedia.org/wiki/Elei%C3%A7%C3%B5es_estaduais_em_Sergipe_em_2018,22,6,Heleno,,165039,9.03,"9,03%",TSE/Justiça Eleitoral (conforme tabela estadual),Wikipédia,7,False,0.045139884162872165,4.516011583712783
2018,SE,Eleições estaduais em Sergipe em 2018,https://pt.wikipedia.org/wiki/Elei%C3%A7%C3%B5es_estaduais_em_Sergipe_em_2018,22,7,Henri,,109562,5.99,"5,99%",TSE/Justiça Eleitoral (conforme tabela estadual),Wikipédia,8,False,0.02996634727944668,2.9933652720553323
2018,SE,Eleições estaduais em Sergipe em 2018,https://pt.wikipedia.org/wiki/Elei%C3%A7%C3%B5es_estaduais_em_Sergipe_em_2018,22,8,Sônia,,62770,3.43,"3,43%",TSE/Justiça Eleitoral (conforme tabela estadual),Wikipédia,9,False,0.017168248286183786,1.713175171381622
2018,SE,Eleições estaduais em Sergipe em 2018,https://pt.wikipedia.org/wiki/Elei%C3%A7%C3%B5es_estaduais_em_Sergipe_em_2018,22,9,Cadu,,43215,2.36,"2,36%",TSE/Justiça Eleitoral (conforme tabela estadual),Wikipédia,10,False,0.011819752265213196,1.1780247734786804
2018,SE,Eleições estaduais em Sergipe em 2018,https://pt.wikipedia.org/wiki/Elei%C3%A7%C3%B5es_estaduais_em_Sergipe_em_2018,22,10,Reynaldo,,27147,1.48,"1,48%",TSE/Justiça Eleitoral (conforme tabela estadual),Wikipédia,11,False,0.007424987035606679,0.7375012964393322
2018,SE,Eleições estaduais em Sergipe em 2018,https://pt.wikipedia.org/wiki/Elei%C3%A7%C3%B5es_estaduais_em_Sergipe_em_2018,22,11,Jossimário,,11650,0.64,"0,64%",TSE/Justiça Eleitoral (conforme tabela estadual),Wikipédia,12,False,0.0031863962487500576,0.32136037512499427
2018,SE,Eleições estaduais em Sergipe em 2018,https://pt.wikipedia.org/wiki/Elei%C3%A7%C3%B5es_estaduais_em_Sergipe_em_2018,22,12,Clarckson,,2960,0.16,"0,16%",TSE/Justiça Eleitoral (conforme tabela estadual),Wikipédia,13,False,0.0008095908065493708,0.07904091934506292
2018,SE,Eleições estaduais em Sergipe em 2018,https://pt.wikipedia.org/wiki/Elei%C3%A7%C3%B5es_estaduais_em_Sergipe_em_2018,22,13,Totais,Totais,1828084,,,TSE/Justiça Eleitoral (conforme tabela estadual),Wikipédia,1,True,0.5,
2018,TO,Eleições estaduais no Tocantins em 2018,https://pt.wikipedia.org/wiki/Elei%C3%A7%C3%B5es_estaduais_no_Tocantins_em_2018,3,1,Eduardo Gomes SD,,248358,19.48,"19,48%",TSE/Justiça Eleitoral (conforme tabela estadual),Wikipédia,1,True,0.1948359735561931,-0.0035973556193086287
2018,TO,Eleições estaduais no Tocantins em 2018,https://pt.wikipedia.org/wiki/Elei%C3%A7%C3%B5es_estaduais_no_Tocantins_em_2018,3,2,Irajá Abreu PSD,,214355,16.82,"16,82%",TSE/Justiça Eleitoral (conforme tabela estadual),Wikipédia,2,True,0.16816074018810656,0.0039259811893455066
2018,TO,Eleições estaduais no Tocantins em 2018,https://pt.wikipedia.org/wiki/Elei%C3%A7%C3%B5es_estaduais_no_Tocantins_em_2018,3,3,César Halum PRB,,184235,14.45,"14,45%",TSE/Justiça Eleitoral (conforme tabela estadual),Wikipédia,3,False,0.1445317066014593,-0.003170660145931925
2018,TO,Eleições estaduais no Tocantins em 2018,https://pt.wikipedia.org/wiki/Elei%C3%A7%C3%B5es_estaduais_no_Tocantins_em_2018,3,4,Vicentinho Alves PR,,176012,13.81,"13,81%",TSE/Justiça Eleitoral (conforme tabela estadual),Wikipédia,4,False,0.13808079215315253,0.0019207846847474341
2018,TO,Eleições estaduais no Tocantins em 2018,https://pt.wikipedia.org/wiki/Elei%C3%A7%C3%B5es_estaduais_no_Tocantins_em_2018,3,5,Ataídes Oliveira PSDB,,170012,13.34,"13,34%",TSE/Justiça Eleitoral (conforme tabela estadual),Wikipédia,5,False,0.13337381335103157,0.002618664896841816
2018,TO,Eleições estaduais no Tocantins em 2018,https://pt.wikipedia.org/wiki/Elei%C3%A7%C3%B5es_estaduais_no_Tocantins_em_2018,3,6,Paulo Mourão PT,,137654,10.8,"10,80%",TSE/Justiça Eleitoral (conforme tabela estadual),Wikipédia,6,False,0.10798907667119322,0.001092332880679725
2018,TO,Eleições estaduais no Tocantins em 2018,https://pt.wikipedia.org/wiki/Elei%C3%A7%C3%B5es_estaduais_no_Tocantins_em_2018,3,7,Antônio Jorge PSL,,66089,5.18,"5,18%",TSE/Justiça Eleitoral (conforme tabela estadual),Wikipédia,7,False,0.051846587008895405,-0.004658700889540596
2018,TO,Eleições estaduais no Tocantins em 2018,https://pt.wikipedia.org/wiki/Elei%C3%A7%C3%B5es_estaduais_no_Tocantins_em_2018,3,8,Farlei Meyer PSL,,65676,5.15,"5,15%",TSE/Justiça Eleitoral (conforme tabela estadual),Wikipédia,8,False,0.05152258996801608,-0.002258996801607349
2018,TO,Eleições estaduais no Tocantins em 2018,https://pt.wikipedia.org/wiki/Elei%C3%A7%C3%B5es_estaduais_no_Tocantins_em_2018,3,9,Melk Aires PSOL,,12312,0.97,"0,97%",TSE/Justiça Eleitoral (conforme tabela estadual),Wikipédia,9,False,0.00965872050195222,0.004127949804778007
2010,AC,Eleições estaduais no Acre em 2010,https://pt.wikipedia.org/wiki/Elei%C3%A7%C3%B5es_estaduais_no_Acre_em_2010,5,1,Jorge Viana PT,,205593,31.77,"31,77%",TSE/Justiça Eleitoral (conforme tabela estadual),Wikipédia,1,True,0.31766385508101785,0.003614491898212835
2010,AC,Eleições estaduais no Acre em 2010,https://pt.wikipedia.org/wiki/Elei%C3%A7%C3%B5es_estaduais_no_Acre_em_2010,5,2,Sergio de Oliveira Cunha (Petecão) PMN,,199956,30.9,"30,90%",TSE/Justiça Eleitoral (conforme tabela estadual),Wikipédia,2,True,0.308954068507099,0.004593149290099685
2010,AC,Eleições estaduais no Acre em 2010,https://pt.wikipedia.org/wiki/Elei%C3%A7%C3%B5es_estaduais_no_Acre_em_2010,5,3,Edvaldo Magalhães PCdoB,,123806,19.13,"19,13%",TSE/Justiça Eleitoral (conforme tabela estadual),Wikipédia,3,False,0.19129392169072146,0.0006078309278539917
2010,AC,Eleições estaduais no Acre em 2010,https://pt.wikipedia.org/wiki/Elei%C3%A7%C3%B5es_estaduais_no_Acre_em_2010,5,4,João Corrêia PMDB,,117848,18.21,"18,21%",TSE/Justiça Eleitoral (conforme tabela estadual),Wikipédia,4,False,0.1820881547211617,0.001184527883832387
2010,AL,Eleições estaduais em Alagoas em 2010,https://pt.wikipedia.org/wiki/Elei%C3%A7%C3%B5es_estaduais_em_Alagoas_em_2010,13,1,Benedito de Lira (PP),,904345,35.94,"35,94%",TSE/Justiça Eleitoral (conforme tabela estadual),Wikipédia,1,True,0.3800885217969479,-2.068852179694791
2010,AL,Eleições estaduais em Alagoas em 2010,https://pt.wikipedia.org/wiki/Elei%C3%A7%C3%B5es_estaduais_em_Alagoas_em_2010,13,2,Renan Calheiros (PMDB),,840809,33.42,"33,42%",TSE/Justiça Eleitoral (conforme tabela estadual),Wikipédia,2,True,0.35338488068554585,-1.9184880685545858
2010,AL,Eleições estaduais em Alagoas em 2010,https://pt.wikipedia.org/wiki/Elei%C3%A7%C3%B5es_estaduais_em_Alagoas_em_2010,13,3,Heloisa Helena (PSOL),,417636,16.6,"16,60%",TSE/Justiça Eleitoral (conforme tabela estadual),Wikipédia,3,False,0.17552886330901388,-0.9528863309013869
2010,AL,Eleições estaduais em Alagoas em 2010,https://pt.wikipedia.org/wiki/Elei%C3%A7%C3%B5es_estaduais_em_Alagoas_em_2010,13,4,Eduardo Bonfim (PCdoB),,13871,5.51,"5,51%",TSE/Justiça Eleitoral (conforme tabela estadual),Wikipédia,7,False,0.005829863476710177,4.9270136523289825
2010,AL,Eleições estaduais em Alagoas em 2010,https://pt.wikipedia.org/wiki/Elei%C3%A7%C3%B5es_estaduais_em_Alagoas_em_2010,13,5,Zé Costa (PPS),,112921,4.49,"4,49%",TSE/Justiça Eleitoral (conforme tabela estadual),Wikipédia,4,False,0.04745973712447479,-0.25597371244747913
2010,AL,Eleições estaduais em Alagoas em 2010,https://pt.wikipedia.org/wiki/Elei%C3%A7%C3%B5es_estaduais_em_Alagoas_em_2010,13,6,Alvaro Vasconscelos (PTB),,62909,2.5,"2,50%",TSE/Justiça Eleitoral (conforme tabela estadual),Wikipédia,5,False,0.02644011833727637,-0.1440118337276367
2010,AL,Eleições estaduais em Alagoas em 2010,https://pt.wikipedia.org/wiki/Elei%C3%A7%C3%B5es_estaduais_em_Alagoas_em_2010,13,7,Paulo Nunes (PRTB),,14229,0.57,"0,57%",TSE/Justiça Eleitoral (conforme tabela estadual),Wikipédia,6,False,0.0059803278357803405,-0.028032783578034112
2010,AL,Eleições estaduais em Alagoas em 2010,https://pt.wikipedia.org/wiki/Elei%C3%A7%C3%B5es_estaduais_em_Alagoas_em_2010,13,8,Flavio Emilio (PTB),,1332,0.53,"0,53%",TSE/Justiça Eleitoral (conforme tabela estadual),Wikipédia,9,False,0.0005598282857023975,0.47401717142976024
2010,AL,Eleições estaduais em Alagoas em 2010,https://pt.wikipedia.org/wiki/Elei%C3%A7%C3%B5es_estaduais_em_Alagoas_em_2010,13,9,Afonso Lacerda (PRTB),,11249,0.45,"0,45%",TSE/Justiça Eleitoral (conforme tabela estadual),Wikipédia,8,False,0.00472785914854825,-0.02278591485482496
2010,AL,Eleições estaduais em Alagoas em 2010,https://pt.wikipedia.org/wiki/Elei%C3%A7%C3%B5es_estaduais_em_Alagoas_em_2010,13,10,Diógenes Paes (PCB),,0,0.0,"0,00%",TSE/Justiça Eleitoral (conforme tabela estadual),Wikipédia,10,False,0.0,0.0
2010,AP,Eleições estaduais no Amapá em 2010,https://pt.wikipedia.org/wiki/Elei%C3%A7%C3%B5es_estaduais_no_Amap%C3%A1_em_2010,4,1,Randolfe Rodrigues PSOL,,203259,31.18,"31,18%",TSE/Justiça Eleitoral (conforme tabela estadual),Wikipédia,1,True,0.31176749386846064,0.0032506131539378202
2010,AP,Eleições estaduais no Amapá em 2010,https://pt.wikipedia.org/wiki/Elei%C3%A7%C3%B5es_estaduais_no_Amap%C3%A1_em_2010,4,2,João Capiberibe PSB,,130038,19.95,"19,95%",TSE/Justiça Eleitoral (conforme tabela estadual),Wikipédia,2,True,0.1994579397107478,0.004206028925218819
2010,AP,Eleições estaduais no Amapá em 2010,https://pt.wikipedia.org/wiki/Elei%C3%A7%C3%B5es_estaduais_no_Amap%C3%A1_em_2010,4,3,Gilvam Borges PMDB,,121015,18.56,"18,56%",TSE/Justiça Eleitoral (conforme tabela estadual),Wikipédia,3,False,0.1856180699033832,-0.0018069903383211017
2010,AP,Eleições estaduais no Amapá em 2010,https://pt.wikipedia.org/wiki/Elei%C3%A7%C3%B5es_estaduais_no_Amap%C3%A1_em_2010,4,4,Waldez Góes PDT,,106751,16.37,"16,37%",TSE/Justiça Eleitoral (conforme tabela estadual),Wikipédia,4,False,0.1637393263666162,-0.003932636661618805
2010,AP,Eleições estaduais no Amapá em 2010,https://pt.wikipedia.org/wiki/Elei%C3%A7%C3%B5es_estaduais_no_Amap%C3%A1_em_2010,4,5,Papaléo Paes PSDB,,47619,7.3,"7,30%",TSE/Justiça Eleitoral (conforme tabela estadual),Wikipédia,5,False,0.0730400931349767,-0.004009313497670142
2010,AP,Eleições estaduais no Amapá em 2010,https://pt.wikipedia.org/wiki/Elei%C3%A7%C3%B5es_estaduais_no_Amap%C3%A1_em_2010,4,6,Professor Marcos PT,,43275,6.64,"6,64%",TSE/Justiça Eleitoral (conforme tabela estadual),Wikipédia,6,False,0.06637707701581547,0.002292298418453409
2010,AP,Eleições estaduais no Amapá em 2010,https://pt.wikipedia.org/wiki/Elei%C3%A7%C3%B5es_estaduais_no_Amap%C3%A1_em_2010,4,7,Claudio Vigilante PSTU,,0,0.0,"0,00%",TSE/Justiça Eleitoral (conforme tabela estadual),Wikipédia,7,False,0.0,0.0
2010,AM,Eleições estaduais no Amazonas em 2010,https://pt.wikipedia.org/wiki/Elei%C3%A7%C3%B5es_estaduais_no_Amazonas_em_2010,6,1,Eduardo Braga PMDB,,1236970,42.07,"42,07%",TSE/Justiça Eleitoral (conforme tabela estadual),Wikipédia,1,True,0.42069073175775107,0.0009268242248949843
2010,AM,Eleições estaduais no Amazonas em 2010,https://pt.wikipedia.org/wiki/Elei%C3%A7%C3%B5es_estaduais_no_Amazonas_em_2010,6,2,Vanessa Grazziotin PCdoB,,672920,22.89,"22,89%",TSE/Justiça Eleitoral (conforme tabela estadual),Wikipédia,2,True,0.22885858768961725,0.004141231038273796
2010,AM,Eleições estaduais no Amazonas em 2010,https://pt.wikipedia.org/wiki/Elei%C3%A7%C3%B5es_estaduais_no_Amazonas_em_2010,6,3,Artur Virgílio Neto PSDB,,644340,21.91,"21,91%",TSE/Justiça Eleitoral (conforme tabela estadual),Wikipédia,3,False,0.21913859358011054,-0.0038593580110546366
2010,AM,Eleições estaduais no Amazonas em 2010,https://pt.wikipedia.org/wiki/Elei%C3%A7%C3%B5es_estaduais_no_Amazonas_em_2010,6,4,Jefferson Praia PDT,,243298,8.27,"8,27%",TSE/Justiça Eleitoral (conforme tabela estadual),Wikipédia,4,False,0.08274510590814435,-0.0045105908144355
2010,AM,Eleições estaduais no Amazonas em 2010,https://pt.wikipedia.org/wiki/Elei%C3%A7%C3%B5es_estaduais_no_Amazonas_em_2010,6,5,Marilene Correia PT,,135045,4.59,"4,59%",TSE/Justiça Eleitoral (conforme tabela estadual),Wikipédia,5,False,0.04592850260735951,-0.002850260735951654
2010,AM,Eleições estaduais no Amazonas em 2010,https://pt.wikipedia.org/wiki/Elei%C3%A7%C3%B5es_estaduais_no_Amazonas_em_2010,6,6,Professor Queiroz[nota 5] PSOL,,4649,0.16,"0,16%",TSE/Justiça Eleitoral (conforme tabela estadual),Wikipédia,6,False,0.0015811145071762329,0.0018885492823767207
2010,AM,Eleições estaduais no Amazonas em 2010,https://pt.wikipedia.org/wiki/Elei%C3%A7%C3%B5es_estaduais_no_Amazonas_em_2010,6,7,Tarcísio Leão PSTU,,3109,0.11,"0,11%",TSE/Justiça Eleitoral (conforme tabela estadual),Wikipédia,7,False,0.0010573639498410213,0.004263605015897873
2010,BA,Eleições estaduais na Bahia em 2010,https://pt.wikipedia.org/wiki/Elei%C3%A7%C3%B5es_estaduais_na_Bahia_em_2010,14,1,Walter Pinheiro (PT),,3630944,,,TSE/Justiça Eleitoral (conforme tabela estadual),Wikipédia,1,True,0.30996127259717404,
2010,BA,Eleições estaduais na Bahia em 2010,https://pt.wikipedia.org/wiki/Elei%C3%A7%C3%B5es_estaduais_na_Bahia_em_2010,14,2,Lídice da Mata (PSB),,3385300,,,TSE/Justiça Eleitoral (conforme tabela estadual),Wikipédia,2,True,0.2889914843421472,
2010,BA,Eleições estaduais na Bahia em 2010,https://pt.wikipedia.org/wiki/Elei%C3%A7%C3%B5es_estaduais_na_Bahia_em_2010,14,3,César Borges (PR),,1583423,,,TSE/Justiça Eleitoral (conforme tabela estadual),Wikipédia,3,False,0.13517140670294975,
2010,BA,Eleições estaduais na Bahia em 2010,https://pt.wikipedia.org/wiki/Elei%C3%A7%C3%B5es_estaduais_na_Bahia_em_2010,14,4,Zé Ronaldo (DEM),,1092850,,,TSE/Justiça Eleitoral (conforme tabela estadual),Wikipédia,4,False,0.09329286729782163,
2010,BA,Eleições estaduais na Bahia em 2010,https://pt.wikipedia.org/wiki/Elei%C3%A7%C3%B5es_estaduais_na_Bahia_em_2010,14,5,José Carlos Aleluia (DEM),,951199,,,TSE/Justiça Eleitoral (conforme tabela estadual),Wikipédia,5,False,0.08120060582954719,
2010,BA,Eleições estaduais na Bahia em 2010,https://pt.wikipedia.org/wiki/Elei%C3%A7%C3%B5es_estaduais_na_Bahia_em_2010,14,6,Edvaldo Brito (PTB),,810261,,,TSE/Justiça Eleitoral (conforme tabela estadual),Wikipédia,6,False,0.06916921073303771,
2010,BA,Eleições estaduais na Bahia em 2010,https://pt.wikipedia.org/wiki/Elei%C3%A7%C3%B5es_estaduais_na_Bahia_em_2010,14,7,Edson Duarte (PV),,212551,,,TSE/Justiça Eleitoral (conforme tabela estadual),Wikipédia,7,False,0.01814475201264518,
2010,BA,Eleições estaduais na Bahia em 2010,https://pt.wikipedia.org/wiki/Elei%C3%A7%C3%B5es_estaduais_na_Bahia_em_2010,14,8,Luís Carlos França (PSOL),,18185,,,TSE/Justiça Eleitoral (conforme tabela estadual),Wikipédia,8,False,0.0015523912630378243,
2010,BA,Eleições estaduais na Bahia em 2010,https://pt.wikipedia.org/wiki/Elei%C3%A7%C3%B5es_estaduais_na_Bahia_em_2010,14,9,Zilmar da Silva (PSOL),,15385,,,TSE/Justiça Eleitoral (conforme tabela estadual),Wikipédia,9,False,0.001313364838154354,
2010,BA,Eleições estaduais na Bahia em 2010,https://pt.wikipedia.org/wiki/Elei%C3%A7%C3%B5es_estaduais_na_Bahia_em_2010,14,10,Albione Silva (PSTU),,14088,,,TSE/Justiça Eleitoral (conforme tabela estadual),Wikipédia,10,False,0.001202644383485118,
2010,CE,Eleições estaduais no Ceará em 2010,https://pt.wikipedia.org/wiki/Elei%C3%A7%C3%B5es_estaduais_no_Cear%C3%A1_em_2010,13,1,Eunício Oliveira (PMDB),,2688833,,,TSE/Justiça Eleitoral (conforme tabela estadual),Wikipédia,1,True,0.363238249242306,
2010,CE,Eleições estaduais no Ceará em 2010,https://pt.wikipedia.org/wiki/Elei%C3%A7%C3%B5es_estaduais_no_Cear%C3%A1_em_2010,13,2,José Pimentel (PT),,2397851,,,TSE/Justiça Eleitoral (conforme tabela estadual),Wikipédia,2,True,0.3239290797100128,
2010,CE,Eleições estaduais no Ceará em 2010,https://pt.wikipedia.org/wiki/Elei%C3%A7%C3%B5es_estaduais_no_Cear%C3%A1_em_2010,13,3,Tasso Jereissati (PSDB),,1754567,,,TSE/Justiça Eleitoral (conforme tabela estadual),Wikipédia,3,False,0.23702693520137738,
2010,CE,Eleições estaduais no Ceará em 2010,https://pt.wikipedia.org/wiki/Elei%C3%A7%C3%B5es_estaduais_no_Cear%C3%A1_em_2010,13,4,Alexandre Pereira (PPS),,470127,,,TSE/Justiça Eleitoral (conforme tabela estadual),Wikipédia,4,False,0.06351012071093207,
2010,CE,Eleições estaduais no Ceará em 2010,https://pt.wikipedia.org/wiki/Elei%C3%A7%C3%B5es_estaduais_no_Cear%C3%A1_em_2010,13,5,Marilene Torres (PSOL),,58732,,,TSE/Justiça Eleitoral (conforme tabela estadual),Wikipédia,5,False,0.007934188867251748,
2010,CE,Eleições estaduais no Ceará em 2010,https://pt.wikipedia.org/wiki/Elei%C3%A7%C3%B5es_estaduais_no_Cear%C3%A1_em_2010,13,6,Reginaldo (PSTU),,14755,,,TSE/Justiça Eleitoral (conforme tabela estadual),Wikipédia,6,False,0.0019932737985476324,
2010,CE,Eleições estaduais no Ceará em 2010,https://pt.wikipedia.org/wiki/Elei%C3%A7%C3%B5es_estaduais_no_Cear%C3%A1_em_2010,13,7,Raquel Dias (PSTU),,14650,,,TSE/Justiça Eleitoral (conforme tabela estadual),Wikipédia,7,False,0.001979089200184535,
2010,CE,Eleições estaduais no Ceará em 2010,https://pt.wikipedia.org/wiki/Elei%C3%A7%C3%B5es_estaduais_no_Cear%C3%A1_em_2010,13,8,Benedito Oliveira (PCB),,2880,,,TSE/Justiça Eleitoral (conforme tabela estadual),Wikipédia,8,False,0.000389063269387813,
2010,DF,Eleições distritais no Distrito Federal em 2010,https://pt.wikipedia.org/wiki/Elei%C3%A7%C3%B5es_distritais_no_Distrito_Federal_em_2010,6,1,Cristovam Buarque PDT,,83348,37.27,"37,27%",TSE/Justiça Eleitoral (conforme tabela estadual),Wikipédia,3,False,0.05608452648989243,31.66154735101076
2010,DF,Eleições distritais no Distrito Federal em 2010,https://pt.wikipedia.org/wiki/Elei%C3%A7%C3%B5es_distritais_no_Distrito_Federal_em_2010,6,2,Rodrigo Rollemberg PSB,,738575,33.03,"33,03%",TSE/Justiça Eleitoral (conforme tabela estadual),Wikipédia,1,True,0.4969840806290769,-16.668408062907687
2010,DF,Eleições distritais no Distrito Federal em 2010,https://pt.wikipedia.org/wiki/Elei%C3%A7%C3%B5es_distritais_no_Distrito_Federal_em_2010,6,3,Alberto Fraga DEM,,511517,22.87,"22,87%",TSE/Justiça Eleitoral (conforme tabela estadual),Wikipédia,2,True,0.3441976860456196,-11.549768604561962
2010,DF,Eleições distritais no Distrito Federal em 2010,https://pt.wikipedia.org/wiki/Elei%C3%A7%C3%B5es_distritais_no_Distrito_Federal_em_2010,6,4,Cadu Valadares PV,,54245,2.43,"2,43%",TSE/Justiça Eleitoral (conforme tabela estadual),Wikipédia,4,False,0.036501237455538404,-1.2201237455538403
2010,DF,Eleições distritais no Distrito Federal em 2010,https://pt.wikipedia.org/wiki/Elei%C3%A7%C3%B5es_distritais_no_Distrito_Federal_em_2010,6,5,Moacir Bueno PV,,46735,2.09,"2,09%",TSE/Justiça Eleitoral (conforme tabela estadual),Wikipédia,5,False,0.03144778933513849,-1.054778933513849
2010,DF,Eleições distritais no Distrito Federal em 2010,https://pt.wikipedia.org/wiki/Elei%C3%A7%C3%B5es_distritais_no_Distrito_Federal_em_2010,6,6,Jorge Antunes PSOL,,21287,0.95,"0,95%",TSE/Justiça Eleitoral (conforme tabela estadual),Wikipédia,6,False,0.014323934772164182,-0.4823934772164182
2010,DF,Eleições distritais no Distrito Federal em 2010,https://pt.wikipedia.org/wiki/Elei%C3%A7%C3%B5es_distritais_no_Distrito_Federal_em_2010,6,7,Chico Sant'Anna PSOL,,16486,0.74,"0,74%",TSE/Justiça Eleitoral (conforme tabela estadual),Wikipédia,7,False,0.011093361612904529,-0.3693361612904528
2010,DF,Eleições distritais no Distrito Federal em 2010,https://pt.wikipedia.org/wiki/Elei%C3%A7%C3%B5es_distritais_no_Distrito_Federal_em_2010,6,8,Milton Tadashi PTN,,6013,0.27,"0,27%",TSE/Justiça Eleitoral (conforme tabela estadual),Wikipédia,8,False,0.004046122975760944,-0.13461229757609441
2010,DF,Eleições distritais no Distrito Federal em 2010,https://pt.wikipedia.org/wiki/Elei%C3%A7%C3%B5es_distritais_no_Distrito_Federal_em_2010,6,9,Sebastião Gerônimo PSL,,4104,0.18,"0,18%",TSE/Justiça Eleitoral (conforme tabela estadual),Wikipédia,9,False,0.0027615647251825904,-0.09615647251825904
2010,DF,Eleições distritais no Distrito Federal em 2010,https://pt.wikipedia.org/wiki/Elei%C3%A7%C3%B5es_distritais_no_Distrito_Federal_em_2010,6,10,Robson da Silva PSTU,,3804,0.17,"0,17%",TSE/Justiça Eleitoral (conforme tabela estadual),Wikipédia,10,False,0.0025596959587218747,-0.08596959587218746
2010,ES,Eleições estaduais no Espírito Santo em 2010,https://pt.wikipedia.org/wiki/Elei%C3%A7%C3%B5es_estaduais_no_Esp%C3%ADrito_Santo_em_2010,4,1,Ricardo Ferraço PMDB,,1557409,44.55,"44,55%",TSE/Justiça Eleitoral (conforme tabela estadual),Wikipédia,1,True,0.445474331313255,0.0025668686744972913
2010,ES,Eleições estaduais no Espírito Santo em 2010,https://pt.wikipedia.org/wiki/Elei%C3%A7%C3%B5es_estaduais_no_Esp%C3%ADrito_Santo_em_2010,4,2,Magno Malta PR,,1285177,36.76,"36,76%",TSE/Justiça Eleitoral (conforme tabela estadual),Wikipédia,2,True,0.36760630296484426,-0.0006302964844273617
2010,ES,Eleições estaduais no Espírito Santo em 2010,https://pt.wikipedia.org/wiki/Elei%C3%A7%C3%B5es_estaduais_no_Esp%C3%ADrito_Santo_em_2010,4,3,Rita Camata PSDB,,375510,10.74,"10,74%",TSE/Justiça Eleitoral (conforme tabela estadual),Wikipédia,3,False,0.1074092073125559,-0.0009207312555908898
2010,ES,Eleições estaduais no Espírito Santo em 2010,https://pt.wikipedia.org/wiki/Elei%C3%A7%C3%B5es_estaduais_no_Esp%C3%ADrito_Santo_em_2010,4,4,Renato Almeida PSOL,,277973,7.95,"7,95%",TSE/Justiça Eleitoral (conforme tabela estadual),Wikipédia,4,False,0.07951015840934489,-0.0010158409344887542
2010,GO,Eleições estaduais em Goiás em 2010,https://pt.wikipedia.org/wiki/Elei%C3%A7%C3%B5es_estaduais_em_Goi%C3%A1s_em_2010,7,1,Demóstenes Torres[nota 1] DEM,,2158812,44.09,"44,09%",TSE/Justiça Eleitoral (conforme tabela estadual),Wikipédia,1,True,0.44089203964330176,0.0007960356698255566
2010,GO,Eleições estaduais em Goiás em 2010,https://pt.wikipedia.org/wiki/Elei%C3%A7%C3%B5es_estaduais_em_Goi%C3%A1s_em_2010,7,2,Lúcia Vânia PSDB,,1496559,30.56,"30,56%",TSE/Justiça Eleitoral (conforme tabela estadual),Wikipédia,2,True,0.30564076443735727,-0.004076443735728796
2010,GO,Eleições estaduais em Goiás em 2010,https://pt.wikipedia.org/wiki/Elei%C3%A7%C3%B5es_estaduais_em_Goi%C3%A1s_em_2010,7,3,Pedro Wilson Guimarães PT,,878910,17.95,"17,95%",TSE/Justiça Eleitoral (conforme tabela estadual),Wikipédia,3,False,0.17949892003698995,0.00010799630100477575
2010,GO,Eleições estaduais em Goiás em 2010,https://pt.wikipedia.org/wiki/Elei%C3%A7%C3%B5es_estaduais_em_Goi%C3%A1s_em_2010,7,4,Paulo Roberto Cunha PP,,227639,4.65,"4,65%",TSE/Justiça Eleitoral (conforme tabela estadual),Wikipédia,4,False,0.04649048782958478,0.0009512170415226784
2010,GO,Eleições estaduais em Goiás em 2010,https://pt.wikipedia.org/wiki/Elei%C3%A7%C3%B5es_estaduais_em_Goi%C3%A1s_em_2010,7,5,Renner Reis[nota 3] PP,,76410,1.56,"1,56%",TSE/Justiça Eleitoral (conforme tabela estadual),Wikipédia,5,False,0.015605138728682575,-0.0005138728682574367
2010,GO,Eleições estaduais em Goiás em 2010,https://pt.wikipedia.org/wiki/Elei%C3%A7%C3%B5es_estaduais_em_Goi%C3%A1s_em_2010,7,6,Elias Vaz PSOL,,45198,0.92,"0,92%",TSE/Justiça Eleitoral (conforme tabela estadual),Wikipédia,6,False,0.009230742838097043,-0.0030742838097043423
2010,GO,Eleições estaduais em Goiás em 2010,https://pt.wikipedia.org/wiki/Elei%C3%A7%C3%B5es_estaduais_em_Goi%C3%A1s_em_2010,7,7,Rubens Donizzeti PSTU,,7803,0.18,"0,18%",TSE/Justiça Eleitoral (conforme tabela estadual),Wikipédia,7,False,0.0015935989726463832,0.02064010273536167
2010,GO,Eleições estaduais em Goiás em 2010,https://pt.wikipedia.org/wiki/Elei%C3%A7%C3%B5es_estaduais_em_Goi%C3%A1s_em_2010,7,8,Bernardo Bispo PCB,,5129,0.11,"0,11%",TSE/Justiça Eleitoral (conforme tabela estadual),Wikipédia,8,False,0.0010474905972963347,0.00525094027036654
2010,GO,Eleições estaduais em Goiás em 2010,https://pt.wikipedia.org/wiki/Elei%C3%A7%C3%B5es_estaduais_em_Goi%C3%A1s_em_2010,7,9,Adib Elias PMDB,,4,4.0,Candidatura indeferida[nota 4],TSE/Justiça Eleitoral (conforme tabela estadual),Wikipédia,9,False,8.169160439043358e-07,3.99991830839561
2010,MA,Eleições estaduais no Maranhão em 2010,https://pt.wikipedia.org/wiki/Elei%C3%A7%C3%B5es_estaduais_no_Maranh%C3%A3o_em_2010,2,3,Zé Reinaldo,PSB,727602,13.99,"13,99%",TSE/Justiça Eleitoral (conforme tabela estadual),Wikipédia,3,False,0.13994098107282277,-0.004098107282277108
2010,MA,Eleições estaduais no Maranhão em 2010,https://pt.wikipedia.org/wiki/Elei%C3%A7%C3%B5es_estaduais_no_Maranh%C3%A3o_em_2010,2,6,Prof. Adonilson,PCdoB,0,0.0,"0,00%",TSE/Justiça Eleitoral (conforme tabela estadual),Wikipédia,10,False,0.0,0.0
2010,MA,Eleições estaduais no Maranhão em 2010,https://pt.wikipedia.org/wiki/Elei%C3%A7%C3%B5es_estaduais_no_Maranh%C3%A3o_em_2010,3,3,Vidigal,PSDB,502600,9.67,"9,67%",TSE/Justiça Eleitoral (conforme tabela estadual),Wikipédia,5,False,0.0966659479869499,0.003405201305009542
2010,MA,Eleições estaduais no Maranhão em 2010,https://pt.wikipedia.org/wiki/Elei%C3%A7%C3%B5es_estaduais_no_Maranh%C3%A3o_em_2010,3,6,Roberto Rocha,PSDB,642853,12.36,"12,36%",TSE/Justiça Eleitoral (conforme tabela estadual),Wikipédia,4,False,0.12364105583218207,-0.0041055832182085306
2010,MA,Eleições estaduais no Maranhão em 2010,https://pt.wikipedia.org/wiki/Elei%C3%A7%C3%B5es_estaduais_no_Maranh%C3%A3o_em_2010,4,3,Charles Vieira,PCB,18654,0.36,"0,36%",TSE/Justiça Eleitoral (conforme tabela estadual),Wikipédia,8,False,0.0035877568518674166,0.0012243148132583346
2010,MA,Eleições estaduais no Maranhão em 2010,https://pt.wikipedia.org/wiki/Elei%C3%A7%C3%B5es_estaduais_no_Maranh%C3%A3o_em_2010,5,3,Claudicea Durans,PSTU,21944,0.42,"0,42%",TSE/Justiça Eleitoral (conforme tabela estadual),Wikipédia,6,False,0.004220528377687284,-0.0020528377687283918
2010,MA,Eleições estaduais no Maranhão em 2010,https://pt.wikipedia.org/wiki/Elei%C3%A7%C3%B5es_estaduais_no_Maranh%C3%A3o_em_2010,5,6,Noleto,PSTU,17818,0.34,"0,34%",TSE/Justiça Eleitoral (conforme tabela estadual),Wikipédia,9,False,0.0034269674915071097,-0.0026967491507109455
2010,MA,Eleições estaduais no Maranhão em 2010,https://pt.wikipedia.org/wiki/Elei%C3%A7%C3%B5es_estaduais_no_Maranh%C3%A3o_em_2010,6,3,Edison Lobão,PMDB,1702085,32.74,"32,74%",TSE/Justiça Eleitoral (conforme tabela estadual),Wikipédia,1,True,0.3273650220441059,0.0034977955894133217
2010,MA,Eleições estaduais no Maranhão em 2010,https://pt.wikipedia.org/wiki/Elei%C3%A7%C3%B5es_estaduais_no_Maranh%C3%A3o_em_2010,6,6,João Alberto,PMDB,1546298,29.74,"29,74%",TSE/Justiça Eleitoral (conforme tabela estadual),Wikipédia,2,True,0.297402232471796,-0.00022324717959820717
2010,MA,Eleições estaduais no Maranhão em 2010,https://pt.wikipedia.org/wiki/Elei%C3%A7%C3%B5es_estaduais_no_Maranh%C3%A3o_em_2010,7,3,Paulo Rios,PSOL,19495,0.37,"0,37%",TSE/Justiça Eleitoral (conforme tabela estadual),Wikipédia,7,False,0.003749507871081553,-0.004950787108155266
2010,MA,Eleições estaduais no Maranhão em 2010,https://pt.wikipedia.org/wiki/Elei%C3%A7%C3%B5es_estaduais_no_Maranh%C3%A3o_em_2010,7,6,Professora Socorro,PSOL,0,0.0,"0,00%",TSE/Justiça Eleitoral (conforme tabela estadual),Wikipédia,11,False,0.0,0.0
2010,MT,Eleições estaduais em Mato Grosso em 2010,https://pt.wikipedia.org/wiki/Elei%C3%A7%C3%B5es_estaduais_em_Mato_Grosso_em_2010,3,1,Blairo Maggi PR,,1073039,37.08,"37,08%",TSE/Justiça Eleitoral (conforme tabela estadual),Wikipédia,1,True,0.3707545738844165,0.004542611558344678
2010,MT,Eleições estaduais em Mato Grosso em 2010,https://pt.wikipedia.org/wiki/Elei%C3%A7%C3%B5es_estaduais_em_Mato_Grosso_em_2010,3,2,Pedro Taques PDT,,708440,24.48,"24,48%",TSE/Justiça Eleitoral (conforme tabela estadual),Wikipédia,2,True,0.24477895987254522,0.0021040127454796664
2010,MT,Eleições estaduais em Mato Grosso em 2010,https://pt.wikipedia.org/wiki/Elei%C3%A7%C3%B5es_estaduais_em_Mato_Grosso_em_2010,3,3,Carlos Abicalil PT,,533280,18.43,"18,43%",TSE/Justiça Eleitoral (conforme tabela estadual),Wikipédia,3,False,0.18425798052175332,0.004201947824666874
2010,MT,Eleições estaduais em Mato Grosso em 2010,https://pt.wikipedia.org/wiki/Elei%C3%A7%C3%B5es_estaduais_em_Mato_Grosso_em_2010,3,4,Antero Paes de Barros PSDB,,345094,11.92,"11,92%",TSE/Justiça Eleitoral (conforme tabela estadual),Wikipédia,4,False,0.11923628024710084,-0.0036280247100839436
2010,MT,Eleições estaduais em Mato Grosso em 2010,https://pt.wikipedia.org/wiki/Elei%C3%A7%C3%B5es_estaduais_em_Mato_Grosso_em_2010,3,5,Jorge Yanai DEM,,101766,3.52,"3,52%",TSE/Justiça Eleitoral (conforme tabela estadual),Wikipédia,5,False,0.0351620117870101,0.003798821298989924
2010,MT,Eleições estaduais em Mato Grosso em 2010,https://pt.wikipedia.org/wiki/Elei%C3%A7%C3%B5es_estaduais_em_Mato_Grosso_em_2010,3,6,Mauro de Barros PSOL,,97803,3.38,"3,38%",TSE/Justiça Eleitoral (conforme tabela estadual),Wikipédia,6,False,0.033792722901607106,0.0007277098392891035
2010,MT,Eleições estaduais em Mato Grosso em 2010,https://pt.wikipedia.org/wiki/Elei%C3%A7%C3%B5es_estaduais_em_Mato_Grosso_em_2010,3,7,Naildo da Silva Lopes PV,,34781,1.2,"1,20%",TSE/Justiça Eleitoral (conforme tabela estadual),Wikipédia,7,False,0.012017470785566873,-0.0017470785566872302
2010,MS,Eleições estaduais em Mato Grosso do Sul em 2010,https://pt.wikipedia.org/wiki/Elei%C3%A7%C3%B5es_estaduais_em_Mato_Grosso_do_Sul_em_2010,10,1,Delcídio do Amaral PT,,826848,34.9,"34,90%",TSE/Justiça Eleitoral (conforme tabela estadual),Wikipédia,1,True,0.4278757162543488,-7.88757162543488
2010,MS,Eleições estaduais em Mato Grosso do Sul em 2010,https://pt.wikipedia.org/wiki/Elei%C3%A7%C3%B5es_estaduais_em_Mato_Grosso_do_Sul_em_2010,10,2,Waldemir Moka PMDB,,544933,23.0,"23,00%",TSE/Justiça Eleitoral (conforme tabela estadual),Wikipédia,2,True,0.2819908830711703,-5.199088307117031
2010,MS,Eleições estaduais em Mato Grosso do Sul em 2010,https://pt.wikipedia.org/wiki/Elei%C3%A7%C3%B5es_estaduais_em_Mato_Grosso_do_Sul_em_2010,10,3,Murilo Zauith DEM,,512119,21.61,"21,61%",TSE/Justiça Eleitoral (conforme tabela estadual),Wikipédia,3,False,0.26501035732378964,-4.891035732378965
2010,MS,Eleições estaduais em Mato Grosso do Sul em 2010,https://pt.wikipedia.org/wiki/Elei%C3%A7%C3%B5es_estaduais_em_Mato_Grosso_do_Sul_em_2010,10,4,Dagoberto Nogueira PDT,,48549,20.49,"20,49%",TSE/Justiça Eleitoral (conforme tabela estadual),Wikipédia,4,False,0.025123043350691272,17.97769566493087
2010,MG,Eleições estaduais em Minas Gerais em 2010,https://pt.wikipedia.org/wiki/Elei%C3%A7%C3%B5es_estaduais_em_Minas_Gerais_em_2010,3,1,Aécio Neves PSDB,,7565377,39.47,"39,47%",TSE/Justiça Eleitoral (conforme tabela estadual),Wikipédia,1,True,0.39486562476398623,-0.01656247639862385
2010,MG,Eleições estaduais em Minas Gerais em 2010,https://pt.wikipedia.org/wiki/Elei%C3%A7%C3%B5es_estaduais_em_Minas_Gerais_em_2010,3,2,Itamar Franco PPS,,5125455,26.74,"26,74%",TSE/Justiça Eleitoral (conforme tabela estadual),Wikipédia,2,True,0.26751687203092417,-0.011687203092419773
2010,MG,Eleições estaduais em Minas Gerais em 2010,https://pt.wikipedia.org/wiki/Elei%C3%A7%C3%B5es_estaduais_em_Minas_Gerais_em_2010,3,3,Fernando Pimentel PT,,4595351,23.98,"23,98%",TSE/Justiça Eleitoral (conforme tabela estadual),Wikipédia,3,False,0.23984874033703923,-0.004874033703922143
2010,MG,Eleições estaduais em Minas Gerais em 2010,https://pt.wikipedia.org/wiki/Elei%C3%A7%C3%B5es_estaduais_em_Minas_Gerais_em_2010,3,4,Zito Vieira PCdoB,,1486787,7.76,"7,76%",TSE/Justiça Eleitoral (conforme tabela estadual),Wikipédia,4,False,0.07760103397966457,-0.00010339796645691957
2010,MG,Eleições estaduais em Minas Gerais em 2010,https://pt.wikipedia.org/wiki/Elei%C3%A7%C3%B5es_estaduais_em_Minas_Gerais_em_2010,3,5,Miguel Martini PHS,,274215,1.43,"1,43%",TSE/Justiça Eleitoral (conforme tabela estadual),Wikipédia,5,False,0.014312317455515632,-0.0012317455515631695
2010,MG,Eleições estaduais em Minas Gerais em 2010,https://pt.wikipedia.org/wiki/Elei%C3%A7%C3%B5es_estaduais_em_Minas_Gerais_em_2010,3,6,Marilda Ribeiro PSOL,,53663,0.28,"0,28%",TSE/Justiça Eleitoral (conforme tabela estadual),Wikipédia,6,False,0.002800874830389787,-8.748303897865468e-05
2010,MG,Eleições estaduais em Minas Gerais em 2010,https://pt.wikipedia.org/wiki/Elei%C3%A7%C3%B5es_estaduais_em_Minas_Gerais_em_2010,3,7,Rafael Sales Pimenta PCB,,21432,0.11,"0,11%",TSE/Justiça Eleitoral (conforme tabela estadual),Wikipédia,7,False,0.0011186170986510987,-0.0018617098651098644
2010,MG,Eleições estaduais em Minas Gerais em 2010,https://pt.wikipedia.org/wiki/Elei%C3%A7%C3%B5es_estaduais_em_Minas_Gerais_em_2010,3,8,Waldeir Fernandes da Silva PSOL,,16958,0.09,"0,09%",TSE/Justiça Eleitoral (conforme tabela estadual),Wikipédia,8,False,0.0008851021257430632,0.0014897874256936746
2010,MG,Eleições estaduais em Minas Gerais em 2010,https://pt.wikipedia.org/wiki/Elei%C3%A7%C3%B5es_estaduais_em_Minas_Gerais_em_2010,3,9,Efraim Gomes de Moura PSTU,,13339,0.07,"0,07%",TSE/Justiça Eleitoral (conforme tabela estadual),Wikipédia,9,False,0.0006962128349620664,0.00037871650379337277
2010,MG,Eleições estaduais em Minas Gerais em 2010,https://pt.wikipedia.org/wiki/Elei%C3%A7%C3%B5es_estaduais_em_Minas_Gerais_em_2010,3,10,José João da Silva PSTU,,6794,0.04,"0,04%",TSE/Justiça Eleitoral (conforme tabela estadual),Wikipédia,10,False,0.0003546045431240932,0.004539545687590684
2010,PA,Eleições estaduais no Pará em 2010,https://pt.wikipedia.org/wiki/Elei%C3%A7%C3%B5es_estaduais_no_Par%C3%A1_em_2010,17,1,Flexa Ribeiro (PSDB),,1817644,,,TSE/Justiça Eleitoral (conforme tabela estadual),Wikipédia,1,True,0.40541108996424413,
2010,PA,Eleições estaduais no Pará em 2010,https://pt.wikipedia.org/wiki/Elei%C3%A7%C3%B5es_estaduais_no_Par%C3%A1_em_2010,17,2,Jader Barbalho (PMDB),,1799762,,,TSE/Justiça Eleitoral (conforme tabela estadual),Wikipédia,2,True,0.40142265157326074,
2010,PA,Eleições estaduais no Pará em 2010,https://pt.wikipedia.org/wiki/Elei%C3%A7%C3%B5es_estaduais_no_Par%C3%A1_em_2010,17,3,Marinor Brito (PSOL),,727583,,,TSE/Justiça Eleitoral (conforme tabela estadual),Wikipédia,3,False,0.16228162229207405,
2010,PA,Eleições estaduais no Pará em 2010,https://pt.wikipedia.org/wiki/Elei%C3%A7%C3%B5es_estaduais_no_Par%C3%A1_em_2010,17,4,João Augusto (PSOL),,79621,,,TSE/Justiça Eleitoral (conforme tabela estadual),Wikipédia,4,False,0.017758833079548626,
2010,PA,Eleições estaduais no Pará em 2010,https://pt.wikipedia.org/wiki/Elei%C3%A7%C3%B5es_estaduais_no_Par%C3%A1_em_2010,17,5,Paulo Braga (PSTU),,33126,,,TSE/Justiça Eleitoral (conforme tabela estadual),Wikipédia,5,False,0.007388491787256223,
2010,PA,Eleições estaduais no Pará em 2010,https://pt.wikipedia.org/wiki/Elei%C3%A7%C3%B5es_estaduais_no_Par%C3%A1_em_2010,17,6,Abel Ribeiro (PSTU),,25723,,,TSE/Justiça Eleitoral (conforme tabela estadual),Wikipédia,6,False,0.005737311303616248,
2010,PB,Eleições estaduais na Paraíba em 2010,https://pt.wikipedia.org/wiki/Elei%C3%A7%C3%B5es_estaduais_na_Para%C3%ADba_em_2010,4,1,Rômulo Gouveia PSDB,,942121,49.74,"49,74%",TSE/Justiça Eleitoral (conforme tabela estadual),Wikipédia,1,True,0.49744340591976666,-0.004340591976664809
2010,PB,Eleições estaduais na Paraíba em 2010,https://pt.wikipedia.org/wiki/Elei%C3%A7%C3%B5es_estaduais_na_Para%C3%ADba_em_2010,4,2,Rodrigo Soares PT,,933754,49.3,"49,30%",TSE/Justiça Eleitoral (conforme tabela estadual),Wikipédia,2,True,0.4930255986770338,-0.002559867703383345
2010,PB,Eleições estaduais na Paraíba em 2010,https://pt.wikipedia.org/wiki/Elei%C3%A7%C3%B5es_estaduais_na_Para%C3%ADba_em_2010,4,3,Ana Júlia Soares Cardoso PSOL,,12471,0.66,"0,66%",TSE/Justiça Eleitoral (conforme tabela estadual),Wikipédia,3,False,0.0065847345672428595,0.0015265432757140436
2010,PB,Eleições estaduais na Paraíba em 2010,https://pt.wikipedia.org/wiki/Elei%C3%A7%C3%B5es_estaduais_na_Para%C3%ADba_em_2010,4,4,Gilberto Ferreira da Silva PCO,,2442,0.13,"0,13%",TSE/Justiça Eleitoral (conforme tabela estadual),Wikipédia,4,False,0.0012893851185315584,0.0010614881468441577
2010,PB,Eleições estaduais na Paraíba em 2010,https://pt.wikipedia.org/wiki/Elei%C3%A7%C3%B5es_estaduais_na_Para%C3%ADba_em_2010,4,5,Jocimar Oliveira da Silva PCB,,1886,0.1,"0,10%",TSE/Justiça Eleitoral (conforme tabela estadual),Wikipédia,5,False,0.0009958150424039798,0.0004184957596020233
2010,PB,Eleições estaduais na Paraíba em 2010,https://pt.wikipedia.org/wiki/Elei%C3%A7%C3%B5es_estaduais_na_Para%C3%ADba_em_2010,4,6,Lissandro Matias Saraiva PSTU,,1252,0.07,"0,07%",TSE/Justiça Eleitoral (conforme tabela estadual),Wikipédia,6,False,0.0006610606750210937,0.0038939324978906403
2010,PR,Eleições estaduais no Paraná em 2010,https://pt.wikipedia.org/wiki/Elei%C3%A7%C3%B5es_estaduais_no_Paran%C3%A1_em_2010,7,1,Gleisi Hoffmann PT,,3196468,29.5,"29,50%",TSE/Justiça Eleitoral (conforme tabela estadual),Wikipédia,1,True,0.29502858247799724,-0.002858247799725211
2010,PR,Eleições estaduais no Paraná em 2010,https://pt.wikipedia.org/wiki/Elei%C3%A7%C3%B5es_estaduais_no_Paran%C3%A1_em_2010,7,3,Roberto Requião PMDB,,2691557,24.84,"24,84%",TSE/Justiça Eleitoral (conforme tabela estadual),Wikipédia,2,True,0.2484261523558912,-0.0026152355891179146
2010,PR,Eleições estaduais no Paraná em 2010,https://pt.wikipedia.org/wiki/Elei%C3%A7%C3%B5es_estaduais_no_Paran%C3%A1_em_2010,7,4,Gustavo Fruet PSDB,,2502805,23.1,"23,10%",TSE/Justiça Eleitoral (conforme tabela estadual),Wikipédia,3,False,0.23100466244894174,-0.000466244894173351
2010,PR,Eleições estaduais no Paraná em 2010,https://pt.wikipedia.org/wiki/Elei%C3%A7%C3%B5es_estaduais_no_Paran%C3%A1_em_2010,7,5,Ricardo Barros PP,,2190539,20.22,"20,22%",TSE/Justiça Eleitoral (conforme tabela estadual),Wikipédia,4,False,0.20218303954013292,0.0016960459867071398
2010,PR,Eleições estaduais no Paraná em 2010,https://pt.wikipedia.org/wiki/Elei%C3%A7%C3%B5es_estaduais_no_Paran%C3%A1_em_2010,7,6,Rubens Hering PV,,178029,1.64,"1,64%",TSE/Justiça Eleitoral (conforme tabela estadual),Wikipédia,5,False,0.016431775168709768,-0.0031775168709769624
2010,PR,Eleições estaduais no Paraná em 2010,https://pt.wikipedia.org/wiki/Elei%C3%A7%C3%B5es_estaduais_no_Paran%C3%A1_em_2010,7,7,Luiz Romeiro Piva PSOL,,34179,0.32,"0,32%",TSE/Justiça Eleitoral (conforme tabela estadual),Wikipédia,6,False,0.0031546638103417484,0.0045336189658251765
2010,PR,Eleições estaduais no Paraná em 2010,https://pt.wikipedia.org/wiki/Elei%C3%A7%C3%B5es_estaduais_no_Paran%C3%A1_em_2010,7,8,Valmor Venturini PSOL,,10967,0.1,"0,10%",TSE/Justiça Eleitoral (conforme tabela estadual),Wikipédia,7,False,0.001012235524971999,-0.0012235524971999012
2010,PR,Eleições estaduais no Paraná em 2010,https://pt.wikipedia.org/wiki/Elei%C3%A7%C3%B5es_estaduais_no_Paran%C3%A1_em_2010,7,9,Rivaldir Jensen PRTB,,9392,0.09,"0,09%",TSE/Justiça Eleitoral (conforme tabela estadual),Wikipédia,8,False,0.0008668656925811083,0.003313430741889165
2010,PR,Eleições estaduais no Paraná em 2010,https://pt.wikipedia.org/wiki/Elei%C3%A7%C3%B5es_estaduais_no_Paran%C3%A1_em_2010,7,10,Ademir Pedroso PRTB,,6856,0.06,"0,06%",TSE/Justiça Eleitoral (conforme tabela estadual),Wikipédia,9,False,0.0006327971878552043,-0.0032797187855204365
2010,PR,Eleições estaduais no Paraná em 2010,https://pt.wikipedia.org/wiki/Elei%C3%A7%C3%B5es_estaduais_no_Paran%C3%A1_em_2010,7,11,Claudio Timossi PSTU,,5058,0.05,"0,05%",TSE/Justiça Eleitoral (conforme tabela estadual),Wikipédia,10,False,0.000466844833163889,0.0033155166836110997
2010,PR,Eleições estaduais no Paraná em 2010,https://pt.wikipedia.org/wiki/Elei%C3%A7%C3%B5es_estaduais_no_Paran%C3%A1_em_2010,7,12,Irineu Fritz PTdoB,,4612,0.04,"0,04%",TSE/Justiça Eleitoral (conforme tabela estadual),Wikipédia,11,False,0.00042567978856304,-0.0025679788563039976
2010,PR,Eleições estaduais no Paraná em 2010,https://pt.wikipedia.org/wiki/Elei%C3%A7%C3%B5es_estaduais_no_Paran%C3%A1_em_2010,7,13,Gilberto Araújo PCB,,3973,0.04,"0,04%",TSE/Justiça Eleitoral (conforme tabela estadual),Wikipédia,12,False,0.0003667011708501643,0.0033298829149835726
2010,PE,Eleições estaduais em Pernambuco em 2010,https://pt.wikipedia.org/wiki/Elei%C3%A7%C3%B5es_estaduais_em_Pernambuco_em_2010,5,1,Armando Monteiro PTB,,3142930,39.87,"39,87%",TSE/Justiça Eleitoral (conforme tabela estadual),Wikipédia,1,True,0.39872299235393893,-0.0022992353938933174
2010,PE,Eleições estaduais em Pernambuco em 2010,https://pt.wikipedia.org/wiki/Elei%C3%A7%C3%B5es_estaduais_em_Pernambuco_em_2010,5,2,Humberto Costa PT,,3059818,38.82,"38,82%",TSE/Justiça Eleitoral (conforme tabela estadual),Wikipédia,2,True,0.3881791159899981,0.0020884010001887
2010,PE,Eleições estaduais em Pernambuco em 2010,https://pt.wikipedia.org/wiki/Elei%C3%A7%C3%B5es_estaduais_em_Pernambuco_em_2010,5,3,Marco Maciel DEM,,934720,11.86,"11,86%",TSE/Justiça Eleitoral (conforme tabela estadual),Wikipédia,3,False,0.11858181868927205,0.0018181310727949374
2010,PE,Eleições estaduais em Pernambuco em 2010,https://pt.wikipedia.org/wiki/Elei%C3%A7%C3%B5es_estaduais_em_Pernambuco_em_2010,5,4,Raul Jungmann PPS,,599937,7.61,"7,61%",TSE/Justiça Eleitoral (conforme tabela estadual),Wikipédia,4,False,0.07611008704102384,-0.0010087041023842946
2010,PE,Eleições estaduais em Pernambuco em 2010,https://pt.wikipedia.org/wiki/Elei%C3%A7%C3%B5es_estaduais_em_Pernambuco_em_2010,5,5,Renê Patriota PV,,124554,1.58,"1,58%",TSE/Justiça Eleitoral (conforme tabela estadual),Wikipédia,5,False,0.015801352110817776,-0.00013521108177746988
2010,PE,Eleições estaduais em Pernambuco em 2010,https://pt.wikipedia.org/wiki/Elei%C3%A7%C3%B5es_estaduais_em_Pernambuco_em_2010,5,6,Helio Cabral PSTU,,6229,0.08,"0,08%",TSE/Justiça Eleitoral (conforme tabela estadual),Wikipédia,6,False,0.0007902325280463407,0.0009767471953659357
2010,PE,Eleições estaduais em Pernambuco em 2010,https://pt.wikipedia.org/wiki/Elei%C3%A7%C3%B5es_estaduais_em_Pernambuco_em_2010,5,7,Simone Fontana PSTU,,5196,0.07,"0,07%",TSE/Justiça Eleitoral (conforme tabela estadual),Wikipédia,7,False,0.0006591825679449007,0.004081743205509945
2010,PE,Eleições estaduais em Pernambuco em 2010,https://pt.wikipedia.org/wiki/Elei%C3%A7%C3%B5es_estaduais_em_Pernambuco_em_2010,5,8,Lairson Lucena PRTB,,5096,0.06,"0,06%",TSE/Justiça Eleitoral (conforme tabela estadual),Wikipédia,8,False,0.0006464962213716731,-0.00464962213716732
2010,PE,Eleições estaduais em Pernambuco em 2010,https://pt.wikipedia.org/wiki/Elei%C3%A7%C3%B5es_estaduais_em_Pernambuco_em_2010,5,9,Danúbio Aguiar PCB,,4010,0.05,"0,05%",TSE/Justiça Eleitoral (conforme tabela estadual),Wikipédia,9,False,0.0005087224975864226,-0.0008722497586422548
2010,PI,Eleições estaduais no Piauí em 2010,https://pt.wikipedia.org/wiki/Elei%C3%A7%C3%B5es_estaduais_no_Piau%C3%AD_em_2010,4,1,Wellington Dias PT,,997513,32.52,"32,52%",TSE/Justiça Eleitoral (conforme tabela estadual),Wikipédia,1,True,0.32522556829778343,-0.0025568297783384875
2010,PI,Eleições estaduais no Piauí em 2010,https://pt.wikipedia.org/wiki/Elei%C3%A7%C3%B5es_estaduais_no_Piau%C3%AD_em_2010,4,2,Ciro Nogueira PP,,695875,22.69,"22,69%",TSE/Justiça Eleitoral (conforme tabela estadual),Wikipédia,2,True,0.2268805943774367,0.001940562256330658
2010,PI,Eleições estaduais no Piauí em 2010,https://pt.wikipedia.org/wiki/Elei%C3%A7%C3%B5es_estaduais_no_Piau%C3%AD_em_2010,4,3,Mão Santa PSC,,433690,14.14,"14,14%",TSE/Justiça Eleitoral (conforme tabela estadual),Wikipédia,3,False,0.1413987353699307,0.00012646300693031076
2010,PI,Eleições estaduais no Piauí em 2010,https://pt.wikipedia.org/wiki/Elei%C3%A7%C3%B5es_estaduais_no_Piau%C3%AD_em_2010,4,4,Heráclito Fortes DEM,,424350,13.84,"13,84%",TSE/Justiça Eleitoral (conforme tabela estadual),Wikipédia,4,False,0.13835355519894416,0.004644480105583937
2010,PI,Eleições estaduais no Piauí em 2010,https://pt.wikipedia.org/wiki/Elei%C3%A7%C3%B5es_estaduais_no_Piau%C3%AD_em_2010,4,5,Antônio José Medeiros PT,,412185,13.44,"13,44%",TSE/Justiça Eleitoral (conforme tabela estadual),Wikipédia,5,False,0.1343873221389815,0.0012677861018495218
2010,PI,Eleições estaduais no Piauí em 2010,https://pt.wikipedia.org/wiki/Elei%C3%A7%C3%B5es_estaduais_no_Piau%C3%AD_em_2010,4,6,Sgt. R. Silva PP,,45572,1.49,"1,49%",TSE/Justiça Eleitoral (conforme tabela estadual),Wikipédia,6,False,0.014858131772184008,0.004186822781599223
2010,PI,Eleições estaduais no Piauí em 2010,https://pt.wikipedia.org/wiki/Elei%C3%A7%C3%B5es_estaduais_no_Piau%C3%AD_em_2010,4,7,Toim do Frango PSL,,30752,1.0,"1,00%",TSE/Justiça Eleitoral (conforme tabela estadual),Wikipédia,7,False,0.01002627201479423,-0.0026272014794229137
2010,PI,Eleições estaduais no Piauí em 2010,https://pt.wikipedia.org/wiki/Elei%C3%A7%C3%B5es_estaduais_no_Piau%C3%AD_em_2010,4,8,Antônio Florentino PV,,18188,0.59,"0,59%",TSE/Justiça Eleitoral (conforme tabela estadual),Wikipédia,8,False,0.005929950422901842,-0.002995042290184196
2010,PI,Eleições estaduais no Piauí em 2010,https://pt.wikipedia.org/wiki/Elei%C3%A7%C3%B5es_estaduais_no_Piau%C3%AD_em_2010,4,9,Moisés Franco Pinto PMN,,9017,0.29,"0,29%",TSE/Justiça Eleitoral (conforme tabela estadual),Wikipédia,9,False,0.00293987040704343,-0.003987040704343022
2010,RJ,Eleições estaduais no Rio de Janeiro em 2010,https://pt.wikipedia.org/wiki/Elei%C3%A7%C3%B5es_estaduais_no_Rio_de_Janeiro_em_2010,6,1,Lindbergh Farias PT,,4213749,28.65,"28,65%",TSE/Justiça Eleitoral (conforme tabela estadual),Wikipédia,1,True,0.28651477396656283,-0.0014773966562853236
2010,RJ,Eleições estaduais no Rio de Janeiro em 2010,https://pt.wikipedia.org/wiki/Elei%C3%A7%C3%B5es_estaduais_no_Rio_de_Janeiro_em_2010,6,2,Marcelo Crivella PRB,,3332886,22.66,"22,66%",TSE/Justiça Eleitoral (conforme tabela estadual),Wikipédia,2,True,0.2266203039018987,-0.002030390189869391
2010,RJ,Eleições estaduais no Rio de Janeiro em 2010,https://pt.wikipedia.org/wiki/Elei%C3%A7%C3%B5es_estaduais_no_Rio_de_Janeiro_em_2010,6,3,Jorge Picciani PMDB,,3048034,20.73,"20,73%",TSE/Justiça Eleitoral (conforme tabela estadual),Wikipédia,3,False,0.2072517305972421,0.004826940275790004
2010,RJ,Eleições estaduais no Rio de Janeiro em 2010,https://pt.wikipedia.org/wiki/Elei%C3%A7%C3%B5es_estaduais_no_Rio_de_Janeiro_em_2010,6,4,Cesar Maia DEM,,1627050,11.06,"11,06%",TSE/Justiça Eleitoral (conforme tabela estadual),Wikipédia,4,False,0.11063161640199642,-0.0031616401996420462
2010,RJ,Eleições estaduais no Rio de Janeiro em 2010,https://pt.wikipedia.org/wiki/Elei%C3%A7%C3%B5es_estaduais_no_Rio_de_Janeiro_em_2010,6,5,Waguinho PTdoB,,1295946,8.81,"8,81%",TSE/Justiça Eleitoral (conforme tabela estadual),Wikipédia,5,False,0.08811812836096104,-0.0018128360961031098
2010,RJ,Eleições estaduais no Rio de Janeiro em 2010,https://pt.wikipedia.org/wiki/Elei%C3%A7%C3%B5es_estaduais_no_Rio_de_Janeiro_em_2010,6,6,Milton Temer PSOL,,536147,3.65,"3,65%",TSE/Justiça Eleitoral (conforme tabela estadual),Wikipédia,6,False,0.036455431141686596,0.004456885831340129
2010,RJ,Eleições estaduais no Rio de Janeiro em 2010,https://pt.wikipedia.org/wiki/Elei%C3%A7%C3%B5es_estaduais_no_Rio_de_Janeiro_em_2010,6,7,Marcelo Cerqueira PPS,,391352,2.66,"2,66%",TSE/Justiça Eleitoral (conforme tabela estadual),Wikipédia,7,False,0.026610063822349716,-0.0010063822349713758
2010,RJ,Eleições estaduais no Rio de Janeiro em 2010,https://pt.wikipedia.org/wiki/Elei%C3%A7%C3%B5es_estaduais_no_Rio_de_Janeiro_em_2010,6,8,Carlos Dias PTdoB,,180288,1.23,"1,23%",TSE/Justiça Eleitoral (conforme tabela estadual),Wikipédia,8,False,0.01225872152538836,0.0041278474611640414
2010,RJ,Eleições estaduais no Rio de Janeiro em 2010,https://pt.wikipedia.org/wiki/Elei%C3%A7%C3%B5es_estaduais_no_Rio_de_Janeiro_em_2010,6,9,Heitor PSTU,,33624,0.23,"0,23%",TSE/Justiça Eleitoral (conforme tabela estadual),Wikipédia,9,False,0.002286271147107174,0.0013728852892825986
2010,RJ,Eleições estaduais no Rio de Janeiro em 2010,https://pt.wikipedia.org/wiki/Elei%C3%A7%C3%B5es_estaduais_no_Rio_de_Janeiro_em_2010,6,10,Wladimir Mutt PCB,,24695,0.17,"0,17%",TSE/Justiça Eleitoral (conforme tabela estadual),Wikipédia,10,False,0.0016791418622951364,0.002085813770486369
2010,RJ,Eleições estaduais no Rio de Janeiro em 2010,https://pt.wikipedia.org/wiki/Elei%C3%A7%C3%B5es_estaduais_no_Rio_de_Janeiro_em_2010,6,11,Claiton PSTU,,23146,0.16,"0,16%",TSE/Justiça Eleitoral (conforme tabela estadual),Wikipédia,11,False,0.0015738172725119751,0.0026182727488024927
2010,RN,Eleições estaduais no Rio Grande do Norte em 2010,https://pt.wikipedia.org/wiki/Elei%C3%A7%C3%B5es_estaduais_no_Rio_Grande_do_Norte_em_2010,5,1,Garibaldi Alves Filho PMDB,,1042272,35.03,"35,03%",TSE/Justiça Eleitoral (conforme tabela estadual),Wikipédia,1,True,0.3502874834144184,0.001251658558160118
2010,RN,Eleições estaduais no Rio Grande do Norte em 2010,https://pt.wikipedia.org/wiki/Elei%C3%A7%C3%B5es_estaduais_no_Rio_Grande_do_Norte_em_2010,5,2,José Agripino Maia DEM,,958891,32.23,"32,23%",TSE/Justiça Eleitoral (conforme tabela estadual),Wikipédia,2,True,0.3222647401625824,0.0035259837417589424
2010,RN,Eleições estaduais no Rio Grande do Norte em 2010,https://pt.wikipedia.org/wiki/Elei%C3%A7%C3%B5es_estaduais_no_Rio_Grande_do_Norte_em_2010,5,3,Wilma de Faria PSB,,651358,21.89,"21,89%",TSE/Justiça Eleitoral (conforme tabela estadual),Wikipédia,3,False,0.2189088401317974,-0.0008840131797388517
2010,RN,Eleições estaduais no Rio Grande do Norte em 2010,https://pt.wikipedia.org/wiki/Elei%C3%A7%C3%B5es_estaduais_no_Rio_Grande_do_Norte_em_2010,5,4,Hugo Manso PT,,224125,7.53,"7,53%",TSE/Justiça Eleitoral (conforme tabela estadual),Wikipédia,4,False,0.07532408260056542,-0.002408260056541156
2010,RN,Eleições estaduais no Rio Grande do Norte em 2010,https://pt.wikipedia.org/wiki/Elei%C3%A7%C3%B5es_estaduais_no_Rio_Grande_do_Norte_em_2010,5,5,Joanilson Rego PSDC,,66408,2.23,"2,23%",TSE/Justiça Eleitoral (conforme tabela estadual),Wikipédia,5,False,0.022318445855385827,-0.001844585538582702
2010,RN,Eleições estaduais no Rio Grande do Norte em 2010,https://pt.wikipedia.org/wiki/Elei%C3%A7%C3%B5es_estaduais_no_Rio_Grande_do_Norte_em_2010,5,6,Sávio Ximenes PCdoB,,25783,0.87,"0,87%",TSE/Justiça Eleitoral (conforme tabela estadual),Wikipédia,6,False,0.00866516819493755,0.003483180506244979
2010,RN,Eleições estaduais no Rio Grande do Norte em 2010,https://pt.wikipedia.org/wiki/Elei%C3%A7%C3%B5es_estaduais_no_Rio_Grande_do_Norte_em_2010,5,7,Ronaldo Garcia PSOL,,6639,0.22,"0,22%",TSE/Justiça Eleitoral (conforme tabela estadual),Wikipédia,7,False,0.002231239640313012,-0.0031239640313011994
2010,RS,Eleições estaduais no Rio Grande do Sul em 2010,https://pt.wikipedia.org/wiki/Elei%C3%A7%C3%B5es_estaduais_no_Rio_Grande_do_Sul_em_2010,5,1,Paulo Paim PT,,3895822,33.38,"33,38%",TSE/Justiça Eleitoral (conforme tabela estadual),Wikipédia,1,True,0.3383481083687489,-0.454810836874886
2010,RS,Eleições estaduais no Rio Grande do Sul em 2010,https://pt.wikipedia.org/wiki/Elei%C3%A7%C3%B5es_estaduais_no_Rio_Grande_do_Sul_em_2010,5,2,Ana Amélia Lemos PP,,3401241,29.54,"29,54%",TSE/Justiça Eleitoral (conforme tabela estadual),Wikipédia,2,True,0.2953942604298225,0.0005739570177520914
2010,RS,Eleições estaduais no Rio Grande do Sul em 2010,https://pt.wikipedia.org/wiki/Elei%C3%A7%C3%B5es_estaduais_no_Rio_Grande_do_Sul_em_2010,5,3,Germano Rigotto PMDB,,2445881,21.24,"21,24%",TSE/Justiça Eleitoral (conforme tabela estadual),Wikipédia,3,False,0.2124222332655506,-0.0022233265550619663
2010,RS,Eleições estaduais no Rio Grande do Sul em 2010,https://pt.wikipedia.org/wiki/Elei%C3%A7%C3%B5es_estaduais_no_Rio_Grande_do_Sul_em_2010,5,4,Abigail Pereira PCdoB,,1551151,13.47,"13,47%",TSE/Justiça Eleitoral (conforme tabela estadual),Wikipédia,4,False,0.13471585884680903,-0.0015858846809019278
2010,RS,Eleições estaduais no Rio Grande do Sul em 2010,https://pt.wikipedia.org/wiki/Elei%C3%A7%C3%B5es_estaduais_no_Rio_Grande_do_Sul_em_2010,5,5,Marcos Monteiro PV,,101701,0.88,"0,88%",TSE/Justiça Eleitoral (conforme tabela estadual),Wikipédia,5,False,0.008832626585406143,-0.003262658540614284
2010,RS,Eleições estaduais no Rio Grande do Sul em 2010,https://pt.wikipedia.org/wiki/Elei%C3%A7%C3%B5es_estaduais_no_Rio_Grande_do_Sul_em_2010,5,6,Vera Guasso PSTU,,56855,0.49,"0,49%",TSE/Justiça Eleitoral (conforme tabela estadual),Wikipédia,6,False,0.004937797902805934,-0.003779790280593418
2010,RS,Eleições estaduais no Rio Grande do Sul em 2010,https://pt.wikipedia.org/wiki/Elei%C3%A7%C3%B5es_estaduais_no_Rio_Grande_do_Sul_em_2010,5,7,José Schneider PMN,,32348,0.28,"0,28%",TSE/Justiça Eleitoral (conforme tabela estadual),Wikipédia,7,False,0.002809390318529001,-0.0009390318529000664
2010,RS,Eleições estaduais no Rio Grande do Sul em 2010,https://pt.wikipedia.org/wiki/Elei%C3%A7%C3%B5es_estaduais_no_Rio_Grande_do_Sul_em_2010,5,8,Berna Menezes PSOL,,22278,0.2,"0,20%",TSE/Justiça Eleitoral (conforme tabela estadual),Wikipédia,8,False,0.0019348212413808916,0.006517875861910844
2010,RS,Eleições estaduais no Rio Grande do Sul em 2010,https://pt.wikipedia.org/wiki/Elei%C3%A7%C3%B5es_estaduais_no_Rio_Grande_do_Sul_em_2010,5,9,Roberto Gross PTC,,6965,0.06,"0,06%",TSE/Justiça Eleitoral (conforme tabela estadual),Wikipédia,9,False,0.0006049030409470289,-0.0004903040947028974
2010,RO,Eleições estaduais em Rondônia em 2010,https://pt.wikipedia.org/wiki/Elei%C3%A7%C3%B5es_estaduais_em_Rond%C3%B4nia_em_2010,5,1,Valdir Raupp PMDB,,48142,34.29,"34,29%",TSE/Justiça Eleitoral (conforme tabela estadual),Wikipédia,3,False,0.06439126433829824,27.850873566170176
2010,RO,Eleições estaduais em Rondônia em 2010,https://pt.wikipedia.org/wiki/Elei%C3%A7%C3%B5es_estaduais_em_Rond%C3%B4nia_em_2010,5,2,Ivo Cassol PP,,454087,32.34,"32,34%",TSE/Justiça Eleitoral (conforme tabela estadual),Wikipédia,1,True,0.6073539954631056,-28.395399546310564
2010,RO,Eleições estaduais em Rondônia em 2010,https://pt.wikipedia.org/wiki/Elei%C3%A7%C3%B5es_estaduais_em_Rond%C3%B4nia_em_2010,5,3,Fátima Cleide PT,,2253,16.05,"16,05%",TSE/Justiça Eleitoral (conforme tabela estadual),Wikipédia,6,False,0.003013450179763739,15.748654982023627
2010,RO,Eleições estaduais em Rondônia em 2010,https://pt.wikipedia.org/wiki/Elei%C3%A7%C3%B5es_estaduais_em_Rond%C3%B4nia_em_2010,5,4,Agnaldo Muniz PSC,,187508,13.36,"13,36%",TSE/Justiça Eleitoral (conforme tabela estadual),Wikipédia,2,True,0.2507971665810649,-11.719716658106488
2010,RO,Eleições estaduais em Rondônia em 2010,https://pt.wikipedia.org/wiki/Elei%C3%A7%C3%B5es_estaduais_em_Rond%C3%B4nia_em_2010,5,5,Aluizio Vidal PSOL,,43852,3.12,"3,12%",TSE/Justiça Eleitoral (conforme tabela estadual),Wikipédia,4,False,0.058653269988015753,-2.745326998801575
2010,RO,Eleições estaduais em Rondônia em 2010,https://pt.wikipedia.org/wiki/Elei%C3%A7%C3%B5es_estaduais_em_Rond%C3%B4nia_em_2010,5,6,Pimenta de Rondônia PSOL,,11806,0.84,"0,84%",TSE/Justiça Eleitoral (conforme tabela estadual),Wikipédia,5,False,0.015790853449751754,-0.7390853449751754
2010,RO,Eleições estaduais em Rondônia em 2010,https://pt.wikipedia.org/wiki/Elei%C3%A7%C3%B5es_estaduais_em_Rond%C3%B4nia_em_2010,5,7,Melki Donadon PHS,,0,0.0,"0,00%",TSE/Justiça Eleitoral (conforme tabela estadual),Wikipédia,7,False,0.0,0.0
2010,RR,Eleições estaduais em Roraima em 2010,https://pt.wikipedia.org/wiki/Elei%C3%A7%C3%B5es_estaduais_em_Roraima_em_2010,8,1,Romero Jucá PMDB,,118481,27.91,"27,91%",TSE/Justiça Eleitoral (conforme tabela estadual),Wikipédia,1,True,0.27913611776014474,-0.003611776014472712
2010,RR,Eleições estaduais em Roraima em 2010,https://pt.wikipedia.org/wiki/Elei%C3%A7%C3%B5es_estaduais_em_Roraima_em_2010,8,2,Ângela Portela PT,,110993,26.15,"26,15%",TSE/Justiça Eleitoral (conforme tabela estadual),Wikipédia,2,True,0.26149471323293816,0.0005286767061851716
2010,RR,Eleições estaduais em Roraima em 2010,https://pt.wikipedia.org/wiki/Elei%C3%A7%C3%B5es_estaduais_em_Roraima_em_2010,8,3,Marluce Pinto PSDB,,90938,21.42,"21,42%",TSE/Justiça Eleitoral (conforme tabela estadual),Wikipédia,3,False,0.2142459995853516,-0.004599958535156379
2010,RR,Eleições estaduais em Roraima em 2010,https://pt.wikipedia.org/wiki/Elei%C3%A7%C3%B5es_estaduais_em_Roraima_em_2010,8,4,Telmário Mota PDT,,54481,12.84,"12,84%",TSE/Justiça Eleitoral (conforme tabela estadual),Wikipédia,4,False,0.12835488248487475,0.004511751512523143
2010,RR,Eleições estaduais em Roraima em 2010,https://pt.wikipedia.org/wiki/Elei%C3%A7%C3%B5es_estaduais_em_Roraima_em_2010,8,5,Hiran Gonçalves PHS,,31578,7.44,"7,44%",TSE/Justiça Eleitoral (conforme tabela estadual),Wikipédia,5,False,0.07439640386753868,0.0003596132461328172
2010,RR,Eleições estaduais em Roraima em 2010,https://pt.wikipedia.org/wiki/Elei%C3%A7%C3%B5es_estaduais_em_Roraima_em_2010,8,6,Aimberê Freitas PV,,17985,4.24,"4,24%",TSE/Justiça Eleitoral (conforme tabela estadual),Wikipédia,6,False,0.042371883069152044,0.002811693084795591
2010,RR,Eleições estaduais em Roraima em 2010,https://pt.wikipedia.org/wiki/Elei%C3%A7%C3%B5es_estaduais_em_Roraima_em_2010,8,7,Jorge Schwinden PSOL,,0,0.0,"0,00%",TSE/Justiça Eleitoral (conforme tabela estadual),Wikipédia,7,False,0.0,0.0
2010,RR,Eleições estaduais em Roraima em 2010,https://pt.wikipedia.org/wiki/Elei%C3%A7%C3%B5es_estaduais_em_Roraima_em_2010,8,8,Lauro Barreto PHS,,0,0.0,"0,00%",TSE/Justiça Eleitoral (conforme tabela estadual),Wikipédia,8,False,0.0,0.0
2010,RR,Eleições estaduais em Roraima em 2010,https://pt.wikipedia.org/wiki/Elei%C3%A7%C3%B5es_estaduais_em_Roraima_em_2010,8,9,Leopoldo Junior PCO,,0,0.0,"0,00%",TSE/Justiça Eleitoral (conforme tabela estadual),Wikipédia,9,False,0.0,0.0
2010,SC,Eleições estaduais em Santa Catarina em 2010,https://pt.wikipedia.org/wiki/Elei%C3%A7%C3%B5es_estaduais_em_Santa_Catarina_em_2010,6,1,Luiz Henrique da Silveira PMDB,,1784019,28.44,"28,44%",TSE/Justiça Eleitoral (conforme tabela estadual),Wikipédia,1,True,0.28436953363574374,0.003046636425624305
2010,SC,Eleições estaduais em Santa Catarina em 2010,https://pt.wikipedia.org/wiki/Elei%C3%A7%C3%B5es_estaduais_em_Santa_Catarina_em_2010,6,2,Paulo Bauer PSDB,,1588403,25.32,"25,32%",TSE/Justiça Eleitoral (conforme tabela estadual),Wikipédia,2,True,0.2531886825956541,0.0011317404345900783
2010,SC,Eleições estaduais em Santa Catarina em 2010,https://pt.wikipedia.org/wiki/Elei%C3%A7%C3%B5es_estaduais_em_Santa_Catarina_em_2010,6,3,Cláudio Vignatti PT,,1219700,19.44,"19,44%",TSE/Justiça Eleitoral (conforme tabela estadual),Wikipédia,3,False,0.1944180640315583,-0.0018064031558295834
2010,SC,Eleições estaduais em Santa Catarina em 2010,https://pt.wikipedia.org/wiki/Elei%C3%A7%C3%B5es_estaduais_em_Santa_Catarina_em_2010,6,4,Hugo Biehl PP,,649150,10.37,"10,37%",TSE/Justiça Eleitoral (conforme tabela estadual),Wikipédia,4,False,0.10347338383707967,0.022661616292031506
2010,SC,Eleições estaduais em Santa Catarina em 2010,https://pt.wikipedia.org/wiki/Elei%C3%A7%C3%B5es_estaduais_em_Santa_Catarina_em_2010,6,5,João Ghizoni PCdoB,,563173,8.98,"8,98%",TSE/Justiça Eleitoral (conforme tabela estadual),Wikipédia,5,False,0.0897687991922971,0.003120080770289968
2010,SC,Eleições estaduais em Santa Catarina em 2010,https://pt.wikipedia.org/wiki/Elei%C3%A7%C3%B5es_estaduais_em_Santa_Catarina_em_2010,6,6,Elizabeth Tiscoski PP,,321714,5.13,"5,13%",TSE/Justiça Eleitoral (conforme tabela estadual),Wikipédia,6,False,0.05128065348187977,0.0019346518120230694
2010,SC,Eleições estaduais em Santa Catarina em 2010,https://pt.wikipedia.org/wiki/Elei%C3%A7%C3%B5es_estaduais_em_Santa_Catarina_em_2010,6,7,Fabiano Piovezan PV,,113841,1.81,"1,81%",TSE/Justiça Eleitoral (conforme tabela estadual),Wikipédia,7,False,0.01814605790556418,-0.004605790556417785
2010,SC,Eleições estaduais em Santa Catarina em 2010,https://pt.wikipedia.org/wiki/Elei%C3%A7%C3%B5es_estaduais_em_Santa_Catarina_em_2010,6,8,Paulo Afonso Piovezan PSOL,,22224,0.35,"0,35%",TSE/Justiça Eleitoral (conforme tabela estadual),Wikipédia,8,False,0.003542467045205667,-0.004246704520566736
2010,SC,Eleições estaduais em Santa Catarina em 2010,https://pt.wikipedia.org/wiki/Elei%C3%A7%C3%B5es_estaduais_em_Santa_Catarina_em_2010,6,9,Alex Sander da Silva PSTU,,11370,0.18,"0,18%",TSE/Justiça Eleitoral (conforme tabela estadual),Wikipédia,9,False,0.001812358275017478,-0.0012358275017478049
2010,SP,Eleições estaduais em São Paulo em 2010,https://pt.wikipedia.org/wiki/Elei%C3%A7%C3%B5es_estaduais_em_S%C3%A3o_Paulo_em_2010,8,1,Aloysio Nunes PSDB,,11189168,30.42,"30,42%",TSE/Justiça Eleitoral (conforme tabela estadual),Wikipédia,1,True,0.3042289803539112,-0.0028980353911189916
2010,SP,Eleições estaduais em São Paulo em 2010,https://pt.wikipedia.org/wiki/Elei%C3%A7%C3%B5es_estaduais_em_S%C3%A3o_Paulo_em_2010,8,2,Marta Suplicy PT,,8314027,22.61,"22,61%",TSE/Justiça Eleitoral (conforme tabela estadual),Wikipédia,2,True,0.22605505224739564,0.004494775260435735
2010,SP,Eleições estaduais em São Paulo em 2010,https://pt.wikipedia.org/wiki/Elei%C3%A7%C3%B5es_estaduais_em_S%C3%A3o_Paulo_em_2010,8,3,Netinho de Paula PCdoB,,7773327,21.13,"21,13%",TSE/Justiça Eleitoral (conforme tabela estadual),Wikipédia,3,False,0.21135363658562709,-0.0053636585627098166
2010,SP,Eleições estaduais em São Paulo em 2010,https://pt.wikipedia.org/wiki/Elei%C3%A7%C3%B5es_estaduais_em_S%C3%A3o_Paulo_em_2010,8,4,Ricardo Young PV,,4117634,11.2,"11,20%",TSE/Justiça Eleitoral (conforme tabela estadual),Wikipédia,4,False,0.11195681334756945,0.004318665243054076
2010,SP,Eleições estaduais em São Paulo em 2010,https://pt.wikipedia.org/wiki/Elei%C3%A7%C3%B5es_estaduais_em_S%C3%A3o_Paulo_em_2010,8,5,Romeu Tuma PTB,,3970169,10.79,"10,79%",TSE/Justiça Eleitoral (conforme tabela estadual),Wikipédia,5,False,0.10794729927218068,-0.004729927218068142
2010,SP,Eleições estaduais em São Paulo em 2010,https://pt.wikipedia.org/wiki/Elei%C3%A7%C3%B5es_estaduais_em_S%C3%A3o_Paulo_em_2010,8,6,Moacyr Franco PSL,,411661,1.12,"1,12%",TSE/Justiça Eleitoral (conforme tabela estadual),Wikipédia,6,False,0.011192897119917356,0.0007102880082645799
2010,SP,Eleições estaduais em São Paulo em 2010,https://pt.wikipedia.org/wiki/Elei%C3%A7%C3%B5es_estaduais_em_S%C3%A3o_Paulo_em_2010,8,7,Ciro Moura PTC,,275664,0.75,"0,75%",TSE/Justiça Eleitoral (conforme tabela estadual),Wikipédia,7,False,0.00749519335488399,0.00048066451160096516
2010,SP,Eleições estaduais em São Paulo em 2010,https://pt.wikipedia.org/wiki/Elei%C3%A7%C3%B5es_estaduais_em_S%C3%A3o_Paulo_em_2010,8,8,Marcelo Henrique PSOL,,249600,0.68,"0,68%",TSE/Justiça Eleitoral (conforme tabela estadual),Wikipédia,8,False,0.006786523671495168,0.0013476328504832824
2010,SP,Eleições estaduais em São Paulo em 2010,https://pt.wikipedia.org/wiki/Elei%C3%A7%C3%B5es_estaduais_em_S%C3%A3o_Paulo_em_2010,8,9,Sérgio Redó PP,,203443,0.55,"0,55%",TSE/Justiça Eleitoral (conforme tabela estadual),Wikipédia,9,False,0.005531533394631376,-0.0031533394631375576
2010,SP,Eleições estaduais em São Paulo em 2010,https://pt.wikipedia.org/wiki/Elei%C3%A7%C3%B5es_estaduais_em_S%C3%A3o_Paulo_em_2010,8,10,Alexandre Serpa PSB,,150079,0.41,"0,41%",TSE/Justiça Eleitoral (conforme tabela estadual),Wikipédia,10,False,0.004080587684672769,0.0019412315327230374
2010,SP,Eleições estaduais em São Paulo em 2010,https://pt.wikipedia.org/wiki/Elei%C3%A7%C3%B5es_estaduais_em_S%C3%A3o_Paulo_em_2010,8,11,Ana Luiza de Figueiredo PSTU,,109415,0.3,"0,30%",TSE/Justiça Eleitoral (conforme tabela estadual),Wikipédia,11,False,0.0029749498698583483,0.002505013014165178
2010,SP,Eleições estaduais em São Paulo em 2010,https://pt.wikipedia.org/wiki/Elei%C3%A7%C3%B5es_estaduais_em_S%C3%A3o_Paulo_em_2010,8,12,Afonso Teixeira Filho PCO,,14584,0.04,"0,04%",TSE/Justiça Eleitoral (conforme tabela estadual),Wikipédia,12,False,0.0003965330978569132,0.0003466902143086834
2010,SE,Eleições estaduais em Sergipe em 2010,https://pt.wikipedia.org/wiki/Elei%C3%A7%C3%B5es_estaduais_em_Sergipe_em_2010,3,1,Eduardo Amorim PSC,,625959,33.65,"33,65%",TSE/Justiça Eleitoral (conforme tabela estadual),Wikipédia,1,True,0.33649186937239617,0.0008130627603797347
2010,SE,Eleições estaduais em Sergipe em 2010,https://pt.wikipedia.org/wiki/Elei%C3%A7%C3%B5es_estaduais_em_Sergipe_em_2010,3,2,Antônio Carlos Valadares PSB,,476549,25.62,"25,62%",TSE/Justiça Eleitoral (conforme tabela estadual),Wikipédia,2,True,0.2561747077005779,0.002529229942210831
2010,SE,Eleições estaduais em Sergipe em 2010,https://pt.wikipedia.org/wiki/Elei%C3%A7%C3%B5es_estaduais_em_Sergipe_em_2010,3,3,Albano Franco PSDB,,340259,18.29,"18,29%",TSE/Justiça Eleitoral (conforme tabela estadual),Wikipédia,3,False,0.18291036151054965,-0.0010361510549672381
2010,SE,Eleições estaduais em Sergipe em 2010,https://pt.wikipedia.org/wiki/Elei%C3%A7%C3%B5es_estaduais_em_Sergipe_em_2010,3,4,José Carlos Machado DEM,,260158,13.99,"13,99%",TSE/Justiça Eleitoral (conforme tabela estadual),Wikipédia,4,False,0.13985109528289208,0.004890471710791711
2010,SE,Eleições estaduais em Sergipe em 2010,https://pt.wikipedia.org/wiki/Elei%C3%A7%C3%B5es_estaduais_em_Sergipe_em_2010,3,5,Emanuel Cacho PPS,,66725,3.59,"3,59%",TSE/Justiça Eleitoral (conforme tabela estadual),Wikipédia,5,False,0.03586883483402768,0.0031165165972318887
2010,SE,Eleições estaduais em Sergipe em 2010,https://pt.wikipedia.org/wiki/Elei%C3%A7%C3%B5es_estaduais_em_Sergipe_em_2010,3,6,Antônio Leite PV,,27553,1.48,"1,48%",TSE/Justiça Eleitoral (conforme tabela estadual),Wikipédia,6,False,0.014811450073914796,-0.0011450073914795814
2010,SE,Eleições estaduais em Sergipe em 2010,https://pt.wikipedia.org/wiki/Elei%C3%A7%C3%B5es_estaduais_em_Sergipe_em_2010,3,7,Paulinho da União Tur PRTB,,24370,1.31,"1,31%",TSE/Justiça Eleitoral (conforme tabela estadual),Wikipédia,7,False,0.013100389732562827,-3.897325628263171e-05
2010,SE,Eleições estaduais em Sergipe em 2010,https://pt.wikipedia.org/wiki/Elei%C3%A7%C3%B5es_estaduais_em_Sergipe_em_2010,3,8,Atamiro Cordeiro PSOL,,12832,0.69,"0,69%",TSE/Justiça Eleitoral (conforme tabela estadual),Wikipédia,8,False,0.0068979975809703,0.00020024190296999075
2010,SE,Eleições estaduais em Sergipe em 2010,https://pt.wikipedia.org/wiki/Elei%C3%A7%C3%B5es_estaduais_em_Sergipe_em_2010,3,9,Professor Lula PCB,,7394,0.4,"0,40%",TSE/Justiça Eleitoral (conforme tabela estadual),Wikipédia,9,False,0.003974734578685661,0.002526542131433933
2010,SE,Eleições estaduais em Sergipe em 2010,https://pt.wikipedia.org/wiki/Elei%C3%A7%C3%B5es_estaduais_em_Sergipe_em_2010,3,10,João Augusto Nascimento PSDC,,6819,0.37,"0,37%",TSE/Justiça Eleitoral (conforme tabela estadual),Wikipédia,10,False,0.00366563633920172,0.003436366079828017
2010,SE,Eleições estaduais em Sergipe em 2010,https://pt.wikipedia.org/wiki/Elei%C3%A7%C3%B5es_estaduais_em_Sergipe_em_2010,3,11,Edivaldo Soares Leandro PSTU,,4445,0.24,"0,24%",TSE/Justiça Eleitoral (conforme tabela estadual),Wikipédia,11,False,0.002389463781749765,0.001053621825023495
2010,SE,Eleições estaduais em Sergipe em 2010,https://pt.wikipedia.org/wiki/Elei%C3%A7%C3%B5es_estaduais_em_Sergipe_em_2010,3,12,Maria de Lourdes dos Anjos PSTU,,3901,0.21,"0,21%",TSE/Justiça Eleitoral (conforme tabela estadual),Wikipédia,12,False,0.002097029969090176,0.00029700309098238883
2010,SE,Eleições estaduais em Sergipe em 2010,https://pt.wikipedia.org/wiki/Elei%C3%A7%C3%B5es_estaduais_em_Sergipe_em_2010,3,13,Liberato Ferreira Antão PRTB,,3286,0.18,"0,18%",TSE/Justiça Eleitoral (conforme tabela estadual),Wikipédia,13,False,0.001766429243381266,0.003357075661873394
2010,TO,Eleições estaduais no Tocantins em 2010,https://pt.wikipedia.org/wiki/Elei%C3%A7%C3%B5es_estaduais_no_Tocantins_em_2010,3,1,João Ribeiro PR,,37509,27.96,"27,96%",TSE/Justiça Eleitoral (conforme tabela estadual),Wikipédia,4,False,0.0373566223374854,24.224337766251463
2010,TO,Eleições estaduais no Tocantins em 2010,https://pt.wikipedia.org/wiki/Elei%C3%A7%C3%B5es_estaduais_no_Tocantins_em_2010,3,2,Marcelo Miranda PMDB,,340931,25.41,"25,41%",TSE/Justiça Eleitoral (conforme tabela estadual),Wikipédia,1,True,0.3395459918990438,-8.544599189904378
2010,TO,Eleições estaduais no Tocantins em 2010,https://pt.wikipedia.org/wiki/Elei%C3%A7%C3%B5es_estaduais_no_Tocantins_em_2010,3,3,Vicentinho Alves PR,,332295,24.77,"24,77%",TSE/Justiça Eleitoral (conforme tabela estadual),Wikipédia,2,True,0.33094507503891624,-8.324507503891624
2010,TO,Eleições estaduais no Tocantins em 2010,https://pt.wikipedia.org/wiki/Elei%C3%A7%C3%B5es_estaduais_no_Tocantins_em_2010,3,4,Paulo Mourão PT,,293344,21.86,"21,86%",TSE/Justiça Eleitoral (conforme tabela estadual),Wikipédia,3,False,0.29215231072455455,-7.355231072455457
